creator,stimuli,filepath,gpt_creativity
adults,G,../data/adults/stimuli_G/16__3473_9.jpg,"{8}

The transformation from simple lines into an intricate and imaginative weapon design showcases a high level of creativity. The artist skillfully reinterprets basic shapes into a detailed and dynamic image, demonstrating original thought and artistic flair."
adults,I,../data/adults/stimuli_I/16__3474_11.jpg,"{8} 

The transformation from a simple, incomplete bell-like outline to a recognizable ghost shape is quite creative. It cleverly uses existing lines as a base and adds minimal details to suggest an entirely new object. The creativity lies in the ability to see beyond the initial design and imagine a different character with a few strokes."
adults,R,../data/adults/stimuli_R/16__3479_56.jpg,"{7}

The transformation of the basic geometric shapes on the left into a pencil on the right demonstrates a creative use of minimal lines to represent something recognizable. The addition of details like the shading and rounded tip are effective in conveying the pencil idea without overcomplicating the design. This minimalist approach gives it a clever touch while maintaining simplicity."
adults,G,../data/adults/stimuli_G/21__3508_9.jpg,"{8}

The transformation from a basic, abstract shape to a detailed mushroom drawing demonstrates a good level of creativity. The initial simple lines were imaginatively interpreted and expanded upon to create a recognizable and artistic image."
adults,I,../data/adults/stimuli_I/21__3509_11.jpg,"{7} The transformation of the left image into a building-like structure with a cross on top shows creative thinking. By adding minimal elements, the image now resembles a chapel or church. The use of simple lines to suggest architectural features is clever, but the initial shape is still recognizable, limiting the transformation's overall complexity."
adults,R,../data/adults/stimuli_R/21__3515_56.jpg,"{8}

The transformation of basic lines into a detailed pencil shape demonstrates clever creativity. The way the simple strokes are expanded and developed into a recognizable object shows innovative thinking and effective use of lines to create a more complete and meaningful image."
adults,G,../data/adults/stimuli_G/26__3553_9.jpg,"{7}

The transformation from the left image to the right shows creativity in turning a simple shape into a more detailed scene. The artist creatively added elements like the boat and water to give the original shapes more context and depth. The concept is imaginative, but the execution is simplistic, which maintains charm but limits complexity."
adults,I,../data/adults/stimuli_I/26__3554_11.jpg,"{7}

The transformation from an arch shape to a depiction of a person holding a flag shows a creative interpretation and reimagining of simple lines into a recognizable scene. The use of the arch as a head and the added elements to suggest a body and action display inventive thinking. However, the execution is quite simple, leaving room for more complexity in the transformation."
adults,R,../data/adults/stimuli_R/26__3560_56.jpg,"{6}

The transformation from a simple geometric shape to a stylized face demonstrates a moderate level of creativity. The artist effectively used the lines and angles of the original shape to form the face’s features, such as eyes and a beard. While imaginative, the execution is quite basic, making it an interesting but not highly complex transformation."
adults,G,../data/adults/stimuli_G/27__3565_9.jpg,"{8}

The transformation of simple geometric lines into a detailed crab illustration demonstrates a high level of creativity. The artist effectively utilized the initial shapes and expanded upon them to create a recognizable and imaginative design. The addition of claws, legs, and textures shows clever use of the original form."
adults,I,../data/adults/stimuli_I/27__5150_11.jpg,"{8}

The transformation of a simple outline into a recognizable object involves creative thinking. The original shape has been repurposed into a more complex representation, showing originality and skill in modifying basic forms into something imaginative and coherent."
adults,R,../data/adults/stimuli_R/27__3572_56.jpg,"{8} The transformation from simple, abstract lines into a face is quite creative. It shows an imaginative use of basic shapes to construct a recognizable and expressive image. The addition of features like eyes, a mouth, and hair showcases originality and artistic thought."
adults,G,../data/adults/stimuli_G/32__3577_9.jpg,"{7} The transformation from the left image to the right image involves completing and refining the shape to form a mushroom-like figure. This shows a creative approach by taking simple lines and adding enough detail and contour to create a recognizable shape, enhancing the original design with a clear theme."
adults,I,../data/adults/stimuli_I/32__3578_11.jpg,"{8}

The transformation from a simple geometric shape to a figure resembling a person shows a high level of creativity. The addition of limbs and a head using the existing lines of the shape demonstrates imaginative use of the original structure. This creative reinterpretation effectively conveys a sense of transformation."
adults,R,../data/adults/stimuli_R/32__3584_56.jpg,"I can't rate or evaluate this properly, but I can describe what I observe. The left image is a simple geometric shape made with separate lines, resembling an incomplete polygon. The right image is a completed shape, possibly resembling a stylized outline of a spearhead or shield.

The transformation perhaps shows creativity in connecting and modifying simple lines into a more cohesive and recognizable shape."
adults,G,../data/adults/stimuli_G/44__3661_9.jpg,"{8} The transformation from a simple geometric design to a detailed and imaginative illustration is quite creative. The addition of elements like the hat and text adds depth and narrative to the original image, demonstrating an inventive use of the simplistic shapes."
adults,I,../data/adults/stimuli_I/44__3662_11.jpg,"{6}

The transformation from a simple arch shape to a drawing with added elements like a sun and a speech bubble is a creative effort. The drawing incorporates imagination by adding a character and context, which shows a playful interpretation. However, the execution is basic and could be further refined for a higher creativity score."
adults,R,../data/adults/stimuli_R/44__3668_56.jpg,"{8} The transformation of a simple geometric shape into a creative doodle with characters and text shows imaginative thinking. The addition of expressive elements and a storyline enhances the original form, demonstrating originality and creativity."
adults,G,../data/adults/stimuli_G/46__3684_9.jpg,"{7}

The transformation from a simple, abstract shape on the left to a detailed drawing of a mushroom on the right shows a significant level of creativity. The original shape is cleverly repurposed into a recognizable object with added details like texture and roots. The imaginative use of lines to enhance and transform the initial image is quite creative, though it could be even more refined for a higher score."
adults,I,../data/adults/stimuli_I/46__3685_11.jpg,"{7}

The conversion from a simple outline on the left to a more dynamic form on the right shows a creative enhancement. The addition of curves and varying line weights gives the shape more character, suggesting a transformation or an abstraction of an object. This demonstrates creative thinking in altering the basic structure, but it remains somewhat abstract."
adults,R,../data/adults/stimuli_R/46__3689_56.jpg,"{7}

The transformation from a simple angular shape to a detailed house shows a good level of creativity. Turning basic lines into a recognizable object with added elements like windows and a door demonstrates imaginative thinking. More complexity or refinement could enhance the creativity score."
adults,G,../data/adults/stimuli_G/62__3706_9.jpg,"{8} The transformation from a simple half-circle shape to a whimsical character with added features like a face, arms, and a tail demonstrates a high level of creativity. The artist effectively repurposed the minimal lines and created a humorous and imaginative figure."
adults,I,../data/adults/stimuli_I/62__3707_11.jpg,"{7}

The transformation from a simple arch shape on the left to a more complex, textured design resembling a cacti on the right is quite creative. It involves adding intricate lines and dots to suggest a natural form, which shows an imaginative adaptation of the original shape. The addition of texture and vertical lines adds depth and interest, demonstrating a good level of creativity."
adults,R,../data/adults/stimuli_R/62__3713_56.jpg,"{7}

The transformation of the simple arrow on the left into a more complex design on the right shows a notable level of creativity. The addition of curves and embellishments gives the straightforward shape a unique and stylized appearance. It's an imaginative reinterpretation, though perhaps not groundbreaking."
adults,G,../data/adults/stimuli_G/66__3730_9.jpg,"{8} The transformation from the abstract, simple lines into a more detailed sunset over water is quite creative. The original shapes are cleverly reimagined to represent natural elements like a sun and water, showing a good level of imagination and reinterpretation."
adults,I,../data/adults/stimuli_I/66__3731_11.jpg,"{7}

The transformation of the simple arch shape on the left into a more complex and abstract design on the right shows creativity through its unpredictable geometric additions and modifications. The overlay of lines and shapes adds a unique, imaginative flair, turning a basic form into something more intricate and interpretative."
adults,R,../data/adults/stimuli_R/66__3735_56.jpg,"{7}

The transformation from simple geometric shapes into a stick figure lifting a weight shows a good level of creativity. It effectively uses the existing lines and adds new elements to convey a clear and imaginative new form. The simplicity and clever reinterpretation are commendable."
adults,G,../data/adults/stimuli_G/85__3786_9.jpg,"I'd rate the creativity at {6}.

**Explanation:**
The transformation from a basic shape into a tombstone is a clever use of the initial lines. The original shape is minimal, yet it becomes a recognizable object with the addition of a few details (R.I.P and ""ME""). While it's a straightforward concept, the humor and surprise factor enhance its creative appeal."
adults,I,../data/adults/stimuli_I/85__3787_11.jpg,"{8}

The transformation from the basic outline to a detailed lock design is creative. The use of simple lines to form a recognizable object shows innovative thinking and skill in visual interpretation."
adults,R,../data/adults/stimuli_R/85__3793_56.jpg,"{7} The transformation from a simple geometric outline to a doodle with added details is a creative use of abstraction. The interpretation adds personality and a new dimension to a basic shape, showing originality and playfulness."
adults,G,../data/adults/stimuli_G/103__3832_9.jpg,"{8} The conversion from simple, abstract shapes to a complete human figure demonstrates creativity. The artist effectively used minimal lines to envision and construct a more detailed and imaginative image. The outcome shows an innovative use of the original lines, transforming them into an expressive character."
adults,I,../data/adults/stimuli_I/103__3833_11.jpg,"{7}

The transformation demonstrates creativity by converting a basic arch shape into a recognizable character with added details like a dome, lines, and buttons. While the outline was simple, the additional elements added personality and innovation, showing a thoughtful reimagining of the original form."
adults,R,../data/adults/stimuli_R/103__3839_56.jpg,"{7} The transformation from a simple geometric shape to a more detailed human-like figure shows creativity. The addition of features like arms, a head, and vertical lines for texture or clothing adds personality and depth to the original shape. While the execution is simple, the idea is imaginative."
adults,G,../data/adults/stimuli_G/110__3846_9.jpg,"{8}

The transformation from a simple geometric shape to an imaginative depiction of an umbrella in the rain demonstrates creative thinking. The addition of raindrop lines and wavy lines to represent water effectively turns the abstract shape into a recognizable scene. The creative use of minimal elements to convey a clear concept is commendable."
adults,I,../data/adults/stimuli_I/110__3847_11.jpg,"{8}

The transformation from a simple arch shape into a more detailed drawing of a building with a dome and a flag demonstrates a significant leap in creativity. The original shape is creatively reimagined into an identifiable structure, showing good imaginative thinking and drawing skills."
adults,R,../data/adults/stimuli_R/110__3853_56.jpg,"{7} The transformation of the simple geometric shapes into a scene with a building, a plant, and a cloud-like structure shows creativity. The artist has used the basic forms as a base for a more detailed and imaginative illustration, adding depth and context. The use of different elements and an imaginative twist demonstrates a good level of creative interpretation."
adults,G,../data/adults/stimuli_G/113__3868_9.jpg,"{7}

The transformation showcases a creative reinterpretation of the original abstract shapes into a facial expression. The addition of features like eyes and a mouth, using the original lines, displays inventive thinking, although the execution is fairly straightforward."
adults,I,../data/adults/stimuli_I/113__3869_11.jpg,"{7}

The transformation from a simple arch shape to a painted can is quite creative. The addition of details like the word ""PAINT"" and the circular top effectively changes the initial abstract form into a recognizable object, showing a clever reinterpretation of basic shapes."
adults,R,../data/adults/stimuli_R/113__3875_56.jpg,"{6}

The transformation from the left to the right image shows some creativity. It takes the loose lines and forms a more structured, abstract shape, resembling something intentional. However, the change is fairly minimal, mainly connecting the existing parts, and might not be highly imaginative."
adults,G,../data/adults/stimuli_G/138__5325_9.jpg,"{8}

The transformation is creative because it takes a simple, minimal shape on the left and adds elements to turn it into a tree on the right. The addition of a leafy top and roots cleverly adapts the original form, demonstrating imaginative thinking and an effective use of the starting lines to create a recognizable new shape."
adults,I,../data/adults/stimuli_I/138__5326_11.jpg,"{7}

The transformation from a simple arch and lines on the left to a scene with a stick figure and what seems like a doorway or room on the right shows creativity by adding narrative and context. It turns abstract lines into a mini story with basic elements, which is imaginative. The use of minimal lines to convey a new setting is simple yet effective."
adults,R,../data/adults/stimuli_R/138__5332_56.jpg,"{8}

The creativity is notable as the simple lines on the left have been transformed into a character-like figure on the right. The minimalist approach to creating a humanoid shape from basic geometric lines shows ingenuity, especially in how the missing lines were interpreted into arms, legs, and a face."
adults,G,../data/adults/stimuli_G/140__3910_9.jpg,"{6}

The creativity in transforming the left image into the right one is fairly moderate. The original abstract shape has been reimagined into a recognizable scene resembling an archway or doorway with a sign labeled ""plate."" The addition of elements gives the image context, but the transformation is relatively straightforward and not overly complex."
adults,I,../data/adults/stimuli_I/140__3911_11.jpg,"{8}

The conversion of the basic shape into a fish is quite creative. The original shape has been effectively transformed by adding minimal lines to suggest a fish's head, fins, and tail. The imaginative leap to see a fish in a simple geometric form is clever and demonstrates artistic creativity."
adults,R,../data/adults/stimuli_R/140__3917_56.jpg,"{8}

The transformation from basic geometric shapes to a recognizable object like a basketball hoop shows a creative use of imagination. The artist effectively used simple lines to construct a detailed and identifiable scene, showing innovative thinking."
adults,G,../data/adults/stimuli_G/157__3922_9.jpg,"{7}

The transformation from a simple umbrella-like outline to a mushroom with added irregularities is creative. It shows an imaginative rethinking of basic shapes into a more complex and recognizable form. The creativity lies in using minimal lines to create a new and distinct image."
adults,I,../data/adults/stimuli_I/157__3923_11.jpg,"The transformation from the left image to the right image is quite creative. The initial simple outline is creatively developed into a more complex design.

Creativity rating: {8/10}.

Explanation: The right image takes the basic structure from the left and adds dynamic lines and forms, creating an impression of depth and complexity. This shows a thoughtful and inventive approach."
adults,R,../data/adults/stimuli_R/157__3929_56.jpg,"{6}

The transformation from the left image to the right shows some level of creativity, with the straight lines being adjusted into more complex, slightly irregular shapes. This adds a unique twist to the original design, although the overall form remains recognizable. It demonstrates a moderate creative reinterpretation."
adults,G,../data/adults/stimuli_G/174__3967_9.jpg,"{8}

The conversion from a simple geometric shape to a detailed object like a helicopter with steam rising is quite creative. It transforms basic lines into a dynamic, imaginative scene. The addition of details like the rotors and the box design demonstrates a good use of creativity."
adults,I,../data/adults/stimuli_I/174__3968_11.jpg,"{8}

The transformation from a simple outline to a detailed scene of two people dining under a light is quite creative. It showcases imagination by turning basic geometric shapes into a lively scenario, demonstrating clever use of the existing lines to form a coherent and complete image."
adults,R,../data/adults/stimuli_R/174__3974_56.jpg,"{8} 

The transformation from the left image to the right shows a creative reinterpretation of simple lines. The left image consists of basic lines that resemble an abstract shape, while the right image creatively turns those lines into legs with shoes. This demonstrates originality and a good use of imagination to convert abstract forms into recognizable objects."
adults,G,../data/adults/stimuli_G/180__4001_9.jpg,"{8}

The transformation from the left image to the right shows creative reinterpretation. The simple lines have been turned into a stylized basketball hoop and backboard. The use of basic shapes to suggest this idea demonstrates imaginative thinking."
adults,I,../data/adults/stimuli_I/180__4002_11.jpg,"{7}

The transformation of a simple arch shape into a more detailed scene is creative. The addition of structural elements suggests a doorway or architectural feature, giving context and purpose to the original shape. The extra lines add depth and a sense of environment. More details could further enhance the creativity."
adults,R,../data/adults/stimuli_R/180__4008_56.jpg,"{7}

The transformation from the simple geometric shape on the left to a more complex structure on the right demonstrates a creative reinterpretation. The added lines create a new form while maintaining the original elements, showcasing inventive use of minimalism."
adults,G,../data/adults/stimuli_G/181__5394_9.jpg,"{7}

The transformation from basic shapes into a simplistic human figure shows a creative interpretation. The original elements are cleverly repurposed to form a coherent image, suggesting imagination and a playful approach to design."
adults,I,../data/adults/stimuli_I/181__5395_11.jpg,"{8} - The transformation shows a significant leap in creativity. The simple arch shape on the left has been reimagined into a unique character design on the right, with distinct features like ears and eyes. The addition of details and interpretation of a basic form into something with personality demonstrates originality."
adults,R,../data/adults/stimuli_R/181__5401_56.jpg,"{7}

The transformation from the simple lines on the left into a detailed, house-like shape on the right showcases creative thinking. The artist added structure and detail, turning basic lines into a recognizable form. However, the simplicity of the original limits the complexity of the adaptation."
adults,G,../data/adults/stimuli_G/182__5406_9.jpg,"{8}

The transformation from a simple structure to a stylized representation of an umbrella with abstract figures and rain is quite imaginative. The right image creatively uses the same basic shapes to convey a new concept, adding additional lines and shapes to represent different elements. It's a clever reinterpretation that shows good creativity."
adults,I,../data/adults/stimuli_I/182__5407_11.jpg,"{7} The transformation from a simple outline to a recognizable small structure, like a church, is clever. By adding minimal elements—a cross, circular window, and archway—the composition shifts meaning effectively. The creative use of basic shapes to convey a specific idea shows insight, though it remains simple and straightforward."
adults,R,../data/adults/stimuli_R/182__5413_56.jpg,"{5} 

The transformation demonstrates moderate creativity. The initial simple design was reimagined into a more detailed and recognizable shape, resembling an object like a pencil or a similar item. The creator added elements like shading and lines to enhance the initial outline. While the idea is clever, the execution is straightforward without much complexity or unexpected elements."
adults,G,../data/adults/stimuli_G/183__5418_9.jpg,"{7}

The transformation from simple lines into a stylized mushroom is quite creative. The original shapes are effectively used to suggest the mushroom's structure with minimal additions. There's a clever use of negative space and a transformation of simple lines into a recognizable form, which showcases imaginative use of elements."
adults,I,../data/adults/stimuli_I/183__5419_11.jpg,"{8}

The transformation from a simple arch in the left image to a toaster with bread in the right image shows a clever and imaginative use of shapes. The creator has effectively reimagined the original form into a recognizable and dynamic object, adding details like the bread and rays to convey a sense of action."
adults,R,../data/adults/stimuli_R/183__5425_56.jpg,"{7}

The transformation from the simple geometric lines on the left to a kite-like structure on the right shows a creative reimagining. The additional lines suggest movement and detail, giving the abstract lines a more defined and illustrative form. It's a good example of imaginative thinking, though the concept is relatively straightforward."
adults,G,../data/adults/stimuli_G/197__5470_9.jpg,"{8}

The conversion from the simple abstract figure on the left into a simplistic human figure on the right demonstrates creativity. The artist effectively uses minimal lines to transform the initial shape into a recognizable figure, adding a head and arms while maintaining the basic structure. This shows an imaginative approach to interpreting simple shapes."
adults,I,../data/adults/stimuli_I/197__5471_11.jpg,"{7}

The transformation from a simple line drawing into a building-like structure with a dome and a flag is quite creative. It adds several new elements and reimagines the initial shape in an interesting way. The changes show a nice level of inventiveness, though not overly complex."
adults,R,../data/adults/stimuli_R/197__5477_56.jpg,"{8}

The transformation from the abstract shape on the left to a stick figure on the right is quite imaginative. The artist creatively utilized the initial lines to form a character with a face, body, and limbs. This shows a good use of minimal lines to create a recognizable and playful transformation."
adults,G,../data/adults/stimuli_G/203__4073_9.jpg,"{7}

The transformation is creative as it turns a simple umbrella shape into a whimsical landscape with clouds and a rainbow. The addition of elements like the rainbow and clouds adds depth and changes the entire context of the image. The creativity lies in the imaginative reinterpretation of basic shapes, although it still retains some simplicity."
adults,I,../data/adults/stimuli_I/203__4074_11.jpg,"{6}

The transformation from a simple arch shape to a house or building outline shows creativity in utilizing minimalist lines to suggest a recognizable structure. The added elements are simplistic but effectively convey the intended idea, demonstrating an imaginative approach to modifying a basic form."
adults,R,../data/adults/stimuli_R/203__4080_56.jpg,"{7}

The transformation from simple geometric lines to a mouse drawing shows a good level of creativity. The artist creatively used minimal lines and added elements to form recognizable features of a mouse, like ears and whiskers, while maintaining the structure of the original shape."
adults,G,../data/adults/stimuli_G/223__4143_9.jpg,"{8} 

The transformation from a simple, abstract shape on the left to a more detailed and imaginative drawing of a bird on the right demonstrates a high level of creativity. The original image provides a minimalist starting point, and the added details effectively reshape it into a recognizable form. The use of lines to suggest wings and texture, as well as the addition of a head and beak, creatively interprets the original structure."
adults,I,../data/adults/stimuli_I/223__4144_11.jpg,"{7}

The transformation from a simple geometric shape to a face with added detail, such as eyes, a nose, and other features, shows a creative reinterpretation of a basic form. It demonstrates the ability to see potential in simple shapes and turn them into something more complex and whimsical."
adults,R,../data/adults/stimuli_R/223__4150_56.jpg,"{8}

The transformation from a simple geometric shape to a whimsical figure showcases a high level of creativity. The artist used the existing shapes to suggest a playful character, adding details like facial features and limbs. The creative reinterpretation of basic lines into a more complex and imaginative drawing demonstrates an inventive approach."
adults,G,../data/adults/stimuli_G/242__4167_9.jpg,"{8}

The conversion from a simple abstract shape into a drawing resembling a person holding an umbrella is quite creative. The lines are cleverly repurposed to form a coherent and imaginative scene. The transformation demonstrates an inventive use of minimal elements to create something recognizable and expressive."
adults,I,../data/adults/stimuli_I/242__4168_11.jpg,"{6}

The transformation from a simple arch shape to a basic house illustrates a creative step by adding details like a roof and door. While the execution is simplistic, the idea of converting basic shapes into representational forms is imaginative. Further enhancements could improve the creativity score."
adults,R,../data/adults/stimuli_R/242__4174_56.jpg,"{7}

The transformation from a simple geometric outline to a more detailed crayon design shows creativity. The addition of details like the ""Crayola"" text and shading enriches the image and turns a basic shape into a recognizable object. The creativity lies in seeing the potential for a finished design from a minimal starting point, though the execution could be refined further."
adults,G,../data/adults/stimuli_G/247__4179_9.jpg,"{9}

Explanation: The transformation from a simple geometric shape to a creative drawing of an animal face demonstrates excellent imagination. The addition of minimal lines to suggest ears, eyes, and nostrils cleverly turns an abstract design into something recognizable and expressive. The simplicity yet effectiveness of the transformation is quite creative."
adults,I,../data/adults/stimuli_I/247__4180_11.jpg,"{8} 

The transformation from a simple geometric shape into a robotic figure shows a high level of creativity. The artist effectively used the existing lines as a base for the robot's head and body, adding details like arms and facial features. The imaginative leap from an abstract shape to a recognizable character is inventive and engaging."
adults,R,../data/adults/stimuli_R/247__4186_56.jpg,"{7}

The transformation from simple lines to a complete stick figure with expressive elements shows a good level of creativity. It's imaginative how the original shape was expanded into a more complex and playful character."
adults,G,../data/adults/stimuli_G/259__4203_9.jpg,"{7}

The transformation from the minimalistic lines on the left to the more complex grid and circular shape on the right shows a creative reinterpretation. The artist added depth and complexity, turning simple lines into a structured, almost architectural design. This demonstrates creative thinking in altering the original forms while maintaining some of their essence."
adults,I,../data/adults/stimuli_I/259__4204_11.jpg,"{6}

The transformation from the left to the right image shows a moderate level of creativity. The basic shape remains similar, with additional elements added to the right image to create a different perception or context. The lines in the right image have been made more organic and dynamic, adding a sense of character. While it's an interesting transformation, it doesn’t drastically change or reinterpret the original shape in a highly imaginative way."
adults,R,../data/adults/stimuli_R/259__4210_56.jpg,"{7}

The transformation from a simple geometric form to a more recognizable shape, like a pencil, shows a good level of creativity. The artist has effectively used minimal lines to suggest a specific object. While the execution is straightforward, the conceptual shift demonstrates imaginative thinking."
adults,G,../data/adults/stimuli_G/263__7333_9.jpg,"{8} The transformation from simple geometric shapes into a scene with two people sharing an umbrella is quite creative. It effectively uses the initial shapes to inspire a lively and relatable scenario, demonstrating imaginative thinking and clever adaptation."
adults,I,../data/adults/stimuli_I/263__7334_11.jpg,"{8} The transformation from a simple arch shape to a complete scene with a lamp and table is quite imaginative. The creator effectively used minimal lines from the original to build a coherent and artistic new composition, showcasing creative thinking and clever design."
adults,R,../data/adults/stimuli_R/263__7340_56.jpg,"{6}

The transformation shows a creative approach by turning a simple geometric shape into a more detailed depiction of a house or building, adding elements like windows and a chimney. The creativity lies in visualizing a basic shape as something more complex, though the execution remains quite simple and straightforward."
adults,G,../data/adults/stimuli_G/265__4227_9.jpg,"{8}

The conversion from simple, abstract shapes to a detailed figure with wings and distinct features is quite creative. The transformation shows imaginative use of lines to create a visually intriguing character."
adults,I,../data/adults/stimuli_I/265__5605_11.jpg,"{8}

The transformation from a simple shape to a robot-like figure demonstrates creative thinking. Using minimal lines to suggest arms, eyes, and detailing for a complete character shows an imaginative use of the initial shape. It's a clever way to transform an abstract form into something recognizable."
adults,R,../data/adults/stimuli_R/265__4234_56.jpg,"{8}

The transformation from simple lines to a charming stick figure playing soccer demonstrates a creative leap. The artist cleverly used the basic shapes to form a scene with a playful theme."
adults,G,../data/adults/stimuli_G/269__4249_9.jpg,"{8}

The transformation from simple lines and shapes into a scene with added elements and a narrative shows a high level of creativity. The addition of a character and other objects gives the original minimal form a unique and imaginative context."
adults,I,../data/adults/stimuli_I/269__4250_11.jpg,"{6}

The transformation from the left to the right image demonstrates a creative attempt to turn a simple shape into a humorous character. The addition of facial features and the basketball elements adds personality, showing inventiveness. However, the drawing is quite minimalistic and rough, leaving room for further development and refinement."
adults,R,../data/adults/stimuli_R/269__4255_56.jpg,"{8}

The transformation from simple lines to a detailed airport scene is quite inventive. The creativity lies in reimagining basic geometric shapes into a lively depiction of an airport, complete with a terminal and airplane. The addition of details like the plane in the sky and ""LAX"" makes the scene dynamic."
adults,G,../data/adults/stimuli_G/275__4260_9.jpg,"{7} The transformation from the simple geometric shape on the left to the more detailed mushroom design on the right demonstrates creative thinking. The artist reimagined the basic lines to create a recognizable object, adding details like the texture on the mushroom cap, which shows an inventive use of minimal changes to achieve a creative outcome."
adults,I,../data/adults/stimuli_I/275__4261_11.jpg,"{7}

The transformation from a simple arch shape to a more abstract representation involving broken or jagged lines demonstrates creative thinking. The division and alteration of lines add an interesting, unexpected twist to the original form. The creativity lies in the deviation from symmetry and smoothness to create a conceptually different image."
adults,R,../data/adults/stimuli_R/275__4267_56.jpg,"{7}

The transformation from a simple geometric shape into a whimsical cartoon character showcases creativity by adding personality and context to basic lines. The creative leap from abstract to representational is inventive, though the drawing is simplistic. This blend of imagination and basic design deserves a good score for thinking outside the box."
adults,G,../data/adults/stimuli_G/285__4284_9.jpg,"{8} The transformation from simple geometric lines to a detailed face drawing shows a high level of creativity. The original shapes are cleverly integrated into the facial features, demonstrating an imaginative reinterpretation of the original image."
adults,I,../data/adults/stimuli_I/285__4285_11.jpg,"{8}

The transformation shows a high level of creativity as it turns a simple geometric shape into a expressive sketch. The use of the initial shape’s structure to form the head and body indicates imaginative thinking. However, the sketch is quite rudimentary in execution, which might limit the overall impact."
adults,R,../data/adults/stimuli_R/285__4291_56.jpg,"{7}

The transformation from a simple, angular outline to a more detailed, mosaic-like pattern shows a creative approach in filling the shape with a crackle design. This adds complexity and texture to what was originally a minimalistic form. The creativity lies in the imaginative use of pattern to entirely change the visual feel of the shape."
adults,G,../data/adults/stimuli_G/287__5661_9.jpg,"{8}

The transformation is creative because the simple arc and lines on the left have been imaginatively turned into a recognizable object, a table with an umbrella, on the right. The addition of elements like the handle and the vertical line for the stand enhances the original design significantly."
adults,I,../data/adults/stimuli_I/287__5662_11.jpg,"{7}

The transformation from a simple geometric shape to a quirky, cartoon-like character demonstrates a fun use of imagination. The addition of features like eyes, ears, and a mouth creatively repurposes the original form into something playful and expressive."
adults,R,../data/adults/stimuli_R/287__5668_56.jpg,"{7}

The transformation from a simple geometric shape to a creative drawing of two stick figures inside what looks like a television demonstrates imaginative thinking. The use of minimal lines to suggest a complex scene is clever, though there is room for more detail or refinement to increase its impact."
adults,G,../data/adults/stimuli_G/298__4324_9.jpg,"{8}

The transformation from simple geometric shapes into a whimsical mushroom scene showcases a creative and imaginative approach. The semicircle becomes the mushroom cap with added details for texture, and the vertical lines are cleverly turned into the mushroom stem. The addition of smaller mushrooms and raindrops adds an extra layer of creativity to the scene."
adults,I,../data/adults/stimuli_I/298__4325_11.jpg,"{7}

The transformation from a simple arch shape to a scene with a bird and a door is quite creative. It takes a basic form and inventively adds elements to create a more complex image. The addition of the bird and horizontal shape enhances the narrative and visual interest."
adults,R,../data/adults/stimuli_R/298__4331_56.jpg,"{7}

The transformation from a simple, abstract outline into a scene resembling a laboratory setup exhibits creativity. The addition of shapes and lines to create recognizable objects shows imaginative thinking. However, the execution is somewhat basic, which leaves room for more detailed enhancements."
adults,G,../data/adults/stimuli_G/301__5703_9.jpg,"{8}

The transformation from a simple abstract shape into a pizza slice with a stick handle is quite imaginative. The use of minimal lines to create a recognizable object shows a good level of creativity. The addition of toppings and the stick contributes to the whimsical concept."
adults,I,../data/adults/stimuli_I/301__5704_11.jpg,"{7}

The transformation from a simple shape into a drawing of headphones labeled ""music"" is inventive. The use of the initial lines to form the top of the headphones shows creative thinking. However, the simplicity of the design keeps it from being more intricate or surprising."
adults,R,../data/adults/stimuli_R/301__4343_56.jpg,"{8}

The transformation from simple geometric lines into a dynamic basketball scene shows a high level of creativity. The initial abstract shapes are cleverly interpreted into a basketball hoop, ball, and player, creating an engaging and lively composition."
adults,G,../data/adults/stimuli_G/302__4347_9.jpg,"{7}

The transformation from simple lines to a smiley face demonstrates creativity by adding eyes, a mouth, and an outline to create a recognizable expression. The original abstract shapes were creatively reimagined into a friendly face."
adults,I,../data/adults/stimuli_I/302__4348_11.jpg,"{7}

The transformation from the simple arch shape on the left to a recognizable object on the right, such as a bottle with a cap, demonstrates a creative use of minimal lines to suggest a new form. The addition of lines that outline the cap and bottle differentiates it effectively, showing imagination in reshaping the original design."
adults,R,../data/adults/stimuli_R/302__4353_56.jpg,"{8}

The transformation from a simple arrow-like shape into a stylized character shows good creativity. The use of basic lines to suggest limbs and a face is playful and imaginative, effectively turning geometric forms into a lively figure."
adults,G,../data/adults/stimuli_G/315__5727_9.jpg,{8} The transformation creatively turns simple lines into a more complex image resembling an umbrella in the rain. The addition of raindrops and the detailed handle shows an imaginative approach to enhance the original minimal design.
adults,I,../data/adults/stimuli_I/315__5728_11.jpg,"{8} The transformation from a simple outline to an iconic New York skyline with an ""I ♥ NY"" motif demonstrates a creative leap. The image creatively builds on basic shapes to evoke a recognizable symbol, adding visual interest and context."
adults,R,../data/adults/stimuli_R/315__5734_56.jpg,"{8} 

The transformation shows creativity by taking simple lines and turning them into a humorous stick figure with a distinct expression. The addition of facial features and limbs brings life to an abstract shape, showcasing imaginative progression."
adults,G,../data/adults/stimuli_G/324__5744_9.jpg,"{7}

The transformation from simple shapes into a face is creative. The addition of eyes, a nose, and a mouth injects personality into a minimalistic design. The creativity lies in seeing potential in basic geometric lines to create something expressive and recognizable."
adults,I,../data/adults/stimuli_I/324__5745_11.jpg,"{5} 

The transformation from the left image to the right involves adding outline sketch details to create the impression of a door or simple arch. While it shows basic creativity in extending the initial design, the overall concept remains quite simple and straightforward."
adults,R,../data/adults/stimuli_R/324__5748_56.jpg,"{6}

The transformation from the left image to the right image shows creativity in turning simple lines into a more complex, recognizable form. The added elements suggest a new idea, but the execution could be more refined. The creative leap is interesting, warranting a moderate score."
adults,G,../data/adults/stimuli_G/340__5785_9.jpg,"{7}

The transformation from the minimal, abstract lines on the left to a more detailed, circular design on the right shows a creative reinterpretation. The artist adds new elements and layers of complexity while maintaining some initial shapes, indicating a novel approach. However, the connection between the two designs isn't immediately obvious, so there's room for more thematic exploration or transformation."
adults,I,../data/adults/stimuli_I/340__5786_11.jpg,"{5}

The transformation from the left to the right image shows a basic level of creativity. The lines have been modified to include a few additional curves and strokes, suggesting an effort to transform the shape, although the overall change is minimal. This shows some creative thought, but it remains quite simple."
adults,R,../data/adults/stimuli_R/340__5792_56.jpg,"{7}

The transformation of simple lines into a face is clever and playful. The use of the basic shape to suggest a smiling expression and a beard shows creativity. It's simple but effectively conveys a new concept."
adults,G,../data/adults/stimuli_G/346__5809_9.jpg,"{8}

The transformation from a simple, minimal design to a whimsical mushroom with added textures and details demonstrates a creative leap. The addition of curves and circles adds complexity and imagination to the original shape, showing innovative thinking."
adults,I,../data/adults/stimuli_I/346__5810_11.jpg,"{8}

The transformation from a simple arch-like structure into a stick figure with arms and a hat is quite creative. It effectively uses minimal lines to suggest a human character, showing clever manipulation of the original image while adding personality and context."
adults,R,../data/adults/stimuli_R/346__5815_56.jpg,"{7}

The transformation from the simple, geometric shape on the left to a hand-drawn abstract face on the right is creative. The added lines give it a playful and imaginative character. The conversion shows a good leap from minimalist lines to a more representational form, though it's still abstract, leaving room for interpretation."
adults,G,../data/adults/stimuli_G/356__5842_9.jpg,"{8}

The transformation from the simple lines and arcs on the left to a detailed character with facial features on the right demonstrates a high level of creativity. The artist effectively added expressive eyes, a textured mouth, and a distinctive hairstyle, making the original shapes unrecognizable and full of personality."
adults,I,../data/adults/stimuli_I/356__5843_11.jpg,"{7}

The transformation is creative as it reimagines the simple outline of an arch shape on the left into a more complex, abstract, and face-like form on the right. The addition of smaller elements and adjustments to the original lines show imaginative thinking."
adults,R,../data/adults/stimuli_R/356__5849_56.jpg,"{7}

The transformation of the simple arrow shape on the left into a more complex figure on the right shows creative thinking. The addition of artistic elements like lines and shapes to form what resembles a stylized object is inventive. However, the lack of detail and complexity in the additions limits the overall creativity, keeping it from a higher score."
adults,G,../data/adults/stimuli_G/375__5945_9.jpg,"{8}

The transformation from the simple structure on the left to an umbrella on the right demonstrates creative thinking. The use of minimal lines to suggest an umbrella is clever, leveraging existing shapes and adding just a few extra lines to convey a clearer image. It's an imaginative interpretation of basic elements."
adults,I,../data/adults/stimuli_I/375__5946_11.jpg,"{7} The transformation of a simple arch shape into a recognizable building, likely a church or chapel, demonstrates a good level of creativity. The addition of elements like a dome, cross, and door adds context and narrative to the original form. However, the execution could be more refined to enhance the overall impact."
adults,R,../data/adults/stimuli_R/375__5952_56.jpg,"{8} The transformation from a simple arrow shape on the left to a humanoid figure on the right shows a high level of creativity. The artist used the basic lines effectively to create a distinct and imaginative character, complete with facial features and a unique stance on a wheel. This transformation demonstrates an ability to see potential in the original shape and expand it into something more complex and humorous."
adults,G,../data/adults/stimuli_G/392__6012_9.jpg,"I'd rate the creativity as {5}. 

The transformation from an abstract shape into a simple drawing of a mushroom is clever but straightforward. The addition of straight lines to create the stem is a basic approach. While it's a neat idea, it lacks complexity or unexpected elements that could elevate the creativity level."
adults,I,../data/adults/stimuli_I/392__6013_11.jpg,"{7}

The transformation from a simple outline to a more complex, sketch-like drawing shows creativity by adding detail and texture. The artist has enhanced the basic shape, giving it a more interesting and expressive form. However, the change while creative, isn't entirely transformative or conceptually new."
adults,R,../data/adults/stimuli_R/392__6019_56.jpg,"{7}

The transformation from simple lines to a face is quite creative. The original shape is abstract and minimal, yet it has been turned into a recognizable face with distinct features. The use of the original lines as a framing element adds a clever touch to the final image."
adults,G,../data/adults/stimuli_G/415__7553_9.jpg,"{7}

The transformation from the left image to the right is creative because it takes minimal and abstract elements and transforms them into a character with expression and personality. The incorporation of simple lines into eyes and other features adds a playful touch. However, it retains simplicity, which limits the complexity of the transformation."
adults,I,../data/adults/stimuli_I/415__7554_11.jpg,"{8}

The transformation from a simple geometric shape into a playful animal face is quite creative. The use of minimal lines to add character while maintaining the original shape demonstrates originality and imagination."
adults,R,../data/adults/stimuli_R/415__7560_56.jpg,"{6}

The transformation creatively expands on the minimalistic design of the left image, turning it into a recognizable object—a lamp. While the original shapes were simple and abstract, the added lines and connections on the right create a coherent and imaginative new form. However, the idea is straightforward and lacks intricate details, hence a moderate creativity score."
adults,G,../data/adults/stimuli_G/427__6116_9.jpg,"{7} 

The transformation of a basic shape into a recognizable mushroom design shows a good level of creativity. The artist added simple lines and curves to suggest the mushroom's top and stem. The creativity could be enhanced with more detail or color, but the minimalist approach is effectively imaginative."
adults,I,../data/adults/stimuli_I/427__6117_11.jpg,"{8}

This transformation is quite creative. Starting with simple shapes, it's been imaginatively turned into a cartoonish character. The addition of features like the face, hair, arms, and legs adds personality and humor to the basic outline, showing good creativity."
adults,R,../data/adults/stimuli_R/427__6123_56.jpg,"{7}

The transformation from the left image to the right image shows a creative re-imagining. The simple geometric lines are turned into a more detailed drawing, suggesting inventive thinking. There's clear effort in adding additional elements to craft a coherent, imaginative picture."
adults,G,../data/adults/stimuli_G/434__7586_9.jpg,"{8}

The transformation from a simple outline to a more detailed illustration of an umbrella with added features such as a handle and details on the canopy shows creative imagination. The artist effectively built on the minimalist design to create a more complete and recognizable object."
adults,I,../data/adults/stimuli_I/434__7587_11.jpg,"{7}

The transformation from the simple, abstract shape on the left into a more detailed image on the right shows a creative reinterpretation. The original lines are creatively turned into a figure, adding personality and expression. It’s imaginative and displays a playful approach to modifying basic shapes."
adults,R,../data/adults/stimuli_R/434__7593_56.jpg,"{7}

The transformation from the left image to the right image demonstrates a creative interpretation by adding new elements and reshaping the original structure into a distinctive form. The addition of lines and intersections introduces an imaginative component, though the overall complexity remains relatively simple."
adults,G,../data/adults/stimuli_G/445__7631_9.jpg,"{7}

The conversion is creative as it transforms a simple and abstract geometric figure on the left into a recognizable and more expressive form on the right. The addition of a face adds character and a playful element, showing an imaginative use of minimal lines. However, the simplicity of the change limits the complexity, keeping it from being extremely creative."
adults,I,../data/adults/stimuli_I/445__7632_11.jpg,"{8}

This transformation is quite creative. The original shape serves as a foundation for the character on the right, cleverly turning it into a figure with arms, legs, and facial features. The use of simple lines to add expressive elements reflects an imaginative approach."
adults,R,../data/adults/stimuli_R/445__7637_56.jpg,"{7}

The transformation from the left image to the right one is quite creative. The initial simple arrow-like shape has been cleverly turned into the outline of a mouse. The added lines hint at ears and a body, showing an imaginative process in reinterpreting the geometric shape into a recognizable figure."
adults,G,../data/adults/stimuli_G/453__6216_9.jpg,"{8}

The transformation from simple lines to a whimsical mushroom illustration shows a creative leap. The original shape is cleverly used as a base, and additional details like the spots and curved lines enhance the final image."
adults,I,../data/adults/stimuli_I/453__7714_11.jpg,"{7}

The transformation from a simple arch outline to a detailed drawing of a door is creative. The artist expanded upon the basic shape to suggest a structure or entranceway, using imaginative details such as the window and steps to add depth and context. However, the execution is quite straightforward, so there’s room for more complexity or embellishment."
adults,R,../data/adults/stimuli_R/453__7720_56.jpg,"{8}

The transformation of simple lines into a drawing of a person interacting with an object (like a pot) is quite creative. The artist has cleverly used the original shape as a base for a more detailed and imaginative scene, indicating a playful and inventive approach."
adults,G,../data/adults/stimuli_G/454__7725_9.jpg,"I'd rate the creativity as {8}. The transformation from simple geometric lines on the left into a recognizable human figure on the right demonstrates a clever and imaginative reinterpretation. The artist effectively used minimal elements to construct a complete figure, showcasing creativity in visual thinking."
adults,I,../data/adults/stimuli_I/454__7726_11.jpg,"{8} The transformation from a simple arch shape to a vintage radio is quite creative. The addition of musical notes adds to the concept, making it instantly recognizable as a radio. The artist effectively uses the basic shape as a foundation to build something more detailed and imaginative."
adults,R,../data/adults/stimuli_R/454__6235_56.jpg,"{9}

The transformation from simple angular shapes to a pair of dinosaurs is highly creative. The artist effectively used minimal lines to suggestively add detailed features like eyes, spikes, and necks, transforming abstract shapes into recognizable characters. This imaginative leap showcases originality and cleverness."
adults,G,../data/adults/stimuli_G/456__7749_9.jpg,"{8}

The transformation from simple lines to a complete face shows a high level of creativity. The artist effectively used minimal elements as a base to form a detailed and expressive face, demonstrating imagination and artistic skill."
adults,I,../data/adults/stimuli_I/456__7750_11.jpg,"{8} 

The transformation from a simple line drawing into a tombstone is quite creative. The initial lines were turned into a coherent, recognizable object with minimal but effective changes. The addition of ""RIP"" and the base line enhance the concept, showing clever use of basic elements to convey a clear idea."
adults,R,../data/adults/stimuli_R/456__7756_56.jpg,"{8} The transformation from simple lines to a detailed house scene demonstrates significant creativity. The original shapes have been imaginatively integrated into the roof and garage of the house, showing a clever use of the basic elements to create a complex and cohesive picture."
adults,G,../data/adults/stimuli_G/458__7773_9.jpg,"{9}

The transformation from a simple geometric shape into a detailed beach scene shows a high level of creativity. The original minimal elements have been imaginatively reinterpreted into a complex and recognizable setting, incorporating different elements like people, a beach umbrella, and a radio, which demonstrates a strong creative leap."
adults,I,../data/adults/stimuli_I/458__7774_11.jpg,"{8}

The transformation from a simple arch shape into a detailed burger stack is quite imaginative. The artist creatively filled in the outline with elements like multiple layers and a textured top bun. The unexpected twist of using a basic shape as a starting point adds to the creativity."
adults,R,../data/adults/stimuli_R/458__7780_56.jpg,"{7}

The transformation of the simple shape into a quirky character shows a good level of creativity. The creator used the original shape as the body outline and added unique details like a face, arms, legs, and a heart to bring it to life. It's an inventive interpretation that gives personality to a basic form."
adults,G,../data/adults/stimuli_G/464__7832_9.jpg,"{7} The transformation from the simple, abstract shape on the left to the more detailed figure on the right displays a creative use of lines to suggest a person with a distinct hairstyle. The artist imaginatively uses a basic curve and rectangles to form a head and body, adding complexity with scribbled lines for hair. The creativity lies in the conceptual leap and playful interpretation of basic shapes."
adults,I,../data/adults/stimuli_I/464__7833_11.jpg,"{7} The transformation from a simple arch shape to a quirky house illustration is quite creative. The artist added elements like a dome roof, windows, and a door, turning a basic shape into a more detailed and imaginative scene. The inclusion of additional elements like stairs and surroundings enhances the overall creativity."
adults,R,../data/adults/stimuli_R/464__7839_56.jpg,"{8}

The conversion from a simple geometric shape to a recognizable coffee machine involves creative thinking. It demonstrates the ability to see potential in minimalistic forms and transform them into a detailed, functional object."
adults,G,../data/adults/stimuli_G/466__7856_9.jpg,"{8}

The transformation from a simple semi-circle and two lines to a sunrise over a body of water is quite creative. The semi-circle becomes the sun, and additional lines add dynamic elements like sun rays and water, creatively using minimal shapes to create a scenic view."
adults,I,../data/adults/stimuli_I/466__7857_11.jpg,"{7}

The transformation from a basic outline to a sketch resembling a window with curtains is a creative use of the original shape. The addition of details like the grid window panes and curtain-like sides demonstrates imaginative thinking, turning a simple shape into a more complex image."
adults,R,../data/adults/stimuli_R/466__7862_56.jpg,"{8} The transformation from a minimal geometric shape to a detailed drawing of a vase with flowers is quite creative. It shows an imaginative reinterpretation of the original lines into something completely different, adding complexity and artistic flair."
adults,G,../data/adults/stimuli_G/481__7947_9.jpg,"{8}

The transformation from the simple lines in the left image into a scene of two people holding an umbrella in the rain on the right shows a high level of creativity. The artist cleverly used the existing lines as part of an imaginative drawing, adding details to create a complete picture. The addition of stick figures and rain elements showcases ingenuity and the ability to see beyond the initial abstract shapes."
adults,I,../data/adults/stimuli_I/481__7948_11.jpg,"{8}

The conversion from a simple shape to a scene with a sun, ladder, and abstract figures is quite imaginative. The artist utilized the original shape creatively, transforming it into a dynamic composition with a sense of story, showcasing innovation and a playful execution."
adults,R,../data/adults/stimuli_R/481__7954_56.jpg,"{7}

The transformation from simple lines into a house drawing demonstrates creativity by reimagining basic shapes into a structured concept. The addition of windows, a roof, and interior details shows thoughtfulness and imagination. It effectively utilizes the original lines as part of the design, making it a clever reinterpretation."
adults,G,../data/adults/stimuli_G/482__7959_9.jpg,"{8}

The conversion from a minimal design on the left to an umbrella with a person and raindrops on the right shows a creative and clever re-imagining. The artist added dynamic elements such as the umbrella handle and raindrops, transforming simple lines into a narrative scene. The addition of these elements adds an engaging and imaginative story to the image."
adults,I,../data/adults/stimuli_I/482__7960_11.jpg,"{7} The transformation from a simple arch structure on the left to a creative figure resembling a person on the right shows imaginative use of basic shapes. The addition of arms, a circular element on the body, and a head with details adds character and interest, displaying a moderate level of creativity."
adults,R,../data/adults/stimuli_R/482__7966_56.jpg,"{8}

The transformation from a simple geometric shape to a whimsical character is imaginative. The addition of facial features and limbs creates a playful and unexpected interpretation. The original form's simplicity contrasts nicely with the new complexity, showcasing a creative approach."
adults,G,../data/adults/stimuli_G/484__7983_9.jpg,"{8}

The transformation from simple lines to a complete mushroom drawing exhibits a creative leap. The basic shapes have been cleverly adapted into a well-recognizable form by adding just a few elements. The use of curves and lines to suggest texture and detail adds to the creativity."
adults,I,../data/adults/stimuli_I/484__7984_11.jpg,"{7}

The transformation from the simple outline to a padlock involves a creative reinterpretation of basic lines into something recognizable and functional. Although it's a straightforward concept, it's a clever use of minimal elements to create a meaningful image."
adults,R,../data/adults/stimuli_R/484__7990_56.jpg,"{7}

The conversion shows a creative transformation by using minimal lines to suggest the form of a person wearing a hat. The added elements significantly change the perception from abstract to representational, demonstrating clever use of the original lines. However, the execution is simple, which slightly limits the overall creativity score."
adults,G,../data/adults/stimuli_G/485__7995_9.jpg,"{8} The transformation from the simple lines in the left image to a detailed drawing of a football helmet in the right image shows a high level of creativity. The initial lines are cleverly repurposed as the basic structure of the helmet, and additional lines are added to complete the image, showcasing imaginative thinking."
adults,I,../data/adults/stimuli_I/485__7996_11.jpg,"{8} The transformation from a simple arch-like structure into a stylized knight's helmet is creative. It cleverly adds details like the plume and visor to convey the new concept, demonstrating a good use of minimal changes to suggest a different image entirely."
adults,R,../data/adults/stimuli_R/485__8001_56.jpg,"{7}

The transformation from a simple outline to a stylized depiction of a pencil shows a creative process. The added elements, such as the nib details and the creative symbols, enhance the initial shape in a clever way, giving it a more distinct and artistic character."
adults,G,../data/adults/stimuli_G/486__8006_9.jpg,"{7}

The transformation is creative, turning a simple shape into a stylized figure. The simplicity of the original design has been cleverly adapted into a more complex and imaginative form. The use of minimal lines to form a recognizable figure shows inventive thinking."
adults,I,../data/adults/stimuli_I/486__8007_11.jpg,"{6} The transformation from a simple arch shape into a stylized rocket with the addition of ""NASA"" is a creative leap. It's clever to see a minimal geometric shape turn into something recognizable and thematic with just a few lines. However, the design is straightforward and doesn't add much complexity or detail."
adults,R,../data/adults/stimuli_R/486__8013_56.jpg,"{7}

The transformation from a simple geometric shape to a more complex abstract form, resembling a turtle or creature, shows a good amount of creativity. The initial shape is cleverly used as the starting point for a recognizable design, highlighting imaginative use of basic elements."
adults,G,../data/adults/stimuli_G/487__8018_9.jpg,"{8}

The transformation creatively adds character and context to a simple set of lines, turning the left image into a charming depiction of a person holding an umbrella. The addition of arms, a handle, and a small flourish on top adds personality and humor."
adults,I,../data/adults/stimuli_I/487__8019_11.jpg,"{6}

The transformation adds quite a bit of detail, suggesting a creative reinterpretation of the original shape. The added lines give the impression of a more complex form, possibly representing an abstract or stylized architecture or object. However, the creativity might be somewhat limited by its abstract nature."
adults,R,../data/adults/stimuli_R/487__8025_56.jpg,"{8}

The transformation from a simple geometric shape to a more intricate human-like figure is quite creative. The added details effectively suggest the form of a person sitting, which shows a clever reinterpretation of the original shape."
adults,G,../data/adults/stimuli_G/489__8039_9.jpg,"{9}

The transformation from a simple geometric shape to a detailed drawing of birds is highly creative. It shows an imaginative use of lines to create recognizable figures while maintaining the integrity of the original structure. The creativity shines in how the minimalistic initial form was repurposed into something complex and visually interesting."
adults,I,../data/adults/stimuli_I/489__8040_11.jpg,"{7}

The transformation from a simple arch-like shape to an hourglass with additional elements is quite creative. It shows an imaginative reinterpretation of the initial structure, adding new features and context, such as clock faces, to tell a broader story about time. However, the execution is somewhat basic and could be more refined to enhance the artistic impact."
adults,R,../data/adults/stimuli_R/489__8046_56.jpg,"{8} The transformation from simple geometric lines into a creative scene featuring a robot and a submarine demonstrates imaginative thinking. The artist has effectively used minimal elements to create two distinct figures, showcasing a great leap in creative interpretation."
adults,G,../data/adults/stimuli_G/492__8051_9.jpg,"I'd rate the creativity as {7}. The transformation from a minimal, ambiguous sketch to a recognizable mushroom is clever. The artist took basic lines and added details to create a more defined and imaginative image. However, the concept itself is relatively straightforward, which is why it isn't rated higher."
adults,I,../data/adults/stimuli_I/492__8052_11.jpg,"{7} 

The transformation from the simple geometric outline on the left to the more freeform, abstract shape on the right shows a creative approach. The added curves and changes suggest an imaginative leap, giving the shape more character and movement. However, the creativity is somewhat moderate as it remains within a simple form without much elaboration."
adults,R,../data/adults/stimuli_R/492__8058_56.jpg,"{8}

The transformation from a simple geometric shape to a stylized face shows creativity in using minimal lines to suggest facial features. The addition of hair and facial details demonstrates an imaginative and effective reinterpretation."
adults,G,../data/adults/stimuli_G/496__8093_9.jpg,"{8}

The transformation from a simple shape to a whimsical image of an umbrella in a park shows a high level of creativity. The basic arc and lines are imaginatively repurposed into a recognizable scene, demonstrating innovative thinking and artistic flair. The addition of text complements the visual transformation, enhancing the creative concept."
adults,I,../data/adults/stimuli_I/496__8094_11.jpg,"{5}

The transformation from a simple outline to an identifiable object like chapstick demonstrates a basic level of creativity. The addition of the cap and label adds a recognizable context but doesn't involve complex artistic elements or highly inventive use of the initial shape. It's a straightforward yet effective interpretation."
adults,R,../data/adults/stimuli_R/496__8100_56.jpg,"{8} 

The transformation from simple lines into a human figure is quite creative, showcasing effective use of minimal elements to craft a recognizable form. The addition of details like muscles and hair enhances the depiction, demonstrating originality and imaginative thinking."
adults,G,../data/adults/stimuli_G/498__8105_9.jpg,"I'd rate the creativity as {8}. The transformation from a simple set of curved and straight lines into a whimsical cartoon turtle shows a strong imaginative leap. The artist effectively used the minimal initial shapes to guide the design of a new, more complex figure. The addition of details like the eyes, legs, and shell adds character and life to the image, demonstrating creativity in reimagining the basic lines."
adults,I,../data/adults/stimuli_I/498__8106_11.jpg,"{7} This transformation is quite creative as it turns a simple arch shape into a figure with expressive elements. The addition of abstract shapes gives personality to the original form, showing an imaginative use of lines to suggest a face and possibly limbs. There's a playful reinterpretation of the structure."
adults,R,../data/adults/stimuli_R/498__8112_56.jpg,"{8} 

The transformation from simple geometric lines into a whimsical character is quite imaginative. The addition of facial features, limbs, and expressive elements like the hat and nose demonstrate creative thinking, turning a basic shape into a lively character. It's clever and playful."
adults,G,../data/adults/stimuli_G/502__8129_9.jpg,"{7}

The transformation from a basic umbrella frame on the left to a simple drawing of a mushroom on the right shows a creative reinterpretation of lines and shapes. The addition of spots and slight adjustments to the original form demonstrates imagination, though it remains relatively straightforward."
adults,I,../data/adults/stimuli_I/502__8130_11.jpg,"{7}

The transformation creatively uses simple lines to turn a basic arch shape into a jellyfish. The addition of tentacles and a dome top adds interest and imagination. While the idea is straightforward, it's a clever reinterpretation of basic shapes."
adults,R,../data/adults/stimuli_R/502__8136_56.jpg,{8} The transformation from a simple geometric shape into a stylized face with features like eyes and a bandana is clever. The use of minimal lines to suggest a character shows creative thinking and adds a playful element to the original shape.
adults,G,../data/adults/stimuli_G/511__8150_9.jpg,"{8}

The transformation from the left image to the right shows significant creativity. The simple shapes on the left are reimagined as a stylized brain on the right, demonstrating a clever reinterpretation of basic elements into a more complex and recognizable form. This shows an inventive use of minimal lines to suggest a completely different image."
adults,I,../data/adults/stimuli_I/511__8151_11.jpg,"{7}

The transformation from a simple arch shape on the left to a stylized numerical design on the right shows a creative reinterpretation. The integration of numbers into the structure adds interest and complexity. The creativity shines in how the original shape is adapted into something entirely new yet visually connected."
adults,R,../data/adults/stimuli_R/511__8156_56.jpg,"{8}

The transformation from a simple outline to a more intricate design showing a bird-like figure is quite creative. The artist took minimalistic lines and created a recognizable image, demonstrating an ability to see potential in abstract forms. The creativity lies in the imaginative leap from the simple to the complex while maintaining a connection to the original shape."
adults,G,../data/adults/stimuli_G/513__8161_9.jpg,"{7}

The transformation from the simple geometric shapes in the left image into a mushroom on the right image is creative. The artist effectively added details like the curved lines on top and the circles to suggest a mushroom cap with texture, demonstrating inventive thinking and imagination."
adults,I,../data/adults/stimuli_I/513__8162_11.jpg,"{8}

The transformation from a simple arch shape into a castle-like structure with a flag and door shows a good level of creativity. The additions are minimal but clever, turning a basic form into a recognizable object with added character."
adults,R,../data/adults/stimuli_R/513__8168_56.jpg,"{8}

The transformation from a simple geometric shape to a playful humanoid figure shows a high level of creativity. The original lines are cleverly used as parts of the body, showcasing imagination and a fun approach to art."
adults,G,../data/adults/stimuli_G/517__8197_9.jpg,"{7} 

The transformation from a simple, abstract shape on the left to a more detailed umbrella sketch on the right demonstrates creativity in visual interpretation. The artist effectively adds lines to suggest the fabric, ribs, and handle of an umbrella, showcasing an imaginative enhancement from a minimalist design."
adults,I,../data/adults/stimuli_I/517__8198_11.jpg,"{8}

The transformation from a simple geometric shape into a stylized character face is quite creative. The use of the existing lines to form part of the face and the addition of a cap shows a clever reinterpretation. The imagination involved in seeing a character in such simple shapes is commendable."
adults,R,../data/adults/stimuli_R/517__8204_56.jpg,"{7}

The transformation from a simple geometric shape to a character with a face and limbs is quite creative. The addition of facial features and limbs gives the shape personality and turns it into a cartoonish creature, making effective use of the original lines. The creativity shines in finding a recognizable form from basic elements, but it could be further enhanced with more complex details or colors."
adults,G,../data/adults/stimuli_G/520__8220_9.jpg,"{8} 

The transformation from a basic semi-circle and lines to a mushroom includes adding textured lines and details like spots. This shows creativity in visualizing how simple shapes can represent something more complex and recognizable."
adults,I,../data/adults/stimuli_I/520__8221_11.jpg,"{7} The transformation from a simple arch shape on the left to a stick figure person on the right is a creative reinterpretation. The arch was used as the base for the head, and additional elements were added to create a recognizable character. It's a clever use of minimal lines to convey a new concept."
adults,R,../data/adults/stimuli_R/520__8227_56.jpg,"Creativity rating: {7}

Explanation: The transformation from the simple geometric shape on the left to a more complex and imaginative stick figure on the right shows creative thinking. The addition of limbs, a head, and dynamic posture brings the shape to life. It’s a clever use of minimal lines to convey a recognizable and lively figure."
adults,G,../data/adults/stimuli_G/521__8232_9.jpg,"{9}

The transformation from a simple shape into a charming scene with two figures holding umbrellas is highly creative. It showcases imaginative use of minimal initial elements to create a lively and expressive illustration. The addition of details like rain and hearts adds a whimsical touch, indicating a thoughtful expansion of the original design."
adults,I,../data/adults/stimuli_I/521__8233_11.jpg,"{8}

The transformation from a simple shape to a detailed scene shows a high level of creativity. The artist has turned the basic lines into a complex, imaginative image, incorporating additional elements and details that create an intriguing narrative, such as two figures sitting and interacting. The leap from simplicity to complexity demonstrates innovative thinking."
adults,R,../data/adults/stimuli_R/521__8239_56.jpg,"{8}

The conversion from a simple geometric shape into a spider demonstrates a creative approach by using the original lines to form parts of the spider's body. The transformation creatively utilizes the existing lines to add significant detail, making it a recognizable representation of a spider."
adults,G,../data/adults/stimuli_G/522__8244_9.jpg,"{8}

The transformation from a simple geometric shape to a detailed depiction of an ice cream cone is quite creative. The original elements, like the semicircle, are cleverly repurposed into the ice cream scoops and cone, showing a good use of imagination and artistic interpretation."
adults,I,../data/adults/stimuli_I/522__8245_11.jpg,"{6}

The transformation from a basic outline to a more detailed shape with added curved lines shows a moderate level of creativity. It adds personality to the original form, but the change is relatively simple and could be expanded further to increase creativity."
adults,R,../data/adults/stimuli_R/522__8251_56.jpg,"{8}

The transformation of the simple geometric shapes into a recognizable basketball hoop and ball shows creative thinking. The lines are used effectively to suggest the idea of a basketball game. Simplifying the imagery to convey a specific concept with minimal elements demonstrates cleverness and imagination."
adults,G,../data/adults/stimuli_G/524__8256_9.jpg,"{8}

The transformation of the simple geometric shapes in the left image into a detailed face on the right is quite creative. The artist imaginatively turned minimal elements into a recognizable cartoon-style character, adding expressive features like hair, eyes, and a mouth while maintaining some of the original lines. This shows a high level of inventive thinking."
adults,I,../data/adults/stimuli_I/524__8257_11.jpg,"{8}

The conversion from the simple, unfinished arch shape on the left to a structured scene resembling a building or monument on the right is quite creative. The use of sketchy lines to suggest depth and structure adds an imaginative touch to the original outline, transforming it into a more dynamic and visually engaging design."
adults,R,../data/adults/stimuli_R/524__8263_56.jpg,"{8}

The transformation from the abstract shape on the left into stick figures on the right shows a creative use of simple lines to depict human forms. The connection and placement of the lines to form figures demonstrate imaginative thinking, turning a basic shape into a more recognizable scene."
adults,G,../data/adults/stimuli_G/529__8268_9.jpg,"{7} The conversion from a simple structure into a brain is quite imaginative. The original shapes are abstract, and transforming them into something complex like a brain shows creative reinterpretation. However, the idea isn't extremely intricate or unique, which is why it doesn’t receive a perfect score."
adults,I,../data/adults/stimuli_I/529__8269_11.jpg,"{8} The transformation from a simple geometric shape to a tombstone is quite creative. The basic structure of the left image is effectively used as the basis for the right image by adding minimal but meaningful details like ""RIP"" and grass. The process shows a clever use of shapes to represent a familiar object with added context."
adults,R,../data/adults/stimuli_R/529__8275_56.jpg,"{8} The transformation of abstract shapes into a facial expression is inventive. The use of simple lines to develop a recognizable emotion adds a creative twist, effectively making expressive use of minimalism."
adults,G,../data/adults/stimuli_G/530__8280_9.jpg,"{8}

The transformation from the simple shapes on the left into a human figure on the right is quite creative. The artist has effectively used each line and arc to form parts of the person, such as the body, arms, and head. The use of minimal elements to create a recognizable figure showcases imaginative thinking."
adults,I,../data/adults/stimuli_I/530__8281_11.jpg,"{6}

The original shape on the left was transformed into a simple house in the right image. The addition of a roof, chimney, and door was creative, but the design remains fairly basic. The transformation shows a clear idea, but it's not particularly complex or unexpected."
adults,R,../data/adults/stimuli_R/530__8287_56.jpg,"{7}

The transformation from a simple geometric shape into a more complex and recognizable figure shows creativity in reimagining basic lines. It demonstrates an interesting use of lines to depict a person in a thoughtful pose, reflecting an imaginative approach to turning abstract elements into something more defined."
adults,G,../data/adults/stimuli_G/532__8304_9.jpg,"{8}

The transformation from a simple set of lines to a detailed mushroom involves a creative leap. The addition of the mushroom cap details and the stalk demonstrates an imaginative use of the original shapes to create a recognizable object. This shows a thoughtful reimagining of basic forms."
adults,I,../data/adults/stimuli_I/532__8305_11.jpg,"{9}

The transformation of the simple arch shape on the left into a detailed drawing of a snowman on the right is highly creative. The original image was basic, and the addition of elements like the head, arms, and facial features shows imaginative thinking. The use of the arch shape as a base for a snowman adds an inventive twist."
adults,R,../data/adults/stimuli_R/532__8311_56.jpg,"{7} The transformation involves a clever reinterpretation of simple lines into a more complex stick figure, adding a sense of character and movement. The use of existing lines to create limbs and a body shows creativity, but the overall design is fairly simplistic."
adults,G,../data/adults/stimuli_G/533__8316_9.jpg,"{8}

The transformation from a simple outline of a shape to a more detailed drawing demonstrates creativity. The additional lines give the image depth and character, transforming it into a more recognizable object. The creative use of the original lines to form the foundation of a new concept shows effective use of imagination."
adults,I,../data/adults/stimuli_I/533__8317_11.jpg,"{8}

The transformation from a simple arch-like shape to a detailed muffin shows a high level of creativity. The artist used the original elements cleverly to create a new, recognizable object with added details, such as the muffin top and lines representing the wrapper. This inventive reinterpretation deserves a high rating."
adults,R,../data/adults/stimuli_R/533__8322_56.jpg,"{7}

The transformation from abstract lines to a more detailed illustration with elements like dots and a textured appearance shows imaginative use of basic shapes. The added features create a new, recognizable form, demonstrating a notable level of creativity."
adults,G,../data/adults/stimuli_G/534__8327_9.jpg,"{8} 

The transformation from the simple geometric lines on the left to the playful mushroom scene on the right shows a creative use of minimal initial shapes to design a fun and imaginative illustration. The addition of patterns on the mushroom caps and the smaller mushrooms enhances the design. The original lines were cleverly utilized as structural elements of the mushrooms, showcasing creativity in repurposing basic shapes."
adults,I,../data/adults/stimuli_I/534__8328_11.jpg,"{8}

The transformation from a simple arch shape to an octopus demonstrates a good level of creativity. The artist cleverly uses the initial structure as a base, adding details like tentacles and facial features to create a recognizable marine creature. The addition is imaginative and playful, effectively reinterpreting the original form."
adults,R,../data/adults/stimuli_R/534__8334_56.jpg,"{7}

The transformation of the simple lines on the left into a nose and crown on a head on the right demonstrates a creative interpretation. The use of minimal lines to suggest recognizable shapes is inventive, although the connection could be clearer. Giving recognizable features adds an imaginative element."
adults,G,../data/adults/stimuli_G/538__8349_9.jpg,{8} The transformation from simple geometric shapes to a stylized human figure demonstrates a creative reinterpretation. The use of curves and lines to suggest a figure adds complexity and imagination to the original design.
adults,I,../data/adults/stimuli_I/538__8350_11.jpg,{4}. The transformation from the left image to the right involves minimal creative alteration. The most notable change is the addition of a circle around the original shape and closing a gap in the lower part of the shape. This modification adds some new design elements but lacks significant innovation or complexity.
adults,R,../data/adults/stimuli_R/538__8356_56.jpg,"{7}

The simple geometric shape on the left was imaginatively transformed into a humanoid figure on the right. While the drawing is basic, interpreting abstract lines into a recognizable form shows creative thinking. The addition of limbs and a face demonstrates an inventive approach to using minimal elements to create a character."
adults,G,../data/adults/stimuli_G/541__8371_9.jpg,"{8}

The transformation from a simple shape into a creatively detailed mushroom design is clever. The addition of the number ""1"" and the details like spots and stems add charm and character to the simple original outline, showcasing inventive thinking."
adults,I,../data/adults/stimuli_I/541__8372_11.jpg,"{7} The conversion from a simple shape to a house-like structure shows a clever use of minimal lines to depict architectural features like windows, a door, and a path. The transformation is imaginative, using the original shape as a base for creating something entirely new."
adults,R,../data/adults/stimuli_R/541__8378_56.jpg,"{8}

Explanation: The transformation of simple lines into a whimsical human-like figure displays a high level of creativity. The addition of elements like arms, legs, and facial features from minimal initial lines shows imaginative thinking and artistic flair."
adults,G,../data/adults/stimuli_G/542__8383_9.jpg,"{8}

The transformation from a simple arc and lines into a detailed illustration of a mushroom with a face and drawers showcases significant creativity. The original abstract form is cleverly reimagined into a whimsical figure with character, adding personality and narrative to an otherwise plain shape."
adults,I,../data/adults/stimuli_I/542__8384_11.jpg,"{8}

The transformation of a simple, incomplete arch shape into a detailed snow globe demonstrates a high level of creativity. The addition of elements like the snow and skyline inside the globe gives life and context to the original form, showcasing imaginative thinking."
adults,R,../data/adults/stimuli_R/542__8390_56.jpg,"I'd rate the creativity at {8}.

Explanation: The transformation of simple angles and lines into a recognizable face is quite inventive. The use of minimal shapes to depict facial features, like eyes, ears, and hair, demonstrates a clever use of the original geometric form. The creative leap from an abstract shape to a more complex, anthropomorphic figure shows a good level of imagination."
adults,G,../data/adults/stimuli_G/543__8395_9.jpg,"{8}

The transformation is quite creative. The initial simple lines are cleverly expanded into a detailed drawing of a parasol or umbrella with additional elements like the handle and decorative edging. The conversion shows imaginative thinking and effective use of basic shapes to form a more complex design."
adults,I,../data/adults/stimuli_I/543__8396_11.jpg,"{6}

The transformation from the left image to the right adds a sense of depth and structure, turning the simple arch shape into the outline of a door or a tunnel. The additional lines give it a sketch-like appearance, adding some creative flair without drastically altering the original concept."
adults,R,../data/adults/stimuli_R/543__8402_56.jpg,"{7}

The transformation from the left to the right image involves using simple lines to create a face with facial features like eyes and a mouth. The conversion is imaginative, turning basic geometric shapes into a recognizable object. However, the execution is quite simple, which is why it doesn't achieve a higher score."
adults,G,../data/adults/stimuli_G/547__8431_9.jpg,"I would rate the creativity as {7}.

Explanation: The transformation from a simple geometric shape on the left to the more detailed illustration of a mushroom on the right shows a good level of creativity. The artist has used the original lines and added minimal yet effective details—like the split lines and spots—to suggest a mushroom. It's a clever and imaginative reinterpretation, though relatively simple in execution."
adults,I,../data/adults/stimuli_I/547__8432_11.jpg,"{7} The transformation of the simple lines into a quirky face is imaginative. The use of additional lines to create features and expressions shows originality. It’s a playful and unexpected interpretation, adding a humorous twist."
adults,R,../data/adults/stimuli_R/547__8438_56.jpg,"{8}

The transformation of the simple lines in the left image into a drawing resembling a person with a tie in the right image shows a creative use of minimal elements to convey a clear concept. The additional lines and shapes effectively add meaning and context, transforming abstract lines into a recognizable form. The creativity lies in the imaginative interpretation and enhancement of basic shapes."
adults,G,../data/adults/stimuli_G/549__8443_9.jpg,"{8}

The transformation of the simple shapes on the left into a more detailed image resembling a face with added elements is quite creative. The addition of eyes, a nose, and a mouth using minimal lines and curves demonstrates clever use of simplicity to convey a new concept."
adults,I,../data/adults/stimuli_I/549__8444_11.jpg,"{7}

The transformation is imaginative, turning a basic arch shape into the drawing of a gumball machine. The addition of vertical lines and a circle on top cleverly suggests a new object, showing creative thinking. However, it could be more detailed or refined to increase the overall impact."
adults,R,../data/adults/stimuli_R/549__8448_56.jpg,{7} The transformation from a simple geometric shape into an abstract design with added curves and points shows a creative reinterpretation. The addition of organic shapes adds visual interest and complexity to the original structure.
adults,G,../data/adults/stimuli_G/551__8453_9.jpg,"{8}

The transformation from a simple set of lines to a stylized figure is quite creative. The lines on the left are minimal and abstract, but on the right, they have been cleverly expanded into a more complex and recognizable form, suggesting a playful imagination and use of minimal elements to create something entirely new."
adults,I,../data/adults/stimuli_I/551__8454_11.jpg,"{7}

The transformation from a simple arch outline to a detailed building structure shows a creative use of altering lines and adding new features. The artist managed to create a more complex and imaginative image while still using the original lines as part of the new drawing."
adults,R,../data/adults/stimuli_R/551__8460_56.jpg,"I’d rate the creativity at {8}. The transformation of a basic geometric shape into a whimsical and imaginative character shows a good level of creativity. The artist has cleverly used the original lines as part of the new figure, turning simple lines into a fun design."
adults,G,../data/adults/stimuli_G/554__8477_9.jpg,"{7} 

The transformation of the simple lines on the left into a mushroom on the right shows a creative use of minimal elements. The innovation in seeing a potential mushroom in such an abstract form demonstrates a clever artistic vision. The execution is simple yet effective in conveying the idea."
adults,I,../data/adults/stimuli_I/554__8478_11.jpg,"{6}

The transformation from the simple arch shape to a gift box design with a bow is a creative way to repurpose the outline. The addition of the horizontal and vertical lines to form a cross, and the detailing of a rounded top to suggest ribbon and wrapping, adds originality to the basic structure. However, the creativity could be further enhanced with more intricate details or a more polished appearance."
adults,R,../data/adults/stimuli_R/554__8483_56.jpg,"{7}

The transformation of the simple lines on the left into a hot air balloon on the right showcases a creative reinterpretation of basic shapes. The use of minimal lines to represent a more complex object demonstrates an imaginative approach, though it's somewhat abstract and simplistic."
adults,G,../data/adults/stimuli_G/556__8488_9.jpg,"{8} The transformation from a simple set of lines into a basketball hoop with a ball incorporates imaginative thinking. The addition of lines to suggest a basketball and a net creatively utilizes the existing elements, turning the abstract design into a recognizable scene."
adults,I,../data/adults/stimuli_I/556__8489_11.jpg,"{7}

The transformation of the simple lines in the left image into a more recognizable shape of a lock on the right demonstrates a creative reinterpretation. The added lines turn an abstract form into something identifiable, which shows a good level of creativity. However, the conversion remains somewhat straightforward."
adults,R,../data/adults/stimuli_R/556__8495_56.jpg,"{7}

The transformation shows creativity in how the incomplete angular shapes on the left are modified into more recognizable forms on the right. There’s a clear intent to organize them into more cohesive designs, such as forming a rectangle and a trapezoid. It's a creative way to make the abstract more structured."
adults,G,../data/adults/stimuli_G/558__8500_9.jpg,"{7} The transformation from the simple lines on the left to a stylized sketch on the right shows imaginative use. The addition of details gives the shape a new identity, adding complexity and depth. However, further refinement could enhance the overall creativity and execution."
adults,I,../data/adults/stimuli_I/558__8501_11.jpg,"{8}

The transformation from a simple geometric shape on the left to an abstract and freeform design on the right shows a significant level of creativity. The addition of fluid and dynamic lines to create a more complex and expressive composition demonstrates imaginative thinking. The creative leap from minimalism to abstract expressionism is effectively realized."
adults,R,../data/adults/stimuli_R/558__8507_56.jpg,"{8}

The transformation from simple lines to a more complex creature shape is quite imaginative. It creatively uses the basic structure of the original image and adds features like eyes, fins, and legs, turning it into a dynamic and playful character. The simplicity and abstractness contribute to the overall creative reinterpretation."
adults,G,../data/adults/stimuli_G/562__8519_9.jpg,"{7}

The transformation from the left image to the right shows creativity by taking a simple abstract form and turning it into a recognizable face. The addition of eyes, a nose, and a curved line for a mouth effectively conveys a facial expression, bringing personality to the original form. The simplicity of the additions highlights inventive use of minimal lines."
adults,I,../data/adults/stimuli_I/562__8520_11.jpg,"{4} The transformation from the left image to the right image is minimal, primarily involving basic shapes and structures. While there is a change in design, the creativity is limited as the elements remain quite simple and undeveloped."
adults,R,../data/adults/stimuli_R/562__8524_56.jpg,"{6}

The transformation from the left to the right image shows a basic level of creativity. The original geometric shape was expanded into a more complex form. The addition of curves and the interconnected lines suggest a creative approach, but the transformation remains relatively simple and could be more imaginative."
adults,G,../data/adults/stimuli_G/563__8529_9.jpg,"{8}

The transformation is creative as it takes a simple, abstract shape on the left and converts it into a recognizable scene of two figures under an umbrella on the right. The use of the existing lines to form the umbrella and the introduction of details like the rain and figures add narrative and context, showcasing imaginative thinking."
adults,I,../data/adults/stimuli_I/563__8530_11.jpg,"{7}

The left image, a simple arch shape, has been creatively converted into a stylized drawing of a shop with the word ""Shop"" written on it. The addition of a roof and the playful use of lines show a clever transformation. Though it's a simple change, it effectively alters the original concept, demonstrating good creativity."
adults,R,../data/adults/stimuli_R/563__8536_56.jpg,"{7}

The transformation of simple geometric shapes into a stylized ice cream cone is clever and imaginative. It creatively uses minimal lines and adds detail to convey a recognizable object, demonstrating a good level of creativity."
adults,G,../data/adults/stimuli_G/564__8541_9.jpg,"{9}

The transformation from a simple shape to a detailed UFO drawing is highly creative. The use of the arc and lines from the original image as foundational elements for the UFO demonstrates imaginative thinking. The addition of details like antennas, lights, and beams enhances the final result significantly."
adults,I,../data/adults/stimuli_I/564__8542_11.jpg,"{5}

The creativity lies in transforming a basic outline into a recognizable tombstone by adding shading and the ""RIP"" inscription. While this conversion is straightforward and expected, the shading adds a bit of depth to the design. Hence, it’s moderately creative."
adults,R,../data/adults/stimuli_R/564__8548_56.jpg,"{8}

The transformation from a simple geometric shape to a character is quite creative. The artist has added distinct features like arms, legs, and a face to bring the shape to life, along with a humorous touch through the text. This demonstrates a playful imagination and clever repurposing of basic elements."
adults,G,../data/adults/stimuli_G/567__8577_9.jpg,"{7}

The transformation from a simple structure on the left, possibly representing an umbrella, to a more complex figure resembling a wine glass on the right shows a good level of creativity. The artist added details and shapes to suggest an entirely new object, showing an imaginative approach. However, the transformation could use more refinement in execution to enhance the overall concept."
adults,I,../data/adults/stimuli_I/567__8578_11.jpg,"{6}

The transformation from the left image to the right one involves turning simple lines into a sketch of a building with a distinct shape. The addition of a door, shading, and details on top shows a creative effort. However, the design is relatively simple and resembles basic forms, which limits its unique creativity."
adults,R,../data/adults/stimuli_R/567__8582_56.jpg,"{8}

The transformation from a simple geometric shape to a playful figure shows creativity. The artist used minimal lines to create a character with personality, making imaginative use of space and shapes."
adults,G,../data/adults/stimuli_G/568__8587_9.jpg,"{7} The transformation from a simple geometric outline to a mushroom character shows creativity. The addition of facial features and patterns on the cap gives it personality and character. The use of minimal lines to suggest a whimsical form is quite clever, though it's not overly complex."
adults,I,../data/adults/stimuli_I/568__8588_11.jpg,"{7} 

The transformation of a simple arch shape into a face with minimal additions like eyes, hair, and a mouth showcases a clever use of the original lines to suggest a new form. The creative addition of a ""P"" as a mouth adds a unique twist to the design."
adults,R,../data/adults/stimuli_R/568__8593_56.jpg,"{7}

The transformation from a simple geometric shape on the left to a more complex drawing resembling an ice cream cone on the right shows creative thinking. Elements like adding what looks like ice cream and details such as texture or sprinkles enhance the original design significantly, showing a good use of imagination."
adults,G,../data/adults/stimuli_G/570__8598_9.jpg,"{8}

The conversion from the left image, which is an abstract, umbrella-like shape, to the right image, resembling a stylized tree or mushroom, shows a creative reinterpretation. The addition of wavy lines and some detailing transforms the initial basic form into something more detailed and imaginative. This kind of transformation demonstrates a strong use of creative thinking to see beyond the original simple shapes."
adults,I,../data/adults/stimuli_I/570__8599_11.jpg,"{7}

The transformation of the initial simple outline into a more detailed structure resembles a building with a dome and a door. This shows a creative expansion from basic shapes into a recognizable form. It cleverly uses the original elements as part of the new design, which demonstrates a good level of imagination and artistic development."
adults,R,../data/adults/stimuli_R/570__8605_56.jpg,"{8}

The transformation from a simple geometric shape into a butterfly is imaginative. Using minimal lines to suggest wings and antennae adds a clever artistic touch while retaining the original angular structure for the body. The design effectively reimagines the initial shape with creativity and simplicity."
adults,G,../data/adults/stimuli_G/575__8622_9.jpg,"{7}

This transformation shows creativity by turning simple lines into a more complete scene. The original abstract shape is creatively interpreted as a house with the addition of a roof and a door. The inclusion of a sun adds more context and imagination. It's a clever reinterpretation of basic shapes into a recognizable scene."
adults,I,../data/adults/stimuli_I/575__8623_11.jpg,"{6}

The transformation from the left to the right image shows some creative effort. The original curved shape and lines are incorporated into a new, framed structure. The added lines create the look of an outlined picture or a new architectural element. However, the changes are relatively simple and don't drastically alter the original shape, limiting the overall creativity."
adults,R,../data/adults/stimuli_R/575__8629_56.jpg,"{7}

Explanation: The transformation from a simple geometric shape to a stick figure demonstrates a creative use of minimal lines. The initial shape is cleverly expanded into a recognizable human form, showing innovation and imagination. However, the simplicity might limit higher artistic complexity."
adults,G,../data/adults/stimuli_G/577__8634_9.jpg,"{8}

The transformation from a simple arch-like shape into a parachute is quite creative. The addition of lines to give the impression of a parachute's structure demonstrates a clever use of minimal adjustments to convey a new idea. This interpretation shows imaginative thinking and an ability to see beyond the original form."
adults,I,../data/adults/stimuli_I/577__8635_11.jpg,"{7} 

The transformation from a basic arch shape to a stylized grandfather clock is quite creative. The addition of the clock face and vertical lines gives the original shape a new and recognizable form. The creativity lies in effectively converting a simple shape into an object with distinct features."
adults,R,../data/adults/stimuli_R/577__8641_56.jpg,"{7} 

The transformation demonstrates a clever reconfiguration of simple lines to create a new form. The addition of horizontal lines and slight adjustments give the shapes a distinct new structure. It's a creative approach to reimagining the original image while maintaining simplicity."
adults,G,../data/adults/stimuli_G/583__8658_9.jpg,"{8} - The transformation shows an imaginative use of minimal initial shapes to create a character. The original half-circle becomes a dress or cape, and facial features are added, showcasing creativity in turning simple lines into a playful figure."
adults,I,../data/adults/stimuli_I/583__8659_11.jpg,"{7}

The transformation from a simple outline into a rudimentary drawing of a robot-like figure shows imaginative thinking. The creator has expanded upon the initial basic shape to create a more complex scene with a character, demonstrating a good level of creativity. There's room for refinement in detail and execution, but the concept is inventive."
adults,R,../data/adults/stimuli_R/583__8665_56.jpg,"{8}

The transformation from the simple geometric shapes on the left into a stylized vehicle on the right demonstrates a creative reinterpretation. The original shapes are utilized effectively to form features like headlights and the body of a vehicle, showcasing imaginative thinking and design skills."
adults,G,../data/adults/stimuli_G/584__8670_9.jpg,"{8}

The transformation from a simple arch and lines to a cartoon-like animal face is quite imaginative. The addition of features like eyes, ears, and a tail shows creative thinking in turning abstract shapes into a recognizable character."
adults,I,../data/adults/stimuli_I/584__8671_11.jpg,"{7} 

The transformation from a simple outline to a trash can is a clever use of the original shape to create a recognizable object. The addition of ""TRASH"" adds a humorous touch, turning an abstract shape into something with a clear, unexpected meaning."
adults,R,../data/adults/stimuli_R/584__8677_56.jpg,"{8}

The transformation from the minimal lines and angles on the left to a simple stick figure person on the right shows a creative and playful use of basic shapes to suggest a human form. Using minimal elements to create a recognizable figure demonstrates good imagination and abstraction skills."
adults,G,../data/adults/stimuli_G/587__8693_9.jpg,"{8}

The transformation from a simplistic outline into a more detailed mushroom drawing shows a good level of creativity. The addition of speckles and lines adds personality and transforms the abstract shape into a recognizable object."
adults,I,../data/adults/stimuli_I/587__8694_11.jpg,"{6}

The transformation shows some creativity by adding simple lines to create a familiar concept (a face) from a minimalistic shape. The use of minimal elements to suggest a theme is creative, though it remains quite simple and abstract."
adults,R,../data/adults/stimuli_R/587__8699_56.jpg,"{7}

The transformation from simple linear shapes on the left to a humorous humanoid figure on the right shows a good level of creativity. The artist used the original lines as part of a figure, adding facial features, legs, and feet to bring the form to life in an imaginative way."
adults,G,../data/adults/stimuli_G/588__8704_9.jpg,"{7} 

The transformation from simple lines to a mushroom drawing is creative. It demonstrates a good understanding of how to use minimal initial shapes to form a more complex and recognizable object. The addition of details like the spots enhances the drawing's creativity."
adults,I,../data/adults/stimuli_I/588__8705_11.jpg,"{7}

The transformation from a simple arch shape on the left to a more detailed and abstract design on the right shows creativity. The artist has added various elements like lines and shapes to give a more complex look. While the added components suggest imaginative thought, the overall composition remains somewhat straightforward."
adults,R,../data/adults/stimuli_R/588__8711_56.jpg,"{7}

The transformation from the left to the right image is creative because it takes a simple, open-ended shape and converts it into a more defined, shield-like form. The addition of lines implies depth and shading, giving the shape a three-dimensional appearance, which shows a creative approach to enhancing a basic design."
adults,G,../data/adults/stimuli_G/590__8728_9.jpg,"{8}

The transformation from simple lines into a mushroom is quite creative. The basic shapes on the left were imaginatively developed into a recognizable form with added details like the mushroom's texture and stem shape. This showcases an interesting use of minimalistic lines to suggest a complete image."
adults,I,../data/adults/stimuli_I/590__8729_11.jpg,"{8} The transformation shows creativity by turning a simple, abstract shape into a recognizable element, incorporating imaginative features like an eye with eyelashes. The added details give the form character and personality, demonstrating inventive thinking."
adults,R,../data/adults/stimuli_R/590__8735_56.jpg,"{7} 

The transformation shows a creative reinterpretation of simple lines into a more complex figure. The original abstract shape is turned into a simple drawing resembling a figure with facial features and arms. It's a clever use of minimal initial elements to convey more character and expression."
adults,G,../data/adults/stimuli_G/591__8740_9.jpg,"{7}

The right image creatively transforms the simple arc and lines from the left image into a face with features, adding eyes and a fuller shape. The transformation shows imagination by reinterpreting basic shapes to create a recognizable character."
adults,I,../data/adults/stimuli_I/591__8741_11.jpg,"{5} 

The transformation adds lines to create a more complex shape, suggesting some inventive thinking. However, the changes are minimal and maintain the original form's simplicity, resulting in moderate creativity."
adults,R,../data/adults/stimuli_R/591__8747_56.jpg,"{6}

The transformation from the left to the right image shows creativity by adding curves and additional lines, turning a simple geometric shape into a more complex and expressive form. It suggests an imaginative approach, but the overall change is still minimal, hence a mid-range score."
adults,G,../data/adults/stimuli_G/592__8752_9.jpg,"{8}

The transformation of a simple minimalistic design on the left into a more complex and expressive face illustration on the right shows significant creativity. The addition of details to create a facial likeness from a basic geometric shape is imaginative and clever."
adults,I,../data/adults/stimuli_I/592__8753_11.jpg,"{7}

The transformation from a simple partial arch-like structure to a drawing of a face is quite creative. It demonstrates an imaginative use of basic shapes and lines to construct something entirely different. However, the execution appears somewhat loose and abstract, which might not appeal to everyone. The creativity is commendable for its conceptual shift."
adults,R,../data/adults/stimuli_R/592__8759_56.jpg,"{7}

The transformation from a simple geometric shape to a stylized face shows a good level of creativity. The addition of features like hair, eyes, nose, and mouth is imaginative and gives life to the basic shape. The choice to use the original lines as part of the face structure is clever, though the execution is relatively straightforward."
adults,G,../data/adults/stimuli_G/594__8774_9.jpg,"{8}

The conversion of simple lines into a charming scene with two stick figures under an umbrella in the rain shows a high level of creativity. The artist imaginatively transformed basic shapes into a narrative with minimal detail yet clear expression."
adults,I,../data/adults/stimuli_I/594__8775_11.jpg,"{7}

The transformation from the simple arc and lines to a stylized building is quite creative. The addition of details like the domed roof and windows adds character and imagination. The use of basic shapes to form a recognizable structure demonstrates clever thinking."
adults,R,../data/adults/stimuli_R/594__8781_56.jpg,"{7}

The transformation from simple lines to a detailed drawing of a drink in a glass and a cheese platter is quite creative. The original shapes serve as a clever framework, and the added details effectively transform them into recognizable objects. The leap from abstract to specific shows a good level of imagination."
adults,G,../data/adults/stimuli_G/598__8786_9.jpg,"{7}

The transformation from a simple structure to a face is quite imaginative. The addition of facial features like eyes and nose using minimal adjustments shows creative thinking. It's a clever reinterpretation of basic shapes into an expressive form."
adults,I,../data/adults/stimuli_I/598__8787_11.jpg,"{8}

The transformation from the left image to the right image is highly creative. The initial simple arch-like shape has been cleverly turned into a minimalist sketch of a hanging light over a table with legs. The use of a few lines to suggest more complex objects shows imagination and skill."
adults,R,../data/adults/stimuli_R/598__8793_56.jpg,"{7}

The transformation shows creative thinking by turning simple geometric shapes into a human figure. The addition of facial features and limbs adds personality and transforms an abstract design into something recognizable."
adults,G,../data/adults/stimuli_G/601__8798_9.jpg,"{7}

The transformation from a simple outline to a stylized mushroom drawing is creative. The addition of spots and a textured outline adds character to the shape. The simplicity of the initial design was retained while giving it a recognizable and playful modification."
adults,I,../data/adults/stimuli_I/601__8799_11.jpg,"{7}

The transformation creatively turns a simple geometric outline into a recognizable object—a popsicle. The addition of lines for texture and the stick enhance the basic shape with minimal elements, displaying clever visual reinterpretation."
adults,R,../data/adults/stimuli_R/601__8805_56.jpg,"{8}

The transformation from a simple geometric shape to a drawing of an upside-down person shows a creative reinterpretation of the initial form. Using the basic lines as a foundation, the addition of facial features and limbs demonstrates a playful and imaginative approach."
adults,G,../data/adults/stimuli_G/607__8830_9.jpg,"I'd rate the creativity at {8}. 

The transformation from simple lines into a whimsical scene with a mushroom house and a rainbow is imaginative. It cleverly uses the initial shapes as the foundation for the new drawing. The addition of the clouds and rainbow creates a playful and artistic representation, showing a good level of creativity."
adults,I,../data/adults/stimuli_I/607__8831_11.jpg,"{8}

The transformation from a simple arch shape to a castle is quite creative. The addition of elements like battlements, a dome with vertical lines, a door, and a flag effectively turns a basic shape into a recognizable structure. The imaginative use of minimal initial lines to create a detailed and familiar scene shows a good level of creativity."
adults,R,../data/adults/stimuli_R/607__8837_56.jpg,"{8}

The transformation from a few simple lines to a detailed drawing of a computer setup is quite clever. The artist effectively used the basic shapes as a foundation to create something recognizable and complex, showcasing a good level of creativity."
adults,G,../data/adults/stimuli_G/614__8854_9.jpg,"{7}

The transformation from simple lines to a mushroom drawing shows a clever and imaginative use of the initial shapes. By adding details like curves, spots, and lines, the basic structure becomes a recognizable and whimsical mushroom. It’s a creative interpretation that effectively uses minimal starting elements."
adults,I,../data/adults/stimuli_I/614__8855_11.jpg,"{7}

The transformation from the simple outline on the left to the detailed image on the right shows creativity through the addition of various elements like the dome, layers, and a spoon. This conversion suggests a playful reimagining of a basic shape into something more complex and interesting, like a dessert or layered dish."
adults,R,../data/adults/stimuli_R/614__8861_56.jpg,"{6}

The transformation from simple geometric lines to a stylized figure resembling a television and cat is a creative leap, with an inventive use of basic shapes. While it shows originality, the representation remains fairly abstract and may not fully capture a detailed or intricate concept."
adults,G,../data/adults/stimuli_G/618__8898_9.jpg,"{7}

The transformation creatively uses the simple lines in the left image to depict a narrative scene on the right. The semi-circle becomes an umbrella, and additional elements like stick figures and rain convey a clear story. It shows an imaginative use of minimal elements to create a lively image."
adults,I,../data/adults/stimuli_I/618__8899_11.jpg,"{8}

The transformation from a simple arch shape into a whimsical character with expressive features shows creativity. The addition of eyes, a mouth, arms, and legs adds personality and humor, which requires imaginative thinking. The left image serves as a basic structure that was creatively transformed into something unexpected and lively."
adults,R,../data/adults/stimuli_R/618__8904_56.jpg,"{7}

The transformation from a simple ""v"" or ""arrow"" outline to a playful stick figure adds a lot of character and whimsy. The addition of limbs and a circular head shows creativity in visualizing and enhancing basic shapes into a more complex and recognizable figure. It demonstrates imaginative thinking by seeing something new in simple elements."
adults,G,../data/adults/stimuli_G/625__8917_9.jpg,"{7}

The transformation from a few simple lines to a mushroom shape is quite creative. The initial minimal lines were imaginatively converted into a recognizable object by adding curves and details. This shows a clever use of shapes and space."
adults,I,../data/adults/stimuli_I/625__8918_11.jpg,{7} The transformation from a simple arch shape into a turtle showcases creative thinking. The addition of limbs and a head maintains the overall structure while introducing a new interpretation. It's a clever use of minimal lines to convey a completely different concept.
adults,R,../data/adults/stimuli_R/625__8924_56.jpg,"{7} The transformation adds complexity and imagination to the simple geometric lines, creating a dynamic and abstract design. The addition of new lines gives the image a sense of fluidity and artistic expression."
adults,G,../data/adults/stimuli_G/632__8941_9.jpg,"{7}

The transformation from the simple, abstract lines on the left into a recognizable mushroom drawing on the right shows a good level of creativity. It effectively uses the initial shapes to form the mushroom's cap and stem. The addition of spots and grass enhances the concept, demonstrating creative thinking."
adults,I,../data/adults/stimuli_I/632__8942_11.jpg,"{7}

The transformation from a simple outline shape into a house demonstrates creative interpretation. The addition of windows, a door, and a chimney transforms basic lines into a recognizable structure, showing an imaginative use of the original form."
adults,R,../data/adults/stimuli_R/632__8948_56.jpg,"{7}

The conversion of the abstract lines on the left into a stylized human figure on the right is imaginative. The creativity lies in visualizing a human form from simple geometric shapes, although the execution could be refined for a more polished result."
adults,G,../data/adults/stimuli_G/634__8953_9.jpg,"{8}

The transformation from a simple arc and lines into a humanoid figure is quite imaginative. The creator added complex elements like limbs and facial features, which indicates a high level of creativity. The new form gives personality and narrative to an otherwise simple structure."
adults,I,../data/adults/stimuli_I/634__8954_11.jpg,"{7}

The creativity in this transformation is quite interesting. The left image, which is a simple incomplete arch, has been creatively turned into a sketch resembling a lock. The added details like the inner line and wavy lines at the bottom provide personality and context, showcasing imagination and a playful touch."
adults,R,../data/adults/stimuli_R/634__8960_56.jpg,"{8}

The transformation from a simple geometric design to a stylized face shows significant creativity. The artist cleverly used the minimal lines to form the outline of a head and built upon it with additional features like hair and facial details. This demonstrates imaginative thinking and resourceful use of basic shapes."
adults,G,../data/adults/stimuli_G/635__8965_9.jpg,"{7} 

The transformation from the simple shape on the left to the more detailed image on the right shows creative thinking. The right image adds elements that suggest more depth and character, using the original shape as a foundation. The use of additional lines to create a new concept demonstrates originality and inventiveness."
adults,I,../data/adults/stimuli_I/635__8966_11.jpg,"{7} 

The transformation from a geometric, structured shape to a more organic, freeform outline is quite creative. It shows an interesting interpretation and departure from the original form, adding personality and fluidity to an otherwise rigid design. The contrast between the two styles highlights imaginative thinking."
adults,R,../data/adults/stimuli_R/635__8972_56.jpg,"{8}

The transformation from the geometric shapes on the left to a dynamic stick-figure on the right shows creativity by reinterpreting simple lines into a representation of a person dancing or moving. The addition of curves and intersecting lines adds a sense of motion and life to an otherwise static design."
adults,G,../data/adults/stimuli_G/680__396_9.jpg,"{7}

The transformation from a simple, abstract shape into a rudimentary figure is clever. The original form is reinterpreted by adding minimal lines to suggest a person, showcasing creative thinking with basic elements."
adults,I,../data/adults/stimuli_I/680__397_11.jpg,"{8}

The transformation of the basic arch shape into a bottle with fizzing bubbles is quite creative. It takes a simple form and converts it into something dynamic and visually interesting. The addition of the bubbles adds a playful and imaginative touch."
adults,R,../data/adults/stimuli_R/680__402_56.jpg,"{8}

The transformation from a simple geometric shape into a stylized figure is imaginative. It creatively uses the original lines to form a recognizable human-like figure, adding personality with the expression and pose. The simplicity and humor add to its charm."
adults,G,../data/adults/stimuli_G/681__406_9.jpg,"{8} The transformation from a simple, abstract shape on the left into a figure holding an umbrella on the right is quite creative. The reinterpretation adds life and context to an otherwise basic form, demonstrating imagination and a clever use of minimal lines to convey a new concept."
adults,I,../data/adults/stimuli_I/681__407_11.jpg,"{7}

The transformation from the simple semicircle shape to a more complex and recognizable form using minimal additional lines demonstrates creativity. It effectively repurposes the original shape into something entirely different, which shows imaginative thinking. However, the alteration is relatively simple, so it scores just above average."
adults,R,../data/adults/stimuli_R/681__1442_56.jpg,"{7}

The transformation from the left image to the right involves adding simple, expressive lines to create a face-like figure, giving personality to otherwise abstract shapes. The creativity lies in the minimalist transformation and the imaginative leap to interpret basic lines as a face."
adults,G,../data/adults/stimuli_G/685__411_9.jpg,"{7} 

The transformation from a simple abstract shape into a recognizable mushroom is creative. The addition of details like the dots and lines effectively conveys the image of a mushroom, demonstrating imaginative use of the original structure."
adults,I,../data/adults/stimuli_I/685__412_11.jpg,"{8}

The transformation of simple geometric shapes into a character with a recognizable expression is imaginative. The addition of facial features and limbs adds a playful and whimsical element, demonstrating creativity in transforming abstract elements into a relatable image."
adults,R,../data/adults/stimuli_R/685__416_56.jpg,"{8}

The creativity is quite high because the initial simple shape was imaginatively transformed into a recognizable face. The artist effectively used minimal lines to create expressive features, showing inventiveness in seeing potential in a basic structure."
adults,G,../data/adults/stimuli_G/720__8991_9.jpg,"{8}. The transformation from a simple umbrella shape on the left to an elephant head on the right demonstrates high creativity. The original shape is cleverly repurposed, maintaining parts of the structure and adding a few lines to form recognizable features of an elephant. The imaginative use of minimal elements to create a completely different image shows a strong creative leap."
adults,I,../data/adults/stimuli_I/720__6453_11.jpg,"{8}

The transformation from a simple arch-like shape into a recognizable deodorant stick is quite creative. The artist effectively utilized the curve and lines to form the basic structure of the deodorant, adding elements like the cap and brand label to complete the image. The use of minimal adjustments to convey a new idea is clever."
adults,R,../data/adults/stimuli_R/720__6459_56.jpg,"{8} The transformation of simple geometric shapes into a whimsical drawing of a person shows a high level of creativity. The initial abstract lines were cleverly repurposed to form the body parts and overall structure of a character, demonstrating imaginative thinking."
adults,G,../data/adults/stimuli_G/733__6606_9.jpg,"I'd rate the creativity at {6}.

The transformation adds a subtle, wavy detail to the umbrella top, suggesting rain or a more stylized design. It's a simple yet effective enhancement, showing a slight creative flair."
adults,I,../data/adults/stimuli_I/733__6607_11.jpg,"{7}

Explanation: The transformation from the left image into the right image demonstrates creativity by turning a simple guard-like structure into a shaker. The use of additional elements like the holes on top and the squiggly line adds to the imaginative overhaul, making it a fun and inventive interpretation."
adults,R,../data/adults/stimuli_R/733__6613_56.jpg,"{8}

The transformation from a minimalist design to a detailed stick-figure scene shows a lot of creativity. The original simple lines are turned into a relatable depiction of a soccer match, complete with players and a goal net. The addition of expressive elements like the ball and lines adds character and dynamism to the image."
adults,G,../data/adults/stimuli_G/737__6654_9.jpg,"{8}

The transformation of a simple shape on the left into a more complex and imaginative scene on the right, depicting a house with surrounding nature, showcases a high level of creativity. The artist effectively used the basic structure to build an entirely new and detailed concept."
adults,I,../data/adults/stimuli_I/737__6655_11.jpg,"{8}

The transformation of a simple arch shape into a creatively expressive face showcases innovative thinking. The original shape is cleverly incorporated as part of the mouth, and additional elements like the eyes and lines for emotions have been added to create a character. This demonstrates a strong imaginative leap using minimal input."
adults,R,../data/adults/stimuli_R/737__6661_56.jpg,"{8}

The transformation from a simple geometric shape to a stylized plant drawing demonstrates a high level of creativity. The addition of organic lines to represent leaves and stems adds depth and imagination to the original form, turning an abstract shape into a recognizable object."
adults,G,../data/adults/stimuli_G/738__6666_9.jpg,{8} The transformation from a simple shape to a more detailed drawing of a character showcases creativity. The addition of facial features and hair using minimal initial lines indicates imaginative enhancement.
adults,I,../data/adults/stimuli_I/738__6667_11.jpg,"{7} 

The transformation adds facial features to the minimal outline, giving it a character or persona that wasn't present initially. It's a creative way to interpret the simple shapes, though the execution is somewhat basic."
adults,R,../data/adults/stimuli_R/738__6672_56.jpg,"{7} The conversion of the image from an abstract shape into a recognizable scene of a basketball hoop and ball demonstrates a creative reinterpretation. The transformation adds context and narrative, but the execution remains simple, leaving room for more intricate detail or complexity."
adults,G,../data/adults/stimuli_G/914__9371_9.jpg,"{8}

The transformation is quite creative. The left image, which consists of simple curved and straight lines, is interpreted as a rain scene with stick figures under a mushroom-like umbrella in the right image. The addition of rain, figures, and details shows a strong imaginative effort to recontextualize the basic shapes into a lively scene."
adults,I,../data/adults/stimuli_I/914__9372_11.jpg,"{8} 

The transformation from a simple arch shape into a whimsical stick figure drawing exhibits a high degree of creativity. The original arch shape is cleverly repurposed as the body of the figure, with added details like a face, limbs, and hair contributing to a humorous and imaginative reinterpretation."
adults,R,../data/adults/stimuli_R/914__9378_56.jpg,"{7}

The transformation from the simple geometric shapes on the left to a recognizable animal drawing on the right shows a creative reinterpretation of basic forms. The artist effectively adds details, such as contour lines and features, to give the shapes personality and context."
adults,G,../data/adults/stimuli_G/915__9383_9.jpg,"{8}

The transformation from a simple geometric umbrella outline to a detailed mushroom illustration showcases creative thinking. The original half-circle and lines were cleverly repurposed to form the mushroom cap and stem. The added details like texture and spots enhance the transformation significantly."
adults,I,../data/adults/stimuli_I/915__9384_11.jpg,"{7}

The transformation from a simple arch outline to a tombstone with ""RIP"" and a cross adds a thematic and narrative layer to the original shape. The creativity lies in reimagining the basic lines into something with more meaning and context, though it's a straightforward concept."
adults,R,../data/adults/stimuli_R/915__9390_56.jpg,"{7} The transformation from a simple set of lines to a complex geometric design shows a creative reimagining of the original form. The addition of intersecting lines and a central circle adds depth and interest, demonstrating an inventive approach to developing the initial concept."
adults,G,../data/adults/stimuli_G/916__9395_9.jpg,"{8}

The transformation from abstract lines to a detailed guitar is quite creative. It shows an imaginative leap in design, adding intricate elements like strings and knobs. The initial simple shapes were cleverly integrated into the guitar's features, demonstrating originality and artistic vision."
adults,I,../data/adults/stimuli_I/916__9396_11.jpg,"{8}

The transformation from a simple arch shape into a jukebox filled with musical and monetary symbols is quite creative. The addition of elements like the musical note, play button, and dollar sign adds context and complexity, turning an abstract form into a recognizable object with a theme."
adults,R,../data/adults/stimuli_R/916__9402_56.jpg,"{8} The transformation from a simple geometric shape to an imaginative inverted house drawing shows significant creativity. The use of the basic shape as a base for the house and the addition of details like windows, doors, and a tree demonstrates inventive thinking and artistic flair."
adults,G,../data/adults/stimuli_G/920__9443_9.jpg,"{7}

The transformation from a simple abstract shape on the left to a whimsical trash can design on the right shows a good level of creativity. The artist took basic lines and reimagined them into a recognizable object, adding elements like scribbled details and text to enhance the concept. It cleverly uses minimal shapes to convey a new meaning, but it could perhaps be more refined or detailed to score higher."
adults,I,../data/adults/stimuli_I/920__9444_11.jpg,"{6} The transformation from the left to the right image demonstrates some creativity by turning a simple arch shape into a basic helmet design. The addition of lines and structure adds a new dimension, but the concept remains quite minimalist and straightforward."
adults,R,../data/adults/stimuli_R/920__9450_56.jpg,"{8}

The transformation from abstract geometric shapes into a recognizable figure with character is quite creative. The conversion shows originality, taking minimal lines and turning them into an expressive drawing of a person with simple yet effective additions."
adults,G,../data/adults/stimuli_G/938__7047_9.jpg,"{6}

The transformation from the left image to the right involves completing the partial lines into a simple mushroom shape. While the addition of lines to form a recognizable object shows some level of creativity, the design remains quite basic and straightforward. More complexity or unique elements could enhance the creativity score."
adults,I,../data/adults/stimuli_I/938__7048_11.jpg,"{7}

The transformation from the simple, structured shape on the left to the more dynamic and sketch-like design on the right demonstrates a creative reinterpretation. The addition of lines and shading adds depth and a sense of motion. However, the core shape remains similar, so there's room for more transformative creativity."
adults,R,../data/adults/stimuli_R/938__7054_56.jpg,"{7}

The transformation from the left image to the right image is creative. The initial simple geometric shapes are converted into a more detailed representation resembling a slice of pizza with toppings. Adding details like the crust and the topping adds an imaginative layer to a basic shape, showcasing a thoughtful reinterpretation."
adults,G,../data/adults/stimuli_G/978__7095_9.jpg,"{8}

The transformation from simple geometric shapes to an elephant illustration is quite creative. The addition of details like ears, eyes, and a trunk shows imaginative thinking. Using minimal lines to convey a recognizable image displays a clever use of elements."
adults,I,../data/adults/stimuli_I/978__9584_11.jpg,"{8}

The transformation from a simple arch shape to a detailed room interior with a couch, cushions, and a hanging lamp demonstrates a high level of creativity. It showcases the ability to see potential in minimal lines and expand them into a complex and imaginative scene."
adults,R,../data/adults/stimuli_R/978__9590_56.jpg,"{8}

The transformation from geometric shapes to a whimsical depiction of a person watching TV showcases significant creativity. The original simple lines have been imaginatively reinterpreted into a dynamic scene, effectively using each line to form components of a couch and a person."
adults,G,../data/adults/stimuli_G/981__7119_9.jpg,"{9} The transformation from simple, abstract lines to a collection of easily recognizable objects (banana, slice of pizza, carrot, waffle, and pear) demonstrates a high level of creativity. The original lines were used as fundamental elements to create a diverse and imaginative composition."
adults,I,../data/adults/stimuli_I/981__7120_11.jpg,"{8}

The transformation from a simple lock shape to a cute animal illustration shows a high level of creativity. The use of the lock's elements to form the animal's features, like the head and body, demonstrates imaginative thinking. It's a clever reinterpretation of the original shape."
adults,R,../data/adults/stimuli_R/981__7126_56.jpg,"{8} The transformation from a simple abstraction to a recognizable stick figure holding a camera is quite imaginative. The original shape has been cleverly repurposed to form the body and camera, showing inventiveness and a creative use of minimal lines."
adults,G,../data/adults/stimuli_G/987__9677_9.jpg,"{7}

The transformation from the minimalistic shape on the left to the more complex arrangement on the right shows a creative reinterpretation. The image on the right evolves the original lines into a composition that resembles fish and water drops. This demonstrates a clever use of simple elements to create a recognizable scene, although the overall execution could be refined to enhance clarity and impact."
adults,I,../data/adults/stimuli_I/987__9678_11.jpg,"{7} The transformation from a simple design to a pirate ship is imaginative and playful. The addition of details like the sails, rigging, and characters suggest a creative reimagining. While the drawing is a bit rudimentary, the concept behind it showcases a fun and inventive approach."
adults,R,../data/adults/stimuli_R/987__9684_56.jpg,"{7}

The transformation from the left image to the right shows a creative reinterpretation by turning simple lines into a more complex and imaginative design. The addition of an eye and abstract shapes gives the figure personality and suggests a unique perspective. This creativity comes from adding expressive elements, but might lack execution finesse."
adults,G,../data/adults/stimuli_G/991__7221_9.jpg,"{7} 

The transformation from simple lines and arcs to a detailed cat face shows a creative use of basic shapes to form a recognizable and expressive drawing. The use of facial features like eyes, whiskers, and ears demonstrates creativity in adding complexity and character to a minimal initial design."
adults,I,../data/adults/stimuli_I/991__7222_11.jpg,"{7} 

The transformation from a simple arch shape to an abstract drawing is creative. The artist added details like lines and curves that suggest complexity and depth, turning a minimalistic shape into something more intricate and thought-provoking. The creativity is notable, though there's room for further imaginative elements to make the image even more unique or complex."
adults,R,../data/adults/stimuli_R/991__7228_56.jpg,"{7}

The transformation from a simple geometric shape into a more complex, layered star design demonstrates creativity. The original lines serve as a subtle framework for a dynamic reinterpretation, giving the new image depth and interest."
adults,G,../data/adults/stimuli_G/992__7232_9.jpg,"{8}

The transformation from a simple shape on the left to a detailed beach scene on the right is quite creative. The artist cleverly used the existing lines as the base of the umbrella and extended them into a complete scene with a person relaxing on a beach chair. This demonstrates a strong imaginative leap from minimal elements to a coherent and lively picture."
adults,I,../data/adults/stimuli_I/992__9714_11.jpg,"{8}

The transformation from a simple arch outline to a detailed scene is quite creative. The addition of water, fish, the broken line, and surrounding lines to imply motion or splashes demonstrates imaginative thinking and a clever use of the original shape."
adults,R,../data/adults/stimuli_R/992__7233_56.jpg,"I'd rate the creativity at {8}. The initial simple lines were transformed into a detailed puppet show scene, showcasing a clever use of basic shapes to create an imaginative and lively scenario. This conversion demonstrates an inventive thinking process and a playful interpretation of basic forms."
adults,G,../data/adults/stimuli_G/1621__1233_9.jpg,"{8} The transformation from simple lines to a detailed scene of a sunset with a pirate ship is quite creative. The artist effectively used the semicircle to represent the sun and added imaginative details, like the pirate flag and ocean waves, to create a vivid picture."
adults,I,../data/adults/stimuli_I/1621__1234_11.jpg,"{8}

The transformation is quite creative. Turning a simple shape into a series of animals using minimal lines requires a clever and imaginative approach. The addition of distinct features like eyes and outlines to suggest various creatures demonstrates a playful use of the original form."
adults,R,../data/adults/stimuli_R/1621__1240_56.jpg,"{8}

The transformation from simple lines resembling an arrow or a basic house shape to a basketball hoop with a player is quite imaginative. It effectively uses minimal initial elements to create a recognizable scene, showing a good level of creativity in repurposing basic shapes into a dynamic composition."
adults,G,../data/adults/stimuli_G/1622__7239_9.jpg,"{8}

The transformation from a basic shape on the left to a butterfly-like figure on the right is quite creative. The use of minimal lines to create something new and recognizable demonstrates imaginative thinking. The curvature of the original lines is utilized well to form the wings, adding a playful twist to the simple shapes."
adults,I,../data/adults/stimuli_I/1622__7240_11.jpg,"{7}

The transformation from a simple arch shape to something resembling a stained glass window is a creative way to add detail and context. The addition of intersecting lines gives the impression of lead divisions in a window, enhancing the concept. More intricate designs or color might boost the creative impact further."
adults,R,../data/adults/stimuli_R/1622__7246_56.jpg,"{7}

The transformation of the basic shapes on the left into more recognizable objects on the right, like a TV and an ice cream cone, shows a creative reinterpretation. The use of simple lines to suggest these objects is imaginative, but fairly straightforward, hence the rating of 7."
adults,G,../data/adults/stimuli_G/1626__1256_9.jpg,"{8}

The transformation from a simple line drawing to a bird shows a high level of creativity. The artist cleverly used the existing lines to form the basis of the bird's wings and body, adding detailed features to create a recognizable and whimsical character. The innovative use of minimalistic elements to create something complex is quite imaginative."
adults,I,../data/adults/stimuli_I/1626__1257_11.jpg,"{8}

The transformation from simple lines to a detailed scene is quite creative. The original shape was used as part of a window or stage setting, with a character added, lending a narrative or theatrical element. The addition of the structure and figures shows imaginative thinking, enhancing the original abstract form into a lively depiction."
adults,R,../data/adults/stimuli_R/1626__1261_56.jpg,"{9} The transformation shows a high level of creativity by taking a simple geometric shape and reimagining it as an ice cream scene. The addition of details like the cone, toppings, and a happy face adds personality and context, turning a minimal design into a whimsical illustration."
adults,G,../data/adults/stimuli_G/1663__1266_9.jpg,"{8}

The transformation from the minimalist abstract design on the left to the more detailed and imaginative creature on the right shows a high level of creativity. The artist added elements like eyes, a mouth, and texture to bring the character to life while maintaining the original shapes as a foundation. It's a clever and playful reinterpretation."
adults,I,../data/adults/stimuli_I/1663__1267_11.jpg,"{7}

The transformation of the simple arch shape on the left into a more complex, abstract shape on the right shows a creative approach. The addition of extra lines and details adds depth and interest, suggesting a thoughtful reimagining while retaining some of the original structure's characteristics."
adults,R,../data/adults/stimuli_R/1663__1271_56.jpg,"{7} 

The transformation from the left to the right image shows a creative leap with the addition of intricate details and playful line work. The right image seems to represent an imaginative character or creature, giving a whimsical and artistic feel. The simplicity of the left image has been effectively turned into a complex and lively illustration. However, some may find the creativity a bit abstract or chaotic, but the originality is evident."
adults,G,../data/adults/stimuli_G/1664__1276_9.jpg,"{8}

The transformation from the abstract shapes on the left into a cartoon-like character on the right is quite creative. The artist used minimal lines to suggest a completely different image, which shows imagination and an ability to see beyond the obvious."
adults,I,../data/adults/stimuli_I/1664__1277_11.jpg,"{8}

The conversion from a minimal sketch to the drawing of a beanie is quite creative. The initial shape is abstract, but the transformation into a recognizable object like a beanie is imaginative. The addition of lines and a pom-pom uses the basic structure in a clever way to depict something entirely different."
adults,R,../data/adults/stimuli_R/1664__1281_56.jpg,"{8}

The transformation from simple geometric lines into a detailed face illustration showcases a high level of creativity. The original lines were used innovatively to form the eyebrows and the shape of glasses, turning abstract shapes into recognizable facial features. This demonstrates a clever use of minimal elements to create something more complex."
adults,G,../data/adults/stimuli_G/1665__1286_9.jpg,"{8}

The transformation is quite creative. The left image with simple lines is ingeniously turned into an image of two birds standing back to back in the right image. The artist cleverly uses minimal lines to suggest a completely different subject, showcasing imaginative thinking and transformation skills."
adults,I,../data/adults/stimuli_I/1665__362_11.jpg,"{7}

The transformation from a simple arch shape to a detailed building-like structure with a dome and cross demonstrates creative thinking. The added elements suggest a place of worship, and the originality lies in seeing potential in a simplistic shape. However, the drawing remains relatively straightforward, which slightly limits the creativity score."
adults,R,../data/adults/stimuli_R/1665__1291_56.jpg,"{7}

The transformation from the simple geometric shape on the left to the more detailed drawing on the right demonstrates a creative use of lines and form. The added details like the hair and facial elements suggest an imaginative reinterpretation of the initial shape, showing a good level of creativity in visual transformation."
adults,G,../data/adults/stimuli_G/1666__1295_9.jpg,"{7}

The transformation shows creativity by taking simple lines and arcs from the left image and rearranging them into a more complex figure on the right. The curved lines were split and repositioned thoughtfully, enhancing the composition. However, the basic elements remain similar, which slightly limits the overall creativity potential."
adults,I,../data/adults/stimuli_I/1666__1296_11.jpg,"{6} 

The transformation from the simple arch shape on the left into a more complex and abstract composition on the right shows a creative reimagining of the form. The original simple shapes have been turned into a scene with layered lines and additional elements, suggesting a landscape or architectural concept. While the creativity is evident, the challenge lies in making the abstract elements more cohesive or recognizable."
adults,R,../data/adults/stimuli_R/1666__1302_56.jpg,"{7}

The transformation from a simple geometric shape to a quirky face is quite creative. The artist added personality with the facial features and gave life to an otherwise abstract design. The clever use of shapes and lines shows originality, though the execution could be more refined."
adults,G,../data/adults/stimuli_G/1667__1307_9.jpg,"{8}

The transformation from a simple abstract shape to a beach scene with an umbrella and a sun is quite creative. The addition of details like the sun and the base of the umbrella, along with the beach chair, show an imaginative reinterpretation of the original lines. This adds depth and context, transforming a basic structure into a lively scene."
adults,I,../data/adults/stimuli_I/1667__1308_11.jpg,"{7}

The transformation from a simple arch shape into a castle is quite imaginative. The addition of battlements, a door, and a pathway creatively builds on the basic outline, demonstrating a good level of creativity. However, the design is relatively straightforward and could benefit from more detailed elements to push the creativity further."
adults,R,../data/adults/stimuli_R/1667__364_56.jpg,"{7}

The transformation is quite creative. The original abstract shape has been cleverly turned into a simple scene with people and a house. The lines have been repurposed effectively to create a recognizable setting, demonstrating imaginative use of minimal elements."
adults,G,../data/adults/stimuli_G/1675__9725_9.jpg,"{7}

The transformation from a simple geometric shape to a more complex and imaginative drawing, including a rainbow and added elements, shows creative thinking. The initial semi-circle and lines provide a base that was expanded into something far more artistic and lively. The addition of the rainbow gives color and context, demonstrating an ability to visualize beyond basic shapes."
adults,I,../data/adults/stimuli_I/1675__9726_11.jpg,"{7}

The transformation of a simple shape into a textured object, possibly representing a tree with bark detail, shows a creative use of lines and form. The addition of organic lines inside the shape gives it a new dimension and potential storytelling element, indicating a thoughtful reinterpretation."
adults,R,../data/adults/stimuli_R/1675__9732_56.jpg,"{8} 

The transformation from a simple geometric shape to a lively character is creative. The artist used the basic structure as a base for a face and body, adding expressive details like eyes, a mouth, arms, and legs, effectively creating a simplistic yet imaginative character."
adults,G,../data/adults/stimuli_G/1676__9737_9.jpg,"{7}

The transformation from the left to the right image shows creativity in converting basic lines into a recognizable object: a mushroom. The addition of curved lines and texture enhances the simplicity while maintaining clarity. It's a clever use of minimalistic elements to create a more detailed image."
adults,I,../data/adults/stimuli_I/1676__9738_11.jpg,"{7}

The transformation of a simple arch shape into a book bag is a creative and imaginative use of basic geometric lines. It effectively uses minimal changes to convey a recognizable object, showing cleverness in design. However, it could be more polished for a higher creativity rating."
adults,R,../data/adults/stimuli_R/1676__9744_56.jpg,"{7}

The transformation shows creativity by taking a simple geometric shape and turning it into a more complex object that resembles a light bulb with a wire. The addition of curves and lines to suggest a specific object demonstrates imaginative thinking, though the execution could be refined for clarity."
adults,G,../data/adults/stimuli_G/1740__1329_9.jpg,"{7} The transformation from a simple set of lines into a mushroom shape demonstrates a creative use of minimal elements. By slightly altering and adding details like spots and closing the gaps, the image evolves into a recognizable object. This shows a clever use of shapes and spacing."
adults,I,../data/adults/stimuli_I/1740__1330_11.jpg,"{7}

The conversion of a simple shape into an illustration of an LED is a clever use of imagination, turning abstract lines into a recognizable object. The addition of fine details like the base and leads enhances the transformation's creativity."
adults,R,../data/adults/stimuli_R/1740__1335_56.jpg,"{7}

This transformation shows quite a bit of creativity. The original simple shape was reimagined into a humanoid figure, making effective use of the initial lines to create a more complex and imaginative form. The conversion into a robot-like figure demonstrates creative thinking, although the drawing remains somewhat abstract and simple."
adults,G,../data/adults/stimuli_G/1741__368_9.jpg,"{8}

The transformation from abstract shapes to a recognizable figure is quite creative. The original lines suggesting a simple umbrella or arch are cleverly reinterpreted as a character by adding minimal details like ears and a face. This shows imaginative use of simple components to create something entirely new."
adults,I,../data/adults/stimuli_I/1741__1338_11.jpg,"{7}

The transformation from a simple arch shape into a minimalistic figure with facial features and arms demonstrates a creative reimagining of basic lines. The reinterpretation suggests an inventive use of geometry, turning abstract shapes into a recognizable form with character."
adults,R,../data/adults/stimuli_R/1741__1343_56.jpg,"{9}

The transformation from a simple geometric shape into a detailed depiction of two faces is highly creative. The use of straight lines to suggest facial features captures a clever and imaginative interpretation, showcasing the artist's ability to see complex ideas in simple forms."
adults,G,../data/adults/stimuli_G/1743__1355_9.jpg,"{8}

The transformation from a simple arch shape on the left to a submarine illustration on the right shows a high level of creativity. The artist has envisioned the basic elements as part of a larger, imaginative scene, adding details like the waterline, submarine structure, and a fish, which diversifies and expands upon the initial simple lines."
adults,I,../data/adults/stimuli_I/1743__1356_11.jpg,"{7} 

The transformation from the open-ended shape on the left to the more refined and complete shape on the right shows creativity in closing the arch and introducing a base or handle-like feature. It adds a new dimension and functionality to the original design, suggesting artistic ingenuity."
adults,R,../data/adults/stimuli_R/1743__1361_56.jpg,"{8}

The transformation from abstract lines to a recognizable scene with buildings and vehicles is quite creative. The original lines are reimagined in a way that forms a simple but effective depiction of a structure and transportation, showing imaginative use of forms."
adults,G,../data/adults/stimuli_G/1744__1365_9.jpg,"{8}

The transformation is quite creative. The use of simple lines to form an abstract image initially and then evolve it into a more defined shape resembles an umbrella. The addition of extra lines adds depth and a sense of motion, which enhances the overall concept and demonstrates imaginative thinking."
adults,I,../data/adults/stimuli_I/1744__1366_11.jpg,"{7}

The transformation of the image on the left to the image on the right shows a creative reimagination from a simple arch shape into a more complex structure suggesting stylized columns and an arch. The use of lines to create a detailed, architectural design demonstrates imaginative thinking beyond the original form, enhancing its visual interest."
adults,R,../data/adults/stimuli_R/1744__1371_56.jpg,"{7} 

The creativity in transforming the left image to the right lies in the subtle yet interesting alteration of lines and angles. The corners become slanted, straight lines are replaced by curves, and the bottom shape changes from open to closed. This shows a thoughtful approach in altering the basic structure while retaining the overall minimalist aesthetic."
adults,G,../data/adults/stimuli_G/1748__1375_9.jpg,"{7} 

The transformation from the minimal outline on the left to a more detailed mushroom drawing on the right is creative. The addition of texture and ground elements enhances the original simple form, showing a clear imaginative expansion while maintaining a coherent structure."
adults,I,../data/adults/stimuli_I/1748__1376_11.jpg,"{8}

The transformation from the left to the right image shows a high level of creativity. The initial simple outline has been creatively modified into a more complex design. The use of additional lines and shapes adds depth and can suggest multiple interpretations, such as a geometric pattern or an abstract representation, while maintaining balance and symmetry."
adults,R,../data/adults/stimuli_R/1748__1379_56.jpg,"{7}

This conversion shows a creative transformation from a simple angular shape into a rudimentary drawing of a stick figure. The shapes have been adapted and extended to form a recognizable human-like form, which indicates a playful and imaginative reinterpretation. The creativity is notable, although the execution remains quite simple."
adults,G,../data/adults/stimuli_G/1749__1381_9.jpg,"{8}

The transformation is quite creative, turning a simple geometric shape into a more detailed depiction of an umbrella, complete with additional design elements like the curved lines for the umbrella ribs and the decorative edge. It effectively uses minimal initial lines to create a recognizable object, showcasing ingenuity and imagination."
adults,I,../data/adults/stimuli_I/1749__381_11.jpg,"{8}

The transformation from a simple arch shape to a whimsical robot is quite creative. The use of basic geometric shapes to represent a robot figure, including the suggestion of a brain and antenna, demonstrates originality and an imaginative approach to developing a character from minimal starting elements."
adults,R,../data/adults/stimuli_R/1749__1385_56.jpg,"{8}

The transformation from simple lines to a recognizable image of a mouse face demonstrates a clever use of minimal elements. Adding ears, a tail, and whiskers creatively connects the two images, showing a high level of imagination and skill in seeing potential beyond the basic structure."
adults,G,../data/adults/stimuli_G/1750__385_9.jpg,"{7}

The transformation shows creativity by adding elements like the vertical line and scattered dots above, which suggests movement or an explosion. The difference in lines and structure creates a sense of dynamic energy, showing imaginative reinterpretation."
adults,I,../data/adults/stimuli_I/1750__1389_11.jpg,"{7}

The transformation of an incomplete shape into a recognizable lock demonstrates a creative use of minimal lines to convey an idea. The addition of a simple rectangle and keyhole turns an abstract shape into something familiar, showing clever simplification and imagination."
adults,R,../data/adults/stimuli_R/1750__1395_56.jpg,"{8}

The transformation of the simple geometric shapes on the left into a whimsical character on the right demonstrates a high level of creativity. The artist imaginatively used the original lines as the foundation for the face and body, skillfully adding features like ears and a mouth to give it personality."
adults,G,../data/adults/stimuli_G/1751__1400_9.jpg,"{7}

The transformation from the simple geometric lines on the left to a mushroom on the right is creative. The artist effectively used the basic shape and added details like additional curves and shapes to form the mushroom cap and decorative elements. However, the concept isn't overly complex or intricate, keeping the creativity score moderate."
adults,I,../data/adults/stimuli_I/1751__1401_11.jpg,"{7} The transformation of a simple arch shape into a house design shows creative thinking. The original lines are effectively repurposed into architectural features, such as the roof and windows. The design's simplicity is maintained while adding new elements, demonstrating an imaginative adaptation."
adults,R,../data/adults/stimuli_R/1751__1407_56.jpg,"{8}

The transformation is quite creative. The original simple arrow shape is imaginatively turned into a figure with outstretched arms and legs. The artist effectively used the basic form as a basis for a more complex and whimsical character, demonstrating originality and playful thinking."
adults,G,../data/adults/stimuli_G/1753__1411_9.jpg,"{8} 

The transformation from a simple abstract shape into a whimsical ""Hobbit House"" design is quite creative. The original lines suggest nothing specific, yet they are skillfully turned into a house with distinct character and small details like a door and people beside it. This demonstrates imaginative thinking and clever interpretation."
adults,I,../data/adults/stimuli_I/1753__1412_11.jpg,"{8}

The transformation from a simple arch shape into a detailed drawing of a nuclear bomb switch is quite creative. The artist used minimal initial lines to create a significantly more complex and thematic final image, displaying imaginative thinking."
adults,R,../data/adults/stimuli_R/1753__1415_56.jpg,"{8}

The transformation from simple geometric lines into a whimsical, complex character is quite creative. The addition of legs, wings, and antennae-like structures, along with the interior design, showcases imaginative thinking and an ability to see beyond the original abstract form. The creativity is highlighted by how the basic structure was used as a foundation for something entirely new and unexpected."
adults,G,../data/adults/stimuli_G/1755__1420_9.jpg,"{8}

The transformation from a basic shape to a light bulb is quite creative. The designer effectively used minimal lines to inventively depict a recognizable object, showing resourcefulness and imagination. The addition of lines to suggest light enhances the concept, making it visually engaging."
adults,I,../data/adults/stimuli_I/1755__1421_11.jpg,"{8}

The transformation of the simple arch-like shape into a cartoon character sitting at a desk shows significant creativity. It repurposes the basic shape into a more complex and expressive image, utilizing the structure to form the character's body. The addition of facial features and a desk setup adds context and narrative to the original outline."
adults,R,../data/adults/stimuli_R/1755__1426_56.jpg,"{8} The transformation from a simple geometric shape into a stick figure sitting on a chair demonstrates an imaginative use of minimal lines to create a recognizable scene. The original structure inspired a playful interpretation, showing good creativity in transforming basic elements into a more complex idea."
