creator,stimuli,filepath,gpt_creativity
AI,G,../data/AI/prompt_1/stimuli_G/Dalle01.png,"{8}

The transformation shows a high level of creativity by turning a minimalistic and abstract shape into a complex and detailed design. The right image has added textures, patterns, and additional elements, demonstrating imaginative use of the basic structure from the left image."
AI,G,../data/AI/prompt_1/stimuli_G/Dalle02.png,"{8} 

The transformation from the left image to the right image shows a creative process by adding complexity and structure. The simple lines in the left image are developed into an intricate pattern that suggests a more defined form in the right image. The use of curves and additional lines creates an interesting design that is visually engaging."
AI,G,../data/AI/prompt_1/stimuli_G/Dalle03.png,"{9}

The transformation from the simple line drawing on the left to the intricate and imaginative scene on the right demonstrates a high level of creativity. The initial curved and straight lines were interpreted as components of a detailed and whimsical composition, showcasing originality and artistic innovation."
AI,G,../data/AI/prompt_1/stimuli_G/Dalle04.png,"{7}

The transformation from basic lines on the left to a more detailed image resembling a structure, like a tent or building, on the right shows creative thinking. The additional lines and shapes give depth and context, creatively enhancing the simplicity of the original form."
AI,G,../data/AI/prompt_1/stimuli_G/Dalle05.png,"{8}

The transformation from the simple, minimalistic lines into a complex, circular design featuring an ""M"" demonstrates significant creativity. The addition of intricate details and the innovative reinterpretation shows a high level of imagination and artistic skill."
AI,G,../data/AI/prompt_1/stimuli_G/Dalle06.png,"{8} The transformation from the simple shape on the left to the more complex light bulb design on the right is quite creative. It demonstrates imaginative use of basic lines and curves to craft a recognizable object, along with the addition of a circle and text elements to enhance the concept."
AI,G,../data/AI/prompt_1/stimuli_G/Dalle07.png,"{8}

The transformation from the simple geometric shapes on the left to a more complex and abstract composition on the right demonstrates a high level of creativity. The artist has taken minimal elements and reimagined them into a visually intriguing artwork with added complexity and interpretive elements, like stylized flowers. This shows a strong creative vision and imaginative approach."
AI,G,../data/AI/prompt_1/stimuli_G/Dalle08.png,"{8}

The transformation from a few simple lines to a complex, abstract composition shows a high level of creativity. The artist has expanded on minimal elements to create an intriguing and imaginative scene. The right image is dynamic and suggests a narrative or concept, reflecting a significant leap in creativity."
AI,G,../data/AI/prompt_1/stimuli_G/Dalle09.png,"{8}

The transformation from the simple, sparse design on the left to the intricate, geometric composition on the right shows significant creativity. The use of lines and circles to create a more complex and visually engaging image demonstrates originality and artistic flair. The addition of new elements and the reimagining of the shapes enhance the creativity remarkably."
AI,G,../data/AI/prompt_1/stimuli_G/Dalle10.png,"{8} 

The transformation from a simple set of lines suggesting an umbrella shape into a minimal, stylized house is a creative and clever reinterpretation. The way the lines are transformed into a structured roof with added details like the door enhances the complexity and artistic value, demonstrating an inventive use of basic shapes."
AI,G,../data/AI/prompt_1/stimuli_G/Dalle11.png,"{8} The transformation from the simple lines on the left to a more complex and whimsical design on the right demonstrates a strong sense of creativity. The circular elements and additional details in the right image suggest imaginative thinking, transforming abstract shapes into something resembling art or an object."
AI,G,../data/AI/prompt_1/stimuli_G/Dalle12.png,"{9}

The transformation from simple geometric shapes on the left to a detailed cityscape on the right demonstrates a high level of creativity. The artist took minimal elements and used them as a foundation to construct an imaginative and complex city design, showcasing both vision and artistic skill."
AI,G,../data/AI/prompt_1/stimuli_G/Dalle13.png,"{8}

The transformation from the left image to the right image demonstrates a high level of creativity. The simple, minimalistic lines in the left image are creatively expanded into an intricate, maze-like structure in the right image. This imaginative reinterpretation shows skill in adding complexity and depth while maintaining a visual connection to the original form."
AI,G,../data/AI/prompt_1/stimuli_G/Dalle14.png,"{8}

The transformation from the simple arc and lines in the left image to the detailed and abstract composition in the right image shows a high level of creativity. The right image incorporates additional elements like the crescent shape, landscape features, and geometric patterns, suggesting a lot of imaginative thinking and artistic interpretation. The creative addition of complexity and thematic elements warrants a high creativity rating."
AI,G,../data/AI/prompt_1/stimuli_G/Dalle15.png,"{8}

The transformation from the simple geometric elements on the left to the intricate and symmetric design on the right shows a high level of creativity. The addition of circular and diagonal lines adds complexity and aesthetic appeal, creating a visually engaging pattern."
AI,G,../data/AI/prompt_1/stimuli_G/Dalle16.png,"{9}

The transformation from simple, minimal lines into a detailed still life with various objects shows impressive creativity. The initial lines are cleverly incorporated into different elements of the scene, demonstrating a high level of imagination and artistic interpretation."
AI,G,../data/AI/prompt_1/stimuli_G/Dalle17.png,"{9} The transformation from the simple, minimalistic left image to the intricate, patterned design on the right showcases a high level of creativity. The use of bold lines, shapes, and patterns adds significant complexity and visual interest, demonstrating an imaginative reinterpretation of the original elements."
AI,G,../data/AI/prompt_1/stimuli_G/Dalle18.png,"{8}

The transformation from the simple lines on the left into the intricate sphere-like structure hanging from a hook on the right is quite creative. The addition of numerous lines, curves, and the concept of a hanging installation shows an imaginative use of basic shapes to create a more complex and interesting design."
AI,G,../data/AI/prompt_1/stimuli_G/Dalle19.png,"{8}

The transformation from the left to the right image shows a creative reinterpretation of simple lines into a more complex and abstract form. The addition of curves and overlapping elements adds depth, making the design visually interesting while retaining a connection to the original structure."
AI,G,../data/AI/prompt_1/stimuli_G/Dalle20.png,"{8}

The transformation from the simple arcs and lines on the left to a structured design on the right is quite creative. The addition of geometric elements and symmetry gives it a sense of architecture or design, showcasing an imaginative expansion of the original minimal form."
AI,G,../data/AI/prompt_1/stimuli_G/Dalle21.png,"{8} 

The transformation from a simple geometric shape to a detailed, symmetrical design with a sun and additional elements demonstrates a high level of creativity. The integration of new components while maintaining balance and cohesiveness is inventive and artistic."
AI,G,../data/AI/prompt_1/stimuli_G/Dalle22.png,"{8}

The transformation from the simple, minimalistic design on the left to the intricate, circular pattern on the right shows a high level of creativity. The right image uses curves and lines to create a complex and imaginative design, transforming basic elements into something artistic and visually interesting."
AI,G,../data/AI/prompt_1/stimuli_G/Dalle23.png,"{8}

The transformation from the left to the right image exhibits a high level of creativity. The simple geometric shape on the left has been elaborately transformed into a more complex and artistic design on the right, resembling a stylized figure. The addition of lines and shapes adds depth and imagination, demonstrating a creative reimagining of basic elements."
AI,G,../data/AI/prompt_1/stimuli_G/Dalle24.png,"{8}

The transformation from a simple abstract shape into a detailed representation of a butterfly is quite creative. The use of patterns and lines adds texture and depth, making the butterfly visually interesting and imaginative."
AI,G,../data/AI/prompt_1/stimuli_G/Dalle25.png,"{9}

The transformation from a minimalistic, abstract shape on the left into an intricate, swirling design on the right demonstrates a high level of creativity. The use of simple lines evolving into interconnected curves and loops adds complexity and interest while maintaining a cohesive visual theme."
AI,G,../data/AI/prompt_1/stimuli_G/Dalle26.png,"{9}

The transformation from the simple, abstract shapes on the left to the intricate, whimsical design on the right demonstrates high creativity. It incorporates a variety of elements like clouds, a balloon, and abstract shapes that add depth and interest, while maintaining a cohesive composition."
AI,G,../data/AI/prompt_1/stimuli_G/Dalle27.png,"{8}

The transformation involves turning a simple geometric shape into an intricate design with added complexity and symmetry. The addition of curved lines and patterns adds depth and visual interest, demonstrating creative reinterpretation."
AI,G,../data/AI/prompt_1/stimuli_G/Dalle28.png,"{8}

The transformation from a simple, abstract set of lines to a more complex and imaginative light bulb illustration is quite creative. The added lines and shapes effectively convey the idea of a lit bulb, showing a significant leap in creativity while maintaining simplicity."
AI,G,../data/AI/prompt_1/stimuli_G/Dalle29.png,"{8}

The transformation from a simple set of lines into a complex, detailed design showcases a high level of creativity. The artist added intricate patterns and symbols, resulting in a compelling and imaginative composition."
AI,G,../data/AI/prompt_1/stimuli_G/Dalle30.png,"{8}

The transformation from a minimalistic set of lines to a complex, layered abstract design demonstrates a high level of creativity. The artist effectively used the original elements as a foundation to build a more intricate and visually interesting composition, showing a strong reimagining of the initial simple form."
AI,G,../data/AI/prompt_1/stimuli_G/Dalle31.png,"{8}

The transformation from the simple lines and arcs on the left into a complex, abstract design on the right shows a high level of creativity. The basic shapes are reimagined to form what appears to be a stylized hut or structure, embracing a sense of depth and artistic flair. This demonstrates an imaginative use of simple elements to create something entirely new and visually interesting."
AI,G,../data/AI/prompt_1/stimuli_G/Dalle32.png,"{8} The transformation from the simple, abstract design on the left to the intricate, structured design on the right shows a high level of creativity. The artist has taken basic shapes and expanded them into a complex architectural concept, demonstrating inventive thinking and skillful execution."
AI,G,../data/AI/prompt_1/stimuli_G/Dalle33.png,"{9}

The transformation from the simple arc and lines in the left image to the complex geometric arrangement in the right image is highly creative. The addition of multiple shapes—like circles, triangles, and lines—introduces intricate patterns and symmetry, showing a sophisticated expansion of visual elements."
AI,G,../data/AI/prompt_1/stimuli_G/Dalle34.png,"{9}

The transformation from the simple, minimalistic design on the left to the intricate and complex image on the right shows a high level of creativity. The artist added geometric shapes, curves, and plant-like elements to create an elaborate composition, all while retaining some elements from the original. The result is visually interesting and imaginative."
AI,G,../data/AI/prompt_1/stimuli_G/Dalle35.png,"{8}

The transformation from the left image to the right image demonstrates significant creativity. The simple lines on the left were intricately developed into a complex and symmetrical abstract design on the right. The artist effectively used the original shapes as a foundation, building upon them to create something much more elaborate and detailed. The creative expansion and integration of various elements show a high level of inventiveness."
AI,G,../data/AI/prompt_1/stimuli_G/Dalle36.png,"{8}

The transformation from the left image to the right image demonstrates significant creativity. The simple and minimal shapes on the left are reimagined into a complex and abstract composition on the right. The addition of curvy lines and the interplay with geometric shapes create an intricate and visually interesting artwork. The creativity is especially evident in how the artist used minimal initial elements to construct a much more elaborate piece."
AI,G,../data/AI/prompt_1/stimuli_G/Dalle37.png,"{9}

The transformation from the minimalist, geometric design on the left to a complex and abstract face on the right demonstrates a high level of creativity. The artist has added numerous elements and intricacies, turning simple lines into a dynamic and expressive composition. This transformation shows imagination and originality."
AI,G,../data/AI/prompt_1/stimuli_G/Dalle38.png,"{9}

The transformation shows high creativity. The simple lines and arcs of the left image were used as a base to create a complex and structured geometric design on the right. The addition of various shapes, such as triangles and rectangles, along with thoughtful use of negative and positive space, results in a more intricate and visually interesting composition."
AI,G,../data/AI/prompt_1/stimuli_G/Dalle39.png,"{8}

The transformation from a simple arc and lines to a complex cityscape within a rectangle is quite imaginative. The integration of basic shapes into a structured scene demonstrates a high level of creativity. The addition of different geometric forms adds depth and interest, making the design expressive and engaging."
AI,G,../data/AI/prompt_1/stimuli_G/Dalle40.png,"{8}

The transformation from the simple, minimal elements on the left to the complex, layered structure on the right demonstrates a high level of creativity. The addition of concentric shapes and intricate details creates an impression of depth and dimension from an otherwise basic design."
AI,G,../data/AI/prompt_1/stimuli_G/Dalle41.png,"{8}

The transformation from the minimalistic lines in the left image to the complex and abstract composition on the right shows a high level of creativity. The right image incorporates more shapes and layers, demonstrating creative thinking by transforming simple elements into a dynamic abstract artwork."
AI,G,../data/AI/prompt_1/stimuli_G/Dalle42.png,"{8}

The transformation from a simple arc and lines to a more complex and imaginative image of a tunnel with a path is quite creative. The addition of detail and context turns abstract lines into a recognizable scene, showcasing creativity in visual interpretation and design."
AI,G,../data/AI/prompt_1/stimuli_G/Dalle43.png,"{8}

The transformation from simple abstract shapes to a detailed representation of a person in what appears to be a spherical capsule shows a high level of creativity. The initial lines are cleverly reimagined and expanded into a complex and imaginative concept."
AI,G,../data/AI/prompt_1/stimuli_G/Dalle44.png,"{8}

The transformation from the left image to the right shows a creative enhancement by turning simple lines into a playful and intricate pattern with added shapes like a heart, ovals, and a square. The use of geometric forms to add personality and complexity demonstrates a high level of creativity."
AI,G,../data/AI/prompt_1/stimuli_G/Dalle45.png,"{9}

The transformation from the simple, abstract lines on the left to a musical-themed design with a stringed instrument on the right is quite creative. The addition of leaves and musical notes adds an artistic and thematic depth, demonstrating a high level of creativity in the transformation."
AI,G,../data/AI/prompt_1/stimuli_G/Dalle46.png,"{8} 

The transformation from the left image to the right is quite creative, as it takes a simple, minimal form and develops it into a complex and intricate geometric design. The right image incorporates the concept of the golden ratio with spirals and rectangles, showing a thoughtful and artistic approach to expanding the original idea. This demonstrates a high level of creativity in reimagining the shape into something more detailed and mathematically inspired."
AI,G,../data/AI/prompt_1/stimuli_G/Dalle47.png,"{7}

The transformation from the simple geometric lines on the left to the complex layered circles and intersecting lines on the right displays a creative approach. The original lines are expanded into a dynamic, abstract design, suggesting an imaginative interpretation. The use of varying line directions and thickness adds depth and complexity, making the right image visually intriguing."
AI,G,../data/AI/prompt_1/stimuli_G/Dalle48.png,"{8}

The transformation from the left to the right image shows a significant increase in complexity and creativity. The simple lines in the left image have been reimagined into an intricate and abstract design. There’s a clear effort to create a visually interesting composition with a variety of shapes and patterns, demonstrating a high level of creativity."
AI,G,../data/AI/prompt_1/stimuli_G/Dalle49.png,"{8}

The transformation from a simple geometric design on the left to a complex, structured form on the right demonstrates a high level of creativity. The artist skillfully expanded on the basic elements, turning them into a layered, intricate shape that suggests depth and movement, possibly evoking the shape of an architectural or abstract object."
AI,G,../data/AI/prompt_1/stimuli_G/Dalle50.png,"{8}

The transformation from the simple, minimal lines in the left image to a more intricate and detailed design in the right image is quite creative. The original arc and lines have been expanded into a complex structure, suggesting imaginative thinking and artistic development."
AI,I,../data/AI/prompt_1/stimuli_I/Dalle01.png,"{9}

The transformation from the minimal and abstract geometric shape on the left to the intricate and expressive figure on the right demonstrates significant creativity. The artist has utilized the simplicity of the original lines to develop a complex form, showing both imaginative vision and skill in reinterpreting basic elements into an entirely new concept."
AI,I,../data/AI/prompt_1/stimuli_I/Dalle02.png,"{8}

The transformation of the simple arch in the left image into a complex, abstract figure featuring a butterfly on the right is quite creative. It shows an imaginative use of lines and space to create a new image while utilizing the original shape as a base. The intertwining lines add depth and interest, turning a basic shape into a dynamic and interpretative piece."
AI,I,../data/AI/prompt_1/stimuli_I/Dalle03.png,"{9}

The transformation of simple lines into a more complex abstract design shows high creativity. The right image incorporates varied geometric shapes and organic forms that contrast with the simplicity of the left image, creating visual interest and depth."
AI,I,../data/AI/prompt_1/stimuli_I/Dalle04.png,"{8}

The transformation shows a creative evolution from a simple, open arch shape to a more complex and structured design with the introduction of a circular motif and additional lines. The integration of geometric elements adds depth and a sense of motion. The design is imaginative, yet maintains a minimalist style."
AI,I,../data/AI/prompt_1/stimuli_I/Dalle05.png,"{8}

The transformation from a simple arch shape to a complex, abstract design demonstrates high creativity. The right image incorporates various geometric shapes and lines, showing an imaginative and artistic development from the original form. The interplay of circles and curves adds depth and intricacy."
AI,I,../data/AI/prompt_1/stimuli_I/Dalle06.png,"{9}

The transformation from a simple arch shape on the left to a complex and imaginative scene on the right demonstrates a high level of creativity. The artist has cleverly added intricate details, creating an entirely new and unexpected image. This imaginative reinterpretation shows a strong creative vision."
AI,I,../data/AI/prompt_1/stimuli_I/Dalle07.png,"{8} 

The transformation of the left image into the right one demonstrates a clever use of simple lines to create a more complex scene. The initial shape is creatively interpreted as a window with a person inside and a light above, manifesting an imaginative leap. This shows a strong level of creativity by transforming abstract forms into a recognizable depiction."
AI,I,../data/AI/prompt_1/stimuli_I/Dalle08.png,"{7} The transformation from simple lines to an abstract, complex composition is quite creative. The use of curves and lines to create a dynamic and intricate design shows innovative thinking and artistic interpretation."
AI,I,../data/AI/prompt_1/stimuli_I/Dalle09.png,"{8}

The transformation from the simple arch shape on the left to the intricate, abstract line architecture on the right is highly creative. It shows an imaginative use of lines and forms, turning a basic outline into a complex, dynamic composition. The incorporation of text enhances the artistic expression."
AI,I,../data/AI/prompt_1/stimuli_I/Dalle10.png,"{8} The transformation from a simple arch shape to an intricate nature-inspired design demonstrates a high level of creativity. The addition of plants, celestial elements, and flowing lines incorporates a narrative and aesthetic dimension, effectively reimagining the original form."
AI,I,../data/AI/prompt_1/stimuli_I/Dalle11.png,"{8}

The transformation from a simple outline to a detailed and imaginative drawing showcases high creativity. The original shape is cleverly integrated into the complex design, adding depth and narrative to the artwork."
AI,I,../data/AI/prompt_1/stimuli_I/Dalle12.png,"{9} The transformation from the minimalistic, abstract form on the left to the intricate, stylized apple design on the right is quite creative. The addition of details like the leaf and stem, along with the integration of abstract lines, demonstrates a high level of artistic imagination and innovation."
AI,I,../data/AI/prompt_1/stimuli_I/Dalle13.png,"{8}

The transformation from the minimalistic arch shape on the left to the intricate abstract form on the right demonstrates a high level of creativity. The artist took a simple structure and expanded it into a complex design with layered lines and unique patterns, showing innovation and artistic interpretation."
AI,I,../data/AI/prompt_1/stimuli_I/Dalle14.png,"{8}

The transition from a simple arch-like shape to an intricate drawing resembling a toaster with toast popping out displays creativity. The artist imaginatively added elements that transformed the initial abstract form into a recognizable everyday object. The creativity lies in the unexpected and clever reinterpretation of the original outline."
AI,I,../data/AI/prompt_1/stimuli_I/Dalle15.png,"{8}

The transformation of the simple arch shape into a more complex and abstract geometric design shows a high level of creativity. The artist added elements like circles, lines, and triangles to create an intricate and visually interesting composition, while still maintaining the basic structure of the initial shape. The creativity lies in the ability to see potential and create complexity from simplicity."
AI,I,../data/AI/prompt_1/stimuli_I/Dalle16.png,"{7}

The transformation from a simple geometric shape to a more intricate, decorative design shows a good level of creativity. The use of additional lines and curves enhances the complexity and visual interest of the original form. However, while the embellishments add flair, they still retain some of the essence of the original shape, so there's room for pushing boundaries further."
AI,I,../data/AI/prompt_1/stimuli_I/Dalle17.png,"{7} The transformation displays a creative reinterpretation of the simple geometric shapes into a more complex and abstract form. The addition of flowing lines and curves suggests imaginative thinking and artistic flair, going beyond the original structure while still maintaining some connection to the initial shapes."
AI,I,../data/AI/prompt_1/stimuli_I/Dalle18.png,"{9}

The transformation from a simple arch-like shape into a composition with three stylized figures is highly creative. The artist used minimal lines to create a complex and meaningful scene, demonstrating an insightful use of negative space and shape recognition. This clever reinterpretation of basic elements showcases imaginative thinking."
AI,I,../data/AI/prompt_1/stimuli_I/Dalle19.png,"{8}

The transformation from the simple outline on the left to the intricate design on the right demonstrates high creativity. The artist used the basic shape as a foundation and added elaborate elements like the circular frame, profile silhouette, and laurel branches. The composition suggests artistic vision and skillful enhancement while maintaining balance and coherence."
AI,I,../data/AI/prompt_1/stimuli_I/Dalle20.png,"{9} The transformation from a simple shape into a detailed and imaginative drawing of a barbecue scene is highly creative. The artist effectively utilized minimal lines to create a complex and lively image. The interpretation is imaginative, showing excellent artistic vision and inventiveness."
AI,I,../data/AI/prompt_1/stimuli_I/Dalle21.png,"{7}

The transformation of a simple arch shape into a more complex architectural or design concept displays a good level of creativity. Adding elements like the circular and rectangular shapes suggests an evolution from a basic form to a more structured and detailed illustration, indicating creative thinking in visual design."
AI,I,../data/AI/prompt_1/stimuli_I/Dalle22.png,"{8} The transformation from a simple lock outline to a handbag is creative. It maintains the basic arch shape and plays with line variation to represent the bag's structure and texture, demonstrating imaginative use of minimal elements to signify a completely different object."
AI,I,../data/AI/prompt_1/stimuli_I/Dalle23.png,"{9} This transformation is highly creative. The left image is a simple geometric shape, almost like an arch or a lock. The right image cleverly uses the lines to form a face with glasses, incorporating details like hair and expression in a minimalist style. The imagination and repurposing of simple lines into a recognizable figure shows ingenuity."
AI,I,../data/AI/prompt_1/stimuli_I/Dalle24.png,"{8}

The transformation from a simple, abstract arch shape to a more complex design with additional elements like the circular shape and decorative details shows a high level of creativity. The added elements give it a stylized and intricate appearance, enhancing the initial simplicity with more depth and character."
AI,I,../data/AI/prompt_1/stimuli_I/Dalle25.png,"{9} This transformation is highly creative. The original image is a simple, abstract shape, while the converted image shows a detailed outline of a human head, suggesting a clever use of lines and space. The artist successfully transforms basic elements into a complex and meaningful representation."
AI,I,../data/AI/prompt_1/stimuli_I/Dalle26.png,"{8}

The transformation from the left to the right image shows a high level of creativity. The initial simple outline has been elaborated with flowing, intricate lines and additional elements like the dot. This adds complexity and artistic flair while maintaining the basic structure of the original shape."
AI,I,../data/AI/prompt_1/stimuli_I/Dalle27.png,"{8}

The transformation from a simple geometric shape to a stylized human face is quite creative. The artist skillfully used minimal lines to create distinct facial features and added elements like hair to bring the character to life. The simplicity in design while achieving a recognizable form showcases innovative thinking."
AI,I,../data/AI/prompt_1/stimuli_I/Dalle28.png,"{8} The transformation from a simple, minimalistic outline to a complex, looping design shows a significant creative leap. The addition of fluid, interwoven lines gives the shape a dynamic and artistic quality while maintaining the original structure."
AI,I,../data/AI/prompt_1/stimuli_I/Dalle29.png,"{8}

The transformation from the simple arch shape into a complex and imaginative design demonstrates a high level of creativity. The artist uses the initial shape as a base and incorporates new elements like a circle, lines, and curves to form a symbolic or abstract figure within a circular frame. The innovative use of minimal lines to create a detailed and interesting image is striking."
AI,I,../data/AI/prompt_1/stimuli_I/Dalle30.png,"{9} 

The transformation from a minimalistic and abstract form to a detailed and expressive illustration demonstrates significant creativity. The artist effectively utilizes the original lines to form the basis of the face and hair, skillfully incorporating additional elements to create a coherent and engaging design."
AI,I,../data/AI/prompt_1/stimuli_I/Dalle31.png,"{8}

The transformation from a simple arch-like shape to an abstract composition with diverse shapes and lines shows a high level of creativity. The use of geometric elements and the interplay of black and white space adds complexity and visual interest. The piece effectively transforms minimalism into a dynamic abstract work."
AI,I,../data/AI/prompt_1/stimuli_I/Dalle32.png,"{9}

The transformation from simple lines to a detailed line drawing of a face is highly creative. The use of continuous lines to form an intricate representation demonstrates a strong sense of imagination and artistic skill. The contrast between the simplicity of the original and the complexity of the conversion shows a unique approach to reimagining a basic shape."
AI,I,../data/AI/prompt_1/stimuli_I/Dalle33.png,"{7} The transformation from a simple abstract shape to a more stylized and complex design is creative. The addition of fluid lines suggests movement and flow, adding depth to the original form. The reinterpretation invites curiosity and expands the original concept while maintaining its basic structure."
AI,I,../data/AI/prompt_1/stimuli_I/Dalle34.png,"{9} 

The transformation from the simple lock shape on the left to the detailed illustration of a handbag with decorative elements on the right shows a high level of creativity. The creator has expanded on the basic form to include multiple new elements while preserving an underlying structure. This indicates imaginative thinking and artistic skill."
AI,I,../data/AI/prompt_1/stimuli_I/Dalle35.png,"{9} 

The transformation from a simple arch-like shape into an intricate geometric structure is highly creative. The final image uses complex lines and forms to create a multidimensional effect, displaying a significant conceptual leap and artistic reinterpretation."
AI,I,../data/AI/prompt_1/stimuli_I/Dalle36.png,"{8}

The transformation from a simple geometric outline to an intricate abstract design is quite creative. The playful use of lines and shapes exhibits an imaginative reinterpretation of the original structure."
AI,I,../data/AI/prompt_1/stimuli_I/Dalle37.png,"{8} 

The transformation from the simple, minimalistic structure on the left to the intricate, abstract design on the right demonstrates a high level of creativity. The right image uses curves and overlapping lines to create a complex and visually interesting composition, adding layers and movement to the original simple form."
AI,I,../data/AI/prompt_1/stimuli_I/Dalle38.png,"{7}

The transformation from the abstract outline on the left to a cohesive structure on the right shows creative use of line and shape. The addition of intersecting lines and varied thickness creates a sense of depth and complexity, turning a simple form into something more visually interesting."
AI,I,../data/AI/prompt_1/stimuli_I/Dalle39.png,"{8}

The transformation from a simple arch shape to a more intricate design with added lines and curves shows a creative reinterpretation. The added elements suggest a dynamic and playful approach, transforming a basic shape into something more complex and interesting."
AI,I,../data/AI/prompt_1/stimuli_I/Dalle40.png,"{8}

The transformation from a simple outline into a more intricate and layered design, involving additional lines and a detailed floral element, shows a high level of creativity. It turns a basic shape into something with depth and symbolism, merging geometric and organic imagery effectively."
AI,I,../data/AI/prompt_1/stimuli_I/Dalle41.png,"{8}

The transformation from a basic geometric shape to a creative, abstract figure shows a high level of imagination. The artist cleverly used the minimal lines of the left image to construct a playful and unexpected form on the right, resembling a bird or character. The reinterpretation is both inventive and engaging."
AI,I,../data/AI/prompt_1/stimuli_I/Dalle42.png,"{8}

The transformation from the simple, minimalistic design on the left to the complex, layered geometric design on the right shows a high level of creativity. The use of intricate shapes and overlapping lines adds depth and visual interest, significantly enhancing the original image."
AI,I,../data/AI/prompt_1/stimuli_I/Dalle43.png,"{8}

The transformation from a simple, minimalistic shape to a detailed cityscape with a vase demonstrates a high level of creativity. The artist effectively utilized the original shape as a framework to construct a busy, intricate scene, showing a significant leap in complexity and imagination."
AI,I,../data/AI/prompt_1/stimuli_I/Dalle44.png,"{9}

The transformation from simple, abstract lines on the left to a detailed, artistic face on the right demonstrates a high level of creativity. The artist creatively repurposed the initial shapes into features of the face, adding intricate details and additional elements like geometric shapes to enhance the design. This imaginative reinterpretation shows a strong creative vision."
AI,I,../data/AI/prompt_1/stimuli_I/Dalle45.png,"{8}

The transformation from the simple outline on the left to the complex and layered structure on the right shows a strong creative approach. The addition of multiple lines and a triangular element adds depth and visual interest, maintaining the basic arch form while enhancing its complexity."
AI,I,../data/AI/prompt_1/stimuli_I/Dalle46.png,"{8} The transformation from a simple, minimalistic design to a complex, abstract form demonstrates a high level of creativity. The addition of numerous overlapping elliptical shapes and lines provides an intricate and dynamic appearance while still incorporating the original shape. This creative approach shows an interesting blend of structure and chaos."
AI,I,../data/AI/prompt_1/stimuli_I/Dalle47.png,"{7}

The transformation from a simple, minimalistic shape to a more complex abstract design is quite inventive. The artist took a basic structure and creatively expanded it into an intricate composition, showcasing an imaginative approach. However, the level of abstraction might limit immediate interpretation or connection for some viewers."
AI,I,../data/AI/prompt_1/stimuli_I/Dalle48.png,"{9}

The transformation from a simple shape in the left image to a complex, stylized face in the right image demonstrates a high level of creativity. The artist effectively used minimal lines to depict facial features and added distinct visual elements while maintaining a unique style, showing both innovation and artistic skill."
AI,I,../data/AI/prompt_1/stimuli_I/Dalle49.png,"{8} The transformation from the simple geometric shape on the left to the expressive abstract form on the right demonstrates a high level of creativity. The addition of lines and shapes adds complexity and personality, showcasing an imaginative reinterpretation while still retaining some elements of the original shape."
AI,I,../data/AI/prompt_1/stimuli_I/Dalle50.png,"{9}

The transformation from a simple, minimalistic shape into a complex, abstract face showcases high creativity. The addition of geometric elements and an eye in the center creates a striking and unexpected design, demonstrating imaginative use of the original form."
AI,R,../data/AI/prompt_1/stimuli_R/Dalle01.png,"{8}

The transformation from the simple geometric lines on the left to the intricate abstract design on the right shows a high degree of creativity. The artist has taken basic elements and developed a complex and multidimensional pattern, suggesting a creative exploration of form and structure."
AI,R,../data/AI/prompt_1/stimuli_R/Dalle02.png,"{8}

The transformation from the left image to the right image shows a significant level of creativity. The simple angled lines in the original image were expanded into a complex geometric design involving overlapping shapes like triangles and rectangles. The composition has been enriched considerably, showing an inventive approach to developing a simple pattern into a more intricate design."
AI,R,../data/AI/prompt_1/stimuli_R/Dalle03.png,"{8}

The transformation from the simple geometric shapes on the left to the complex overlapping lines and patterns on the right is quite creative. It shows a significant increase in complexity and artistic flair, turning basic lines into an intricate design with depth and structure."
AI,R,../data/AI/prompt_1/stimuli_R/Dalle04.png,"{8}

The transformation from simple lines to a detailed sketch of a cabinet is quite creative. The artist reimagined basic shapes into a structured and recognizable object, showing imagination and skill in design."
AI,R,../data/AI/prompt_1/stimuli_R/Dalle05.png,"{8}

The transformation from the simple, minimalistic lines on the left to a complex geometric design on the right demonstrates significant creativity. The artist has skillfully layered shapes and created a visually intriguing pattern. The geometric complexity adds depth and artistic flair, showcasing an imaginative reinterpretation of the original elements."
AI,R,../data/AI/prompt_1/stimuli_R/Dalle06.png,"{8}

The transformation from the simple geometric shapes on the left to a complex, layered design on the right is highly creative. The artist has skillfully manipulated and expanded on the original concept, incorporating dynamic lines and overlapping forms. This adds depth and movement, making the composition visually interesting."
AI,R,../data/AI/prompt_1/stimuli_R/Dalle07.png,"I'd rate the creativity at {8}.

The transformation from a simple geometric shape to a complex, intricate design is quite imaginative. The added patterns and shapes create a detailed, abstract look that shows a significant level of creativity and artistic interpretation."
AI,R,../data/AI/prompt_1/stimuli_R/Dalle08.png,"{7}

The transformation from the simple angular lines to a complex layered square pattern demonstrates a creative reinterpretation. The addition of multiple layers and the incorporation of curves and overlaps add depth and complexity. The creativity lies in the unexpected transformation and the intricate design of the right image, providing a contrast to the minimalism of the left image."
AI,R,../data/AI/prompt_1/stimuli_R/Dalle09.png,"{8}

The transformation effectively turns a simple geometric shape into a complex, abstract composition. The original structure is creatively reimagined with dynamic lines and forms, demonstrating a strong conceptual leap and artistic vision."
AI,R,../data/AI/prompt_1/stimuli_R/Dalle10.png,"{8}

The transformation from simple geometric shapes to a complex design demonstrates a high level of creativity. The original basic lines have been imaginatively expanded into a detailed structure, incorporating vertical lines and additional elements that give a sense of motion and direction. This shows a significant evolution in complexity and design thinking."
AI,R,../data/AI/prompt_1/stimuli_R/Dalle11.png,"{8} 

The transformation from basic lines into a stylized design incorporating a flower and arrows demonstrates significant creativity. The minimal outline has been expanded into a complex and aesthetically pleasing illustration, showcasing imaginative thinking and artistic skill."
AI,R,../data/AI/prompt_1/stimuli_R/Dalle12.png,"{8}

The transformation from the simple geometric lines on the left to the intricate, overlapping shapes on the right shows a high level of creativity. The artist took a minimalistic design and expanded it into a complex, abstract composition, utilizing various triangles and lines to create depth and visual interest. The creativity lies in the imaginative expansion and layering that provide an entirely new visual experience."
AI,R,../data/AI/prompt_1/stimuli_R/Dalle13.png,"{8} The transformation from simple, disconnected lines to a complex geometric composition shows a high level of creativity. The right image takes the minimal elements of the left and creates a dynamic and intricate pattern, demonstrating a strong conceptual leap."
AI,R,../data/AI/prompt_1/stimuli_R/Dalle14.png,"{9}

The transformation from a simple geometric shape on the left to a complex, intricate design on the right demonstrates high creativity. The use of lines to create a multi-layered pattern with artistic floral elements adds depth and visual interest, showcasing innovative design skills."
AI,R,../data/AI/prompt_1/stimuli_R/Dalle15.png,"{7} 

The transformation from the left image to the right image demonstrates significant creativity. The initial image is minimalistic with only a few straight lines, while the second image expands into a complex, abstract composition. The creative use of lines and shapes to produce an intricate design from a simple form showcases an imaginative approach."
AI,R,../data/AI/prompt_1/stimuli_R/Dalle16.png,"{8}

The transformation from simple, minimal lines to a complex geometric structure shows a high level of creativity. The artist expanded the basic elements into an intricate design, demonstrating innovative use of lines and shapes."
AI,R,../data/AI/prompt_1/stimuli_R/Dalle17.png,"{8} 

The transformation from a minimal, geometric shape on the left to a complex, abstract design on the right shows a high level of creativity. The addition of intersecting lines, varied angles, and additional shapes creates an intricate and visually engaging composition, demonstrating an imaginative reinterpretation of the original design."
AI,R,../data/AI/prompt_1/stimuli_R/Dalle18.png,"{8}

The transformation from the minimal and geometric design on the left to an abstract, intricate composition on the right is quite creative. The artist creatively adds complexity and dimension, transforming simple lines into a dynamic and expressive piece. This indicates a high level of imagination and artistic interpretation."
AI,R,../data/AI/prompt_1/stimuli_R/Dalle19.png,"{8} The transformation from a simple geometric shape to a detailed design resembling an insect showcases a creative use of lines and symmetry. The artist effectively incorporated additional elements to create a recognizable and intricate form, demonstrating imagination and innovation."
AI,R,../data/AI/prompt_1/stimuli_R/Dalle20.png,"{8}

The transformation from the left image to the right shows a significant increase in complexity and depth. The simple lines have been creatively expanded into an intricate geometric design that is visually engaging. The added lines create a sense of dimension and dynamic movement, making the right image much more visually interesting."
AI,R,../data/AI/prompt_1/stimuli_R/Dalle21.png,"{9}

The transformation from a simple geometric design to a complex, abstract image resembling a bird is highly creative. The use of lines and shapes to form detailed patterns and contours shows originality and imagination."
AI,R,../data/AI/prompt_1/stimuli_R/Dalle22.png,"{9} The transformation from simple lines to an intricate abstract design demonstrates high creativity. The right image creatively builds on the basic shapes by adding details, flow, and complexity, creating an artistic and imaginative composition."
AI,R,../data/AI/prompt_1/stimuli_R/Dalle23.png,"{9}

The transformation from a simple, abstract geometric design on the left to a complex, abstract portrait incorporating organic shapes like leaves on the right demonstrates high creativity. The artist effectively reimagined a minimalistic structure into an expressive and dynamic composition, adding depth and personality."
AI,R,../data/AI/prompt_1/stimuli_R/Dalle24.png,"{9}

The transformation from a simple geometric outline on the left to a complex, symmetrical design on the right demonstrates a high level of creativity. It shows imaginative use of line variation and symmetry to create depth and a sense of intricate detail. The artist has effectively expanded a minimal concept into something much more visually engaging."
AI,R,../data/AI/prompt_1/stimuli_R/Dalle25.png,"{8}

The transformation from simple geometric lines to a complex, ornate design is highly creative. The artist has taken basic shapes and integrated them into an intricate pattern, potentially symbolizing something more elaborate. The addition of circular and spiral motifs adds depth and interest, showcasing imaginative use of linework."
AI,R,../data/AI/prompt_1/stimuli_R/Dalle26.png,"{7}

The transformation from the minimalist design on the left to the more complex image on the right shows a creative approach in interpreting simple lines into a detailed structure. The addition of various elements like intersecting lines and geometrical shapes displays good imagination. However, the connection between the elements could be clearer to convey a more distinct concept."
AI,R,../data/AI/prompt_1/stimuli_R/Dalle27.png,"{8}

The transformation is quite creative, moving from simple lines to a complex geometric design. The original image has been expanded into an intricate pattern, showing imaginative use of shapes and symmetry."
AI,R,../data/AI/prompt_1/stimuli_R/Dalle28.png,"{8}

The transformation from the simple geometric design on the left to the more complex and layered geometric pattern on the right demonstrates a high level of creativity. The artist has taken a minimalistic starting point and expanded it into an intricate arrangement of lines and shapes, adding depth and complexity while maintaining a cohesive style."
AI,R,../data/AI/prompt_1/stimuli_R/Dalle29.png,"{9}

The transformation from a simple geometric shape to a complex abstract design shows a high level of creativity. The artist has expanded the minimal initial form into something intricate and visually engaging, incorporating various shapes and patterns. The use of geometric motifs and lines adds depth and interest, showing a strong creative vision."
AI,R,../data/AI/prompt_1/stimuli_R/Dalle30.png,"{8}

The transformation from the simple geometric shapes on the left to the intricate floral design on the right is highly creative. The artist skillfully integrated additional elements and curves to form a complex and visually interesting image, demonstrating a strong imagination and artistic ability."
AI,R,../data/AI/prompt_1/stimuli_R/Dalle31.png,"{9} 

The transformation from simple lines to a detailed abstract design is highly creative. It cleverly incorporates geometric shapes and facial features, demonstrating a strong sense of imagination and artistic interpretation."
AI,R,../data/AI/prompt_1/stimuli_R/Dalle32.png,"{8}

The transformation from simple lines on the left into a complex, abstract geometric design on the right shows a high level of creativity. The addition of multiple intersecting shapes and a central abstract form adds depth and interest. The dynamic composition creates an engaging visual experience."
AI,R,../data/AI/prompt_1/stimuli_R/Dalle33.png,"{8}

The transformation from a simple geometric shape to a complex, ornate design is creative. The use of line repetition and variation adds depth and visual interest, effectively turning minimal elements into an intricate pattern. The creativity lies in the ability to perceive potential in simplicity and expand upon it."
AI,R,../data/AI/prompt_1/stimuli_R/Dalle34.png,"{9} 

The transformation from the simple geometric shapes on the left into a detailed, abstract image on the right shows a high level of creativity. The right image creatively expands on the simple lines to form a more complex composition, suggesting imaginative thinking and artistic interpretation."
AI,R,../data/AI/prompt_1/stimuli_R/Dalle35.png,"{8}

The transformation from simple lines to a detailed profile is highly creative. It demonstrates a clever use of minimal shapes to form a recognizable human face. The creative leap shows a unique perspective and artistic imagination."
AI,R,../data/AI/prompt_1/stimuli_R/Dalle36.png,"{8}

The transformation from the left image to the right image demonstrates a high level of creativity. The original simple geometric shape is expanded into a complex and dynamic composition with added curves and intersecting lines. This creates a sense of movement and depth, significantly enhancing the visual appeal."
AI,R,../data/AI/prompt_1/stimuli_R/Dalle37.png,"{8}

The transformation from a minimal open shape to a complex geometric design resembling a diamond is creative. The addition of internal lines and shapes to form a structured, gem-like appearance demonstrates inventive use of line work and symmetry."
AI,R,../data/AI/prompt_1/stimuli_R/Dalle38.png,"{8}

The creativity here is notable. The conversion transforms the simple geometric shapes into an intricate and abstract design. New elements like additional lines and shapes are introduced, which adds complexity and depth. This demonstrates imaginative thinking and a willingness to experiment."
AI,R,../data/AI/prompt_1/stimuli_R/Dalle39.png,"{9}

The transformation from the minimal, abstract shapes on the left to the intricate, detailed scene on the right shows a high level of creativity. The artist turned simple lines into a rich composition with elements like raindrops, a leaf, and grass. The imaginative use of basic shapes to create a nature-inspired illustration demonstrates a creative flair and thoughtfulness in design."
AI,R,../data/AI/prompt_1/stimuli_R/Dalle40.png,"{7}

The transformation from the simple geometric shapes in the left image to a more complex kite-like design in the right image demonstrates a creative use of lines and geometric forms. The additional elements add interest and suggest a different concept, moving from abstract shapes to a recognizable object. The creativity is notable, though the execution could be more refined for a higher rating."
AI,R,../data/AI/prompt_1/stimuli_R/Dalle41.png,"{7}

The transformation shows considerable creativity. The simple lines in the left image have been expanded into a more complex structure on the right, incorporating geometric shapes and symmetry. The addition of various shapes demonstrates an imaginative approach, though it still seems structured and methodical rather than abstract or highly intricate."
AI,R,../data/AI/prompt_1/stimuli_R/Dalle42.png,"{9}

The transformation from the left image to the right image shows a high level of creativity. The original simple lines have been expanded into a complex, detailed pattern that resembles a stylized pen drawing. The addition of intricate textures and forms adds depth and interest, demonstrating creative thinking and artistic skill."
AI,R,../data/AI/prompt_1/stimuli_R/Dalle43.png,"{8}

Explanation: The transformation from the simple geometric shapes on the left to the complex and layered arrangement of triangles and squares on the right shows substantial creativity. The artist has taken minimal elements and developed them into an intricate, abstract design. The complexity and balance in the composition demonstrate imaginative expansion, while maintaining a cohesive structure from the original elements."
AI,R,../data/AI/prompt_1/stimuli_R/Dalle44.png,"{9} The transformation from simple geometric lines to an intricate geometric face is highly creative. The right image demonstrates skillful use of shapes and lines to create a complex and interesting design, showing a significant leap in concept and detail."
AI,R,../data/AI/prompt_1/stimuli_R/Dalle45.png,"{8}

The transformation from simple, unconnected lines to a complex geometric pattern is quite creative. The artist significantly expanded the design, incorporating layered triangles and intersecting lines to form an intricate mandala-like structure, which shows effective use of symmetry and pattern."
AI,R,../data/AI/prompt_1/stimuli_R/Dalle46.png,"{9}

The transformation from simple geometric shapes on the left to an intricate, symmetrical pattern on the right demonstrates significant creativity. It involves not only adding complexity but also incorporating organic and decorative elements, turning minimal lines into a detailed artistic motif."
AI,R,../data/AI/prompt_1/stimuli_R/Dalle47.png,"{8}

The transformation from abstract lines in the first image to a detailed and recognizable shape like an ice cream cone in the second image is creative. The artist adds significant detail and context where there was very little, demonstrating imaginative thinking."
AI,R,../data/AI/prompt_1/stimuli_R/Dalle48.png,"{8}

The transformation from a simple geometric shape to a complex, dynamic pattern of triangles is quite creative. The artist effectively used the basic lines as a foundation and expanded upon them to create a layered and intricate design, showcasing imagination and an eye for abstract art."
AI,R,../data/AI/prompt_1/stimuli_R/Dalle49.png,"{7}

The transformation from simple geometric lines to a more complex, three-dimensional shape shows a good level of creativity. The designer took minimal elements and developed them into something visually interesting and structured. The approach is imaginative, although the final form resembles a common object, indicating room for increased novelty."
AI,R,../data/AI/prompt_1/stimuli_R/Dalle50.png,"{8}

The transformation from the simple geometric outline on the left to the complex arrangement of shapes on the right demonstrates significant creativity. The use of overlapping and varied geometric forms creates a dynamic and abstract composition, adding depth and visual interest."
AI,G,../data/AI/prompt_2/stimuli_G/Dalle01.png,"{9}

The transformation of simple lines and curves into a detailed and imaginative scene is highly creative. The initial abstract shape on the left is cleverly developed into a bottle within a container on the right. The use of minimal elements to suggest a complex idea demonstrates significant imagination and skill."
AI,G,../data/AI/prompt_2/stimuli_G/Dalle02.png,"{8}

The transformation from the simple lines and arcs on the left to a detailed image of a soda can with intricate designs and straws is quite creative. The artist used minimal elements to build a complex and recognizable object, showcasing both imagination and skill. The interpretation adds character and visual interest, demonstrating innovative thinking."
AI,G,../data/AI/prompt_2/stimuli_G/Dalle03.png,"{8}

The transformation from a few simple lines to a detailed scene with a doorway and pathway is quite creative. It shows imaginative use of minimal elements to construct a recognizable and intriguing composition. The addition of a background with mountains also adds depth and context."
AI,G,../data/AI/prompt_2/stimuli_G/Dalle04.png,"{9}

The transformation from the simple, abstract shape on the left into a detailed, imaginative house on the right is highly creative. The artist has used the basic lines as a foundation and added intricate details like plants and a chimney to convert it into a cohesive and charming architectural scene."
AI,G,../data/AI/prompt_2/stimuli_G/Dalle05.png,"{9}

The transformation from simple, minimal lines into a detailed, organized bookshelf is highly creative. The artist took basic geometric shapes and envisioned them as a completely different, intricate scene. This showcases a high level of imagination and artistic skill."
AI,G,../data/AI/prompt_2/stimuli_G/Dalle06.png,"{9}

The transformation from simple lines into a detailed scene of a house under a dome is highly creative. The original elements are cleverly incorporated into the new design as part of the roof and structure, adding depth and storytelling. The addition of elements like windows, a slide, and rabbits displays imaginative thinking and artistic skill."
AI,G,../data/AI/prompt_2/stimuli_G/Dalle07.png,"{8} 

This transformation is quite creative. The initial simple lines were imaginatively expanded into a detailed and cohesive image resembling a window with shutters and hanging lamps. The use of arcs and lines to suggest a room or architectural structure shows a good level of creativity."
AI,G,../data/AI/prompt_2/stimuli_G/Dalle08.png,"{9}

The transformation from simple lines and curves into a detailed and thematic illustration is highly creative. The right image effectively incorporates a variety of elements like the globe, telephone, and food items, showing an imaginative leap from basic to complex. The addition of diverse objects while maintaining coherence indicates thoughtful creativity."
AI,G,../data/AI/prompt_2/stimuli_G/Dalle09.png,"{9} The transformation from simple lines and curves into a detailed trash bin scene shows a high level of creativity. The artist took minimal elements and reimagined them in a complex, dynamic composition, adding motion and context with the garbage bag and lines, which effectively convey a sense of environment and story."
AI,G,../data/AI/prompt_2/stimuli_G/Dalle10.png,"{8}

The transformation from simple lines to a detailed pineapple design is creative. The original minimal lines were expanded upon to create a recognizable object with texture and additional elements, demonstrating imaginative thinking."
AI,G,../data/AI/prompt_2/stimuli_G/Dalle11.png,"{9} The transformation from a simple set of lines to a detailed, imaginative artwork displaying a cat in a mirror is highly creative. The artist used minimal shapes as a base to develop a whimsical scene, adding complex elements like plants and vases. The creativity lies in the clever reinterpretation of basic forms into an engaging image."
AI,G,../data/AI/prompt_2/stimuli_G/Dalle12.png,"{8}

The transformation is quite creative. The left image, which initially suggests abstract lines, is cleverly converted into a stylized igloo with a door and a crescent moon. The addition of these elements while maintaining the same foundational shape reflects an imaginative reinterpretation of simple forms."
AI,G,../data/AI/prompt_2/stimuli_G/Dalle13.png,"{8}

The transformation from simple, minimalistic lines to a detailed illustration of a plate with bread and a knife is quite imaginative. The creator likely saw potential in the abstract forms to invoke a completely different context, showcasing creativity and vision."
AI,G,../data/AI/prompt_2/stimuli_G/Dalle14.png,"{9} This is a highly creative transformation. The simple lines on the left are cleverly expanded into a detailed structure on the right, incorporating elements like a door and plants. The use of minimal initial shapes to inspire a complete scene demonstrates imaginative thinking and artistic skill."
AI,G,../data/AI/prompt_2/stimuli_G/Dalle15.png,"{9}

The transformation from simple lines into a whimsical scene with a face and additional elements is highly creative. The artist utilized minimal shapes to create an imaginative and engaging image, showing a strong sense of innovation and playfulness."
AI,G,../data/AI/prompt_2/stimuli_G/Dalle16.png,"{9}

The transformation from simple lines to a detailed still life display is highly creative. The basic shapes were reimagined to create a complete scene with fruits and a table, showing impressive imagination and artistic ability."
AI,G,../data/AI/prompt_2/stimuli_G/Dalle17.png,"{9}

The transformation from simple lines and arcs into a more complex and artistic depiction of a scene involving a window, flower, and cactus shows a high level of creativity. The original lines were effectively reimagined into a cohesive, imaginative illustration. The use of minimal initial elements to create an entire scene demonstrates inventiveness and skillful reinterpretation."
AI,G,../data/AI/prompt_2/stimuli_G/Dalle18.png,"{8} 

The transformation from a simple, abstract shape to a detailed, intricate drawing of a table with decorative elements is quite creative. The artist effectively uses the initial shapes as a foundation and builds a complex scene, demonstrating imagination and skill."
AI,G,../data/AI/prompt_2/stimuli_G/Dalle19.png,"{8}

The transformation from a simple and minimalistic set of lines on the left to a detailed and imaginative scene on the right is quite creative. The artist successfully expanded on the basic shapes to construct a complex image, adding depth and narrative elements. The composition shows a strong sense of creativity by using the initial lines as part of a larger, inventive drawing."
AI,G,../data/AI/prompt_2/stimuli_G/Dalle20.png,"{9} The transformation cleverly uses the simple lines of the left image to develop a complex and imaginative scene on the right. Incorporating elements like a lamp, plant, and additional details demonstrates a high level of creativity and innovation, turning a basic shape into a detailed and interesting illustration."
AI,G,../data/AI/prompt_2/stimuli_G/Dalle21.png,"{8}

The transformation from a simple geometric shape to a detailed drawing of a cozy cafe setting shows a high level of creativity. The artist effectively reimagined basic lines into a more complex and imaginative scene, incorporating various elements like a coffee cup, croissant, and other objects to create a cohesive and thematic image. This demonstrates a strong ability to use minimal initial input to inspire a rich, detailed output."
AI,G,../data/AI/prompt_2/stimuli_G/Dalle22.png,"{8}

The transformation from simple lines to a detailed scene with a house, trees, and other elements shows a high level of creativity. The artist uses minimal initial shapes as a foundation to create a coherent, imaginative scene. The elements like the landscape and objects add personality and context to the final image."
AI,G,../data/AI/prompt_2/stimuli_G/Dalle23.png,"{8} The transformation from the simple abstract lines in the left image into a detailed scene in the right image is quite creative. The artist effectively utilized the basic shapes to form a detailed structure resembling a house, incorporating additional elements like a plant and a hose to enhance the scene's complexity and narrative."
AI,G,../data/AI/prompt_2/stimuli_G/Dalle24.png,"{8}

The transformation from simple, abstract lines into a detailed, imaginative scene is highly creative. The addition of various elements like plants and objects adds depth and context, showing a clever use of basic shapes to create a complex image."
AI,G,../data/AI/prompt_2/stimuli_G/Dalle25.png,"{8}

The transformation from simple and minimal lines on the left to a detailed, elegant vase design on the right shows a high level of creativity. It takes a basic shape and reimagines it into something intricate and artistic. The addition of curves and details adds depth and interest, while still maintaining a cohesive style."
AI,G,../data/AI/prompt_2/stimuli_G/Dalle26.png,"{7}

The transformation from simple shapes to a house showcases a creative use of basic elements. The semicircle becomes the main arch, while the lines form the door and structure, demonstrating an imaginative redesign. Adding windows and a roof adds to the complexity, making it an effective artistic conversion."
AI,G,../data/AI/prompt_2/stimuli_G/Dalle27.png,"{8}

The transformation from simple lines on the left to a detailed igloo scene on the right is quite creative. The artist effectively used minimal elements of the original image to construct a more complex and recognizable structure, showcasing strong imagination and design skills. The incorporation of texture and depth adds to the creativity."
AI,G,../data/AI/prompt_2/stimuli_G/Dalle28.png,"{8}

The transformation from simple lines and curves into a detailed drawing of a structure, including a door and steps, demonstrates a high level of creativity. The artist has effectively expanded minimal initial elements into a complete scene, showing imaginative thinking and vision."
AI,G,../data/AI/prompt_2/stimuli_G/Dalle29.png,"{8} The transformation from a few simple lines into a detailed illustration of a building with plants is imaginative. It demonstrates the ability to envision a complex scene from minimal elements, using the initial shapes effectively as part of the final composition."
AI,G,../data/AI/prompt_2/stimuli_G/Dalle30.png,"{8}

The transformation from a minimal outline to a detailed sketch of a bed is quite creative. The initial simple shapes are cleverly used to form part of the bed frame and canopy in the final image. The concept of seeing a bed within the abstract and minimal lines shows a high level of creativity and imagination."
AI,G,../data/AI/prompt_2/stimuli_G/Dalle31.png,"{9}

The transformation from simple geometric lines on the left to a detailed illustration of a cactus in a mug within an archway on the right is quite creative. The artist used minimal elements to inspire a more complex and imaginative scene, demonstrating a high level of creativity in visual interpretation."
AI,G,../data/AI/prompt_2/stimuli_G/Dalle32.png,"{9}

The transformation from simple lines to a detailed image of a door with intricate elements is highly creative. The initial minimal shapes are cleverly used to form a complex and coherent design, demonstrating imaginative thinking and artistic skill."
AI,G,../data/AI/prompt_2/stimuli_G/Dalle33.png,"{8}

The transformation from a simple outline to a window scene with added elements like plants and butterflies demonstrates a high level of creativity. The artist took basic geometric shapes and reimagined them into a more complex, aesthetically pleasing design with natural motifs. The incorporation of various elements while maintaining balance in the composition showcases thoughtfulness and creativity."
AI,G,../data/AI/prompt_2/stimuli_G/Dalle34.png,"{8}

The transformation from a simple arc and lines to a detailed bus illustration is quite imaginative. The artist has expanded on minimal shapes to create a complex and recognizable scene, adding elements like wheels and windows while maintaining the original arc's curvature in the bus's roof. This showcases inventive thinking and artistic skill."
AI,G,../data/AI/prompt_2/stimuli_G/Dalle35.png,"{9} The transformation from the simple lines and arcs into a detailed illustration of a chair with a laptop, accompanied by a cup, showcases high creativity. The artist effectively uses minimalistic elements and reimagines them into a coherent and interesting scene, demonstrating inventive thinking and skillful execution."
AI,G,../data/AI/prompt_2/stimuli_G/Dalle36.png,"{8} The transformation from minimal lines and arcs into a stylized, detailed microwave and toast is inventive. The creator demonstrates a strong ability to see potential in simple shapes, using curves and parallel lines to construct a recognizable and playful image."
AI,G,../data/AI/prompt_2/stimuli_G/Dalle37.png,"{8}

The transformation from simple, minimal lines on the left to a more detailed and imaginative image on the right shows a high level of creativity. The original lines are reinterpreted into a coherent and complex design, thinking beyond the simplicity of the initial shapes."
AI,G,../data/AI/prompt_2/stimuli_G/Dalle38.png,"{9}

The transformation from simple geometric shapes to a detailed indoor scene demonstrates high creativity. The original lines are cleverly repurposed into a room decor with a shelf and artwork, showing a strong imagination and ability to extrapolate from minimal elements."
AI,G,../data/AI/prompt_2/stimuli_G/Dalle39.png,"{8}

The transformation demonstrates a high level of creativity. The minimalist lines in the left image have been cleverly elaborated into a complex structure in the right image. The artist has taken basic shapes and reimagined them into a detailed and meaningful composition, which shows inventive thinking and skill."
AI,G,../data/AI/prompt_2/stimuli_G/Dalle40.png,"{8}

The transformation from the simple, minimalistic design on the left to the complex, intricate pattern on the right shows a high level of creativity. The artist has expanded on the basic shapes significantly, introducing multiple geometric elements and symmetry, demonstrating an inventive use of lines and curves."
AI,G,../data/AI/prompt_2/stimuli_G/Dalle41.png,"{8}

The transformation from the simple and minimalistic left image to the intricate and abstract right image displays a high degree of creativity. The artist has taken basic geometric shapes and expanded them into a complex composition, adding depth and layers while integrating various elements. The creative use of lines and circles to form new structures showcases imaginative thinking."
AI,G,../data/AI/prompt_2/stimuli_G/Dalle42.png,"{8} 

The transformation from a simple, minimalistic arrangement of lines into a more complex and abstract design is quite creative. The right image takes the basic shapes from the left and reimagines them in a way that suggests different forms and meanings, displaying a noteworthy level of artistic reinterpretation."
AI,G,../data/AI/prompt_2/stimuli_G/Dalle43.png,"{9}

The transformation from the simple, abstract lines in the left image to a detailed birdcage with a bird in the right image demonstrates high creativity. The artist cleverly used minimal shapes and added intricate details to suggest a completely different concept, showcasing imagination and skill."
AI,G,../data/AI/prompt_2/stimuli_G/Dalle44.png,"{8}

The transformation from simple lines into a structured dome with a window is quite creative. It demonstrates imaginative use of minimal elements to create a cohesive and recognizable form. The addition of details like the window adds depth to the original concept."
AI,G,../data/AI/prompt_2/stimuli_G/Dalle45.png,"{8} 

The transformation from a simple geometric shape to a more intricate design with additional elements like the flower and layered circles demonstrates a high level of creativity. The artist effectively expands on the basic lines and arcs to create a more complex and aesthetically appealing composition."
AI,G,../data/AI/prompt_2/stimuli_G/Dalle46.png,"{8}

The transformation of simple lines into a more complex and recognizable form shows a high level of creativity. The original abstract shapes are skillfully developed into a detailed and coherent design, demonstrating originality and artistic insight."
AI,G,../data/AI/prompt_2/stimuli_G/Dalle47.png,"{8}

The creativity is quite impressive. The simple arc and lines on the left were transformed into a detailed and complex line drawing. The design on the right incorporates additional elements and depth, crafting a recognizable object out of minimalist shapes."
AI,G,../data/AI/prompt_2/stimuli_G/Dalle48.png,"{7}

The transformation from a simple umbrella shape to a complex architectural structure exhibits a creative use of minimal elements to develop a detailed and imaginative concept. The reinterpretation shows originality, although the connection between the two is not immediately clear, which slightly reduces the impact."
AI,G,../data/AI/prompt_2/stimuli_G/Dalle49.png,"{8}

The transformation from simple, minimalistic lines into a more complex architectural design shows high creativity. The initial image is abstract and open to interpretation, and the final result uses these basic shapes to create a detailed cross-section of a futuristic building. The imaginative leap from simplicity to complexity is quite impressive."
AI,G,../data/AI/prompt_2/stimuli_G/Dalle50.png,"{9}

The transformation from simple lines to a detailed cityscape is highly creative. It shows impressive use of imagination to develop a complex scene from a minimal starting point. The intricate and abstract style adds depth, making the end result visually appealing and inventive."
AI,I,../data/AI/prompt_2/stimuli_I/Dalle01.png,"{8}

The transformation from the simple outline of a lock to a playful, anthropomorphized character involves a high degree of creativity. The creator added eyes and a dynamic posture, turning an ordinary object into something with personality and character. This imaginative conversion deserves recognition for cleverness and creativity."
AI,I,../data/AI/prompt_2/stimuli_I/Dalle02.png,"{8} 

The conversion from a simple, abstract shape into a detailed illustration depicting a stylized person holding a handbag involves a clever reinterpretation of the original lines into recognizable forms. The addition of the plant inside the bag adds an artistic touch, enhancing the overall creativity of the transformation."
AI,I,../data/AI/prompt_2/stimuli_I/Dalle03.png,"{8}

The transformation of a simple lock outline into a creatively detailed bucket with floral designs and a handle is quite imaginative. It’s a clever reinterpretation, showing an artistic vision in transforming basic shapes into more complex and meaningful illustrations."
AI,I,../data/AI/prompt_2/stimuli_I/Dalle04.png,"{7} The conversion shows a creative transformation of a simple outline into a complex abstract drawing. The right image significantly elaborates on the basic lines, adding depth and a sense of artistic exploration. The creativity lies in how the simple shape is reimagined into a more detailed and dynamic composition, though it might lack thematic coherence."
AI,I,../data/AI/prompt_2/stimuli_I/Dalle05.png,"{8}

The transformation from a simple half-circle and lines to a detailed stick figure welding scene is quite creative. The use of minimal lines to suggest a complex activity and equipment shows imagination and resourcefulness."
AI,I,../data/AI/prompt_2/stimuli_I/Dalle06.png,"{8}

The transformation from a simple abstract shape to a detailed hand reaching into a box demonstrates a high level of creativity. The artist used the original shape as a foundational element and expanded it into a dynamic and interesting scene, showing imaginative thinking and skill."
AI,I,../data/AI/prompt_2/stimuli_I/Dalle07.png,"{9} The transformation from a simple outline to a detailed abstract drawing is highly creative. The artist took basic shapes and developed them into a complex scene with character, incorporating various elements like a face, objects, and a plant, demonstrating both imagination and artistic skill."
AI,I,../data/AI/prompt_2/stimuli_I/Dalle08.png,"{8} The transformation from a simple arch-like outline into a detailed handbag illustration showcases impressive creativity. The artist took a basic shape and turned it into a recognizable object with added elements like handles and embellishments, demonstrating imaginative thinking and skillful execution."
AI,I,../data/AI/prompt_2/stimuli_I/Dalle09.png,"{9}

The transformation from a simple outline into an intricate scene featuring an apple in a dome shows a high level of creativity. The addition of elements to create a cohesive and imaginative picture demonstrates cleverness in design and concept."
AI,I,../data/AI/prompt_2/stimuli_I/Dalle10.png,"{9}

The transformation from the simple outline on the left to the detailed kettle and snail scene on the right is quite imaginative. The artist creatively reinterpreted the basic shapes into a coherent and whimsical image, showcasing high creativity."
AI,I,../data/AI/prompt_2/stimuli_I/Dalle11.png,"{8} The transformation from a simple, abstract shape to a detailed bag illustration shows a high level of creativity. The artist has skillfully used the basic outline as the framework for a functional and recognizable object, demonstrating imaginative thinking."
AI,I,../data/AI/prompt_2/stimuli_I/Dalle12.png,"{8}

The transformation from a simple abstract shape to a detailed illustration of bags and containers is inventive. The original lines are creatively used to form various elements in the new image, showing an imaginative reinterpretation."
AI,I,../data/AI/prompt_2/stimuli_I/Dalle13.png,"{8} The transformation from a simple keyhole shape to a stylized representation of the Mona Lisa within a lock is creative. It cleverly incorporates art within a familiar everyday object, using minimal lines to convey a recognizable concept."
AI,I,../data/AI/prompt_2/stimuli_I/Dalle14.png,"{9}

The transformation of a simple line drawing into a detailed scene featuring fruits and a container is highly creative. The original shape is cleverly integrated into the new composition, showcasing imaginative thinking and artistic skill."
AI,I,../data/AI/prompt_2/stimuli_I/Dalle15.png,"{9} 

The transformation of a simple lock outline into an imaginative still life scene is highly creative. The composition cleverly retains the lock's outline in the shape of a lantern while integrating new elements like a vase and a sphere. The reinterpretation is both unexpected and visually interesting, showcasing inventive thinking."
AI,I,../data/AI/prompt_2/stimuli_I/Dalle16.png,"{8}

The transformation from a simple, minimalistic arch shape to a detailed handbag illustration is quite creative. The original lines were cleverly incorporated as part of the handle structure in the final image, showing an inventive use of space and line continuation. It's an imaginative and effective interpretation that adds complexity and identity to a simple design."
AI,I,../data/AI/prompt_2/stimuli_I/Dalle17.png,"{8} 

The conversion from a simple arch to a creative and abstract image resembling a face and a bag is quite imaginative. The added elements transform a basic shape into a playful and dynamic composition, showcasing both inventiveness and a good sense of line manipulation."
AI,I,../data/AI/prompt_2/stimuli_I/Dalle18.png,"{7} The transformation from a simple arch shape to a detailed sketch of a handbag shows a clever use of lines and form. The initial minimal shape is imaginatively extended into a recognizable object, demonstrating innovative thinking, although it retains simplicity."
AI,I,../data/AI/prompt_2/stimuli_I/Dalle19.png,"{8} 

The transformation from a simple geometric shape into a detailed handbag design is quite creative. The original shape is cleverly utilized as a structural element in the final drawing, and the addition of handles and accents enhances the final design significantly. This adaptation shows a good level of imagination and artistic skill."
AI,I,../data/AI/prompt_2/stimuli_I/Dalle20.png,"{9} The transformation is highly creative, turning a simple outline into a detailed image with various elements like a bag, leaves, and a drink. The addition of intricate details from a minimal starting shape demonstrates significant imagination and artistic skill."
AI,I,../data/AI/prompt_2/stimuli_I/Dalle21.png,"{7}

The transformation from a very simplistic outline to a detailed drawing of a handbag shows a creative conceptual leap. The clear structure of the initial lines formed the basis for the complex design of a bag, showcasing clever use of minimal elements to start with. However, it remains somewhat within conventional design boundaries."
AI,I,../data/AI/prompt_2/stimuli_I/Dalle22.png,"{8}

The transformation from a simple outline into a detailed depiction of a well with a bucket showcases a significant leap in creativity. The artist cleverly used the basic arch shape as the foundation, creatively incorporating additional elements to create a recognizable scene. The progression from abstract to illustrative is imaginative and demonstrates a strong creative vision."
AI,I,../data/AI/prompt_2/stimuli_I/Dalle23.png,"{7}

The transformation from a simple lock shape into what appears to be a clever depiction of a person holding a barred object (potentially a purse or bag) is creative. The artist has taken basic lines and reimagined them into a more complex and imaginative design. The use of the shape to suggest a different context shows good creative thinking."
AI,I,../data/AI/prompt_2/stimuli_I/Dalle24.png,"{9}

The transformation of the simple outline on the left into an intricate jukebox design on the right showcases a high level of creativity. The addition of geometric shapes and lines to form a recognizable object demonstrates imaginative thinking and artistic skill. The contrast between the minimalism of the original and the complexity of the final image highlights a creative leap."
AI,I,../data/AI/prompt_2/stimuli_I/Dalle25.png,"{8}

The transformation from a simple geometric shape to a stylized handbag sketch shows a high level of creativity. The lines have been cleverly reimagined to form a recognizable object, demonstrating an inventive interpretation while maintaining the core structure."
AI,I,../data/AI/prompt_2/stimuli_I/Dalle26.png,"{8}

The transformation from a simple arch-like shape to a stylized character is creative. The addition of facial features and other elements shows imaginative use of minimal lines to create a recognizable and expressive form."
AI,I,../data/AI/prompt_2/stimuli_I/Dalle27.png,"{9}

The transformation from a simple arched line drawing to a playful character holding what looks like a sack and wearing a hat or hood is highly imaginative. The creator successfully turned an abstract shape into a lively scene with character and action, showing a strong sense of creativity."
AI,I,../data/AI/prompt_2/stimuli_I/Dalle28.png,"{8}

The transformation creatively uses the simple lines in the left image to form a detailed and whimsical depiction of a hot air balloon in the right image. The addition of elements like the basket, ropes, and decorative bows adds charm and complexity."
AI,I,../data/AI/prompt_2/stimuli_I/Dalle29.png,"{7} The transformation from a simple outline to a quirky sketch shows creativity, especially by incorporating abstract elements and playful text. The interpretation is imaginative, but the concept could be expanded for more depth."
AI,I,../data/AI/prompt_2/stimuli_I/Dalle30.png,"{7}

The transformation from a simple arch shape to a more complex design with geometric elements and added details demonstrates a significant creative effort. The addition of new shapes and lines gives the right image a completely different interpretation, showcasing imaginative thinking."
AI,I,../data/AI/prompt_2/stimuli_I/Dalle31.png,"{8}

The transformation from a minimalistic lock shape to a detailed drawing of a handbag shows a high level of creativity. The use of the original shapes as part of the handbag's structure demonstrates imaginative thinking and the ability to see potential in simple forms."
AI,I,../data/AI/prompt_2/stimuli_I/Dalle32.png,{8} The transformation from a simple shape to an umbrella with rain is quite creative. The artist effectively uses minimal lines from the initial image to form a recognizable object and environment. It demonstrates cleverness in seeing potential in basic shapes and creating a more complex concept.
AI,I,../data/AI/prompt_2/stimuli_I/Dalle33.png,"{8}

The transformation from a simple, abstract shape into a detailed drawing of a gift bag and a dessert cup is quite creative. The artist cleverly uses the arcs and lines from the initial shape as structural elements in the final illustration, demonstrating an imaginative approach to redesign."
AI,I,../data/AI/prompt_2/stimuli_I/Dalle34.png,"{8} The transformation from simple lines to a dynamic, humanoid figure demonstrates creative thinking. The artist cleverly used minimal elements to suggest movement and action, giving the impression of a character running with an object. This inventive use of basic shapes to convey a story is quite imaginative."
AI,I,../data/AI/prompt_2/stimuli_I/Dalle35.png,"{8}

The transformation from a few simple lines into a detailed drawing of a streetlamp and a basket is quite creative. It shows an imaginative use of basic shapes to form a coherent and recognizable scene. The addition of details like the handle and the lamp structure creatively expands upon the initial minimal sketch."
AI,I,../data/AI/prompt_2/stimuli_I/Dalle36.png,"{8} The transformation from simple lines and curves into a detailed depiction of a purse showcases a high level of creativity. The artist effectively used minimal initial elements to create a recognizable and intricate object, showing originality and skill in visual interpretation."
AI,I,../data/AI/prompt_2/stimuli_I/Dalle37.png,"{8}

The transformation from a simple outlined shape to a detailed shopping bag is quite creative. The addition of dimensional elements and a handle adds depth and context, turning an abstract form into a recognizable object. This shows imaginative use of lines and space."
AI,I,../data/AI/prompt_2/stimuli_I/Dalle38.png,"{8}

The transformation from a simple, abstract shape on the left to a more complex, detailed image on the right shows good creativity. The original shape is reimagined into a lantern-like structure, incorporating new elements while retaining the original outline. The creative use of the arch as a window adds a unique touch."
AI,I,../data/AI/prompt_2/stimuli_I/Dalle39.png,"{8} 

The transformation from a simple outline to a detailed illustration of a helmet being held is quite creative. The artist cleverly utilized the basic shape and expanded it into a more complex and imaginative concept, incorporating elements such as gloves and hands. This shows a good level of ingenuity and artistic vision."
AI,I,../data/AI/prompt_2/stimuli_I/Dalle40.png,"{8}

The transformation from a simple outline to a complex image of a light bulb with dynamic features involves creative thinking. The addition of the hand and light rays adds depth and symbolism. The use of lines to suggest illumination demonstrates innovative use of minimal elements."
AI,I,../data/AI/prompt_2/stimuli_I/Dalle41.png,"{8} This transformation is quite creative. The initial minimal outline is cleverly developed into a detailed drawing of a padlock. The addition of the key and further contour details show imaginative expansion from simple lines to a recognizable object, demonstrating an inventive approach."
AI,I,../data/AI/prompt_2/stimuli_I/Dalle42.png,"{8}

The creativity in transforming the simple outline on the left into a detailed handbag illustration on the right is impressive. The initial abstract shape is cleverly interpreted and embellished with features like handles, stitching, and details that suggest a purse. This shows a high level of imaginative thinking and design skill."
AI,I,../data/AI/prompt_2/stimuli_I/Dalle43.png,"{8}

The transformation from a simple, abstract shape into a detailed structure like a lantern demonstrates a high level of creativity. The original design is minimal, yet it's used as a foundation for a complex and aesthetically pleasing object. This shows creative thinking in turning basic elements into something intricate and recognizable."
AI,I,../data/AI/prompt_2/stimuli_I/Dalle44.png,"{8}

The conversion of a simple outline into a detailed teapot illustration demonstrates significant creativity. Using minimal lines from the original image, the artist has effectively added complexity and formed a recognizable object, showcasing imaginative thinking and skillful execution."
AI,I,../data/AI/prompt_2/stimuli_I/Dalle45.png,"{8} The transformation from a simple geometric shape to a complex, abstract form is highly creative. The right image incorporates intricate details and curves, showcasing a new design with added depth and artistic flair. This change demonstrates imaginative thinking and artistic skill."
AI,I,../data/AI/prompt_2/stimuli_I/Dalle46.png,"{8}

The transformation from a simple, minimalistic shape into a more complex design shows a high level of creativity. The original shape was incorporated as a structural element of a table, which demonstrates an imaginative use of lines and form to create an entirely new object while maintaining the original element's essence."
AI,I,../data/AI/prompt_2/stimuli_I/Dalle47.png,"{8}

The transformation from simple arch-like lines to a detailed sketch of a bag shows a high level of creativity. The artist has skillfully imagined and executed a design that effectively utilizes the minimal initial lines to create a coherent and recognizable object."
AI,I,../data/AI/prompt_2/stimuli_I/Dalle48.png,"{8}

The transformation from basic lines to a detailed illustration of various objects is quite creative. The initial simplicity is cleverly expanded into a complex scene while maintaining harmony in the line work."
AI,I,../data/AI/prompt_2/stimuli_I/Dalle49.png,"{8}

The transformation from a simple geometric shape to a detailed, stylized bag design is quite creative. The basic elements were used imaginatively to form a more complex and recognizable object. The use of lines and curves to give volume and character shows a good level of creativity."
AI,I,../data/AI/prompt_2/stimuli_I/Dalle50.png,"{9}

The transformation from a simple set of lines to a detailed illustration of a bucket and sand scene demonstrates a high level of creativity. It takes an abstract shape and reimagines it into a coherent, themed drawing, incorporating elements like sand, a bucket, and a shovel. The reinterpretation is imaginative and adds context and narrative to an otherwise minimal design."
AI,R,../data/AI/prompt_2/stimuli_R/Dalle01.png,"{7} The transformation from simple, abstract lines into a more detailed and structured image demonstrates creative thinking. The additional lines and shapes add complexity and turn a simple geometric form into a recognizable object, showcasing creative vision and design skills."
AI,R,../data/AI/prompt_2/stimuli_R/Dalle02.png,"{9}

The transformation from simple lines to an imaginative depiction of robotic coffee dispensers is highly creative. It shows a clever use of minimal elements to create something detailed and unexpected. The designer's ability to envision and execute a complex idea from a basic structure is impressive."
AI,R,../data/AI/prompt_2/stimuli_R/Dalle03.png,{8} The transformation from a simple geometric shape to a detailed drawing of a dresser is quite creative. It shows the artist's ability to envision and construct a complex structure from a basic form. The use of the initial lines as a framework and the detailed addition of drawers and handles demonstrates imaginative thinking.
AI,R,../data/AI/prompt_2/stimuli_R/Dalle04.png,"{7} The creativity lies in transforming a few simple lines into a more complex and recognizable scene, like an office desk. The second image captures elements of a typical workspace with lines suggesting a computer, desk, and other objects. It’s a clever use of minimal initial elements to build a more detailed concept."
AI,R,../data/AI/prompt_2/stimuli_R/Dalle05.png,"{8}

The transformation from a simple geometric shape to a detailed drawing of a hand holding a potted plant is quite creative. It demonstrates an imaginative leap from minimal lines to a more complex scene, suggesting a strong sense of visual storytelling and interpretation."
AI,R,../data/AI/prompt_2/stimuli_R/Dalle06.png,"{8}

The transformation from simple lines to a detailed drawing of a carwash is quite imaginative. The lines forming a basic shape are cleverly reinterpreted into the structure and brushes of a carwash, displaying a significant leap in creativity."
AI,R,../data/AI/prompt_2/stimuli_R/Dalle07.png,"{8}

The transformation from a simple, abstract shape on the left to a detailed, coherent scene depicting furniture on the right demonstrates a high level of creativity. It cleverly uses the shapes as building blocks to form recognizable objects, showing imaginative thinking."
AI,R,../data/AI/prompt_2/stimuli_R/Dalle08.png,"{9}

The transformation from simple line shapes to a detailed illustration is highly creative. The initial lines are cleverly reimagined as part of an umbrella and boat in a consistent theme, showing originality and artistic vision."
AI,R,../data/AI/prompt_2/stimuli_R/Dalle09.png,"{8}

The conversion shows a clever transformation from a simple geometric arrow to a creative depiction of a scroll. The vertical lines add depth and texture, enhancing the initial simplicity into something more intricate and imaginative."
AI,R,../data/AI/prompt_2/stimuli_R/Dalle10.png,"{8}

The transformation from simple geometric lines on the left to a more detailed abstract design on the right demonstrates a significant level of creativity. The addition of angular shapes and wavy lines adds depth and interpretation, showcasing an imaginative approach to altering the original shape."
AI,R,../data/AI/prompt_2/stimuli_R/Dalle11.png,"{8}

The transformation from a simple geometric shape into a detailed drawing of a drum is quite creative. The artist used the basic lines of the original shape as part of the drum's structure, adding complexity and context. This shows an inventive approach to using minimal design to create something more intricate."
AI,R,../data/AI/prompt_2/stimuli_R/Dalle12.png,{8} The transformation from a simple geometric outline to a detailed structure with intricate details and elements showcases a high level of creativity. The addition of vertical elements and complex shading demonstrates imaginative thinking and artistic skill.
AI,R,../data/AI/prompt_2/stimuli_R/Dalle13.png,"{8} The transformation from simple, minimal lines to a detailed drawing of a computer setup shows a high level of creativity. The initial shapes are basic and abstract, and the final image builds on them to create a more complex and relatable scene. This demonstrates strong imaginative thinking."
AI,R,../data/AI/prompt_2/stimuli_R/Dalle14.png,"{8}

The transformation from a minimalistic and abstract set of lines into a more detailed and structured linear artwork shows significant creativity. The artist has cleverly reimagined simple elements to create a new, intricate design, demonstrating originality and an imaginative approach."
AI,R,../data/AI/prompt_2/stimuli_R/Dalle15.png,"{8}. The transformation from basic, minimal lines to a detailed scene with a picture frame, cup, and mug demonstrates a high level of creativity. It shows an imaginative leap from abstract to meaningful objects."
AI,R,../data/AI/prompt_2/stimuli_R/Dalle16.png,"{8}

The transformation from simple, abstract lines into a detailed scene with chairs and a table is quite imaginative. The creator has taken minimal elements and developed them into a recognizable composition, demonstrating a strong sense of creativity and vision."
AI,R,../data/AI/prompt_2/stimuli_R/Dalle17.png,"{8}

The transformation from open lines to a detailed wine glass is creative. The artist reimagines simple, non-descriptive lines into a recognizable object, showing a good level of creativity and imagination. The coherence and clarity of the glass add to the effectiveness of this transformation."
AI,R,../data/AI/prompt_2/stimuli_R/Dalle18.png,"{8}

The transformation from a minimalist arrow-like shape to a detailed drawing of an ice cream cone shows a high level of creativity. The artist has effectively utilized the basic lines and added intricate elements, such as the waffle texture and cubes, to create a recognizable and imaginative design."
AI,R,../data/AI/prompt_2/stimuli_R/Dalle19.png,"{8}

The transformation from a simple set of lines into a detailed room scene is quite creative. It uses minimal elements from the original image and expands them into a complex representation, demonstrating imaginative thinking and artistic interpretation."
AI,R,../data/AI/prompt_2/stimuli_R/Dalle20.png,"{9}

The transformation from simple geometric lines in the left image to a detailed illustration of a landscape scene within a book on the right demonstrates high creativity. The artist took minimal shapes and built a complex, coherent scene, showing imaginative use of abstract forms."
AI,R,../data/AI/prompt_2/stimuli_R/Dalle21.png,"{8}

The transformation is quite creative, turning simple lines into a detailed illustration of a swing with plants. The artist used the lines effectively as part of the swing's structure, adding imaginative elements like leaves and a seat, making the composition interesting and whimsical."
AI,R,../data/AI/prompt_2/stimuli_R/Dalle22.png,"{8} The creativity in transforming the minimal lines of the left image into a detailed window scene on the right is quite innovative. The artist has imagined and constructed an entire window setting with depth, including elements like blinds and a view, which showcases creative thinking and skillful execution."
AI,R,../data/AI/prompt_2/stimuli_R/Dalle23.png,"{8}

The transformation from simple geometric shapes into a detailed 3D-looking object shows a high level of creativity. The initial abstract lines have been reimagined into a structure resembling a piece of furniture or an installation. This demonstrates inventive thinking and artistic visualization."
AI,R,../data/AI/prompt_2/stimuli_R/Dalle24.png,"{9}

The transformation from the abstract lines in the left image to a detailed illustration of a cooking station on the right demonstrates a high level of creativity. The artist skillfully interpreted the simple geometric shapes into a complex scene with kitchen utensils and elements, showcasing inventiveness and imagination."
AI,R,../data/AI/prompt_2/stimuli_R/Dalle25.png,"{9}

The transformation from simple abstract lines to a detailed desk setup is highly creative. The artist has taken minimal elements and expanded them into a complex, cohesive scene, showcasing imagination and skill in visual storytelling."
AI,R,../data/AI/prompt_2/stimuli_R/Dalle26.png,"{9}

This transformation shows great creativity. The simple geometric shapes on the left were imaginatively reinterpreted into a matchbox and pencil on the right. This requires a unique perspective and ability to think outside the box, effectively turning minimal elements into recognizable objects."
AI,R,../data/AI/prompt_2/stimuli_R/Dalle27.png,"{8}

Explanation: The transformation from a simple geometric pattern to a stylized representation of a computer or television screen is quite creative. The artist has taken minimal lines and constructed a more complex and recognizable object, showing a strong sense of imagination and abstraction."
AI,R,../data/AI/prompt_2/stimuli_R/Dalle28.png,"{8} The transformation from a simple geometric design into a complex abstract scene is creative. It takes minimal shapes and reimagines them into distinct, recognizable forms such as a table, chair, and framed object. The use of lines to suggest different objects shows inventive thinking and artistic vision."
AI,R,../data/AI/prompt_2/stimuli_R/Dalle29.png,"{9}

The transformation from a simple geometric shape to a detailed drawing of a chair with a side table and plant is highly creative. It showcases a significant leap in complexity and imagination, turning minimal lines into a complete, coherent scene. The addition of details like the plant adds depth and context, enhancing the overall creativity."
AI,R,../data/AI/prompt_2/stimuli_R/Dalle30.png,"{8}

The transformation from the minimal lines on the left to a detailed drawing of a pencil sharpener on the right demonstrates a high level of creativity. The artist effectively expanded on the simple geometric outlines to form a recognizable and more complex object, showcasing innovative thinking and reinterpretation skills."
AI,R,../data/AI/prompt_2/stimuli_R/Dalle31.png,{8} The transformation from a simple geometric shape to a detailed window scene with curtains is quite imaginative. It demonstrates creative thinking in turning abstract lines into a coherent image with context and character.
AI,R,../data/AI/prompt_2/stimuli_R/Dalle32.png,"{7}

The transformation of a simple geometric shape into a more complex figure depicting something like a person or an abstract design reflects a good level of creativity. The original minimalistic form has been imaginatively reinterpreted with additional lines and elements to create a new image that suggests a narrative or subject."
AI,R,../data/AI/prompt_2/stimuli_R/Dalle33.png,"{8}

The transformation from simple lines into more complex and recognizable objects shows a high level of creativity. The artist successfully visualized entirely new structures from minimal initial shapes, demonstrating imaginative thinking and artistic skill."
AI,R,../data/AI/prompt_2/stimuli_R/Dalle34.png,{8} The conversion of abstract lines into a detailed depiction of a cartoon cow is highly creative. The artist skillfully transformed simple geometric shapes into a recognizable form with a playful and imaginative touch.
AI,R,../data/AI/prompt_2/stimuli_R/Dalle35.png,"{8}

The transformation from simple lines to a detailed drawing of a table with a fruit basket and a chair demonstrates a high level of creativity. It shows imaginative thinking in how basic shapes can be expanded into a more complex and recognizable scene."
AI,R,../data/AI/prompt_2/stimuli_R/Dalle36.png,"{8}

The transformation from a simple, abstract shape to a detailed line drawing of a cozy interior scene is highly creative. The original minimal lines were developed into a recognizable and complex concept, showcasing imaginative thinking and skillful reinterpretation."
AI,R,../data/AI/prompt_2/stimuli_R/Dalle37.png,"{8}

The transformation of simple geometric lines into a detailed window with a laundry rack showcases a high level of creativity. The artist has effectively envisioned a structure from minimal elements, turning abstract shapes into a recognizable scene with distinct features."
AI,R,../data/AI/prompt_2/stimuli_R/Dalle38.png,"{8}

The transformation from simple geometric lines to a detailed and structured piece of furniture shows a high level of creativity. The original design elements were expanded into a coherent and functional object, demonstrating inventive thinking and imaginative use of shapes."
AI,R,../data/AI/prompt_2/stimuli_R/Dalle39.png,"{8}

The transformation from a simple geometric shape on the left to a detailed, abstract still life on the right demonstrates a high level of creativity. The artist has expanded on minimal lines, developing them into a complex scene with depth and perspective, suggesting a clever reinterpretation of basic forms."
AI,R,../data/AI/prompt_2/stimuli_R/Dalle40.png,"{7} 

The transformation from abstract lines to a detailed image of a computer with a drink icon on the screen is quite creative. The original shapes are utilized in an imaginative way to form the stand of the computer and the stem of the cocktail glass. The addition of details like the screen, wings, and keyboard showcases thoughtful design work, elevating the creativity."
AI,R,../data/AI/prompt_2/stimuli_R/Dalle41.png,"{8}

The transformation is quite creative. The simple geometric shapes on the left are reimagined into a complex drawing of a computer setup on the right. This involves a significant reworking of the original design, showing imagination and an ability to think outside the box."
AI,R,../data/AI/prompt_2/stimuli_R/Dalle42.png,"{8} The transformation from the simple geometric lines on the left to a detailed illustration of a tabletop scene on the right is quite imaginative. The artist has taken minimal elements and expanded them into a complex and lively setting, showcasing a high level of creativity and interpretation."
AI,R,../data/AI/prompt_2/stimuli_R/Dalle43.png,"{9} The transformation from simple geometric lines into a detailed street scene is highly creative. The original lines are cleverly integrated as structural elements of the bench, showing imagination and skill in repurposing minimal shapes into a more complex and coherent artwork."
AI,R,../data/AI/prompt_2/stimuli_R/Dalle44.png,"{8} 

The transformation from the basic geometric lines on the left into a detailed scene on the right is quite creative. It takes minimalistic elements and builds a complex composition, incorporating a mirror, a vase with plants, and other objects. The way the angles and lines are used to suggest different elements and perspectives shows a good level of imagination and artistic innovation."
AI,R,../data/AI/prompt_2/stimuli_R/Dalle45.png,"{9}

The transformation from a simple geometric shape to a complex illustration of a bed showcases considerable creativity. The artist cleverly uses the lines to suggest depth and form, turning minimal shapes into a detailed scene. The imagination required to envision such a transformation is impressive."
AI,R,../data/AI/prompt_2/stimuli_R/Dalle46.png,"{9} The transformation from minimal lines into a detailed scene with a chair and a room shows great creativity. The simple shapes have been imaginatively expanded into a recognizable and complex image, indicating a high level of conceptual development."
AI,R,../data/AI/prompt_2/stimuli_R/Dalle47.png,"{9}

The transformation from simple geometric lines to a detailed line drawing of a plant scene demonstrates high creativity. The artist has leveraged basic shapes to construct a complex and visually engaging composition, showcasing both imagination and skill."
AI,R,../data/AI/prompt_2/stimuli_R/Dalle48.png,"{8}

The creativity here is quite high. The transformation of a simple, abstract shape into a detailed, structured object like a bookshelf demonstrates imaginative thinking. The designer has effectively used the initial geometric lines to form the outlines and structure of a shelf, showcasing the ability to see potential and create something complex from simplicity."
AI,R,../data/AI/prompt_2/stimuli_R/Dalle49.png,"{9}

The transformation from a simple geometric arrangement to a detailed still life of a bottle with intricate line work and shading is a highly creative leap. It demonstrates an inventive reinterpretation of basic shapes into a complex, recognizable object, showing both imagination and skill."
AI,R,../data/AI/prompt_2/stimuli_R/Dalle50.png,"{9}

The transformation from simple geometric shapes to a detailed drawing of an easel with a landscape is highly creative. The artist skillfully used basic lines to suggest complex objects, adding depth, context, and a narrative to what was initially abstract."
AI,G,../data/AI/prompt_3/stimuli_G/Dalle01.png,"{9}

The transformation from simple geometric shapes into a detailed, abstract portrait is highly creative. The artist skillfully uses the minimal initial lines to construct an imaginative and expressive representation, showcasing originality and effective use of the given elements."
AI,G,../data/AI/prompt_3/stimuli_G/Dalle02.png,"{9}

The transformation from the simple, minimalistic design on the left to the complex and abstract figure on the right is highly creative. The original lines are expanded and reimagined as part of a new, intricate concept incorporating human-like and organic elements. This demonstrates excellent creativity in developing a new visual story."
AI,G,../data/AI/prompt_3/stimuli_G/Dalle03.png,"{9} The transformation from the simple geometric shapes on the left to a detailed and abstract design on the right demonstrates a high level of creativity. The original lines are cleverly incorporated into a more complex composition, suggesting a figure within a circular and geometric structure. This imaginative reinterpretation adds depth and context while maintaining harmony with the original shapes."
AI,G,../data/AI/prompt_3/stimuli_G/Dalle04.png,"{9}

The transformation from minimal lines to a detailed one-line drawing of a person is highly creative. The way simple shapes were used as a foundation for a complex, expressive image demonstrates strong imagination and artistic skill."
AI,G,../data/AI/prompt_3/stimuli_G/Dalle05.png,"{8}

The transformation from the simple geometric shapes on the left to the intricate and symbolic design on the right is highly creative. The right image integrates complex figures and patterns, adding depth and meaning. The creativity lies in transforming minimal elements into a detailed and conceptual artwork. However, the transition could incorporate more diverse elements to achieve a perfect score."
AI,G,../data/AI/prompt_3/stimuli_G/Dalle06.png,"{9}

The transformation from simple lines to a detailed illustration of a bird in a cage is highly creative. The artist reimagined basic curves and lines to create a complex and visually engaging scene, showing significant originality and artistic vision."
AI,G,../data/AI/prompt_3/stimuli_G/Dalle07.png,"{9}

The transformation from the simple arch and line shapes in the left image into the complex composition of interlocking faces on the right shows high creativity. The use of basic geometric shapes to suggest human profiles and the interaction of these faces adds depth and a sense of narrative to the image."
AI,G,../data/AI/prompt_3/stimuli_G/Dalle08.png,"{8}

The transformation from simple geometric shapes to a more complex image featuring a stylized archway with figures is quite imaginative. The addition of curves and shapes inside the archway adds intrigue and depth, demonstrating a clever use of minimal initial elements to create a more intricate scene."
AI,G,../data/AI/prompt_3/stimuli_G/Dalle09.png,"{8}

The transformation demonstrates a high level of creativity by taking simple shapes from the left image and cleverly arranging them into the imaginative figure on the right. The additional lines and curves form a cohesive and recognizable subject, showing inventive use of minimal initial elements."
AI,G,../data/AI/prompt_3/stimuli_G/Dalle10.png,"{9}

The transformation from the simple geometric lines on the left to the intricate and expressive design on the right is highly creative. The artist took minimal elements and evolved them into a figurative and decorative image, adding complexity, curves, and a sense of narrative or emotion. The incorporation of additional details like the circle and stylized figures shows a high level of inventiveness."
AI,G,../data/AI/prompt_3/stimuli_G/Dalle11.png,"{9}

The transformation from a simple geometric shape on the left to a dynamic, abstract representation of people within a circle on the right showcases high creativity. The artist imaginatively expanded the minimal lines into a detailed and expressive scene, adding character and depth while maintaining a cohesive design."
AI,G,../data/AI/prompt_3/stimuli_G/Dalle12.png,"{8} The transformation shows a high degree of creativity. The left image, which is simple and minimal, has been transformed into a complex and intricate design on the right. The addition of abstract shapes and the use of lines to create a dynamic, circular pattern demonstrates innovative thinking and imaginative modification of the original structure."
AI,G,../data/AI/prompt_3/stimuli_G/Dalle13.png,"{9}

The transformation from a simple geometric design on the left to a complex line drawing on the right shows a high level of creativity. The original basic shapes are ingeniously transformed into an intricate artwork that appears to depict two faces, demonstrating originality and artistic vision."
AI,G,../data/AI/prompt_3/stimuli_G/Dalle14.png,"{9}

The transformation from the simple, minimal lines of the left image into a detailed, expressive drawing on the right demonstrates a high level of creativity. The artist added various elements like the face, body, and surrounding details, skillfully utilizing the original lines as part of the new composition. This shows innovation and imagination in expanding an abstract starting point into a full illustration."
AI,G,../data/AI/prompt_3/stimuli_G/Dalle15.png,"{9}

The transformation from the simple geometric lines on the left to the intricate, abstract composition on the right demonstrates a high level of creativity. The artist has imaginatively built on the basic shapes to create a complex and visually engaging design, incorporating elements that suggest figurative and symbolic forms."
AI,G,../data/AI/prompt_3/stimuli_G/Dalle16.png,"{9} 

The transformation from simple, minimal lines to a complex and detailed design is highly creative. The use of symmetry, intricate patterns, and anthropomorphic elements showcases a high level of imagination and artistic skill. The artist has effectively turned basic geometric shapes into an elaborate and engaging composition, demonstrating innovative thinking."
AI,G,../data/AI/prompt_3/stimuli_G/Dalle17.png,"{9}

The transformation from simple geometric shapes to a dynamic scene with figures showcases a high level of creativity. The original shapes are cleverly repurposed to form a coherent, imaginative design while maintaining visual connections to the initial elements. This demonstrates innovative thinking and artistic skill."
AI,G,../data/AI/prompt_3/stimuli_G/Dalle18.png,"{9} 

The transformation from the simple, abstract shapes in the left image to a complex, figurative representation on the right is highly creative. The artist has imaginatively filled the space with intricate designs, turning basic lines into a dynamic scene involving figures and a horse. The use of line work to create a visually engaging and detailed composition is impressive."
AI,G,../data/AI/prompt_3/stimuli_G/Dalle19.png,"{8}

The transformation shows a high level of creativity. The simple design on the left is cleverly turned into a complex and lively scene on the right, featuring figures that appear to be engaged in an activity. The use of lines and shapes to convey action and interaction is imaginative and visually engaging."
AI,G,../data/AI/prompt_3/stimuli_G/Dalle20.png,"{8} The transformation from simple lines to a scene with people under an arch demonstrates a high level of creativity. The lines have been imaginatively reinterpreted to create a completely different and more complex image, showing strong creative insight."
AI,G,../data/AI/prompt_3/stimuli_G/Dalle21.png,"{9}

The transformation from the minimalist geometric shapes on the left to the abstract figurative composition on the right demonstrates a high level of creativity. The original lines are used ingeniously to create a complex and expressive image, showing an impressive conceptual leap."
AI,G,../data/AI/prompt_3/stimuli_G/Dalle22.png,"{8}

The transformation from the simple geometric elements on the left to the complex, symbolic design on the right is impressive. The creator cleverly used the basic shapes to develop an intricate and meaningful image, demonstrating high creativity and imagination."
AI,G,../data/AI/prompt_3/stimuli_G/Dalle23.png,"{9}

The transformation from the simple and basic lines of the left image into the intricate, geometric design on the right is highly creative. The initial minimal shapes have been imaginatively developed into a detailed composition featuring symmetrical elements, floral motifs, and a decorative circular border. The creative use of symmetry and pattern adds depth and visual interest, showcasing a strong artistic vision."
AI,G,../data/AI/prompt_3/stimuli_G/Dalle24.png,"{8}

The transformation from simple lines to a more complex and structured design in the right image shows a high level of creativity. The creator has taken minimal elements and turned them into an intricate design, demonstrating innovation and artistic vision."
AI,G,../data/AI/prompt_3/stimuli_G/Dalle25.png,"{8}

The transformation from simple geometric shapes to a more complex, abstract design is quite creative. The addition of dynamic lines and organic forms adds depth and movement, turning basic elements into a visually intriguing composition. The use of the original shapes as a foundation for something more intricate shows a high level of creativity and imagination."
AI,G,../data/AI/prompt_3/stimuli_G/Dalle26.png,"{8}

The transformation from simple lines and curves into a more complex and symbolic arrangement of figures is quite creative. The right image adds depth and meaning, using the original shapes as the foundation. The use of minimal elements to represent abstract human figures shows innovative thinking."
AI,G,../data/AI/prompt_3/stimuli_G/Dalle27.png,"{9}

The transformation from simple lines on the left to a detailed image of a person in a circle on the right demonstrates high creativity. The artist effectively used the basic shapes as a foundation, adding intricate details to create a meaningful and visually interesting composition."
AI,G,../data/AI/prompt_3/stimuli_G/Dalle28.png,"{9}

The transformation from simple geometric shapes to a complex and stylized monkey design showcases a high level of creativity. The artist has ingeniously used minimal lines and evolved them into an intricate and expressive figure, while maintaining the balance and symmetry from the initial design."
AI,G,../data/AI/prompt_3/stimuli_G/Dalle29.png,"{8}

The transformation from the simple, minimal design on the left to a more complex and artistic image on the right shows significant creativity. The addition of elements and the transformation into a more intricate design suggests imaginative thinking and skillful use of lines to create an abstract representation."
AI,G,../data/AI/prompt_3/stimuli_G/Dalle30.png,"{9}

The transformation from the simple geometric shapes on the left to a detailed, abstract drawing of a person on the right is highly creative. The use of minimal lines to form a complex figure demonstrates imaginative thinking and skill in visual composition."
AI,G,../data/AI/prompt_3/stimuli_G/Dalle31.png,"{8}

The transformation from the simple geometric lines on the left to the intricate and detailed image on the right is quite creative. The artist transformed basic shapes into a complex scene, adding personality and action. The creative reinterpretation of basic forms to depict a dynamic narrative showcases imaginative thinking, though the final design could be seen as intricate to the point of being slightly ambiguous."
AI,G,../data/AI/prompt_3/stimuli_G/Dalle32.png,"{9}

The transformation from the minimal lines in the left image into an abstract, intricate figure in the right image demonstrates significant creativity. The artist creatively filled the simplistic form with detailed and imaginative elements, creating a complex and artistic composition."
AI,G,../data/AI/prompt_3/stimuli_G/Dalle33.png,"{9}

The transformation from the minimalist left image to the intricate design on the right showcases a high level of creativity. The artist expanded on sparse lines to create a complex emblem with symmetry, added patterns, and symbolic elements, turning a simple form into an imaginative and detailed artwork."
AI,G,../data/AI/prompt_3/stimuli_G/Dalle34.png,"{9}

The transition from a simple and abstract figure on the left to a complex and detailed drawing on the right is highly creative. The artist transformed minimal elements into an elaborate composition, adding intricate facial features and symmetry, which shows a high level of imagination and skill in developing a nuanced piece from a basic shape."
AI,G,../data/AI/prompt_3/stimuli_G/Dalle35.png,"{9}

The transformation from a simple set of lines and arcs into intricate, humanoid figures with a spherical background shows a high level of creativity. The reinterpretation is imaginative, adding complexity and a narrative element to the original, minimalist design."
AI,G,../data/AI/prompt_3/stimuli_G/Dalle36.png,"{8}

The transformation from the simple geometric shapes on the left into a more complex, abstract figure on the right shows a significant amount of creativity. The addition of shapes and lines to imply facial features and a body demonstrates imaginative thinking, while maintaining a cohesive design. The creative effort in turning minimal elements into a detailed image is notable."
AI,G,../data/AI/prompt_3/stimuli_G/Dalle37.png,"{9}

The transformation from simple lines and arcs into a detailed illustration of two stylized cats is highly creative. The artist has skillfully interpreted the basic shapes into a cohesive and expressive design, complete with additional elements like the moon and cursive text, adding depth and personality to the final image."
AI,G,../data/AI/prompt_3/stimuli_G/Dalle38.png,"{9}

The transformation of the simple geometric shapes into a complex and lively depiction of people demonstrates a high level of creativity. The artist effectively uses curves and lines to bring a sense of motion and interaction, maintaining a coherent connection with the original form. The result is both unexpected and engaging."
AI,G,../data/AI/prompt_3/stimuli_G/Dalle39.png,"{8}

The transformation from the simple, abstract shape on the left into a depiction of three people walking, under an arch on the right, shows a high level of creativity. The original design is minimalistic, yet the final product uses the same basic lines to convey a complex scene. The creative use of simple shapes to form a meaningful narrative is impressive, though the simplicity of the original limits the potential complexity."
AI,G,../data/AI/prompt_3/stimuli_G/Dalle40.png,"{9}

The transformation from the minimalist lines in the left image to the intricate, abstract illustration in the right image is highly creative. The original lines were cleverly used as foundational elements to design a detailed and conceptual art piece, showing a strong imaginative leap and skillful reimagining."
AI,G,../data/AI/prompt_3/stimuli_G/Dalle41.png,"{9}

The transformation of simple geometric shapes into a detailed, dynamic illustration of a figure with flowing lines is very creative. The artist skillfully added complexity and movement, turning basic elements into a captivating and imaginative composition."
AI,G,../data/AI/prompt_3/stimuli_G/Dalle42.png,"{9}

The transformation from simple geometric shapes into a complex, imaginative line drawing showcases a high level of creativity. The artist has skillfully converted minimal elements into a detailed and intricate image, adding depth and narrative that were not present initially."
AI,G,../data/AI/prompt_3/stimuli_G/Dalle43.png,"{9}

The transformation from simple, minimal lines to a complex, abstract composition demonstrates a high level of creativity. The right image intricately builds on the basic shapes from the left image, creating a dynamic and thought-provoking abstract design while maintaining thematic consistency."
AI,G,../data/AI/prompt_3/stimuli_G/Dalle44.png,"{8}

The transformation from simple, abstract lines to a detailed illustration with figures and a circular border shows significant creativity. The lines were cleverly reinterpreted into a more complex and expressive scene, demonstrating a good level of imagination and skill."
AI,G,../data/AI/prompt_3/stimuli_G/Dalle45.png,"{9}

The transformation from a simple, abstract shape to a detailed scene featuring people is highly creative. The artist has skillfully used minimal lines to suggest an intricate scenario, showing impressive imagination and execution."
AI,G,../data/AI/prompt_3/stimuli_G/Dalle46.png,"{8}

The transformation from simple, abstract lines into a detailed illustration is quite creative. The initial shapes are minimalistic, and the resulting image has added complexity and meaning, depicting a scene with a wheelchair and person, which demonstrates an imaginative reinterpretation of the basic elements."
AI,G,../data/AI/prompt_3/stimuli_G/Dalle47.png,"{9}

The transformation from simple abstract shapes into a whimsical illustration involves high creativity. The basic lines were creatively interpreted into a scene with a character, suggesting a great leap in imagination and artistic manipulation."
AI,G,../data/AI/prompt_3/stimuli_G/Dalle48.png,"{8}

The transformation from simple lines to a complex abstract design demonstrates a high level of creativity. The artist has cleverly used the basic structure to create an intricate and visually engaging piece, reflecting imagination and artistic flair."
AI,G,../data/AI/prompt_3/stimuli_G/Dalle49.png,{9} The transformation shows a high level of creativity. The basic lines and curves of the left image are ingeniously reimagined as a detailed scene of a person on a horse. This kind of reinterpretation requires imaginative thinking in turning simple geometric shapes into a representational image.
AI,G,../data/AI/prompt_3/stimuli_G/Dalle50.png,"{9}

The transformation from simple geometric shapes into a more complex figure demonstrates a high level of creativity. The left image's basic lines are reimagined into an artistic form with depth and conceptual imagery on the right, showing ingenuity in turning minimalist elements into a rich design."
AI,I,../data/AI/prompt_3/stimuli_I/Dalle01.png,"{9} The transformation from a simple outline into a stylized, contemplative figure is highly creative. It shows a clever use of lines to form a complete character, demonstrating imagination and artistic skill in reinterpreting shapes."
AI,I,../data/AI/prompt_3/stimuli_I/Dalle02.png,"{8}

The transformation from a simple geometric arch shape to a complex line drawing of a person demonstrates a high level of creativity. It takes minimal lines and uses them to construct a detailed, imaginative scene, showing an abstract interpretation and artistic vision."
AI,I,../data/AI/prompt_3/stimuli_I/Dalle03.png,"{9}

The transformation from the simple, abstract arch-like shape into a complex and imaginative image featuring facial silhouettes, wings, and other details is highly creative. It takes a minimalistic design and infuses it with intricate elements, creating a new and interesting composition from a basic starting point. The addition of various elements adds depth and narrative potential."
AI,I,../data/AI/prompt_3/stimuli_I/Dalle04.png,"{8}

The transformation shows a clever and imaginative approach, turning a simple arch shape into a stylized dolphin. The use of minimal lines to suggest both the form and motion of the dolphin is creative and demonstrates a good sense of abstraction."
AI,I,../data/AI/prompt_3/stimuli_I/Dalle05.png,"{9}

The transformation from a simple geometric shape into a detailed illustration of a figure sitting on a throne is quite imaginative. The addition of intricate features, like the face and the clothing details, demonstrates a high level of creativity in interpreting a minimal form into a complex composition."
AI,I,../data/AI/prompt_3/stimuli_I/Dalle06.png,"{8} The transformation from a simple geometric arch into a complex, abstract line drawing is quite creative. The right image uses fluid lines to add depth and expressiveness, suggesting an imaginative interpretation of the original shape. The creativity lies in turning minimal elements into something more intricate and evocative."
AI,I,../data/AI/prompt_3/stimuli_I/Dalle07.png,"{9}

The transformation from the left image to the right image shows a high level of creativity. The minimalist, abstract lines are cleverly reimagined into a recognizable form on the right. This demonstrates an innovative use of basic shapes to create a more complex figure."
AI,I,../data/AI/prompt_3/stimuli_I/Dalle08.png,"{8}

The conversion from simple lines to a minimalist drawing of human figures and a stool is quite creative. It uses the basic shapes as a foundation to build a scene, showing a good imagination in evolving the abstract into recognizable forms."
AI,I,../data/AI/prompt_3/stimuli_I/Dalle09.png,"{9} The transformation from a simple set of lines into a complex, ornamental design is highly creative. The integration of flowing lines and geometric shapes adds depth and elegance, showing artistic innovation while enhancing the original form."
AI,I,../data/AI/prompt_3/stimuli_I/Dalle10.png,"{9}

The transformation from a simple arch design to a dynamic, abstract form demonstrates high creativity. The artist has skillfully incorporated intricate patterns and flowing lines, adding depth and movement while maintaining the original structure's essence. The change is imaginative and visually engaging."
AI,I,../data/AI/prompt_3/stimuli_I/Dalle11.png,"{8}

The transformation from the simple, abstract outline on the left to the expressive, stylized figure on the right demonstrates a high level of creativity. The original shape has been cleverly repurposed to depict a seated figure with clear attention to form and detail. The artist's ability to reinterpret minimal lines into something more elaborate and meaningful is commendable."
AI,I,../data/AI/prompt_3/stimuli_I/Dalle12.png,"{8}

The transformation from a simple geometric shape to a dynamic, abstract human figure is quite creative. The original shape's basic lines are cleverly repurposed into a more intricate and lively design, demonstrating imaginative use of form and minimalism."
AI,I,../data/AI/prompt_3/stimuli_I/Dalle13.png,"{8}

The transformation of the simple arch shape into a stylized figure is quite creative. The addition of flowing lines and the abstract, artistic interpretation show originality and artistic flair."
AI,I,../data/AI/prompt_3/stimuli_I/Dalle14.png,"{8}

The transformation from a simple arch-like form to a minimalist, abstract figure is quite creative. The designer skillfully used basic shapes to construct a unique representation, showing imagination and out-of-the-box thinking."
AI,I,../data/AI/prompt_3/stimuli_I/Dalle15.png,"{9}

The transformation from a simple arch-like shape to a complex line drawing of a person is highly creative. The original simple lines are cleverly incorporated into a dynamic and expressive figure, demonstrating imagination and skill."
AI,I,../data/AI/prompt_3/stimuli_I/Dalle16.png,"{8}

The transformation from a simple geometric shape to a stylized abstract figure shows a high level of creativity. The artist creatively used minimal lines to suggest a form with character and expression, transforming basic shapes into a recognizable human form while maintaining simplicity and elegance."
AI,I,../data/AI/prompt_3/stimuli_I/Dalle17.png,"{9}

The transformation from a simple geometric shape to a detailed line drawing of a seated figure is highly creative. The artist skillfully reinterpreted basic lines into a complex composition, adding expressive elements and a sense of form and posture."
AI,I,../data/AI/prompt_3/stimuli_I/Dalle18.png,"{9}

The transformation from a simple arch shape to an abstract portrait showcases a high level of creativity. The artist cleverly reimagines basic lines into a detailed and expressive face, demonstrating a unique and imaginative approach."
AI,I,../data/AI/prompt_3/stimuli_I/Dalle19.png,"{8}

The transformation displays considerable creativity by turning a simple geometric shape into a dynamic human-like figure. The transition from an abstract, arch-like form to a more detailed and expressive depiction demonstrates a clever use of minimal lines to suggest movement and character."
AI,I,../data/AI/prompt_3/stimuli_I/Dalle20.png,"{9}

The transformation from a simple geometric shape to an expressive artwork depicting a symbolic scene showcases high creativity. The artist has effectively used the original lines as a framework to create a meaningful and intricate design."
AI,I,../data/AI/prompt_3/stimuli_I/Dalle21.png,"{8}

The transformation from simple lines into a stylized face is creative. The artist cleverly used the original lines as a framework to build an expressive image. It's an inventive use of shapes to convey new meaning."
AI,I,../data/AI/prompt_3/stimuli_I/Dalle22.png,"{8}

The transformation from a simple geometric shape to a dynamic figure of a runner in a starting position is quite creative. The artist reimagines straightforward lines into a lively and detailed representation, showing a strong sense of vision and imagination."
AI,I,../data/AI/prompt_3/stimuli_I/Dalle23.png,"{9}

The transformation from the simple, minimalistic shape on the left to the complex, abstract figure on the right is highly creative. The artist has used the basic structure as a starting point and expanded it into an intricate design that suggests a figure and additional details. The creativity is evident in the imaginative use of lines and forms to create a dynamic composition."
AI,I,../data/AI/prompt_3/stimuli_I/Dalle24.png,"{8} 

The transformation from a simple geometric shape to a stylized, abstract face is quite creative. It cleverly uses minimal lines to suggest recognizable features, showing an imaginative leap from the original form."
AI,I,../data/AI/prompt_3/stimuli_I/Dalle25.png,"{9}

The transformation from a simple arch-like structure to a detailed and imaginative drawing of a person with a rabbit puppet is highly creative. The artist has skillfully used the minimal initial shape as a starting point and expanded it into a complex, storytelling image, demonstrating originality and inventiveness."
AI,I,../data/AI/prompt_3/stimuli_I/Dalle26.png,"{8} The transformation from a simple geometric shape to a stylized human figure is quite creative. The artist effectively uses minimal lines to suggest features and form, showing an imaginative approach. The incorporation of the original lines as part of the figure's design demonstrates clever thinking."
AI,I,../data/AI/prompt_3/stimuli_I/Dalle27.png,"{8}

The transformation from a simple, abstract shape on the left to a whimsical, sleeping face on the right exhibits a high level of creativity. The artist effectively utilized minimal lines to convert a basic form into a recognizable and expressive image, showcasing imagination and visual reinterpretation."
AI,I,../data/AI/prompt_3/stimuli_I/Dalle28.png,"{9}

The transformation from a simple geometric shape into a dynamic human figure shows high creativity. The artist effectively uses the lines of the arch to form the limbs and posture, which demonstrates an imaginative reinterpretation of the original form."
AI,I,../data/AI/prompt_3/stimuli_I/Dalle29.png,I'd rate the creativity at {8}. The transformation from a simple open outline to a more complex and abstract design is imaginative. It involves adding new elements and shapes to create a visually interesting piece. The use of curves and lines to give the impression of form adds depth and artistic flair.
AI,I,../data/AI/prompt_3/stimuli_I/Dalle30.png,"{9}

The transformation from simple geometric shapes on the left to intricate abstract portraits on the right demonstrates a high level of creativity. The artist skillfully uses the basic forms as a foundation to create complex and expressive figures, showing an imaginative and innovative approach."
AI,I,../data/AI/prompt_3/stimuli_I/Dalle31.png,"{9} 

The transformation from a simple arch shape into a quirky, animated character with limbs and facial features shows a high level of creativity. The artist effectively uses minimal elements to create an imaginative and humorous figure, demonstrating originality and playful thinking."
AI,I,../data/AI/prompt_3/stimuli_I/Dalle32.png,"{7}

The transformation from a simple arch shape on the left into a character-like figure on the right shows a good level of creativity. The artist creatively turned abstract lines into recognizable features of a person, using different parts of the arch for the head, body, and limbs. This imaginative reinterpretation demonstrates a thoughtful use of the original shape."
AI,I,../data/AI/prompt_3/stimuli_I/Dalle33.png,"{9}

The transformation from a simple outline to a complex and abstract composition is highly creative. The original shape is reimagined into a multifaceted scene with intricate details and imaginative elements, showcasing a significant leap in artistic concept."
AI,I,../data/AI/prompt_3/stimuli_I/Dalle34.png,"{9}

The transformation from the simple lock shape into a line drawing of a face and body is highly creative. The artist ingeniously repurposes the initial lines into a complex and artistic representation, showing great imagination and skill."
AI,I,../data/AI/prompt_3/stimuli_I/Dalle35.png,"{8}

The transformation from a simple geometric shape on the left to a more complex and abstract design on the right demonstrates a creative reimagining. The original shape has been used as a foundation, with lines extended and curved to form an intricate, artistic pattern reminiscent of a stylized figure or design. The creativity lies in the imaginative and unexpected use of the basic elements to create something visually interesting."
AI,I,../data/AI/prompt_3/stimuli_I/Dalle36.png,"{8}

The transformation from a simple arch shape into a minimalistic profile of a face demonstrates a clever use of lines and space. The reinterpretation shows creativity in visualizing a recognizable form from an abstract shape, using minimalistic and geometric elements effectively."
AI,I,../data/AI/prompt_3/stimuli_I/Dalle37.png,"{8}

The transformation from a simple arch outline to a playful ghost-like creature is quite creative. The artist has added expressive eyes and a mouth, turning a basic shape into something with personality and humor, which shows a strong level of imagination."
AI,I,../data/AI/prompt_3/stimuli_I/Dalle38.png,"{9}

The transformation from a simple arch shape to a playful drawing of a bird-like creature is highly creative. The use of minimal lines to convey different elements, such as arms and hands, shows an imaginative interpretation of the initial form. It's a clever and humorous reinterpretation."
AI,I,../data/AI/prompt_3/stimuli_I/Dalle39.png,"{8} The transformation from a simple geometric shape into a more complex and abstract figure demonstrates a high level of creativity. The artist added features that suggest a new form while maintaining elements of the original shape, indicating imaginative use of minimal lines."
AI,I,../data/AI/prompt_3/stimuli_I/Dalle40.png,"{9}

The transformation from a simple arch outline into a stylized figure leaning against the arch shows a high level of creativity. It takes a basic shape and reimagines it to convey a dynamic scene, adding complexity and narrative to the original simple form."
AI,I,../data/AI/prompt_3/stimuli_I/Dalle41.png,"{8} 

The transformation from a simple arch shape to a detailed abstract design is quite creative. The introduction of curves and additional elements suggests a thoughtful reinterpretation. The addition of textures and patterns adds depth and complexity, showing a creative departure from the original simplicity."
AI,I,../data/AI/prompt_3/stimuli_I/Dalle42.png,"{9}

The transformation from a simple, minimal outline to an intricate and artistic design is highly creative. The addition of detailed elements and shapes within the original structure shows a strong level of imagination and artistic skill. The complexity and elegance of the new image demonstrate a thoughtful approach to expanding on a basic concept."
AI,I,../data/AI/prompt_3/stimuli_I/Dalle43.png,"{9} 

The transformation from simple geometric shapes into an abstract depiction of a person sitting is highly creative. The original lines are cleverly incorporated into a complex and recognizable form, showing a strong imagination and artistic reinterpretation."
AI,I,../data/AI/prompt_3/stimuli_I/Dalle44.png,"{8} The transformation from a simple arch-like shape to a detailed drawing of a pterodactyl is imaginative. The artist cleverly uses the basic structure as a foundation for a more complex and dynamic image, showcasing significant creativity in interpreting and expanding the initial form."
AI,I,../data/AI/prompt_3/stimuli_I/Dalle45.png,"{8}

The transformation from a simple arch shape on the left to an abstract, figurative form on the right displays a high level of creativity. This conversion involves reimagining basic lines into complex curves and elements, which suggests an artistic interpretation and imaginative thought process."
AI,I,../data/AI/prompt_3/stimuli_I/Dalle46.png,"{9}

The transformation from the simple geometric shape on the left to the complex abstract drawing on the right demonstrates high creativity. The artist has used the original lines as a structural base and added intricate details and curves to create a dynamic and expressive figure. This inventive use of minimal lines to form a sophisticated and abstract piece is both imaginative and skillful."
AI,I,../data/AI/prompt_3/stimuli_I/Dalle47.png,"{9}

The transformation from simple abstract lines into a stylized human figure is highly creative. The artist has used the minimal lines effectively, incorporating curves to suggest form and posture while maintaining the original geometric constraints. This approach showcases originality and skill in interpreting basic shapes into a complex concept."
AI,I,../data/AI/prompt_3/stimuli_I/Dalle48.png,"{9} The transformation from a simple, minimalistic shape into a detailed, abstract character is highly creative. The use of lines to form a unique figure with intricate details like hair and a crown is imaginative and skillful, showcasing an impressive level of inventiveness."
AI,I,../data/AI/prompt_3/stimuli_I/Dalle49.png,"{9}

The transformation from a minimal and abstract shape to a detailed, recognizable human figure shows a high level of creativity. The artist skillfully used the simple lines as a foundation to construct a complex and dynamic form, repurposing the original elements innovatively."
AI,I,../data/AI/prompt_3/stimuli_I/Dalle50.png,{9} The transformation from minimal lines into abstract human figures demonstrates a high level of creativity. The use of simple shapes to convey recognizable forms shows a clever manipulation of the original image while maintaining an abstract style.
AI,R,../data/AI/prompt_3/stimuli_R/Dalle01.png,"{7}

The transformation from a simple geometric design to a more complex and abstract figure demonstrates a good level of creativity. There's a clear effort to incorporate various shapes and lines, creating a distinctive new image. While it effectively uses the original lines as a base, it might not exhibit the highest level of innovation or complexity for a perfect score."
AI,R,../data/AI/prompt_3/stimuli_R/Dalle02.png,"{9}

The transformation from simple geometric lines to a complex and stylized figure showcases a high level of creativity. The artist effectively used minimal elements and expanded them into a detailed and expressive design, demonstrating originality and a strong sense of design and imagination."
AI,R,../data/AI/prompt_3/stimuli_R/Dalle03.png,"{9}

The transformation is highly creative. The simple geometric forms in the left image are ingeniously reimagined as a stylized figure in the right image. The addition of curves, lines, and small details to convey a sense of character and form displays a strong sense of imagination and artistic vision."
AI,R,../data/AI/prompt_3/stimuli_R/Dalle04.png,"{8}

The transformation from simple lines to a whimsical character shows a high level of creativity. Incorporating those initial marks into a figure with personality and detail demonstrates imagination and artistic interpretation."
AI,R,../data/AI/prompt_3/stimuli_R/Dalle05.png,"{9} The transformation from the simple geometric shapes on the left into a complex, abstract figure on the right showcases a high level of creativity. The artist has used the basic lines to develop an intricate, expressive drawing, demonstrating a strong sense of imagination and skill."
AI,R,../data/AI/prompt_3/stimuli_R/Dalle06.png,"{8} 

The transformation from simple geometric lines into a stylized figure shows creativity and imagination. The original shapes are cleverly used as the foundation for a more intricate design, demonstrating an ability to see beyond the initial simplicity and create a recognizable form."
AI,R,../data/AI/prompt_3/stimuli_R/Dalle07.png,"{8} The transformation from simple lines to intricate, kite-like designs shows a high level of creativity. The addition of shapes and symbols not only adds detail but also completely changes the interpretation and complexity of the image. This imaginative leap from minimalism to detailed figures is quite creative."
AI,R,../data/AI/prompt_3/stimuli_R/Dalle08.png,"{8}

The transformation shows a high degree of creativity. The simple lines in the left image are reimagined and expanded into a more complex and expressive drawing on the right. The use of the initial lines as a framework for the new elements, like the face and hand, demonstrates an imaginative approach to design."
AI,R,../data/AI/prompt_3/stimuli_R/Dalle09.png,"{8}

The transformation from a simple geometric shape into a detailed and whimsical character shows a high level of creativity. The lines were expanded into a complex figure with patterns and features, which demonstrates imaginative thinking and artistic skill."
AI,R,../data/AI/prompt_3/stimuli_R/Dalle10.png,"{8}

The transformation from simple geometric shapes to a recognizable human form is creative. The artist creatively used minimal lines to suggest features like legs and a head, demonstrating an imaginative reinterpretation."
AI,R,../data/AI/prompt_3/stimuli_R/Dalle11.png,"{9}

The transformation from simple lines to a detailed drawing of an anthropomorphic creature is highly creative. The original abstract shapes are cleverly integrated into the character's design, showcasing an imaginative reinterpretation."
AI,R,../data/AI/prompt_3/stimuli_R/Dalle12.png,"{9} The transformation of the simple geometric shape on the left into a complex, abstract figure on the right demonstrates a high level of creativity. The lines have been artistically repurposed to form a unique, imaginative composition, showing great ingenuity and artistic interpretation."
AI,R,../data/AI/prompt_3/stimuli_R/Dalle13.png,"{8}

The transformation from a simple geometric arrow-like shape to a more complex abstract figure is quite creative. It shows a significant leap in design, adding intricate lines and form, while maintaining a connection to the original shape. This imaginative reinterpretation demonstrates a high level of creativity."
AI,R,../data/AI/prompt_3/stimuli_R/Dalle14.png,"{8}

The transformation shows significant creativity by using simple lines to construct a lively stick figure. The artist cleverly expanded from a minimal geometric shape to a dynamic human-like form with expressive hands and pose. This demonstrates imaginative use of basic elements to create something complex and engaging."
AI,R,../data/AI/prompt_3/stimuli_R/Dalle15.png,"{9}

The transformation from a simple geometric shape into a detailed and stylized bird figure is highly creative. The artist used minimal initial lines to create an intricate design, demonstrating imagination and artistic skill."
AI,R,../data/AI/prompt_3/stimuli_R/Dalle16.png,"{8}

The transformation from a simple shape to a rabbit figure shows a high degree of creativity. The original geometric outlines were imaginatively repurposed into an expressive and recognizable form, demonstrating clever use of minimal elements to convey a whole new concept."
AI,R,../data/AI/prompt_3/stimuli_R/Dalle17.png,"{8} The transformation from simple, minimalistic lines into a detailed drawing of an owl is quite creative. The artist cleverly uses the original shapes as the foundation, enhancing the design with curves and additional elements to construct an entirely new and recognizable figure."
AI,R,../data/AI/prompt_3/stimuli_R/Dalle18.png,"{9}

The transformation of simple geometric shapes into a complex, symmetrical design resembling a stylized insect showcases a high level of creativity. It involves imaginative thinking and skillful execution to develop such an intricate and dynamic transformation from minimal elements."
AI,R,../data/AI/prompt_3/stimuli_R/Dalle19.png,"{8}

The transformation from a simple geometric shape to a stylized human figure demonstrates significant creativity. The artist uses minimal lines to convey a sense of form and personality, incorporating the original shape cleverly into the figure's structure. The abstraction is effective and engaging."
AI,R,../data/AI/prompt_3/stimuli_R/Dalle20.png,"{8}

The transformation from a simple arrow-like structure to a detailed drawing of a person in water shows a high level of creativity. Using minimal lines to create a complex image demonstrates an imaginative approach to reinterpreting basic shapes."
AI,R,../data/AI/prompt_3/stimuli_R/Dalle21.png,"I’d rate the creativity at {8}.

The transformation from simple lines into a geometric composition shows a clever use of shapes to form an intricate pattern with a more complex design. This demonstrates both imaginative thinking and a strong sense of design, making effective use of minimal elements to create something visually engaging."
AI,R,../data/AI/prompt_3/stimuli_R/Dalle22.png,"{9} 

The transformation from simple geometric lines into a complex, abstract face is highly creative. The artist skillfully used minimal elements and transformed them into a recognizable and intricate figure with unique details. It's a clever reimagining that demonstrates originality and artistic vision."
AI,R,../data/AI/prompt_3/stimuli_R/Dalle23.png,"{8} The transformation from simple, abstract lines into a complex pattern of stylized figures demonstrates a high level of creativity. The way the original shapes were reimagined to create a structured and cohesive new design shows innovative thinking."
AI,R,../data/AI/prompt_3/stimuli_R/Dalle24.png,"{9}

The transformation from simple geometric shapes into an abstract representation of a human figure shows high creativity. The use of lines and angles creatively forms a recognizable and dynamic composition, suggesting movement and personality. This shows a great leap from the simplicity of the initial shapes while maintaining the essence of the original elements."
AI,R,../data/AI/prompt_3/stimuli_R/Dalle25.png,"{8}

Explanation: The creativity in transforming a minimalistic geometric shape into an imaginative drawing representing two people sitting is quite high. The simple lines on the left have been reinterpreted into a visually intriguing and complex scene on the right. It's a clever and imaginative transformation, showcasing the ability to see beyond the basic elements and construct a new concept meaningfully."
AI,R,../data/AI/prompt_3/stimuli_R/Dalle26.png,"{9}

The transformation of the simple geometric lines into a stylized humanoid figure demonstrates high creativity. The original abstract shapes were cleverly reimagined into a distinct and expressive form, showing an inventive use of space and line."
AI,R,../data/AI/prompt_3/stimuli_R/Dalle27.png,"{9}

The transformation from simple geometric shapes to a series of intricate human figures and designs demonstrates a high level of creativity. The artist effectively used minimal initial elements to create diverse and lively compositions, showing originality and a strong imaginative approach."
AI,R,../data/AI/prompt_3/stimuli_R/Dalle28.png,{9} The transformation from simple geometric lines into a stylized human-like figure shows high creativity. The use of minimal initial elements to construct a complex and recognizable form demonstrates imaginative thinking and effective use of abstraction.
AI,R,../data/AI/prompt_3/stimuli_R/Dalle29.png,"{8} The transformation from the left image to the right image shows a high level of creativity. It takes a simple, geometric shape and evolves it into a complex, abstract composition. The interplay and layering of lines demonstrate imaginative thinking and artistic exploration."
AI,R,../data/AI/prompt_3/stimuli_R/Dalle30.png,"{7} The transformation from a simple geometric figure into a quirky face with intricate details demonstrates creativity. The addition of facial features and the twist in the design shows an imaginative approach, although the basic structure remains recognizable and relatively straightforward."
AI,R,../data/AI/prompt_3/stimuli_R/Dalle31.png,"{8}

The transformation from a simple geometric shape to a more intricate and abstract figure demonstrates significant creativity. The addition of elements like the eye and limbs adds character and converts a basic form into something resembling a quirky character or creature. The creative use of angles and lines is imaginative and visually engaging."
AI,R,../data/AI/prompt_3/stimuli_R/Dalle32.png,"{8}

The transformation from simple lines into a detailed graphic of a person stepping through shutters demonstrates a high level of creativity. The initial abstract shapes are cleverly reimagined as part of a more complex and expressive scene, showcasing imaginative thinking and skillful design."
AI,R,../data/AI/prompt_3/stimuli_R/Dalle33.png,"{8}

The transformation from a simple geometric shape to an abstract figure illustrates a high level of creativity. The artist has effectively expanded upon the minimal features of the left image, integrating additional elements to form a more complex and expressive design on the right. The imaginative use of lines to suggest a human form is particularly inventive."
AI,R,../data/AI/prompt_3/stimuli_R/Dalle34.png,"{8} 

The transformation from the minimalistic geometric shape on the left to the dynamic, abstract form on the right is quite inventive. The addition of flowing lines and curves introduces movement and complexity, suggesting perhaps a stylized figure or object. The creative use of line work enhances the composition and demonstrates originality."
AI,R,../data/AI/prompt_3/stimuli_R/Dalle35.png,{9} The transformation from simple lines to a detailed sketch of a person demonstrates high creativity. The artist effectively used minimalistic elements on the left to inspire a more complex and expressive image on the right. The act of envisioning and crafting a recognizable character from basic geometric shapes showcases imaginative thinking.
AI,R,../data/AI/prompt_3/stimuli_R/Dalle36.png,"{8}

The transformation from the minimal geometric shape on the left to an image suggesting movement and abstract forms on the right demonstrates a high level of creativity. The addition of elements resembling figures and dynamic lines shows imaginative development, turning simple lines into a narrative or scene."
AI,R,../data/AI/prompt_3/stimuli_R/Dalle37.png,"{9}

The conversion from the left image to the right one is highly creative. The simple geometric shape on the left was transformed into a complex and imaginative creature on the right, maintaining some of the angular elements while adding intricate details and form. The creativity lies in the ability to see potential in basic shapes and develop them into an artistic and whimsical design."
AI,R,../data/AI/prompt_3/stimuli_R/Dalle38.png,"{9} The transformation from simple lines to an abstract human figure demonstrates significant creativity. The artist has cleverly used minimal elements to suggest form and movement, showing a high level of imagination and artistic interpretation."
AI,R,../data/AI/prompt_3/stimuli_R/Dalle39.png,"{8} The transformation of a simple geometric shape into a dynamic abstract figure shows a high level of creativity. The original minimalistic lines were expertly developed into a more complex and imaginative form, suggesting movement and character. The contrast between simplicity and complexity enhances the artistic expression."
AI,R,../data/AI/prompt_3/stimuli_R/Dalle40.png,"{8}

The transformation of a simple geometric shape into an abstract, Picasso-esque figure demonstrates a high level of creativity. The original lines are cleverly repurposed into a complex form, showcasing an inventive use of minimal elements to create expressive art."
AI,R,../data/AI/prompt_3/stimuli_R/Dalle41.png,"{7}

The transformation from simple geometric shapes into a more complex abstract form shows a creative leap. The shapes are reimagined as an abstract figure with added lines and angles, showcasing imagination with a minimalist starting point. The creativity stands out as it turns simplicity into an expressive form, although it could be enhanced with more detail or thematic connection."
AI,R,../data/AI/prompt_3/stimuli_R/Dalle42.png,"{7}

The transformation of simple lines into a more complex and abstract geometric figure shows creativity. The use of lines to create a sense of motion or structure is inventive, although it may not be highly intricate or visually detailed."
AI,R,../data/AI/prompt_3/stimuli_R/Dalle43.png,"{8}

The transformation from simple lines in the left image to a complex and detailed design in the right image shows significant creativity. The artist used the basic shapes as a framework and developed an intricate pattern that adds depth and interest. The addition of geometric elements and varied line thicknesses enhances the overall design, demonstrating creative thought and skill."
AI,R,../data/AI/prompt_3/stimuli_R/Dalle44.png,"{8} The transformation from simple geometric lines to a stylized face illustration shows a high level of creativity. It effectively uses minimal elements and adds complexity while forming recognizable features, demonstrating abstract and imaginative thinking."
AI,R,../data/AI/prompt_3/stimuli_R/Dalle45.png,"{8}

The creativity displayed is impressive. The simple geometric shapes on the left were transformed into a stylized abstract face and upper body on the right. The use of lines to create facial features and the addition of texture in the chest area adds a unique artistic touch."
AI,R,../data/AI/prompt_3/stimuli_R/Dalle46.png,{8} The transformation demonstrates a high level of creativity. The simple shapes from the left image were imaginatively developed into a complex and dynamic figure on the right. The use of lines in transforming basic geometrical shapes into a more detailed and expressive form shows innovative thinking.
AI,R,../data/AI/prompt_3/stimuli_R/Dalle47.png,"{8}

The transformation from the simple geometric lines on the left to the complex, abstract design on the right shows a high level of creativity. The original lines have been cleverly integrated into an intricate pattern, displaying both imagination and skill. The design maintains visual interest and complexity, which indicates creative transformation."
AI,R,../data/AI/prompt_3/stimuli_R/Dalle48.png,"{9}

The transformation from simple geometric lines to a stylized figure is highly creative. The original lines were cleverly reimagined to form a dynamic figure, adding depth, meaning, and artistic flair to what was a minimalistic design. This represents a significant leap in creativity by injecting character and complexity into the basic shapes."
AI,R,../data/AI/prompt_3/stimuli_R/Dalle49.png,"{9}

The transformation from simple lines into a detailed robot-like figure is highly creative. The use of basic geometric shapes to construct a complex and whimsical character shows imaginative thinking and skill in transforming minimal elements into a playful design."
AI,R,../data/AI/prompt_3/stimuli_R/Dalle50.png,"{9}

The transformation from a simple geometric shape into a more complex and abstract design demonstrates high creativity. The addition of intricate patterns and extensions shows imaginative development, giving the image character and a sense of identity."
