pid,creator,age,stimuli,inverted,filename,filepath,blip_caption,blip_caption_correct,gpt_caption,gpt_caption_correct,gpt_caption_confidence,originality_audra,originality_ocs,percentile_ocs,category1,category2,category3,confidence,creativity,creativity2,used_mask,line_thickness,ink_density,ink_fraction_inside_mask,number_of_components,number_of_lines,dist_from_base_caption_gtelarge,dist_from_base_caption_gte,dist_from_base_caption_stella,dist_from_base_shape_dino,dist_from_base_shape_clip,text_10NN_gtelarge,image_10NN_dino,image_10NN_clip,inverse_category_frequency,inverse_cluster_frequency_gtelarge
16,adults,,G,FALSE,16__3473_9.jpg,../data/adults/stimuli_G/16__3473_9.jpg,a drawing of a bat and a pencil on a white background,,Abstract object resembling a bow and arrow,,3,0.65917319059372,0.68,88.0,abstract doodle/hard to interpret,arrow,,1,2,2,1,4.72435082024414,5.899375,0.885403624382208,1,13,0.1623292371834170,0.3365871510855630,0.4117859601974490,0.6511957901914820,0.2524700149030560,0.14234106,0.42418098,0.1996733,4.774193548387100,6.090909090909090
21,adults,,G,FALSE,21__3508_9.jpg,../data/adults/stimuli_G/21__3508_9.jpg,a drawing of a mushroom with a black outline on a white background,,A simple drawing of a mushroom with spots on the cap,,5,0.317512392997742,0.31,3.0,mushroom,,,2,2,2,1,4.24076026882029,3.63375,0.861991434689508,6,9,0.1243004650711400,0.2022645235736520,0.2674089074134830,0.6107079149080670,0.2558053724812360,0.036501657,0.13167295,0.059873413,5.6923076923076900,7.882352941176470
26,adults,,G,FALSE,26__3553_9.jpg,../data/adults/stimuli_G/26__3553_9.jpg,a drawing of a basketball court with a basketball hoop and a basketball hoop,,Hard to interpret,,2,0.505171418190002,0.57,64.0,person(s),sun,water,1,1,0,0.5,4.40652208230564,2.905625,0.730815267987764,2,10,0.2484451532363890,0.4582867460932360,0.628205202328848,0.4802586824800770,0.2845642290490880,0.0,0.32304507,0.22049029,7.7894736842105300,9.571428571428570
27,adults,,G,FALSE,27__3565_9.jpg,../data/adults/stimuli_G/27__3565_9.jpg,a black and white drawing of a crab with a box in its paws,,A crab with claws and legs in a simplistic drawing style,,5,0.694213211536408,0.67,87.0,face,,,2,3,4,1,4.43910574751428,5.36625,0.944500504540868,1,7,0.1477184803653650,0.2756499648094180,0.3790630102157590,0.638764830512393,0.3220765872930490,0.13962945,0.40393987,0.2533378,21.142857142857100,16.75
32,adults,,G,FALSE,32__3577_9.jpg,../data/adults/stimuli_G/32__3577_9.jpg,a drawing of a mushroom with a long stem on a white background,,Simple silhouette outline of a mushroom shape,,5,0.140106156468391,0.21,0.0,tracing,,,2,20,0,1,3.6992267635997,1.796875,0.823337178008458,1,8,0.0978777408599853,0.2177179352388890,0.2857588529586790,0.3865733500808240,0.1553498623748790,0.06376426,0.21847066,0.12747309,24.666666666666700,7.882352941176470
44,adults,,G,FALSE,44__3661_9.jpg,../data/adults/stimuli_G/44__3661_9.jpg,a drawing of a mushroom with a hat on it,,"Person wearing a large hat with text ""identify yourself"" written beside",,4,0.661190688610077,0.68,88.0,creature(s),writing,,1,1,1,0.5,4.86035140098777,7.7775,0.384451219512195,3,15,0.2128473393412020,0.4578776197993040,0.5833887110120820,0.623194214368062,0.3373746387455510,0.16308072,0.21469733,0.2295847,21.142857142857100,7.444444444444450
46,adults,,G,FALSE,46__3684_9.jpg,../data/adults/stimuli_G/46__3684_9.jpg,cartoon drawing of a person holding a knife and a umbrella,,A mushroom with a rectangular stem on a surface,,4,0.360141307115555,0.46,37.0,mushroom,,,2,1,2,1,4.8421348264779,6.49875,0.424895904542912,5,14,0.1610029243825110,0.277860917981294,0.4323083500678320,0.6844048317480320,0.2857628128525870,0.08888688,0.3586837,0.0957485,5.6923076923076900,6.7
62,adults,,G,FALSE,62__3706_9.jpg,../data/adults/stimuli_G/62__3706_9.jpg,a drawing of a person with a cat on their back,,"A round-bodied creature with a tail, two legs, and two arms",,4,0.617157459259033,0.66,85.0,creature(s),,,2,2,3,1,4.78656105556051,7.47375,0.518585441404233,8,13,0.2085063457489010,0.3872214373118110,0.4883112754914540,0.6084681653081020,0.3601248037608090,0.1501315,0.26157457,0.19080658,21.142857142857100,16.75
66,adults,,G,FALSE,66__3730_9.jpg,../data/adults/stimuli_G/66__3730_9.jpg,a drawing of a ladder leading to a beach with a sun in the background,,Sun over ocean waves with a ladder from the water,,3,0.591598689556122,0.62,78.0,sunset,beach,pier,2,3,2,1,4.66451954832474,10.646875,0.49859627374485,10,29,0.203241229057312,0.4355437846967960,0.5153824090957640,0.7941132909235910,0.3077234781193610,0.15627,0.4009667,0.1678198,74.0,22.333333333333300
85,adults,,G,FALSE,85__3786_9.jpg,../data/adults/stimuli_G/85__3786_9.jpg,a drawing of a tombstone with a sign that says rip me,,"Tombstone with ""R.I.P"" and ""ME"" written on it",,5,0.58507764339447,0.55,60.0,grave,writing,,2,2,2,1,4.33034505564412,4.285,0.771314116520073,7,11,0.2400177490716500,0.4810521293313570,0.5955115556716920,0.5499463146797720,0.3557931817683980,0.20413294,0.25109106,0.2594275,148.0,6.090909090909090
103,adults,,G,FALSE,103__3832_9.jpg,../data/adults/stimuli_G/103__3832_9.jpg,a drawing of a man with his arms outstretched out,,Simple humanoid figure with a round head and rectangular body,,4,0.534893453121185,0.52,51.0,person(s),,,2,2,3,1,4.45652356027232,4.640625,0.675642393892127,2,8,0.1760029792785640,0.3485869973055710,0.4322035651085630,0.6364949908754350,0.3036191050810190,0.101895094,0.20993292,0.09772816,7.7894736842105300,16.75
110,adults,,G,FALSE,110__3846_9.jpg,../data/adults/stimuli_G/110__3846_9.jpg,a drawing of a person holding an umbrella with the word ' m ' drawn on it,,A person underneath an umbrella with rain falling,,5,0.339922517538071,0.39,21.0,umbrella,rain,,1,2,2,1,3.948025851764,3.076875,0.728962710372896,8,4,0.1970456125112990,0.4170743301875270,0.4835134744644170,0.6024336016668300,0.2252571453425010,0.1105632,0.26385212,0.11599584,8.222222222222220,10.307692307692300
113,adults,,G,FALSE,113__3868_9.jpg,../data/adults/stimuli_G/113__3868_9.jpg,a drawing of a face with a smile drawn on it,,Simple face with closed eyes and a rectangular mouth,,4,0.375809818506241,0.36,14.0,face,,,2,1,2,1,4.06061006405776,3.150625,0.60303065090116,4,5,0.1922880411148070,0.2861183669006330,0.4746519170597770,0.4084734456707700,0.2589698147790190,0.08857412,0.25647593,0.1350367,21.142857142857100,7.444444444444450
138,adults,,G,FALSE,138__5325_9.jpg,../data/adults/stimuli_G/138__5325_9.jpg,a drawing of a mushroom head with a tree on it,,Hard to interpret,,1,0.512839198112488,0.52,52.0,abstract doodle/hard to interpret,,,1,1,1,0.5,4.22638287082906,4.65875,0.43417943440811,2,6,0.2484451532363890,0.4582867460932360,0.628205202328848,0.5494440650245720,0.2422924540730020,0.0,0.29093662,0.15636241,4.774193548387100,9.571428571428570
140,adults,,G,FALSE,140__3910_9.jpg,../data/adults/stimuli_G/140__3910_9.jpg,a drawing of a sign that says pick up on a white background,,"A simplistic phone booth with ""Phone"" written on it",,4,0.627177715301514,0.62,77.0,phone booth,,,1,1,1,1,4.73334775740204,4.82625,0.585283174865647,3,16,0.1925278902053830,0.3954508956179800,0.4767663478851320,0.4949668450684410,0.3064774221751440,0.19686276,0.33294863,0.20576017,148.0,6.090909090909090
157,adults,,G,FALSE,157__3922_9.jpg,../data/adults/stimuli_G/157__3922_9.jpg,a drawing of a mushroom shaped object with a long stem,,Outline resembling a mushroom or umbrella shape,,3,0.185285940766335,0.25,0.0,tracing,,,2,20,1,1,3.42070297972734,1.66625,0.889425865068626,1,7,0.0834725995692426,0.1850802655541970,0.2747797966003420,0.3425956072553790,0.1767375611729910,0.076336056,0.23137443,0.16251698,24.666666666666700,7.882352941176470
174,adults,,G,FALSE,174__3967_9.jpg,../data/adults/stimuli_G/174__3967_9.jpg,a drawing of a microwave with an umbrella over it,,Hot air balloon with basket and heat waves,,4,0.614155948162079,0.68,88.0,parachute,supply-box,,1,2,2,0.5,4.85971301882957,6.6925,0.709931811443819,6,15,0.1777971982955930,0.3169232606887820,0.4247871294490760,0.6486151434022340,0.2866306800094440,0.19952667,0.32138872,0.18636103,148.0,6.090909090909090
180,adults,,G,FALSE,180__4001_9.jpg,../data/adults/stimuli_G/180__4001_9.jpg,a drawing of a mushroom with a net on it,,Mushroom with crosshatched lines on the stem and top,,5,0.553299427032471,0.54,57.0,abstract doodle/hard to interpret,,,1,1,1,1,4.90102148448237,6.13375,0.901828077030421,2,10,0.16255784034729,0.3320380051158660,0.3632340431213380,0.733229866233676,0.2670268343324920,0.090910114,0.287746,0.15707074,4.774193548387100,6.7
181,adults,,G,FALSE,181__5394_9.jpg,../data/adults/stimuli_G/181__5394_9.jpg,a drawing of a man with a hat on his head,,Simple stick figure with a round head and broad torso,,4,0.429783761501312,0.48,40.0,person(s),,,2,1,2,1,4.2465798340412,2.95875,0.782018545894369,1,11,0.1691553592681880,0.3095285275156940,0.412096619606018,0.6127409901447620,0.2511980843654560,0.07911891,0.26394707,0.081014946,7.7894736842105300,16.75
182,adults,,G,FALSE,182__5406_9.jpg,../data/adults/stimuli_G/182__5406_9.jpg,drawing of a man holding an umbrella with the word ' s name,,Stick figures under an umbrella with letters above them,,4,0.503359079360962,0.45,35.0,umbrella,person(s),rain,2,2,3,1,4.19926038622555,3.335625,0.771687883074022,5,10,0.1366506218910220,0.2671580096232290,0.3360065221786500,0.5681410152317080,0.2623657944794900,0.07667749,0.18290432,0.16907182,8.222222222222220,14.88888888888890
183,adults,,G,FALSE,183__5418_9.jpg,../data/adults/stimuli_G/183__5418_9.jpg,a drawing of a mushroom with a face on it,,A mushroom with a spotted cap and a simple stem,,5,0.353207051753998,0.3,2.0,mushroom,,,2,2,2,1,4.63157311591102,4.06625,0.870836718115353,2,8,0.1876752376556400,0.3307832280034790,0.4365308284759520,0.6303147249119060,0.2674190045043560,0.059780736,0.14817676,0.06685609,5.6923076923076900,6.7
197,adults,,G,FALSE,197__5470_9.jpg,../data/adults/stimuli_G/197__5470_9.jpg,a drawing of a man with a hat on his head,,"Stick figure with arms and legs, circular head, and a curved line body",,5,0.45185661315918,0.47,39.0,person(s),,,2,2,2,1,4.12384128492579,3.1475,0.693682664054848,5,7,0.1575050856169990,0.2884131245859330,0.3931731816037400,0.554092904753958,0.2731543817673810,0.09431039,0.20696321,0.09132329,7.7894736842105300,16.75
203,adults,,G,FALSE,203__4073_9.jpg,../data/adults/stimuli_G/203__4073_9.jpg,a drawing of a rainbow and clouds with a person smiling,,Rainbow over clouds and a geometric object below,,3,0.52845561504364,0.57,64.0,rainbow,clouds,pot of gold,1,3,2,1,4.59841959387393,5.373125,0.943736578382248,1,8,0.157701313495636,0.318231621927965,0.4250962734222410,0.5366386302780960,0.2040289341999110,0.13604061,0.25021487,0.1541237,74.0,19.142857142857100
223,adults,,G,FALSE,223__4143_9.jpg,../data/adults/stimuli_G/223__4143_9.jpg,a drawing of a bird standing on a wire fence,,"Bird with wings spread, perched on a grid-like structure",,4,0.679289937019348,0.63,79.0,abstract doodle/hard to interpret,,,1,1,3,1,4.77147649006106,5.468125,0.88793600461228,1,9,0.1900641322135930,0.4113621711730960,0.5086776321338190,0.6578367957412910,0.3430070789375140,0.15653633,0.2708931,0.22142014,4.774193548387100,22.333333333333300
242,adults,,G,FALSE,242__4167_9.jpg,../data/adults/stimuli_G/242__4167_9.jpg,a drawing of a person holding a sign with a face on it,,Simple human figure with big head and stick-like limbs,,3,0.579840064048767,0.57,66.0,person(s),,,2,2,3,1,4.40029023072051,4.418125,0.797687366167024,2,10,0.1652210354804990,0.3356153766994290,0.428522620885215,0.6774337544267020,0.2673045118615110,0.08301112,0.22735596,0.1253584,7.7894736842105300,16.75
247,adults,,G,FALSE,247__4179_9.jpg,../data/adults/stimuli_G/247__4179_9.jpg,a close up of a drawing of a bear ' s face with a nose,,Simple drawing of an animal face with round ears,,4,0.600187659263611,0.5,48.0,creature(s),,,2,2,3,1,3.63347790283842,2.48625,0.716624178183282,9,3,0.1698461771011350,0.3105706963113160,0.3774932622909550,0.3751470000064820,0.2500318766900700,0.10664664,0.25537306,0.19149376,21.142857142857100,16.75
259,adults,,G,FALSE,259__4203_9.jpg,../data/adults/stimuli_G/259__4203_9.jpg,a drawing of a circle with a square in the middle,,Abstract grid pattern with a square inside a circle,,3,0.567493557929993,0.56,62.0,abstract doodle/hard to interpret,,,1,1,1,0.5,4.86388550851446,9.980625,0.689042241739858,1,37,0.1772446632385250,0.3952478405980960,0.452649636645604,0.6477836684235370,0.251193468960845,0.15761688,0.46541977,0.17125931,4.774193548387100,6.090909090909090
263,adults,,G,FALSE,263__7333_9.jpg,../data/adults/stimuli_G/263__7333_9.jpg,drawing of a man and woman under an umbrella in the rain,,Two stick figures under an umbrella with raindrops falling around,,5,0.486355781555176,0.54,57.0,umbrella,person(s),rain,2,3,4,1,4.65827729289014,6.243125,0.708733483725427,17,12,0.1688189405906820,0.3731803707236160,0.375277042388916,0.6990094917535330,0.3563454315259630,0.05530908,0.16083014,0.14897521,8.222222222222220,14.88888888888890
265,adults,,G,FALSE,265__4227_9.jpg,../data/adults/stimuli_G/265__4227_9.jpg,a drawing of a woman with a long hair and a dress,,"Person with wings and a bag, standing upright",,5,0.609381794929504,0.66,86.0,angel,,,2,3,4,1,5.12156656693498,6.71375,0.731900662661795,1,14,0.2096015686034210,0.4593805509621070,0.5442444384098050,0.6566922700595880,0.2964788289024750,0.1607966,0.27521333,0.24121293,148.0,22.333333333333300
269,adults,,G,FALSE,269__4249_9.jpg,../data/adults/stimuli_G/269__4249_9.jpg,drawing of a man with a dog and a cat in a room,,Hard to interpret,,2,0.791100442409515,0.81,98.0,person(s),heart,hug,2,3,4,1,5.24512241198622,10.165,0.532903174094261,3,14,0.2484451532363890,0.4582867460932360,0.628205202328848,0.6125613910970760,0.3591883294729350,0.0,0.2283978,0.21488419,7.7894736842105300,9.571428571428570
275,adults,,G,FALSE,275__4260_9.jpg,../data/adults/stimuli_G/275__4260_9.jpg,a drawing of a man holding an umbrella in the rain,,Simple outline of a mushroom or umbrella with details,,4,0.398775905370712,0.36,12.0,mushroom,,,2,2,2,1,4.39380774170602,3.216875,0.956145846385165,1,8,0.0734674930572509,0.1579277703675890,0.1955811737650980,0.4769416971661780,0.2335586765731160,0.065029755,0.18112938,0.118945815,5.6923076923076900,7.882352941176470
285,adults,,G,FALSE,285__4284_9.jpg,../data/adults/stimuli_G/285__4284_9.jpg,a drawing of a man ' s face with a frown on his face,,Abstract drawing of a face with exaggerated features and prominent outlines,,4,0.630351781845093,0.66,84.0,face,,,2,3,4,1,4.69271008505202,7.536875,0.598522416759437,8,15,0.1551465140326770,0.3873151175567570,0.4205196499824520,0.7298464986815980,0.2592436858840800,0.11536632,0.39808825,0.149056,21.142857142857100,7.444444444444450
287,adults,,G,FALSE,287__5661_9.jpg,../data/adults/stimuli_G/287__5661_9.jpg,a drawing of a table with a umbrella on top of it,,"A simple table with a large, dome-shaped umbrella",,5,0.389281570911407,0.42,27.0,abstract doodle/hard to interpret,,,2,1,1,0.5,4.02499575427478,2.095,0.92059043348281,1,8,0.1599252223968510,0.3804286760475020,0.3800906908458050,0.5047068685307020,0.2217341025748070,0.121637784,0.20866904,0.15062085,4.774193548387100,10.307692307692300
298,adults,,G,FALSE,298__4324_9.jpg,../data/adults/stimuli_G/298__4324_9.jpg,a drawing of a person holding an umbrella in the rain,,A large mushroom with smaller ones and rain,,5,0.449856907129288,0.55,61.0,mushroom,rain,,2,2,2,1,4.81990414338029,6.916875,0.552022948664316,10,16,0.1604860424995420,0.3096588828854730,0.4044152916793610,0.7056174337983610,0.3675944666100350,0.110737346,0.21015432,0.15259944,5.6923076923076900,6.7
301,adults,,G,FALSE,301__5703_9.jpg,../data/adults/stimuli_G/301__5703_9.jpg,a drawing of a person holding a slice of pizza in their hand,,"A figure with a round head, face, and stick body holding something",,3,0.533449769020081,0.54,57.0,abstract doodle/hard to interpret,pizza,,1,1,4,1,4.36133432245917,4.73625,0.860785439042388,8,11,0.179736305490951,0.3554721282563240,0.4439982175827030,0.6895985598143000,0.296180343471722,0.08957903,0.25794205,0.15173423,4.774193548387100,16.75
302,adults,,G,FALSE,302__4347_9.jpg,../data/adults/stimuli_G/302__4347_9.jpg,a drawing of a smiley face with a black outline on a white background,,A simple drawing of a face with eyes and a smile,,5,0.371092617511749,0.39,21.0,face,,,2,2,2,1,4.05667810036819,3.87,0.470281240939403,8,6,0.163897156715393,0.2724891684201110,0.3813358914055880,0.4430281959664750,0.2376215995801470,0.09124108,0.22991116,0.102435924,21.142857142857100,7.444444444444450
315,adults,,G,FALSE,315__5727_9.jpg,../data/adults/stimuli_G/315__5727_9.jpg,a drawing of a umbrella with rain coming out of it,,Abstract drawing of an umbrella with water and raindrops,,4,0.430988669395447,0.59,71.0,umbrella,person(s),rain,2,3,2,0.5,4.26558409408329,3.668125,0.69261104192611,4,9,0.1060220599174500,0.2428619410313320,0.2717694802146830,0.4380543775500970,0.2363160209185800,0.08690614,0.20404115,0.12554425,8.222222222222220,10.307692307692300
324,adults,,G,FALSE,324__5744_9.jpg,../data/adults/stimuli_G/324__5744_9.jpg,a close up of a drawing of a face with a frown,,"Simple face with eyes, eyebrows, nose, and a smile",,4,0.415145725011826,0.41,26.0,face,,,2,2,2,1,4.64276020766215,3.37625,0.802661551372737,5,5,0.1909711360931400,0.2598431485844590,0.4443886280059810,0.4686603721125880,0.2340503832293180,0.076005295,0.33870783,0.11974299,21.142857142857100,7.444444444444450
340,adults,,G,FALSE,340__5785_9.jpg,../data/adults/stimuli_G/340__5785_9.jpg,a drawing of a house with a square in the middle,,Circle and square shapes with smaller squares at each corner,,3,0.530236840248108,0.64,82.0,abstract doodle/hard to interpret,,,1,1,1,1,4.46416171731874,6.999375,0.605677557579004,4,13,0.1607646942138670,0.338297108957085,0.4339399337768550,0.5501579006998990,0.2470418966960480,0.155249,0.2924574,0.16464558,4.774193548387100,6.090909090909090
346,adults,,G,FALSE,346__5809_9.jpg,../data/adults/stimuli_G/346__5809_9.jpg,a drawing of a mushroom on a table with a person sitting on it,,A mushroom with large spots on top of a curved object,,4,0.382640391588211,0.47,39.0,mushroom,,,2,2,2,1,4.49860933413244,6.651875,0.650274821658286,1,12,0.1632719733281110,0.2999757319681560,0.4072209596633910,0.6355922634414000,0.333975481394285,0.082588345,0.21034737,0.11520262,5.6923076923076900,6.7
356,adults,,G,FALSE,356__5842_9.jpg,../data/adults/stimuli_G/356__5842_9.jpg,a black and white drawing of a man with a bird on his head,,Stylized face with spiky hair and rectangular mouth,,4,0.62300169467926,0.61,76.0,creature(s),,,2,2,2,1,4.87611249016287,6.11,0.787944096133751,2,16,0.2035867693177910,0.3146837149466190,0.5269996978938490,0.6333836515319900,0.3217025033665190,0.12234008,0.30035552,0.17899737,21.142857142857100,7.444444444444450
375,adults,,G,FALSE,375__5945_9.jpg,../data/adults/stimuli_G/375__5945_9.jpg,drawing of a black and white umbrella with a long arrow pointing to it,,Umbrella with arrow pointing upwards under it,,4,0.387750059366226,0.43,29.0,abstract doodle/hard to interpret,,,2,0,1,0.5,4.0527056978882,2.9125,0.743942804183768,1,8,0.1598837375640870,0.3122210912572680,0.3791800737380980,0.6398353901933150,0.2519699367700750,0.1098849,0.18479718,0.13256235,4.774193548387100,10.307692307692300
392,adults,,G,FALSE,392__6012_9.jpg,../data/adults/stimuli_G/392__6012_9.jpg,a drawing of a black and white umbrella with a white background,,Simple drawing of a mushroom with a round cap and stem,,5,0.273166567087173,0.23,0.0,tracing,,,2,20,1,1,4.01729574681714,2.076875,0.954977136827295,1,9,0.1220729351043700,0.2062505606562220,0.260427550102921,0.4633972877419210,0.1980803232060160,0.03687815,0.18153544,0.101875305,24.666666666666700,7.882352941176470
415,adults,,G,FALSE,415__7553_9.jpg,../data/adults/stimuli_G/415__7553_9.jpg,a drawing of a face with two faces drawn on it,,Smiling face with tears and squiggly lines above,,3,0.554336905479431,0.58,69.0,abstract doodle/hard to interpret,,,1,1,2,0.5,4.48782486778978,6.509375,0.440987567026103,7,10,0.1927871704101560,0.285609956289225,0.4680678685923770,0.6728692675575520,0.2573498065595210,0.13669565,0.28921992,0.14604884,4.774193548387100,7.444444444444450
427,adults,,G,FALSE,427__6116_9.jpg,../data/adults/stimuli_G/427__6116_9.jpg,drawing of a man holding an umbrella with a smile on his face,,Simple outline of a mushroom with cap and stem,,4,0.330671757459641,0.31,3.0,mushroom,,,2,2,2,1,4.22897786386805,3.03875,0.96026977314531,1,6,0.1294207572937010,0.2221423387527470,0.2812717221651360,0.5954618589597250,0.2468674469712300,0.056062877,0.1705265,0.073772795,5.6923076923076900,7.882352941176470
434,adults,,G,FALSE,434__7586_9.jpg,../data/adults/stimuli_G/434__7586_9.jpg,a drawing of a person sitting on a chair under a umbrella,,"Umbrella on a stand with droplets above, resembling rain",,4,0.378701627254486,0.4,23.0,abstract doodle/hard to interpret,,,1,1,1,0.5,4.16508325559843,2.520625,0.952678571428571,10,7,0.1697662371536340,0.2847747163273110,0.3636794090271000,0.6665979742683500,0.2470593928436720,0.10678239,0.252428,0.14983675,4.774193548387100,10.307692307692300
445,adults,,G,FALSE,445__7631_9.jpg,../data/adults/stimuli_G/445__7631_9.jpg,a drawing of a basketball court with a ball on the court,,Simple line drawing of a stick figure under an arch,,4,0.298119246959686,0.31,3.0,blank,,,2,10,0,0,3.15433576622159,1.304375,0.680680680680681,3,4,0.1243931651115420,0.2532484459801090,0.307126281302534,0.1946782234259650,0.1684447705059720,0.113386475,0.29880008,0.19350918,74.0,6.090909090909090
453,adults,,G,FALSE,453__6216_9.jpg,../data/adults/stimuli_G/453__6216_9.jpg,a drawing of a mushroom with a face on it,,A mushroom with a spotted cap and a thick stem,,5,0.266840279102325,0.29,1.0,mushroom,,,2,2,2,1,4.48816330763295,5.5025,0.94380945358012,2,9,0.2083025102795650,0.3700891545441490,0.4935532212257390,0.7106561168352100,0.2887997467055800,0.07653636,0.14662425,0.062091894,5.6923076923076900,6.7
454,adults,,G,FALSE,454__7725_9.jpg,../data/adults/stimuli_G/454__7725_9.jpg,a drawing of a man in a lab coat and boots,,"Simple drawing of a person with large arms, no facial features",,5,0.53689843416214,0.54,56.0,person(s),,,2,2,3,1,4.41994724136033,5.05125,0.677964762581971,2,9,0.1458716392517090,0.3316328923921040,0.4057369232177730,0.7042393221547630,0.2769651901639930,0.12168057,0.19567516,0.08824156,7.7894736842105300,7.444444444444450
456,adults,,G,FALSE,456__7749_9.jpg,../data/adults/stimuli_G/456__7749_9.jpg,a drawing of a man with a headband on his head,,A simplistic face with curly hair and large eyes,,5,0.738808810710907,0.56,63.0,face,,,2,3,4,1,6.09045436938987,19.61375,0.340874409591861,7,60,0.2058256268501280,0.3341187238693240,0.4822043622197020,0.7654399964428090,0.2800743816487440,0.10253608,0.33331144,0.13427386,21.142857142857100,7.444444444444450
458,adults,,G,FALSE,458__7773_9.jpg,../data/adults/stimuli_G/458__7773_9.jpg,drawing of a beach scene with a sun and a beach chair,,Two people relaxing under a beach umbrella with a radio,,5,0.685833990573883,0.73,94.0,umbrella,people,beach,2,3,4,1,5.09245308153318,10.1825,0.557096488639717,4,18,0.2115940921548540,0.5572409233964300,0.5493809014189770,0.6285036626019290,0.4368737398906020,0.1472983,0.20285717,0.2095584,8.222222222222220,22.333333333333300
464,adults,,G,FALSE,464__7832_9.jpg,../data/adults/stimuli_G/464__7832_9.jpg,a drawing of a man with a haircut and a beard,,"Person with large, spiky hair and a simple body outline",,4,0.625217080116272,0.59,70.0,person(s),hair,,2,3,4,1,5.8370897037265,16.375,0.738938177721448,3,35,0.1890287882668490,0.3927255091883390,0.484674334526062,0.7799259518321810,0.3203869058212780,0.12033645,0.38941565,0.14978582,7.7894736842105300,7.444444444444450
466,adults,,G,FALSE,466__7856_9.jpg,../data/adults/stimuli_G/466__7856_9.jpg,a drawing of a ladder leading to the sun over a body of water,,Sun rising over water with a ladder in front,,5,0.66778963804245,0.74,95.0,sunset,pier,water,2,3,2,1,4.97285586415377,9.275,0.404292894987094,20,24,0.2041825530420200,0.4731849117985310,0.5292277336120610,0.6529004102157010,0.3279916122919200,0.15388905,0.44023973,0.21991257,74.0,22.333333333333300
481,adults,,G,FALSE,481__7947_9.jpg,../data/adults/stimuli_G/481__7947_9.jpg,cartoon stick man with umbrella and stick man with stick man holding umbrella,,Two stick figures under an umbrella with rain falling,,5,0.58482825756073,0.63,79.0,umbrella,person(s),rain,2,3,3,1,4.66771398510257,7.493125,0.669582984073764,23,14,0.1733816162716360,0.3929752526573910,0.3885163482581480,0.7127022098213220,0.3685479051097670,0.051066525,0.19304955,0.1708299,8.222222222222220,14.88888888888890
482,adults,,G,FALSE,482__7959_9.jpg,../data/adults/stimuli_G/482__7959_9.jpg,a drawing of a person holding an umbrella in the rain,,Stylized umbrella with rain falling around it,,4,0.476844370365143,0.53,55.0,umbrella,rain,,2,1,1,1,4.04100865136931,3.70875,0.651973250447396,15,9,0.1398830497195140,0.291700699678084,0.3498810335958310,0.7482878425294950,0.2527991453182850,0.08729472,0.25815743,0.13588801,8.222222222222220,10.307692307692300
484,adults,,G,FALSE,484__7983_9.jpg,../data/adults/stimuli_G/484__7983_9.jpg,a drawing of a mushroom with eyes and a nose,,A mushroom with a decorated cap and simple stem is drawn,,5,0.225563913583756,0.34,9.0,mushroom,,,2,2,2,1,4.45685337756137,4.6425,0.805924071756362,2,8,0.1201338768005370,0.2243232495881090,0.2885989718794200,0.6688627920631100,0.2892426990932810,0.041880686,0.12020489,0.075425304,5.6923076923076900,7.882352941176470
485,adults,,G,FALSE,485__7995_9.jpg,../data/adults/stimuli_G/485__7995_9.jpg,a drawing of a basketball hoop with a basketball ball on it,,American football helmet with faceguard,,5,0.524261832237244,0.57,67.0,basketball basket,,,2,2,3,1,4.76941482605538,5.379375,0.333040491973485,1,16,0.2676296234130860,0.5214598036247430,0.6349654793739320,0.697546870287074,0.295378815695639,0.21460009,0.3713619,0.19094007,74.0,6.090909090909090
486,adults,,G,FALSE,486__8006_9.jpg,../data/adults/stimuli_G/486__8006_9.jpg,a drawing of a person with a hat and a dress,,Simple stick figure with round head and oversized body shape,,4,0.422353595495224,0.44,32.0,person(s),,,2,1,2,1,4.86407324646711,4.25,0.636372472783826,1,7,0.1643589735031130,0.3323038021416600,0.4116523265838620,0.6413394600953080,0.2705732880448310,0.07806267,0.21764438,0.08669929,7.7894736842105300,16.75
487,adults,,G,FALSE,487__8018_9.jpg,../data/adults/stimuli_G/487__8018_9.jpg,a drawing of a man holding a umbrella over his head,,Stick figure holding a large umbrella with both hands,,5,0.425235569477081,0.48,40.0,umbrella,person(s),,1,1,2,1,4.15724823770383,2.611875,0.890509873268494,1,5,0.1702333688735960,0.2996989071189690,0.3951079249382020,0.5174906870344500,0.2268857173148790,0.08391706,0.21028754,0.13617492,8.222222222222220,14.88888888888890
489,adults,,G,FALSE,489__8039_9.jpg,../data/adults/stimuli_G/489__8039_9.jpg,a drawing of a bird standing on a post with a bird sitting on top of it,,Two abstract birds facing opposite directions on a perch-like structure,,4,0.696511745452881,0.64,82.0,bird(s),,,2,4,4,1,4.50567876794458,5.265625,0.779694808680316,3,10,0.1957958936691280,0.3987208604812620,0.5013438760433260,0.7050490807820500,0.2794438122525430,0.16055234,0.42206535,0.20745012,74.0,22.333333333333300
492,adults,,G,FALSE,492__8051_9.jpg,../data/adults/stimuli_G/492__8051_9.jpg,a drawing of a mushroom with a face drawn on it,,Mushroom-shaped house with a round top and spotted roof,,5,0.332577913999558,0.34,8.0,mushroom,house,,2,2,2,1,4.4372608392413,4.058125,0.888922155688623,5,10,0.1709634065628050,0.4206131445996070,0.4437060952186580,0.6161518058940690,0.2899933109289740,0.1226598,0.15553252,0.09340367,5.6923076923076900,19.142857142857100
496,adults,,G,FALSE,496__8093_9.jpg,../data/adults/stimuli_G/496__8093_9.jpg,a close up of a drawing of a person holding an umbrella,,Umbrella over a vase with scribbled text below,,4,0.591099202632904,0.52,51.0,umbrella,writing,,2,2,2,1,5.88711377766612,9.304375,0.474563887112978,3,13,0.1487055332240130,0.3348447680473330,0.3421286940574650,0.7788515172265740,0.453400933106208,0.11916616,0.27775633,0.2906888,8.222222222222220,10.307692307692300
498,adults,,G,FALSE,498__8105_9.jpg,../data/adults/stimuli_G/498__8105_9.jpg,a drawing of a cartoon elephant with a bow on its head,,Hard to interpret,,1,0.538374423980713,0.63,80.0,elephant,,,1,2,2,0.5,4.53513273368218,8.08125,0.618164830841857,1,15,0.2484451532363890,0.4582867460932360,0.628205202328848,0.5861646601188040,0.2870566542295670,0.0,0.25801623,0.15674579,74.0,9.571428571428570
502,adults,,G,FALSE,502__8129_9.jpg,../data/adults/stimuli_G/502__8129_9.jpg,a drawing of a mushroom with eyes and a nose,,A simple line drawing of a spotted mushroom with a round cap,,5,0.255738347768784,0.27,1.0,mushroom,,,2,2,2,1,4.1305236729231,3.233125,0.961819467358001,5,4,0.1067786216735840,0.1888707392734720,0.2500462308539810,0.5470475646587020,0.3011818671192510,0.042803936,0.16453788,0.0671229,5.6923076923076900,7.882352941176470
511,adults,,G,FALSE,511__8150_9.jpg,../data/adults/stimuli_G/511__8150_9.jpg,a drawing of a brain with arrows pointing to the left,,Abstract representation of two symmetrical shapes with curved lines,,3,0.444438934326172,0.53,56.0,abstract doodle/hard to interpret,,,2,0,3,1,4.05143294355135,4.4075,0.567236375362786,4,4,0.1634477376937870,0.3877610564231870,0.3883987300633620,0.4861070273018370,0.3010854784691040,0.15806177,0.31396502,0.24478729,4.774193548387100,6.090909090909090
513,adults,,G,FALSE,513__8161_9.jpg,../data/adults/stimuli_G/513__8161_9.jpg,a drawing of a person holding an umbrella with the word ot written on it,,Simple drawing of a mushroom with three circle spots on its cap,,5,0.30664187669754,0.27,1.0,mushroom,,,1,1,2,1,4.51666927418719,3.290625,0.93669314796425,3,6,0.1218968033790590,0.2265481122299460,0.2783492588504920,0.5823363893782080,0.2526628616209780,0.046036102,0.17266604,0.09569161,5.6923076923076900,7.882352941176470
517,adults,,G,FALSE,517__8197_9.jpg,../data/adults/stimuli_G/517__8197_9.jpg,a drawing of a black and white umbrella with a black handle,,An umbrella drawn over an arrow pointing upwards,,5,0.391876310110092,0.39,20.0,umbrella,,,1,1,1,0.5,4.56814211219659,4.545,0.869828815977175,1,7,0.1256453990936280,0.2630791005264880,0.322031180737543,0.6716133424335750,0.229311887434664,0.09845967,0.2401855,0.13986157,8.222222222222220,10.307692307692300
520,adults,,G,FALSE,520__8220_9.jpg,../data/adults/stimuli_G/520__8220_9.jpg,a drawing of a person holding an umbrella with the word go,,A simple drawing of an umbrella,,4,0.265286654233933,0.28,1.0,mushroom,,,2,1,2,1,4.1894468065449,3.233125,0.940681025147395,2,8,0.0868497490882873,0.1830360049914120,0.2056642770767210,0.5882479911452140,0.2612071150074210,0.07990001,0.14228706,0.06363194,5.6923076923076900,10.307692307692300
521,adults,,G,FALSE,521__8232_9.jpg,../data/adults/stimuli_G/521__8232_9.jpg,a drawing of a couple holding hands under an umbrella,,"Two stick figures with umbrellas, raining hearts",,5,0.664181411266327,0.74,95.0,person(s),umbrella,rain,2,3,3,0.5,5.76077090541188,9.140625,0.831256609499287,27,11,0.1772414445877080,0.325018922983471,0.3901724037579420,0.7051336242363750,0.3997178542277730,0.077379435,0.27349263,0.20176928,7.7894736842105300,14.88888888888890
522,adults,,G,FALSE,522__8244_9.jpg,../data/adults/stimuli_G/522__8244_9.jpg,a drawing of a vase with three cookies in it,,Ice cream cone with three scoops and a waffle pattern,,5,0.586968898773193,0.52,52.0,palmtree,coconuts,,2,2,3,1,4.70086232822282,5.87125,0.960021501041457,4,7,0.2022554157820080,0.3508078858497110,0.498171180377672,0.6015552755878440,0.3708509971820430,0.2119927,0.26471683,0.21658596,148.0,6.090909090909090
524,adults,,G,FALSE,524__8256_9.jpg,../data/adults/stimuli_G/524__8256_9.jpg,a drawing of a woman with a towel on her head,,Hard to interpret,,2,0.69020414352417,0.72,93.0,abstract doodle/hard to interpret,,,1,1,4,1,5.02852802553188,9.42125,0.449599108176478,14,13,0.2484451532363890,0.4582867460932360,0.628205202328848,0.6971129675874440,0.2798961631812750,0.0,0.30914092,0.17515445,4.774193548387100,9.571428571428570
529,adults,,G,FALSE,529__8268_9.jpg,../data/adults/stimuli_G/529__8268_9.jpg,drawing of a pair of lungs with a man and a woman inside,,Line drawing of a brain split into two hemispheres,,5,0.656469345092773,0.72,93.0,brain,,,2,3,2,1,4.62872844791397,7.77625,0.839220218057579,2,9,0.1596487069339320,0.3368830483222910,0.4101582765579220,0.6881670486007880,0.2978924061393180,0.17096956,0.38719767,0.21429029,148.0,6.090909090909090
530,adults,,G,FALSE,530__8280_9.jpg,../data/adults/stimuli_G/530__8280_9.jpg,a drawing of a person with a bird on their shoulder,,A person with large wings and a square body shape,,3,0.587322592735291,0.61,74.0,person(s),,,2,2,3,1,4.76264169786442,6.496875,0.618320610687023,3,13,0.1928844451904300,0.4108439508332000,0.5200765442893820,0.6585028950987920,0.328290763883616,0.13494651,0.20691112,0.11345549,7.7894736842105300,22.333333333333300
532,adults,,G,FALSE,532__8304_9.jpg,../data/adults/stimuli_G/532__8304_9.jpg,a drawing of a black and white umbrella with a bird on it,,A mushroom with a spotted cap and a thick stem,,5,0.328023374080658,0.27,1.0,mushroom,,,2,2,2,1,4.85150470623304,4.41125,0.992500721084511,1,8,0.2083025102795650,0.3700891545441490,0.4935532212257390,0.5623785124528670,0.2489418497733480,0.07653636,0.15941605,0.08101202,5.6923076923076900,6.7
533,adults,,G,FALSE,533__8316_9.jpg,../data/adults/stimuli_G/533__8316_9.jpg,drawing of a black and white umbrella with a white background,,"A rectangle with an arc on top, resembling an umbrella",,4,0.356347620487213,0.36,11.0,abstract doodle/hard to interpret,,,1,1,1,1,6.29429326283626,5.728125,0.859851875966469,1,11,0.1404975652694700,0.2826207876205440,0.3180899620056150,0.6744265360956420,0.2614682948762320,0.10432647,0.21428268,0.14897206,4.774193548387100,10.307692307692300
534,adults,,G,FALSE,534__8327_9.jpg,../data/adults/stimuli_G/534__8327_9.jpg,a drawing of a mushroom with a man sitting under it,,Three mushrooms of varying sizes with circular patterns on caps,,5,0.4342080950737,0.4,23.0,mushroom,,,2,2,2,1,4.44650725222597,6.805,0.797002424509588,2,6,0.1736212269293520,0.3188817894125520,0.4157751624517190,0.6567384301524320,0.2840071099643850,0.09641001,0.14231887,0.075198576,5.6923076923076900,6.7
538,adults,,G,FALSE,538__8349_9.jpg,../data/adults/stimuli_G/538__8349_9.jpg,a drawing of a bottle of perfume with a man ' s head,,Hard to interpret,,1,0.498106628656387,0.52,51.0,person(s),,,2,1,2,1,4.33583423124813,3.26,0.73374466065496,1,6,0.2484451532363890,0.4582867460932360,0.628205202328848,0.5912577495648190,0.2452302254976600,0.0,0.20337896,0.08641973,7.7894736842105300,9.571428571428570
541,adults,,G,FALSE,541__8371_9.jpg,../data/adults/stimuli_G/541__8371_9.jpg,a drawing of a mushroom with a candle on top of it,,Muffin with sprinkles and a number one candle on top,,5,0.657986283302307,0.63,80.0,cupcake,,,1,2,3,1,4.35880475646602,3.48875,0.740777338603426,12,11,0.2269012928009030,0.3626652956008910,0.5229441523551940,0.6364800309881840,0.3685432148605110,0.2166458,0.32918537,0.19658107,148.0,6.090909090909090
542,adults,,G,FALSE,542__8383_9.jpg,../data/adults/stimuli_G/542__8383_9.jpg,a drawing of a person with a umbrella over their head,,Mushroom with an insect face and two drawers below,,4,0.660459578037262,0.64,82.0,mushroom,creature,,2,2,4,1,6.30802721530749,9.02375,0.917058148032154,3,20,0.1927984356880190,0.3150667139927560,0.4029747247695920,0.650378041028604,0.3873329744247970,0.12295461,0.22169113,0.23275113,5.6923076923076900,6.7
543,adults,,G,FALSE,543__8395_9.jpg,../data/adults/stimuli_G/543__8395_9.jpg,a drawing of a person holding an umbrella over a box,,Umbrella on top of a square pot or base,,4,0.43121013045311,0.5,46.0,umbrella,,,2,2,2,1,4.31955267968249,3.22375,0.867134589336289,1,7,0.1730886697769170,0.2932026946427820,0.381213366985321,0.6059704521029480,0.2530455736878470,0.12305667,0.19806206,0.1266168,8.222222222222220,10.307692307692300
547,adults,,G,FALSE,547__8431_9.jpg,../data/adults/stimuli_G/547__8431_9.jpg,a drawing of a cross with a umbrella on it,,A simple drawing of a mushroom with abstract patterns on the cap,,4,0.311745911836624,0.31,4.0,mushroom,,,2,1,2,1,4.29282239735556,3.686875,0.947458308217802,3,10,0.1055064797401430,0.1887661572923110,0.2447142601013180,0.6382237153108500,0.2279344424323180,0.040791802,0.19023165,0.11900739,5.6923076923076900,7.882352941176470
549,adults,,G,FALSE,549__8443_9.jpg,../data/adults/stimuli_G/549__8443_9.jpg,a black and white silhouette of a person jumping a pole,,Hard to interpret,,1,0.410926789045334,0.4,22.0,blank,,,1,10,1,0,4.35781931994859,1.784375,0.909671921602045,4,2,0.2484451532363890,0.4582867460932360,0.628205202328848,0.3459556143454870,0.1471411761631680,0.0,0.32876763,0.1580383,74.0,9.571428571428570
551,adults,,G,FALSE,551__8453_9.jpg,../data/adults/stimuli_G/551__8453_9.jpg,drawing of a man with a sign that says no standing,,Hard to interpret,,1,0.472696095705032,0.52,53.0,person(s),,,1,1,2,1,3.83132338585778,2.43875,0.592396741460626,5,4,0.2484451532363890,0.4582867460932360,0.628205202328848,0.4456334963217190,0.1656361042938700,0.0,0.23244557,0.117632344,7.7894736842105300,9.571428571428570
554,adults,,G,FALSE,554__8477_9.jpg,../data/adults/stimuli_G/554__8477_9.jpg,a drawing of a mushroom with a long stem on a white background,,A simple drawing of a mushroom with a dome-shaped cap,,5,0.214011937379837,0.25,0.0,tracing,,,2,20,1,1,4.33256738277426,2.503125,0.902551101251783,1,6,0.1181150078773500,0.2112887266662330,0.2634886503219600,0.6701240693527230,0.2282443338744890,0.03646139,0.2225581,0.097486,24.666666666666700,7.882352941176470
556,adults,,G,FALSE,556__8488_9.jpg,../data/adults/stimuli_G/556__8488_9.jpg,a close up of a toilet with a no toilet sign above it,,Basketball approaching hoop with net below,,4,0.521334052085877,0.52,51.0,basketball basket,basketball,,2,3,3,1,4.66812925030177,3.906875,0.643897328444212,4,7,0.2417486310005190,0.4412672353168500,0.5515658855438230,0.5658077871806400,0.2661920821281090,0.23156285,0.39533883,0.19569185,74.0,6.090909090909090
558,adults,,G,FALSE,558__8500_9.jpg,../data/adults/stimuli_G/558__8500_9.jpg,a drawing of a hand holding a fan with the word ' tm ' written on it,,Hard to interpret,,2,0.432317405939102,0.45,34.0,abstract doodle/hard to interpret,,,2,1,1,0.5,4.97014197503482,4.97,0.850949534690172,1,6,0.2484451532363890,0.4582867460932360,0.628205202328848,0.5257892120473670,0.2289869895172230,0.0,0.29066223,0.14602521,4.774193548387100,9.571428571428570
562,adults,,G,FALSE,562__8519_9.jpg,../data/adults/stimuli_G/562__8519_9.jpg,a drawing of a smiley face with a black outline on a white background,,"Simple face with two eyes, no nose, smiling mouth",,4,0.41399884223938,0.34,9.0,face,,,2,1,1,0,3.5873588128364,2.34625,0.706413730803975,8,5,0.1979005932807920,0.3074641800639760,0.472963913469431,0.4084582503809080,0.187032746551543,0.08051412,0.2599083,0.1295647,21.142857142857100,7.444444444444450
563,adults,,G,FALSE,563__8529_9.jpg,../data/adults/stimuli_G/563__8529_9.jpg,drawing of a man holding an umbrella in the rain,,Two stick figures under an umbrella in the rain,,5,0.571983933448792,0.55,61.0,umbrella,person(s),rain,2,3,3,1,4.65555752002241,6.926875,0.64136667257788,13,19,0.1782267093658450,0.3907273230173380,0.3915683031082150,0.7526220723437110,0.4015003094442900,0.054736085,0.1802863,0.19502741,8.222222222222220,14.88888888888890
564,adults,,G,FALSE,564__8541_9.jpg,../data/adults/stimuli_G/564__8541_9.jpg,a drawing of a spaceship with a large head and a small body,,A flying saucer with antennas emitting beams of light,,5,0.747575700283051,0.71,92.0,ufo,,,2,3,4,1,4.75169968070696,8.73375,0.554842968971046,10,13,0.1911091690594440,0.4359602164018220,0.498658537864685,0.6672931897547070,0.2915341429432270,0.19113603,0.32054266,0.17643309,148.0,6.090909090909090
567,adults,,G,FALSE,567__8577_9.jpg,../data/adults/stimuli_G/567__8577_9.jpg,a drawing of a man with a tie and a hat,,Hard to interpret,,2,0.504862666130066,0.52,51.0,abstract doodle/hard to interpret,,,2,0,2,1,4.62291125825028,6.22375,0.372105767913413,1,18,0.2484451532363890,0.4582867460932360,0.628205202328848,0.6203481432410210,0.2227907376861840,0.0,0.29571563,0.12625486,4.774193548387100,9.571428571428570
568,adults,,G,FALSE,568__8587_9.jpg,../data/adults/stimuli_G/568__8587_9.jpg,a drawing of a mushroom with a face drawn on it,,A smiling mushroom with large spots and a face,,4,0.357874572277069,0.37,16.0,mushroom,face,,2,2,2,1,4.21664299725778,3.739375,0.931743081371334,3,6,0.188227891921997,0.2762085744328980,0.4479964971542360,0.5776699500174170,0.3131003314762200,0.096826985,0.13859966,0.09366133,5.6923076923076900,6.7
570,adults,,G,FALSE,570__8598_9.jpg,../data/adults/stimuli_G/570__8598_9.jpg,a drawing of a t shirt with a large umbrella on it,,Mushroom with a large cap and wavy edges,,4,0.323904424905777,0.35,9.0,abstract doodle/hard to interpret,,,1,1,1,1,4.350647772578,3.475,0.87771800044833,1,8,0.1741963624954220,0.3782614098943110,0.4807470440864560,0.7354615721870470,0.2253458676454970,0.08975154,0.19685665,0.12974885,4.774193548387100,6.7
575,adults,,G,FALSE,575__8622_9.jpg,../data/adults/stimuli_G/575__8622_9.jpg,a drawing of a house with a sun above it,,A house inside a circle with the sun in the corner,,5,0.552231431007385,0.57,64.0,house,sun,,2,2,2,0.5,4.25657425562134,4.599375,0.549528691913345,5,7,0.1979439736638070,0.4180855577613580,0.4635408956867720,0.490729148334345,0.3363754861007200,0.15942873,0.22735961,0.20488234,74.0,19.142857142857100
577,adults,,G,FALSE,577__8634_9.jpg,../data/adults/stimuli_G/577__8634_9.jpg,a drawing of a light bulb with a wire attached to it,,Simple abstract line drawing resembling a tree or parachute,,3,0.397227317094803,0.44,33.0,abstract doodle/hard to interpret,,,2,0,1,1,4.29948658875631,3.370625,0.989240955308584,1,9,0.0858893394470214,0.2251225113868710,0.2533515246720020,0.5460469766957690,0.2296445471693470,0.12417559,0.33644062,0.17494284,4.774193548387100,6.090909090909090
583,adults,,G,FALSE,583__8658_9.jpg,../data/adults/stimuli_G/583__8658_9.jpg,a drawing of a person with a hat and a dress,,"Simple, smiling figure with a large head and abstract body",,3,0.497019112110138,0.53,55.0,person(s),,,2,2,2,1,4.23373041833083,4.561875,0.487048369519658,3,6,0.1860324144363400,0.3338331779142120,0.4405373334884640,0.5789412741830110,0.2689745922843860,0.0973828,0.20061775,0.11155405,7.7894736842105300,16.75
584,adults,,G,FALSE,584__8670_9.jpg,../data/adults/stimuli_G/584__8670_9.jpg,a drawing of a cat with a long nose and a tail,,"Animal face with big eyes and round ears, possibly a bear",,4,0.527301788330078,0.56,63.0,creature(s),,,1,1,2,1,4.04335523446908,3.75,0.720863451826914,5,3,0.2195581662918220,0.3692033102870970,0.4929573233698190,0.5744345979405440,0.2511564267393610,0.12936142,0.28104326,0.14129746,21.142857142857100,16.75
587,adults,,G,FALSE,587__8693_9.jpg,../data/adults/stimuli_G/587__8693_9.jpg,a drawing of a man holding an umbrella in the shape of a t,,Simple mushroom with scattered dots and a minimal smile,,5,0.335532963275909,0.37,14.0,creature(s),,,1,1,1,1,3.81110083065852,2.05625,0.9332528458089,12,6,0.150350144484629,0.2298004764199530,0.3224835991859440,0.5923487099494820,0.2722189562331510,0.09175911,0.2234302,0.09533283,21.142857142857100,6.7
588,adults,,G,FALSE,588__8704_9.jpg,../data/adults/stimuli_G/588__8704_9.jpg,a drawing of a mushroom with a face on it,,Simple drawing of a mushroom with a spotted cap,,5,0.326781809329987,0.3,2.0,mushroom,,,2,2,2,1,5.15541582025852,4.77875,0.89387496607256,4,10,0.1192781925201420,0.2115527156458110,0.2765671775679090,0.7368471004718060,0.2689243889891090,0.027011668,0.14079823,0.059037395,5.6923076923076900,7.882352941176470
590,adults,,G,FALSE,590__8728_9.jpg,../data/adults/stimuli_G/590__8728_9.jpg,drawing of a person with an umbrella on a white background,,Abstract shape resembling an umbrella with a geometric base,,3,0.397282958030701,0.38,18.0,abstract doodle/hard to interpret,,,2,0,1,1,3.8702264925658900,2.631875,0.824500665778961,1,8,0.1131942137248200,0.3059677870860030,0.3142155408859250,0.6198462128699390,0.2215119131193260,0.087980315,0.2229166,0.12067127,4.774193548387100,10.307692307692300
591,adults,,G,FALSE,591__8740_9.jpg,../data/adults/stimuli_G/591__8740_9.jpg,a drawing of a face with a frown drawn on it,,Simplified face with uneven eyes and a straight mouth,,4,0.360831439495087,0.39,21.0,abstract doodle/hard to interpret,,,1,0,2,0.5,4.44477259666045,4.223125,0.720543519574306,5,5,0.2092535967079630,0.3684538414613550,0.4866017989278900,0.443087946394566,0.241822048139829,0.09676489,0.24750581,0.12302289,4.774193548387100,7.444444444444450
592,adults,,G,FALSE,592__8752_9.jpg,../data/adults/stimuli_G/592__8752_9.jpg,a drawing of a man with a hat and glasses on,,"Abstract face with large eyebrows, small nose, and dotted cheeks",,4,0.464568883180618,0.52,52.0,abstract doodle/hard to interpret,,,1,1,2,0,4.08637383571508,4.07625,0.49041020464348,14,8,0.1762346029281620,0.3542038009823500,0.4557631015777590,0.5216129392188500,0.2288148907674800,0.0957468,0.27545244,0.16373882,4.774193548387100,7.444444444444450
594,adults,,G,FALSE,594__8774_9.jpg,../data/adults/stimuli_G/594__8774_9.jpg,cartoon drawing of a couple walking in the rain under an umbrella,,Two stick figures sharing an umbrella in the rain,,5,0.503118813037872,0.55,59.0,umbrella,person(s),rain,2,3,3,1,4.92125925733593,6.811875,0.789906103286385,10,17,0.1771868467330930,0.3905181703125880,0.3978832364082340,0.7649203444965550,0.4266650611128390,0.06511371,0.17733952,0.17370869,8.222222222222220,14.88888888888890
598,adults,,G,FALSE,598__8786_9.jpg,../data/adults/stimuli_G/598__8786_9.jpg,a drawing of a face with a number 60 on it,,Simple abstract face with large eyes and small nostrils,,4,0.471952259540558,0.49,43.0,creature(s),face,,1,1,2,1,3.81921903738554,2.65625,0.993212976788381,8,4,0.173039436340332,0.3308178782463070,0.4311731714709490,0.2841177468410960,0.1774306290685660,0.08049537,0.32945988,0.14221337,21.142857142857100,7.444444444444450
601,adults,,G,FALSE,601__8798_9.jpg,../data/adults/stimuli_G/601__8798_9.jpg,a drawing of a mushroom with a face drawn on it,,Simple mushroom with spots and a short stem,,5,0.259108662605286,0.28,1.0,mushroom,,,2,1,2,1,4.58839083689458,4.15875,0.854689952904239,5,9,0.1783292783302480,0.357147495661601,0.435138463973999,0.6484491214230540,0.2792404670162220,0.07663388,0.13600038,0.08139382,5.6923076923076900,6.7
607,adults,,G,FALSE,607__8830_9.jpg,../data/adults/stimuli_G/607__8830_9.jpg,a drawing of a house with a rainbow in the sky,,House with a rainbow over it and two clouds,,5,0.554780006408691,0.53,56.0,house,rainbow,clouds,2,3,2,1,4.50918478973949,5.6125,0.863514485645151,2,8,0.1934343576431270,0.3697761109404590,0.4323993921279910,0.6261230577254380,0.3107348047807990,0.1459622,0.22884862,0.18837103,74.0,19.142857142857100
614,adults,,G,FALSE,614__8854_9.jpg,../data/adults/stimuli_G/614__8854_9.jpg,drawing of a mushroom with a black outline on a white background,,A simple drawing of a mushroom with a spotted cap,,5,0.377793818712235,0.29,1.0,mushroom,,,2,2,2,1,4.2268100267509,3.746875,0.918693605335426,4,6,0.1216208338737490,0.1985467909034180,0.2765430212020870,0.7413587651658220,0.2568054925061820,0.027256478,0.17882515,0.08015131,5.6923076923076900,7.882352941176470
618,adults,,G,FALSE,618__8898_9.jpg,../data/adults/stimuli_G/618__8898_9.jpg,a drawing of a person holding an umbrella with the word ' rain ' written on it,,Two stick figures under an umbrella with rain and clouds above,,5,0.583484351634979,0.49,43.0,umbrella,person(s),rain,2,2,3,1,4.59634992340179,7.099375,0.457366928082763,14,11,0.1641970872879030,0.3439176092074140,0.3717563152313230,0.6318305943286920,0.3941583186276930,0.056026958,0.18807957,0.1763781,8.222222222222220,14.88888888888890
625,adults,,G,FALSE,625__8917_9.jpg,../data/adults/stimuli_G/625__8917_9.jpg,a drawing of a mushroom with a t - shirt on it,,A simple drawing of a mushroom with a large cap,,5,0.28626874089241,0.31,4.0,abstract doodle/hard to interpret,,,2,0,2,1,4.85925429446273,3.3725,0.877646479566716,1,5,0.1199889850609870,0.2133463982744930,0.2771926357035250,0.7404365147781550,0.2902313011094100,0.035841346,0.18633918,0.08817178,4.774193548387100,7.882352941176470
632,adults,,G,FALSE,632__8941_9.jpg,../data/adults/stimuli_G/632__8941_9.jpg,a drawing of a mushroom with a face drawn on it,,Mushroom with spots growing in grass,,5,0.289989322423935,0.41,26.0,mushroom,grass,,2,2,2,1,4.82400519438014,5.34375,0.883347552935702,5,8,0.2205124497413640,0.4546034607054860,0.491398811340332,0.6361576343507490,0.3089859318578160,0.10929231,0.1715088,0.06980239,5.6923076923076900,6.7
634,adults,,G,FALSE,634__8953_9.jpg,../data/adults/stimuli_G/634__8953_9.jpg,a drawing of a person with a hat and a jacket,,A simple humanoid figure with one long hair strand,,4,0.513582646846771,0.55,59.0,person(s),,,2,2,3,1,5.09425625410537,6.4425,0.629426368744283,4,12,0.1797288656234740,0.3559621188618000,0.4620239734649660,0.6877105144061600,0.3217297113396880,0.11642083,0.20921321,0.11159118,7.7894736842105300,7.444444444444450
635,adults,,G,FALSE,635__8965_9.jpg,../data/adults/stimuli_G/635__8965_9.jpg,a drawing of a man ' s head with a tie on it,,Abstract shape resembling a mushroom with a circular top,,3,0.284354776144028,0.23,0.0,tracing,,,2,20,0,1,4.03516044929148,2.23,0.788171206225681,1,3,0.1204999017417470,0.2617573674104210,0.3510702043133840,0.5150285184604670,0.2315553370891890,0.074681446,0.32161555,0.19644825,24.666666666666700,6.7
680,adults,,G,FALSE,680__396_9.jpg,../data/adults/stimuli_G/680__396_9.jpg,drawing of a man with an umbrella in the shape of a man,,"Simple stick figure with circular head and line arms, possibly holding something",,3,0.381265699863434,0.41,26.0,person(s),,,1,0,2,1,3.9661975828977300,2.616875,0.786476868327402,4,7,0.1435719642894270,0.2705931228752790,0.3558160450568160,0.5142502788824530,0.2424274837304140,0.08694954,0.23147976,0.09495948,7.7894736842105300,16.75
681,adults,,G,FALSE,681__406_9.jpg,../data/adults/stimuli_G/681__406_9.jpg,drawing of a man holding an umbrella with a stick in his hand,,Stick figure holding an umbrella over its head,,4,0.420481562614441,0.44,31.0,abstract doodle/hard to interpret,,,1,1,1,0.5,4.36551962802979,3.685625,0.893575533661741,1,8,0.1630419492721560,0.2796523356334070,0.3532234237558670,0.6384015090892970,0.2375168301120990,0.079531096,0.17648646,0.13484558,4.774193548387100,14.88888888888890
685,adults,,G,FALSE,685__411_9.jpg,../data/adults/stimuli_G/685__411_9.jpg,a drawing of a shirt with dots on it,,Simple line drawing of an umbrella or mushroom with dots,,4,0.265429735183716,0.25,0.0,abstract doodle/hard to interpret,,,1,0,0,1,3.24436807446546,1.581875,0.898616600790514,12,4,0.0476821660995483,0.1113167736326680,0.1394702196121220,0.3817284505796220,0.2446699503589720,0.070970066,0.24713895,0.18716212,4.774193548387100,7.882352941176470
720,adults,,G,FALSE,720__8991_9.jpg,../data/adults/stimuli_G/720__8991_9.jpg,a drawing of an elephant with a big tusk,,Line drawing of an elephant's head with large ears,,5,0.570496797561646,0.53,55.0,elephant,,,1,1,3,1,4.41880357103596,5.3675,0.484943951937871,9,8,0.1548890471458440,0.2828738475702360,0.3572894930839540,0.7123461257093020,0.298727107731265,0.14024873,0.47771698,0.16543391,74.0,16.75
733,adults,,G,FALSE,733__6606_9.jpg,../data/adults/stimuli_G/733__6606_9.jpg,a drawing of a black and white umbrella with a line drawing of a line,,A simplistic drawing of a jellyfish or an umbrella with two legs,,4,0.313688576221466,0.3,2.0,umbrella,,,1,0,0,0.5,3.40315362065843,1.64625,0.970739748609108,3,4,0.0831349541625336,0.1666493167474660,0.2077481274454660,0.4264520845410680,0.1404854253457280,0.110306695,0.271968,0.12733221,8.222222222222220,16.75
737,adults,,G,FALSE,737__6654_9.jpg,../data/adults/stimuli_G/737__6654_9.jpg,a black and white drawing of a tree with a bird on it,,A house surrounded by branches protruding from a dome shape,,3,0.595594167709351,0.58,68.0,abstract doodle/hard to interpret,,,1,1,4,1,4.37031845867752,4.791875,0.750697822792886,2,6,0.1822398683738810,0.3975010930747120,0.4631197452545170,0.5086038697594960,0.2451691846855730,0.1497315,0.26493484,0.14529522,4.774193548387100,19.142857142857100
738,adults,,G,FALSE,738__6666_9.jpg,../data/adults/stimuli_G/738__6666_9.jpg,drawing of a man with an umbrella over his head,,Person with square face wearing a hat with a ball on top,,4,0.65283077955246,0.62,78.0,person(s),hat,,2,2,4,1,4.6393521582614,6.15875,0.735589635113697,5,14,0.2067414994989920,0.4042458356692140,0.5653392970561980,0.6530963896333940,0.2703316644348770,0.14176007,0.22354683,0.13621293,7.7894736842105300,7.444444444444450
914,adults,,G,FALSE,914__9371_9.jpg,../data/adults/stimuli_G/914__9371_9.jpg,drawing of a man holding an umbrella over a building with a sign,,Two stick figures holding a giant mushroom with falling particles,,4,0.605134844779968,0.55,61.0,shower,persons,mushroom,1,2,3,1,4.42347538022778,5.979375,0.716597925259343,38,7,0.1660934686660770,0.3233574427174760,0.4054386019706730,0.5672958917698930,0.3593147087031000,0.12318678,0.21264109,0.20880704,148.0,6.7
915,adults,,G,FALSE,915__9383_9.jpg,../data/adults/stimuli_G/915__9383_9.jpg,a black and white drawing of a mushroom with a tag,,Black and white drawing of a mushroom with a spotted cap,,4,0.177515745162964,0.32,5.0,abstract doodle/hard to interpret,,,1,1,2,1,4.68599960960622,4.334375,0.974277429613694,7,10,0.1365010738372800,0.2406394994830610,0.3220061063766480,0.8016392925381340,0.2992928989018240,0.046027828,0.22516532,0.08594236,4.774193548387100,7.882352941176470
916,adults,,G,FALSE,916__9395_9.jpg,../data/adults/stimuli_G/916__9395_9.jpg,a drawing of a guitar with a cage in the middle,,A musical instrument-like shape with strings and circular elements,,3,0.608384072780609,0.76,96.0,guitar,,,2,4,4,1,5.18258784632214,8.283125,0.703546251950708,5,24,0.1786388754844670,0.3679617862678630,0.4783217751479680,0.7934458417468700,0.2571980412348080,0.16253123,0.6507515,0.20965123,148.0,6.090909090909090
920,adults,,G,FALSE,920__9443_9.jpg,../data/adults/stimuli_G/920__9443_9.jpg,a drawing of a picture of a trash can with a trash can in it,,"The drawing shows the word ""Trash"" above a scribbled square",,5,0.53801840543747,0.57,65.0,trashcan,,,1,2,3,0.5,9.33538896475633,17.3875,0.519610503150342,9,41,0.1637874245643620,0.3309433260841170,0.432639863052359,0.6847685545188210,0.3918450996505750,0.17131236,0.37442607,0.29742855,148.0,6.090909090909090
938,adults,,G,FALSE,938__7047_9.jpg,../data/adults/stimuli_G/938__7047_9.jpg,a close up of a black and white drawing of a mushroom,,Simple drawing of a mushroom or a dome-shaped object,,5,0.214507460594177,0.25,0.0,tracing,,,2,20,0,1,6.75670532481141,3.819375,0.873905873398452,1,7,0.0820562790598686,0.1819108724594120,0.2228118910081310,0.5871766138533240,0.2111038503233550,0.056064643,0.3015069,0.11517024,24.666666666666700,7.882352941176470
978,adults,,G,FALSE,978__7095_9.jpg,../data/adults/stimuli_G/978__7095_9.jpg,a drawing of a dog with a nose and nose,,Hard to interpret,,2,0.594560742378235,0.57,67.0,abstract doodle/hard to interpret,,,1,2,3,1,4.51715344545555,7.74625,0.370998903451517,6,12,0.2484451532363890,0.4582867460932360,0.628205202328848,0.5785387819906350,0.2357477147791540,0.0,0.36045927,0.13656309,4.774193548387100,9.571428571428570
981,adults,,G,FALSE,981__7119_9.jpg,../data/adults/stimuli_G/981__7119_9.jpg,a drawing of a bunch of items that are on a table,,"Banana, watermelon slice, pineapple, and pear drawn simply",,5,0.626976847648621,0.69,90.0,fruit,,,2,4,4,1,4.84810270038232,8.85875,0.517535141275025,8,16,0.1220458673211400,0.2337504536286370,0.3694217205047610,0.7257859037445090,0.3472401835080570,0.14643596,0.4181614,0.21643385,148.0,6.090909090909090
987,adults,,G,FALSE,987__9677_9.jpg,../data/adults/stimuli_G/987__9677_9.jpg,a drawing of a pair of scissors with a tear coming out of them,,Hard to interpret,,2,0.496984004974365,0.52,53.0,abstract doodle/hard to interpret,,,2,1,2,0.5,4.52716620316074,7.459375,0.677913271723082,9,16,0.2484451532363890,0.4582867460932360,0.628205202328848,0.6388090359754030,0.2551710219916940,0.0,0.343661,0.19580251,4.774193548387100,9.571428571428570
991,adults,,G,FALSE,991__7221_9.jpg,../data/adults/stimuli_G/991__7221_9.jpg,a drawing of a cat with a nose and a nose ring,,Drawing of a cat's face with whiskers and pointed ears,,5,0.619117856025696,0.62,76.0,cat,,,2,2,3,1,4.54888048960331,7.80375,0.644013439218082,8,14,0.1947454214096070,0.3206782341003420,0.4593600356960270,0.739482890401713,0.2950698741037040,0.13062504,0.3577412,0.1493955,148.0,16.75
992,adults,,G,FALSE,992__7232_9.jpg,../data/adults/stimuli_G/992__7232_9.jpg,drawing of a man holding an umbrella over a broken glass,,Person relaxing on a lounge chair under an umbrella on the beach,,5,0.63949316740036,0.64,82.0,umbrella,person(s),sunbed,2,4,3,1,4.71243545333017,6.12,0.635621667873363,20,14,0.2053065659197140,0.4447166754220920,0.5269249693706610,0.5903370786582340,0.3234765205848310,0.15499458,0.2552901,0.19818294,8.222222222222220,22.333333333333300
1621,adults,,G,FALSE,1621__1233_9.jpg,../data/adults/stimuli_G/1621__1233_9.jpg,a drawing of a boat with a skull and crossbone on it,,Boat with pirate flag on ocean at sunset,,5,0.675814688205719,0.75,96.0,pirate ship,sun,water,2,3,3,1,4.76038616896115,10.413125,0.411511384062313,10,22,0.221784757269336,0.4693866968154910,0.5436502993106840,0.6654548116117360,0.3913496979029770,0.19437811,0.40579104,0.24919513,148.0,22.333333333333300
1622,adults,,G,FALSE,1622__7239_9.jpg,../data/adults/stimuli_G/1622__7239_9.jpg,a drawing of a butterfly with a long tail and a long tail,,Simplified drawing resembling a butterfly or skull with antennae,,3,0.57068657875061,0.54,57.0,abstract doodle/hard to interpret,,,1,1,2,1,4.29579223504885,4.348125,0.647043767596621,1,10,0.1257318779389920,0.2853083397539950,0.3505371809005740,0.6446882497800520,0.2674494025734850,0.1249396,0.37348825,0.19951898,4.774193548387100,6.090909090909090
1626,adults,,G,FALSE,1626__1256_9.jpg,../data/adults/stimuli_G/1626__1256_9.jpg,a close up of a drawing of a bird on a wire,,A bird-like figure with wings extended and two legs,,4,0.582914113998413,0.73,94.0,bird,,,2,3,3,1,13.0647577685806,12.89,0.822723323592133,1,9,0.1923878674275940,0.3079150708888490,0.4819163084030150,0.7688670963151400,0.3195149475462760,0.13327271,0.40572792,0.17244677,74.0,22.333333333333300
1663,adults,,G,FALSE,1663__1266_9.jpg,../data/adults/stimuli_G/1663__1266_9.jpg,a drawing of a bird with a tie on its head,,Abstract shape resembling a creature with teeth and an eye,,3,0.602938413619995,0.6,73.0,fish,,,1,2,3,1,4.47932368506417,4.469375,0.669670180210813,3,6,0.1621363662400010,0.3242658569971230,0.4211734533309940,0.5838210683609030,0.2577730926363530,0.12198274,0.30274996,0.14153083,148.0,6.090909090909090
1664,adults,,G,FALSE,1664__1276_9.jpg,../data/adults/stimuli_G/1664__1276_9.jpg,a drawing of a person with a white shirt and pants,,"Smiling person with curly hair, wearing a polka-dot shirt and pants",,5,0.68065333366394,0.61,75.0,person(s),,,2,2,4,1,4.64648466119035,6.888125,0.647100734407541,14,8,0.2218459248542790,0.4170988276987200,0.5829221655680030,0.6564148388867880,0.3401499058865880,0.15207683,0.2512837,0.15618965,7.7894736842105300,7.444444444444450
1665,adults,,G,FALSE,1665__1286_9.jpg,../data/adults/stimuli_G/1665__1286_9.jpg,a drawing of two flamingos standing next to each other,,"Two birds standing closely with wings spread, facing each other",,4,0.602052390575409,0.62,78.0,birds,,,2,2,4,1,4.30199220744385,3.850625,0.602645198389879,1,6,0.2424446118606510,0.4471705822450260,0.5663263072468730,0.6850996403127950,0.2492622432143030,0.17536092,0.39688346,0.18219814,148.0,22.333333333333300
1666,adults,,G,FALSE,1666__1295_9.jpg,../data/adults/stimuli_G/1666__1295_9.jpg,a drawing of a letter g with a face made out of a piece of paper,,Simple face with two triangular eyes and a square nose,,4,0.349867522716522,0.37,15.0,abstract doodle/hard to interpret,,,2,0,1,1,4.21766469919943,3.6375,0.668420509646136,4,10,0.2063522338867190,0.3611408712179700,0.4776192747837090,0.4765798600731020,0.2607038111129430,0.093073994,0.24406907,0.14394449,4.774193548387100,7.444444444444450
1667,adults,,G,FALSE,1667__1307_9.jpg,../data/adults/stimuli_G/1667__1307_9.jpg,drawing of a beach umbrella and a bottle of water,,Sun shining on beach umbrella and lounge chair,,5,0.58341383934021,0.6,72.0,parasol,person(s),sun,2,2,2,1,4.27216578337573,4.753125,0.571821305841924,5,5,0.1841020584106450,0.4340478181838990,0.463432252407074,0.6027484881597600,0.2882243367650560,0.1406617,0.22949028,0.16384682,148.0,22.333333333333300
1675,adults,,G,FALSE,1675__9725_9.jpg,../data/adults/stimuli_G/1675__9725_9.jpg,a drawing of a rainbow and a person holding a umbrella,,Stick figure under a rainbow with clouds,,5,0.629632830619812,0.74,95.0,rainbow,person(s),cloud,2,3,3,1,5.93889303560123,14.575625,0.548973192326611,3,25,0.1557122972183030,0.2839676693648970,0.3799948096275330,0.6701355387447380,0.3082750154675370,0.10592055,0.40070477,0.17216441,74.0,19.142857142857100
1676,adults,,G,FALSE,1676__9737_9.jpg,../data/adults/stimuli_G/1676__9737_9.jpg,drawing of a man holding an umbrella with a white background,,A mushroom with dotted lines above it,,5,0.373024016618729,0.32,5.0,umbrella,rain,,1,1,0,1,4.23847592691103,3.471875,0.608866884212895,10,8,0.1216028928756710,0.2608110684398130,0.3191944550987740,0.5650769704675360,0.2485681262276390,0.074646205,0.20482907,0.11962201,8.222222222222220,6.7
1740,adults,,G,FALSE,1740__1329_9.jpg,../data/adults/stimuli_G/1740__1329_9.jpg,drawing of a mushroom with letters coming out of it,,Mushroom with small spots on the cap,,5,0.28803426027298,0.27,1.0,mushroom,,,2,2,2,1,4.23922402053837,3.441875,0.978910555320051,8,7,0.208982229232788,0.3910335120866750,0.5055951178073880,0.5238585030886130,0.2802398768377670,0.07637127,0.19695966,0.084089324,5.6923076923076900,6.7
1741,adults,,G,FALSE,1741__368_9.jpg,../data/adults/stimuli_G/1741__368_9.jpg,a drawing of a cat with a face and legs,,Simplified drawing of a cat with large body and short legs,,4,0.587877511978149,0.53,54.0,pig from behind,,,1,2,4,1,3.99172050791575,2.66375,0.900885423549623,2,6,0.1753235354826710,0.3183313405016460,0.4075095057487490,0.5484287118245470,0.2645152858101200,0.14379637,0.2318279,0.14492823,148.0,16.75
1743,adults,,G,FALSE,1743__1355_9.jpg,../data/adults/stimuli_G/1743__1355_9.jpg,a drawing of a drawing of a house with a sun in the background,,"Stick figure under arch, suspended by ropes or wires",,3,0.59707123041153,0.63,79.0,person(s),beach,sun,2,2,2,1,4.72883346150027,4.5825,0.813926840017629,2,12,0.1639101505279540,0.347798685663899,0.4509716466358790,0.4058345273768520,0.2584512346952720,0.11994684,0.34243527,0.20171793,7.7894736842105300,6.090909090909090
1744,adults,,G,FALSE,1744__1365_9.jpg,../data/adults/stimuli_G/1744__1365_9.jpg,a drawing of a pair of elephants standing next to each other,,Hard to interpret,,2,0.355804949998856,0.4,23.0,abstract doodle/hard to interpret,,,2,0,0,1,3.972617762199190,2.716875,0.988555078683834,2,6,0.2484451532363890,0.4582867460932360,0.628205202328848,0.4592017207695970,0.2027784809972280,0.0,0.27969542,0.19085939,4.774193548387100,9.571428571428570
1748,adults,,G,FALSE,1748__1375_9.jpg,../data/adults/stimuli_G/1748__1375_9.jpg,a drawing of a mushroom with a face drawn on it,,A large mushroom with a dotted cap on a patch of ground,,5,0.232581302523613,0.32,4.0,mushroom,,,2,2,2,1,4.60043531239937,4.43125,0.708953931416696,14,10,0.1861570366527400,0.3138546739177310,0.426105260848999,0.7131348180615370,0.2998932452763030,0.0841805,0.19083598,0.09948249,5.6923076923076900,6.7
1749,adults,,G,FALSE,1749__1381_9.jpg,../data/adults/stimuli_G/1749__1381_9.jpg,a drawing of a umbrella with a bird on it,,Umbrella and a smaller shape resembling another umbrella underneath,,4,0.471840232610703,0.47,39.0,robot,,,1,2,1,1,4.12143660291634,3.42875,0.98209611558999,2,8,0.1382250189781190,0.3488245814338070,0.3309807578021510,0.6507308453907960,0.2490783145939600,0.102581665,0.18683061,0.13598382,148.0,10.307692307692300
1750,adults,,G,FALSE,1750__385_9.jpg,../data/adults/stimuli_G/1750__385_9.jpg,a drawing of a pole with a pole in the middle of it,,Hard to interpret,,3,0.399629682302475,0.47,39.0,umbrella,,,1,0,0,0.5,3.89855852238587,2.145,0.683704054267235,11,7,0.2484451532363890,0.4582867460932360,0.628205202328848,0.4253562891435170,0.1863639322452550,0.0,0.3184119,0.15391092,8.222222222222220,9.571428571428570
1751,adults,,G,FALSE,1751__1400_9.jpg,../data/adults/stimuli_G/1751__1400_9.jpg,a drawing of a mushroom with a face drawn on it,,Mushroom with swirly patterns on the cap,,5,0.15155503153801,0.28,1.0,mushroom,,,2,1,2,1,4.67354937554359,4.12375,0.868331220130693,4,7,0.1693673729896550,0.3172467540053570,0.4420243501663210,0.7809712710436160,0.2867377030348550,0.07767731,0.14430095,0.06705455,5.6923076923076900,6.7
1753,adults,,G,FALSE,1753__1411_9.jpg,../data/adults/stimuli_G/1753__1411_9.jpg,a drawing of a mushroom house with a chinese writing underneath it,,"Mushroom-shaped house with ""Hobbit House"" written, two stick figures beside it",,5,0.501874029636383,0.54,58.0,mushroom,house,person(s),2,2,3,1,4.719443253369,5.576875,0.928774321829286,6,6,0.1651872396469120,0.3541470766067510,0.3993571996688840,0.6450099214256880,0.4425555914252610,0.14602838,0.17943676,0.25641418,5.6923076923076900,19.142857142857100
1755,adults,,G,FALSE,1755__1420_9.jpg,../data/adults/stimuli_G/1755__1420_9.jpg,a drawing of a light bulb with a wire coming out of it,,"Light bulb emitting rays in a simplified, line drawing",,5,0.478910207748413,0.58,68.0,light bulb,,,2,3,3,1,4.60277544701558,5.44125,0.417719731733145,9,13,0.1443486213684080,0.3132216316361670,0.3297042054114210,0.6113280469204910,0.2678974410875950,0.16222355,0.48679668,0.19481668,148.0,6.090909090909090
16,adults,,I,FALSE,16__3474_11.jpg,../data/adults/stimuli_I/16__3474_11.jpg,a drawing of a ghost with eyes drawn on it,,Ghost-like figure with two large eyes and a jagged bottom,,5,0.489569276571274,0.5,47.0,ghost,,,2,2,2,1,8.55205186286038,5.73625,0.810924369747899,3,4,0.2109308713119690,0.3981706141335130,0.4678404648399070,0.5880136530000290,0.3588868498865430,0.15331951,0.23264723,0.29515988,148.0,8.333333333333330
21,adults,,I,FALSE,21__3509_11.jpg,../data/adults/stimuli_I/21__3509_11.jpg,a black and white drawing of a church with a cross on top,,"A building with a cross on top, possibly a church",,4,0.427230209112167,0.45,33.0,church,,,2,2,2,1,3.95388271603363,2.055,0.788215675375208,2,8,0.2016708730655370,0.3793111073560170,0.4415968656539920,0.3843439317976850,0.1964780598143470,0.08872338,0.27125296,0.1343703,49.333333333333300,6.944444444444450
26,adults,,I,FALSE,26__3554_11.jpg,../data/adults/stimuli_I/26__3554_11.jpg,a drawing of a man with a hat on top of a pole,,Hard to interpret,,2,0.461193114519119,0.47,38.0,abstract doodle/hard to interpret,,,1,1,0,1,4.24583444562961,3.144375,0.821701662823158,2,9,0.2403619885444640,0.490069850983317,0.6021845814961670,0.5226378313301250,0.2771733068946870,0.0,0.22889578,0.12940808,4.111111111111110,5.208333333333330
27,adults,,I,FALSE,27__5150_11.jpg,../data/adults/stimuli_I/27__5150_11.jpg,a close up of a black and white drawing of a spider,,Box with a stick figure-like shape on top and lines resembling a bow,,3,0.535638093948364,0.47,39.0,crab,,,2,4,3,1,4.91359308023287,4.300625,0.946486076908505,1,8,0.1662384271621700,0.3436406655204490,0.3566238071546660,0.714378306145996,0.2845877701750790,0.13397355,0.51275325,0.18696247,148.0,7.8125
32,adults,,I,FALSE,32__3578_11.jpg,../data/adults/stimuli_I/32__3578_11.jpg,a drawing of a man holding a sign with his hands,,Simple outline of a person with raised arms and legs,,5,0.435797333717346,0.43,30.0,person(s),,,2,1,2,1,4.16774664901606,3.581875,0.271814123376623,1,7,0.1685359973587980,0.2928762821220240,0.3724028246162630,0.5098708796960550,0.2828354313626090,0.13695166,0.32990542,0.16374746,11.384615384615400,5.208333333333330
44,adults,,I,FALSE,44__3662_11.jpg,../data/adults/stimuli_I/44__3662_11.jpg,a drawing of a person holding a sign with a sun in it,,"Person with speech bubble saying ""Praise the Sun"" under a sun",,5,0.620882630348206,0.67,87.0,abstract doodle/hard to interpret,writing,,1,1,2,1,4.94735357204526,8.3,0.466335007727975,1,19,0.231161103775434,0.422440988494187,0.5693860310682030,0.6133521313338620,0.3658287924239320,0.18179847,0.27898002,0.1873349,4.111111111111110,10.416666666666700
46,adults,,I,FALSE,46__3685_11.jpg,../data/adults/stimuli_I/46__3685_11.jpg,a drawing of a tombstone with a long curved top,,Outline of a thumb or nail-like shape,,3,0.298156380653381,0.26,0.0,tracing,,,2,20,0,1,4.59798532419739,3.149375,0.736608888309657,1,10,0.1667110224538420,0.2682818174362180,0.4076596255505300,0.4578470903407170,0.1944281994595480,0.15566906,0.17502293,0.14258313,11.384615384615400,5.208333333333330
62,adults,,I,FALSE,62__3707_11.jpg,../data/adults/stimuli_I/62__3707_11.jpg,a black and white drawing of a tall building with a clock on it,,Simple tower-like structure with dots scattered throughout,,3,0.50154459476471,0.64,81.0,abstract doodle/hard to interpret,,,1,1,0,1,4.7466419914358,4.284375,0.867238267148014,11,16,0.1755900382995610,0.3964426337612460,0.3913486366660210,0.6150618582461480,0.2915138978210220,0.1419112,0.46701765,0.19099626,4.111111111111110,7.8125
66,adults,,I,FALSE,66__3731_11.jpg,../data/adults/stimuli_I/66__3731_11.jpg,a drawing of a bottle of water with a rope around it,,Hard to interpret,,1,0.567659378051758,0.61,75.0,abstract doodle/hard to interpret,,,1,1,1,1,4.38758680653984,4.663125,0.710170051180452,1,8,0.2403619885444640,0.490069850983317,0.6021845814961670,0.5336878134612560,0.2926143544567320,0.0,0.27624214,0.13732335,4.111111111111110,5.208333333333330
85,adults,,I,FALSE,85__3787_11.jpg,../data/adults/stimuli_I/85__3787_11.jpg,a drawing of a padlock with a key in it,,Padlock with a keyhole on the front,,4,0.439590454101563,0.45,35.0,lock,,,2,2,2,1,4.049492216448190,2.668125,0.811814345991561,2,8,0.1548951175871410,0.3367374937754120,0.3785555733111150,0.4518807107634510,0.1881414268030450,0.1672034,0.22998834,0.102973685,49.333333333333300,25.0
103,adults,,I,FALSE,103__3833_11.jpg,../data/adults/stimuli_I/103__3833_11.jpg,a drawing of a cartoon oven with a pot on the stove,,A dome-shaped robot with buttons or lights and a central screen,,4,0.542001843452454,0.64,83.0,robot,,,1,1,1,1,4.7079246320316,5.163125,0.725490196078431,8,16,0.2129389516747610,0.4654827117919920,0.5432386372543190,0.5366481068980340,0.3495600061967880,0.14216538,0.2046957,0.18175927,49.333333333333300,20.833333333333300
110,adults,,I,FALSE,110__3847_11.jpg,../data/adults/stimuli_I/110__3847_11.jpg,a drawing of a building with a flag on top of it,,A domed building with columns and a flag on top,,4,0.560276865959168,0.67,87.0,building,flag,,2,2,3,1,4.67469436204879,6.565625,0.604038630377524,2,20,0.2137936949729920,0.4540260867484240,0.4820851396271490,0.6825166487782730,0.3239505298316780,0.079119496,0.2825067,0.17869194,29.6,6.944444444444450
113,adults,,I,FALSE,113__3869_11.jpg,../data/adults/stimuli_I/113__3869_11.jpg,a drawing of a jar with a name on it,,"Container with the word ""PAINT"" written on it",,5,0.422716021537781,0.46,37.0,paint,,,1,1,1,1,3.8870547684532,2.538125,0.955890486725664,4,6,0.1991206407547000,0.4024468900231640,0.5055169463157650,0.390240492148989,0.3671887704391770,0.16403893,0.209856,0.25058487,148.0,7.8125
138,adults,,I,FALSE,138__5326_11.jpg,../data/adults/stimuli_I/138__5326_11.jpg,a black and white drawing of a person walking through a window,,"Stick figure under a dome or arch, surrounded by lines",,4,0.507910788059235,0.61,76.0,person(s),abstract doodle/hard to interpret,,1,1,1,1,4.17925517949425,2.91625,0.975137431284358,4,7,0.138687252998352,0.250085629525352,0.3120517954764560,0.3604899829469910,0.2925688184013620,0.12282489,0.18818422,0.15821084,11.384615384615400,5.208333333333330
140,adults,,I,FALSE,140__3911_11.jpg,../data/adults/stimuli_I/140__3911_11.jpg,a drawing of a cartoon character holding a sign,,Cartoonish figure resembling a fish with a large head and small fins,,4,0.469930291175842,0.56,64.0,fish,,,2,2,3,1,4.51446440051603,3.820625,0.4752,1,6,0.2254034876823430,0.4234337291211220,0.4958693390048300,0.6112713121745800,0.3392955539416280,0.13241443,0.26692623,0.17008492,148.0,8.333333333333330
157,adults,,I,FALSE,157__3923_11.jpg,../data/adults/stimuli_I/157__3923_11.jpg,a close up of a drawing of a face with a line in the middle,,"Abstract lines and shapes, possibly geometric and organic forms",,4,0.34150356054306,0.32,5.0,abstract doodle/hard to interpret,,,1,0,0,1,3.88981147044411,2.399375,0.940423654015887,1,6,0.1324921250343320,0.293125348873456,0.401699697870033,0.3996112864776020,0.1705123056454060,0.11046083,0.23048958,0.13963552,4.111111111111110,5.208333333333330
174,adults,,I,FALSE,174__3968_11.jpg,../data/adults/stimuli_I/174__3968_11.jpg,a drawing of a man and woman sitting under an umbrella,,Two people sitting at a table under a lamp,,4,0.667659282684326,0.76,96.0,person(s),lamp,chairs,2,3,4,1,4.96725872915267,6.408125,0.80847436221268,2,14,0.26571147050193,0.5961792050653460,0.6011635600827000,0.5799331771791360,0.3921306948703820,0.17984119,0.25062904,0.2321986,11.384615384615400,10.416666666666700
180,adults,,I,FALSE,180__4002_11.jpg,../data/adults/stimuli_I/180__4002_11.jpg,a drawing of a boat with a door and a window,,A closed door with some abstract shapes in front,,3,0.500476479530335,0.54,56.0,door,pathway,,2,2,2,1,4.44793643861738,5.548125,0.264795880289574,9,16,0.1151653528213500,0.2568093538284300,0.3161819388757970,0.6250364643921980,0.2647484376211380,0.12574014,0.31207287,0.12394458,49.333333333333300,9.615384615384620
181,adults,,I,FALSE,181__5395_11.jpg,../data/adults/stimuli_I/181__5395_11.jpg,a drawing of a cat ' s face with a teapot on top,,Cat-like face with pointy ears and a rounded top,,4,0.544362783432007,0.56,63.0,creature(s),cat,,2,2,3,1,4.62388144164525,5.9025,0.421965727234103,3,16,0.2211015224456790,0.350837211335814,0.5612203740346200,0.5971971419399750,0.3553982668047610,0.1324249,0.29676095,0.20832738,21.142857142857100,8.333333333333330
182,adults,,I,FALSE,182__5407_11.jpg,../data/adults/stimuli_I/182__5407_11.jpg,a drawing of a church with a cross on top of it,,A building with a dome and a cross on top,,4,0.438656330108643,0.52,51.0,church,,,2,2,2,1,4.27941077999901,2.951875,0.79921152800435,2,11,0.2134215704547410,0.3968812823295590,0.4568228449331010,0.4648226826053260,0.2570480721147140,0.06379849,0.19973531,0.110618114,49.333333333333300,6.944444444444450
183,adults,,I,FALSE,183__5419_11.jpg,../data/adults/stimuli_I/183__5419_11.jpg,a drawing of a box with a light coming out of it,,A semi-circle with lines above a rectangle shape,,4,0.430773109197617,0.49,46.0,abstract doodle/hard to interpret,,,2,1,1,1,4.50468364513605,4.299375,0.517922177496646,6,11,0.1587723994986760,0.3015679688663430,0.3734455108642580,0.5553223512276460,0.2722620675731170,0.11851168,0.22080326,0.14583765,4.111111111111110,11.363636363636400
197,adults,,I,FALSE,197__5471_11.jpg,../data/adults/stimuli_I/197__5471_11.jpg,a drawing of a castle with a flag on top of it,,A simple building with a dome and flag on top,,4,0.434972196817398,0.44,32.0,building,flag,,2,1,2,1,4.4442731645678,3.431875,0.683623275344931,1,9,0.194513488142877,0.4197308421134950,0.4130962244810910,0.5453099918591970,0.2640750331363300,0.0720716,0.21600354,0.11325803,29.6,6.944444444444450
203,adults,,I,FALSE,203__4074_11.jpg,../data/adults/stimuli_I/203__4074_11.jpg,a drawing of a face with a tie around it,,A house with a round roof and two windows,,5,0.398218631744385,0.45,33.0,house,,,2,2,2,1,4.42051364807028,3.799375,0.908632513110125,4,10,0.1931149248412280,0.41257266439714,0.4746367052413990,0.4135712881626260,0.2970853911487970,0.13156165,0.1669173,0.09631701,12.333333333333300,9.615384615384620
223,adults,,I,FALSE,223__4144_11.jpg,../data/adults/stimuli_I/223__4144_11.jpg,a drawing of a man with a hat on his head,,Cartoon face with a hat and sticking out tongue,,4,0.547355175018311,0.52,51.0,face,hat,tongue,2,2,3,1,4.43134784882374,4.171875,0.648183383165715,4,8,0.2396996021270750,0.3773437142372130,0.5366588511074270,0.4939578189280910,0.330633217022208,0.12803838,0.22754171,0.13742122,37.0,8.333333333333330
242,adults,,I,FALSE,242__4168_11.jpg,../data/adults/stimuli_I/242__4168_11.jpg,a drawing of a house with a door and a window,,Simple house with a dome-shaped roof and a door,,4,0.417880266904831,0.44,31.0,house,,,2,1,1,1,3.98286374798172,2.23375,0.935950073903761,2,6,0.1551418808018020,0.380449891090393,0.3781728744506840,0.3438913254408290,0.2711624681739640,0.099031374,0.21380058,0.10862629,12.333333333333300,9.615384615384620
247,adults,,I,FALSE,247__4180_11.jpg,../data/adults/stimuli_I/247__4180_11.jpg,cartoon drawing of a robot with a phone and a person,,A robot with flexible arms and a screen on its body,,5,0.629581570625305,0.66,85.0,robot,,,2,3,3,1,4.51577408133141,8.643125,0.351398837680768,5,12,0.2334442138671880,0.5169598614263490,0.5991186142493110,0.6414101875124660,0.3727273685894560,0.17513523,0.28126168,0.18485045,49.333333333333300,20.833333333333300
259,adults,,I,FALSE,259__4204_11.jpg,../data/adults/stimuli_I/259__4204_11.jpg,a drawing of a person with a hat on their head,,Hard to interpret,,1,0.387061685323715,0.33,6.0,tracing,,,2,20,0,1,3.6572190452213,2.19625,0.59009009009009,1,5,0.2403619885444640,0.490069850983317,0.6021845814961670,0.4351357762186070,0.2397952020281680,0.0,0.18153386,0.13795514,11.384615384615400,5.208333333333330
263,adults,,I,FALSE,263__7334_11.jpg,../data/adults/stimuli_I/263__7334_11.jpg,drawing of a man with a hat on his head and a table with a lamp on it,,A hanging lamp above a simple table,,4,0.581132769584656,0.59,70.0,lamp,table,,2,3,2,1,4.59793588009098,3.0475,0.700851236319416,7,8,0.1991050720748250,0.4400331211099960,0.495755881324059,0.4680127443084900,0.277111985169002,0.157276,0.2408578,0.14643724,148.0,10.416666666666700
265,adults,,I,FALSE,265__5605_11.jpg,../data/adults/stimuli_I/265__5605_11.jpg,a drawing of a robot with a sign in his hands,,A simple robot-like character with a boxy body and rounded head,,4,0.641670942306519,0.64,82.0,robot,,,2,2,3,1,4.92442447857341,6.888125,0.363351053609172,3,16,0.2001094818115230,0.3571664712279840,0.475667031069574,0.6228009040811520,0.3390641070983770,0.11686945,0.3751569,0.16117576,49.333333333333300,20.833333333333300
269,adults,,I,FALSE,269__4250_11.jpg,../data/adults/stimuli_I/269__4250_11.jpg,a drawing of a basketball player shooting a ball with a basketball net,,"Basketball hoop with a ball, numbers above; score calculation",,4,0.576490521430969,0.71,92.0,basketball basket,basketball,score,2,4,3,1,4.83902848889381,6.545,0.346291830853379,14,11,0.2308404216420770,0.393858158222326,0.5474102468842110,0.5215549619568950,0.4649939624952710,0.21845217,0.32636622,0.3144568,148.0,7.8125
275,adults,,I,FALSE,275__4261_11.jpg,../data/adults/stimuli_I/275__4261_11.jpg,a drawing of a person holding a sign with a hat on top,,Square with semi-circle on top and a diagonal line,,4,0.35087114572525,0.35,10.0,tracing,,,2,20,0,1,3.82310365288594,2.03125,0.92153987167736,1,6,0.1810686588287350,0.3245061628078940,0.3958297371864320,0.4091294763854620,0.2118246745372430,0.14029483,0.19282308,0.12334697,11.384615384615400,11.363636363636400
285,adults,,I,FALSE,285__4285_11.jpg,../data/adults/stimuli_I/285__4285_11.jpg,a drawing of a man with a beard and a computer mouse,,"A bearded person with a shirt, seemingly seated, and hand visible",,4,0.634170770645142,0.76,96.0,person(s),,,2,3,4,1,8.26774708882457,17.778125,0.577729435757988,3,35,0.2348536024944060,0.5182477986290390,0.5720113174908560,0.7456015422690740,0.411824511445291,0.17261146,0.37337264,0.21603934,11.384615384615400,10.416666666666700
287,adults,,I,FALSE,287__5662_11.jpg,../data/adults/stimuli_I/287__5662_11.jpg,a drawing of a cartoon character with a big smile on his face,,"Cartoonish creature with pointy ears, big eyes, and a large smile",,4,0.568897247314453,0.54,58.0,creature(s),,,1,2,2,1,4.63214422445497,4.6025,0.620692633215304,4,5,0.2522734849289950,0.434678316116333,0.5360077598090310,0.5596511191245960,0.3166759403086640,0.13485803,0.24028592,0.14929657,21.142857142857100,8.333333333333330
298,adults,,I,FALSE,298__4325_11.jpg,../data/adults/stimuli_I/298__4325_11.jpg,a drawing of a bird standing on a ledge next to a window,,A bird inside a dome with a stick figure lying nearby,,4,0.539600074291229,0.61,75.0,bird,cage,,1,2,2,1,4.91933681942527,5.079375,0.522533800701052,2,9,0.2079344863930640,0.4037065924318610,0.4411501691668830,0.5872871584744730,0.310204838336149,0.14307661,0.28783378,0.20731668,148.0,5.208333333333330
301,adults,,I,FALSE,301__5704_11.jpg,../data/adults/stimuli_I/301__5704_11.jpg,a drawing of a sign with headphones on it that says music,,"Headphones over a box labeled ""music.",,5,0.53192400932312,0.56,63.0,headphones,writing,,2,2,3,1,4.66865001207154,4.47375,0.91623235099024,6,6,0.2454205155372620,0.459887667294969,0.5870257318019870,0.5092462669370900,0.3520074654626320,0.19620898,0.22936377,0.2452924,148.0,7.8125
302,adults,,I,FALSE,302__4348_11.jpg,../data/adults/stimuli_I/302__4348_11.jpg,a drawing of a bottle of liquid with a cap on top,,"Bottle with a cap and liquid inside, likely a beverage container",,4,0.410965949296951,0.4,24.0,abstract doodle/hard to interpret,,,1,1,0,1,4.09620367225916,2.66,0.713452914798206,1,6,0.2504768148206710,0.3775442282149970,0.5638988277972440,0.5309527423269540,0.2840202415645860,0.17681733,0.25216207,0.13230243,4.111111111111110,7.8125
315,adults,,I,FALSE,315__5728_11.jpg,../data/adults/stimuli_I/315__5728_11.jpg,a drawing of a drawing of a building with a heart in the middle,,"Image of a building with ""I ♥ NY"" text below it",,5,0.647243022918701,0.63,79.0,empire state building,writing,,2,2,2,1,4.51988911357132,4.07875,0.470987411487018,9,11,0.1848450192901470,0.4540168480282080,0.5058728309235820,0.4698701816493350,0.3869633286296220,0.15469301,0.3365101,0.26534465,148.0,6.944444444444450
324,adults,,I,FALSE,324__5745_11.jpg,../data/adults/stimuli_I/324__5745_11.jpg,a drawing of a door with a hole in the middle,,Simple drawing resembling a doorway or tombstone shape with a small mark,,4,0.215042054653168,0.28,1.0,door,,,2,1,1,1,5.24067685445609,2.619375,0.763750211541716,2,4,0.0574061870574951,0.121228404118322,0.1555944495684500,0.4337770253543080,0.1857630844773090,0.119679525,0.19132861,0.1530784,49.333333333333300,9.615384615384620
340,adults,,I,FALSE,340__5786_11.jpg,../data/adults/stimuli_I/340__5786_11.jpg,a drawing of a man with a hat and glasses on,,Hard to interpret,,2,0.155451908707619,0.25,0.0,tracing,,,2,20,0,1,3.60304696102694,1.885,0.85891181988743,1,5,0.2403619885444640,0.490069850983317,0.6021845814961670,0.3938832961064920,0.1615994565448910,0.0,0.18266094,0.11356089,11.384615384615400,5.208333333333330
346,adults,,I,FALSE,346__5810_11.jpg,../data/adults/stimuli_I/346__5810_11.jpg,a drawing of a person with a hat on his head,,"Stick figure with hat inside a square frame or window, semi-circles above",,4,0.326083302497864,0.42,27.0,person(s),,,1,1,1,0.5,4.05874604227195,3.0475,0.95,2,8,0.1700648069381710,0.3130855355586270,0.3604829311370850,0.3812490043766160,0.2485052493424110,0.12399137,0.18862757,0.15184751,11.384615384615400,5.208333333333330
356,adults,,I,FALSE,356__5843_11.jpg,../data/adults/stimuli_I/356__5843_11.jpg,a drawing of a man sitting on a bench with a hat on,,Abstract shape resembling a simplified robot or alien figure,,3,0.407247960567474,0.51,49.0,creature(s),,,1,1,1,1,4.18051424933629,2.576875,0.964212678936605,2,11,0.1640335321426390,0.3730450681759430,0.4296865463256840,0.333272927075082,0.2654282294036400,0.10941835,0.27108037,0.15815306,21.142857142857100,20.833333333333300
375,adults,,I,FALSE,375__5946_11.jpg,../data/adults/stimuli_I/375__5946_11.jpg,a drawing of a church with a cross on top of it,,Simplified drawing of a church with a dome and cross,,4,0.493540167808533,0.5,47.0,church,,,2,2,2,1,4.64163213346669,4.005625,0.642206692079627,1,13,0.1533056497573850,0.2947107343289470,0.2920991008222630,0.5629674857418540,0.2947147262869630,0.10028341,0.2234962,0.12050126,49.333333333333300,6.944444444444450
392,adults,,I,FALSE,392__6013_11.jpg,../data/adults/stimuli_I/392__6013_11.jpg,a drawing of a window with a window pane and a window frame,,Cross-section of a structure with an arch and irregular walls,,4,0.456643462181091,0.55,61.0,window,curtains,,2,2,2,1,4.59607486423073,5.036875,0.484190506379269,1,12,0.1566945314407350,0.4378007315278480,0.4009535312652590,0.5405075186870030,0.1841181151725350,0.13776405,0.29187164,0.13611534,74.0,11.363636363636400
415,adults,,I,FALSE,415__7554_11.jpg,../data/adults/stimuli_I/415__7554_11.jpg,a close up of a drawing of a cow with a smile on it ' s face,,A minimalist drawing of a sheep's head with simple lines,,3,0.426095843315125,0.39,20.0,face,,,2,1,2,1,3.61136324932258,2.11625,0.84524944391484,5,3,0.1496808439683400,0.280901551246643,0.350099065893943,0.4309804845027710,0.2668060946419880,0.12648872,0.21775894,0.1313498,37.0,5.208333333333330
427,adults,,I,FALSE,427__6117_11.jpg,../data/adults/stimuli_I/427__6117_11.jpg,drawing of a man with a tie and a hat on his head,,"Stick figure with hair, scarf, buttons, and shoes drawn in a simplistic style",,4,0.575217247009277,0.6,73.0,person(s),,,2,2,2,1,6.16012940082344,5.309375,0.569566976932416,6,8,0.160770645095666,0.3686125121846770,0.3665959020497850,0.6602912473711710,0.3339433024409410,0.120875,0.30895615,0.14934674,11.384615384615400,5.208333333333330
434,adults,,I,FALSE,434__7587_11.jpg,../data/adults/stimuli_I/434__7587_11.jpg,a drawing of a person holding a flower in their hand,,Hard to interpret,,1,0.600085854530335,0.61,75.0,person(s),,,2,1,2,0.5,4.45936629162095,4.818125,0.829489358258477,3,9,0.2403619885444640,0.490069850983317,0.6021845814961670,0.5157856737443140,0.3054828017892180,0.0,0.24438874,0.14373307,11.384615384615400,5.208333333333330
445,adults,,I,FALSE,445__7632_11.jpg,../data/adults/stimuli_I/445__7632_11.jpg,a drawing of a person with a paper in his hand,,Simple cartoon character with open mouth and extended arms and legs,,5,0.469985067844391,0.49,45.0,creature(s),,,2,2,2,1,4.56320164447304,5.03875,0.361740263972625,4,13,0.2065272208137960,0.3222901023116740,0.4189288962525780,0.4380643821618070,0.3823518086243700,0.12049915,0.22256394,0.15199897,21.142857142857100,8.333333333333330
453,adults,,I,FALSE,453__7714_11.jpg,../data/adults/stimuli_I/453__7714_11.jpg,a drawing of a small building with a dome on top,,"Square object with a dome on top, possibly a building",,3,0.561751544475555,0.64,81.0,door,steps,window,2,3,2,1,5.13276131244479,10.393125,0.450459474761552,5,29,0.1895457506179810,0.3744450621141510,0.4367572404886930,0.7229910983585930,0.2556454651643940,0.08940492,0.38734192,0.13836244,49.333333333333300,6.944444444444450
454,adults,,I,FALSE,454__7726_11.jpg,../data/adults/stimuli_I/454__7726_11.jpg,a drawing of a house with a door and a window with music notes,,Old radio with musical notes around,,5,0.613845348358154,0.65,84.0,jukebox,notes,,2,3,3,1,5.17560836530198,11.59375,0.551432686476653,5,29,0.2171919812445640,0.5253974199295040,0.5330470204353330,0.7144132606152380,0.3163617664640300,0.1987898,0.3879099,0.19778737,74.0,7.8125
456,adults,,I,FALSE,456__7750_11.jpg,../data/adults/stimuli_I/456__7750_11.jpg,a drawing of a tombstone with a rip written on it,,"Gravestone with ""RIP"" inscribed on it",,5,0.382512897253037,0.49,46.0,grave,writing,,2,2,2,1,5.17556409328034,4.148125,0.799934619156587,2,14,0.1951628923416140,0.411643690911859,0.4597327435175920,0.5397279732853270,0.311548451987739,0.15817514,0.26165968,0.2013653,37.0,31.25
458,adults,,I,FALSE,458__7774_11.jpg,../data/adults/stimuli_I/458__7774_11.jpg,a drawing of a hamburger with a face on it,,A stack of uneven layers with a dome-like top,,3,0.731874525547028,0.63,80.0,hamburger,,,2,3,4,0.5,6.30261828463835,11.843125,0.627849253299135,6,33,0.2021454572677610,0.4253350496292110,0.534490255445822,0.7416563982843120,0.3994693870224550,0.12496801,0.34451753,0.23682356,148.0,11.363636363636400
464,adults,,I,FALSE,464__7833_11.jpg,../data/adults/stimuli_I/464__7833_11.jpg,a drawing of a house with a roof and a window,,"Building with dome, windows, steps, and possible fence in foreground",,4,0.645750522613525,0.61,75.0,house,windows,door,2,2,2,1,4.81581626527664,6.365625,0.607894559881649,7,19,0.1704702275711150,0.4226256436892040,0.4217928051948550,0.5615236562355560,0.3151491676254480,0.10216279,0.25730506,0.116171084,12.333333333333300,6.944444444444450
466,adults,,I,FALSE,466__7857_11.jpg,../data/adults/stimuli_I/466__7857_11.jpg,a drawing of a man with a hat on his head,,A structure with a domed top and grid-like design underneath,,4,0.499289244413376,0.62,77.0,abstract doodle/hard to interpret,,,2,1,1,1,5.2031759148752,6.213125,0.622233400402415,3,17,0.1861823686252600,0.4750191852461800,0.4578050698158090,0.6389212635499280,0.2944796565865010,0.10462518,0.2693437,0.15161233,4.111111111111110,11.363636363636400
481,adults,,I,FALSE,481__7948_11.jpg,../data/adults/stimuli_I/481__7948_11.jpg,a drawing of a man sitting at a desk with a sun above him,,Two seated figures under the sun near a slide,,4,0.691530466079712,0.74,95.0,sun,person(s),chairs,2,2,3,1,4.8391288991807,8.48625,0.400666368292804,3,24,0.2520109415054320,0.5645046998412820,0.5711728888050970,0.6276422378423920,0.4155433397989730,0.19426224,0.25611013,0.23404925,74.0,10.416666666666700
482,adults,,I,FALSE,482__7960_11.jpg,../data/adults/stimuli_I/482__7960_11.jpg,drawing of a bottle with a man ' s face and a man ' s head,,Bottle-like figure with outstretched arms and a circular shape in the center,,3,0.577801465988159,0.52,53.0,abstract doodle/hard to interpret,,,2,1,2,1,4.34279628901131,5.256875,0.418491124260355,4,14,0.201297640800476,0.3601639080096450,0.4770983301728460,0.5849707861261780,0.3240077807895020,0.14472036,0.3348348,0.15756346,4.111111111111110,7.8125
484,adults,,I,FALSE,484__7984_11.jpg,../data/adults/stimuli_I/484__7984_11.jpg,a drawing of a lock with a key inside of it,,A simple drawing of a padlock,,4,0.4598428606987,0.47,38.0,lock,,,2,2,2,1,4.12047382005635,3.344375,0.814066289409863,2,8,0.0721278190612793,0.1638896812167670,0.2155334224979020,0.4748108365521290,0.2310085490514810,0.12349613,0.18444043,0.13494405,49.333333333333300,25.0
485,adults,,I,FALSE,485__7996_11.jpg,../data/adults/stimuli_I/485__7996_11.jpg,a drawing of a person standing in front of a door,,Two rectangular shapes below a dome-like shape with a protrusion,,3,0.347168356180191,0.41,26.0,abstract doodle/hard to interpret,,,2,1,1,1,4.24909002325872,3.0275,0.73702285035002,5,9,0.1801213026046750,0.3264443272153400,0.4147607436918760,0.4314195632877810,0.2308712829825470,0.12556773,0.23034728,0.13279966,4.111111111111110,11.363636363636400
486,adults,,I,FALSE,486__8007_11.jpg,../data/adults/stimuli_I/486__8007_11.jpg,a drawing of a person holding a sign that says ' we are not alone ',,"Popsicle shape with ""NASA"" written on it, stick figure below",,4,0.565838515758514,0.54,58.0,rocket,writing,,2,2,4,1,5.05865970583345,6.309375,0.513104978505062,5,11,0.2016519187896290,0.429045557975769,0.4904361963272100,0.6134001142056230,0.400922516823223,0.14935097,0.2535535,0.3078178,148.0,5.208333333333330
487,adults,,I,FALSE,487__8019_11.jpg,../data/adults/stimuli_I/487__8019_11.jpg,a drawing of a bucket with a handle and a handle,,Hard to interpret,,2,0.447195678949356,0.4,22.0,tracing,,,1,20,1,1,4.11736965026615,2.405625,0.777049180327869,1,7,0.2403619885444640,0.490069850983317,0.6021845814961670,0.4735097316136790,0.1932997647527930,0.0,0.20064712,0.12942241,11.384615384615400,5.208333333333330
489,adults,,I,FALSE,489__8040_11.jpg,../data/adults/stimuli_I/489__8040_11.jpg,a drawing of a hourglass with a clock and a coffee beans,,"An hourglass with sand, surrounded by three clock faces",,4,0.655599772930145,0.68,88.0,hourglass,clock(s),,2,4,4,1,5.54617149648244,10.61,0.481436976879092,7,21,0.2113115552458630,0.3508410260331930,0.5034019649028780,0.8257144954617680,0.3349927124544980,0.19551495,0.60422593,0.25960794,148.0,7.8125
492,adults,,I,FALSE,492__8052_11.jpg,../data/adults/stimuli_I/492__8052_11.jpg,a drawing of a man ' s face with a black outline,,Hard to interpret,,2,0.280318766832352,0.24,0.0,tracing,,,2,20,0,1,3.61612744050077,1.881875,0.756948437799502,2,4,0.2403619885444640,0.490069850983317,0.6021845814961670,0.3913083595095700,0.1893286605760480,0.0,0.15468343,0.11502157,11.384615384615400,5.208333333333330
496,adults,,I,FALSE,496__8094_11.jpg,../data/adults/stimuli_I/496__8094_11.jpg,a drawing of a bag with a hat on it,,"Object resembling a chapstick container with handwritten text ""Chapstick.",,4,0.569087505340576,0.45,34.0,chapstick,writing,,2,2,2,1,4.86369446300112,6.05625,0.450454605349849,3,9,0.1976237297058110,0.3779218236734090,0.510310083013171,0.563710104794622,0.3681913472999970,0.15408275,0.23502025,0.23777957,148.0,7.8125
498,adults,,I,FALSE,498__8106_11.jpg,../data/adults/stimuli_I/498__8106_11.jpg,a black and white drawing of a man with a hat and gloves,,"Five irregular shapes connected by lines, forming a circular pattern",,4,0.467889815568924,0.44,33.0,blank,,,1,10,1,0,3.96373138605144,2.7875,0.560180131004367,1,5,0.1549898201239260,0.2860886454582210,0.4195735454559330,0.3467858174598270,0.2808740901917810,0.14660993,0.2370905,0.15977387,148.0,5.208333333333330
502,adults,,I,FALSE,502__8130_11.jpg,../data/adults/stimuli_I/502__8130_11.jpg,a drawing of a person sitting on a box with an umbrella,,Hard to interpret,,2,0.472244381904602,0.5,48.0,abstract doodle/hard to interpret,,,2,1,1,1,4.6174916427137,3.573125,0.882563097844877,1,11,0.2403619885444640,0.490069850983317,0.6021845814961670,0.4688882786245510,0.263645426583748,0.0,0.18660899,0.11455649,4.111111111111110,5.208333333333330
511,adults,,I,FALSE,511__8151_11.jpg,../data/adults/stimuli_I/511__8151_11.jpg,a close up of a black and white picture of a number,,Hard to interpret,,2,0.468359112739563,0.45,35.0,abstract doodle/hard to interpret,,,1,0,1,1,3.82687438524991,2.760625,0.955576183530036,6,7,0.2403619885444640,0.490069850983317,0.6021845814961670,0.3864999134097280,0.2458242101957260,0.0,0.24723229,0.21528915,4.111111111111110,5.208333333333330
513,adults,,I,FALSE,513__8162_11.jpg,../data/adults/stimuli_I/513__8162_11.jpg,a drawing of a building with a door and a window,,"Building with a dome and flag, possible architectural structure",,4,0.432548761367798,0.41,26.0,building,flag,,2,2,2,1,3.85451880892754,2.19375,0.721988913153032,5,7,0.207540559319223,0.4085476045934910,0.4546760645701840,0.3477380735789500,0.2313371196490310,0.073725775,0.24151316,0.12843725,29.6,6.944444444444450
517,adults,,I,FALSE,517__8198_11.jpg,../data/adults/stimuli_I/517__8198_11.jpg,a drawing of a man with a hat and glasses on,,Square-faced person with a sideways cap and a neutral expression,,4,0.428107917308807,0.53,54.0,face,cap,,2,2,3,1,4.87426491032053,4.00125,0.813843733613005,5,7,0.227357731619015,0.4091180386876470,0.5321143548420450,0.5711695426216830,0.3875395723750690,0.14272736,0.25210306,0.18227395,37.0,8.333333333333330
520,adults,,I,FALSE,520__8221_11.jpg,../data/adults/stimuli_I/520__8221_11.jpg,a drawing of a stick figure holding a sign with a number 2 on it,,Simple stick figure with a round head and rectangle body,,5,0.381976872682571,0.44,31.0,person(s),,,2,2,2,1,4.23113543867257,3.30875,0.612307692307692,5,9,0.1816136728755420,0.3451243248655980,0.3950864437170950,0.5064432308725600,0.3218330683399250,0.10885377,0.23461859,0.12840377,11.384615384615400,5.208333333333330
521,adults,,I,FALSE,521__8233_11.jpg,../data/adults/stimuli_I/521__8233_11.jpg,cartoon drawing of two people sitting on chairs under an umbrella,,Two people sitting with fishing rods under wavy lines,,3,0.764251291751862,0.78,97.0,person(s),chair,clouds,1,2,3,1,4.87851208101639,9.860625,0.400449897750511,4,21,0.222671091556549,0.5682752003751750,0.5980429649353030,0.6724453365724140,0.3821534059673600,0.20012173,0.26644298,0.22266588,11.384615384615400,10.416666666666700
522,adults,,I,FALSE,522__8245_11.jpg,../data/adults/stimuli_I/522__8245_11.jpg,a black and white drawing of a padlock with a key,,A simple drawing of a baseball cap on a square shape,,4,0.380795657634735,0.3,2.0,tracing,,,2,20,1,1,3.96997626226543,2.185,0.870075894470546,2,7,0.1718971030773440,0.3030470194248560,0.3655938884261900,0.351898859175525,0.1711996388664960,0.13318966,0.16032366,0.10295321,11.384615384615400,5.208333333333330
524,adults,,I,FALSE,524__8257_11.jpg,../data/adults/stimuli_I/524__8257_11.jpg,drawing of a cross and a fence on a hill,,A building with a dome and columns on a textured surface,,4,0.548150837421417,0.55,59.0,abstract doodle/hard to interpret,,,1,1,1,1,5.56392087052005,13.36625,0.299557271728638,1,30,0.1808472627653850,0.4529062020396750,0.4625461421879440,0.702528774606513,0.3240031106199370,0.102288745,0.36002284,0.18336101,4.111111111111110,6.944444444444450
529,adults,,I,FALSE,529__8269_11.jpg,../data/adults/stimuli_I/529__8269_11.jpg,a drawing of a tombstone with the word run written on it,,"A gravestone with ""RIP"" surrounded by grass",,5,0.447130799293518,0.47,39.0,grave,writing,grass,2,3,2,1,5.34622387450518,6.43125,0.606810150979762,5,11,0.1885177268364700,0.3975861072540280,0.4726300553899960,0.6327492910909780,0.3358874530499380,0.15749171,0.23336808,0.2097141,37.0,31.25
530,adults,,I,FALSE,530__8281_11.jpg,../data/adults/stimuli_I/530__8281_11.jpg,drawing of a house with a door and a window,,A simple house with a large arch on top,,4,0.343835175037384,0.38,19.0,house,,,2,1,1,1,4.29859452013093,2.6225,0.923173408592035,1,9,0.1514368057250980,0.3546577307377880,0.3681476492793760,0.3864412699450870,0.262278467242516,0.10926483,0.15002036,0.13107134,12.333333333333300,9.615384615384620
532,adults,,I,FALSE,532__8305_11.jpg,../data/adults/stimuli_I/532__8305_11.jpg,drawing of a person with a hand on a toilet,,"Abstract drawing with a round face, triangular beak, and branch-like limbs",,3,0.587136030197144,0.67,87.0,creature(s),,,1,2,3,1,5.19511930204145,8.6625,0.406656946050581,1,16,0.1594521308271790,0.3837041671187930,0.4150703301983860,0.7495450891635590,0.4394176820935930,0.11142345,0.30434477,0.21131821,21.142857142857100,5.208333333333330
533,adults,,I,FALSE,533__8317_11.jpg,../data/adults/stimuli_I/533__8317_11.jpg,drawing of a basket with a hamburger inside of it,,A muffin or cupcake with a dome top and vertical lines on the cup,,5,0.5924391746521,0.58,67.0,cupcake,,,1,2,3,1,5.49971609967024,7.91,0.662311909483261,4,26,0.1988831639955530,0.3955709934234620,0.4766928865496570,0.6724485122864560,0.3329335706790630,0.1513302,0.3009289,0.22941342,148.0,11.363636363636400
534,adults,,I,FALSE,534__8328_11.jpg,../data/adults/stimuli_I/534__8328_11.jpg,a drawing of a man with a smile on his face,,A smiling octopus-like shape inside a rectangle,,4,0.533812940120697,0.54,56.0,octopus,,,2,2,2,0.5,3.93811900198425,3.495,0.936356158749743,4,3,0.1987042904672440,0.3366489808752830,0.4268552406516520,0.5788577389645220,0.2966073828791400,0.14724648,0.28678665,0.14686202,148.0,8.333333333333330
538,adults,,I,FALSE,538__8350_11.jpg,../data/adults/stimuli_I/538__8350_11.jpg,a drawing of a square with a square in the middle,,A circular shape with a rectangle and two arcs inside,,4,0.312632232904434,0.34,9.0,tracing,,,1,20,0,0.5,4.36993768625511,4.641875,0.277392272766213,4,10,0.1628002427339390,0.3358965518382060,0.4076306819915770,0.4425387115110070,0.2057500178861850,0.1304059,0.33339417,0.12714723,11.384615384615400,11.363636363636400
541,adults,,I,FALSE,541__8372_11.jpg,../data/adults/stimuli_I/541__8372_11.jpg,a drawing of a house with a cross on top of it,,"Building with four windows and a curved path, topped with an antenna",,4,0.446388393640518,0.48,42.0,house,pathway,,2,2,2,1,4.42190944842088,4.173125,0.667787814722276,4,13,0.1867776866786980,0.4756460189819340,0.4603656852027360,0.5411955339967320,0.2955609488132320,0.1359408,0.24215098,0.09531901,12.333333333333300,6.944444444444450
542,adults,,I,FALSE,542__8384_11.jpg,../data/adults/stimuli_I/542__8384_11.jpg,a drawing of a snow globe with a castle inside,,Snow globe with a building inside and a rectangular base,,4,0.701833546161652,0.72,93.0,snowglobe,,,1,3,4,1,5.42251361204623,7.3325,0.767426748582231,12,15,0.1995993852615360,0.4207379300061970,0.5093231201171880,0.5914526718578990,0.3111285331428480,0.14312726,0.2784486,0.22490868,148.0,6.944444444444450
543,adults,,I,FALSE,543__8396_11.jpg,../data/adults/stimuli_I/543__8396_11.jpg,a drawing of a man ' s head with a long hair,,"A simple, abstract drawing possibly depicting a doorway or arch",,3,0.393365651369095,0.36,12.0,archway,,,1,0,0,1,3.90526863489392,2.503125,0.91893545426736,1,8,0.0724687576293945,0.1908682343622510,0.2133895627624040,0.4378350802825740,0.2214741056571250,0.10168143,0.29329726,0.15507233,148.0,9.615384615384620
547,adults,,I,FALSE,547__8432_11.jpg,../data/adults/stimuli_I/547__8432_11.jpg,cartoon drawing of a man with a hat and a nose,,A square face with a hat and a long nose,,4,0.438474178314209,0.5,48.0,house,,,2,2,2,1,4.13176669575164,3.629375,0.705397987191217,2,7,0.2250978216470570,0.3511126444075300,0.5483219565961380,0.5818494311791620,0.2962193691944330,0.1274745,0.34478176,0.14865918,12.333333333333300,8.333333333333330
549,adults,,I,FALSE,549__8444_11.jpg,../data/adults/stimuli_I/549__8444_11.jpg,a drawing of a man ' s shirt with a cross on it,,Hard to interpret,,2,0.441516101360321,0.41,25.0,abstract doodle/hard to interpret,,,1,0,1,1,4.30566885021894,3.155,0.88785046728972,1,12,0.2403619885444640,0.490069850983317,0.6021845814961670,0.5211215015098900,0.191479294232349,0.0,0.20902939,0.12636375,4.111111111111110,5.208333333333330
551,adults,,I,FALSE,551__8454_11.jpg,../data/adults/stimuli_I/551__8454_11.jpg,a drawing of a house with a roof and a window,,Simple line drawing of a house with a pointed roof,,4,0.451756775379181,0.48,41.0,house,,,2,2,2,1,4.32754110258081,4.52625,0.831203173204055,2,15,0.1183821558952330,0.272471660894599,0.3063441332373530,0.655067956980153,0.2438253182704660,0.1190608,0.27239865,0.109882,12.333333333333300,9.615384615384620
554,adults,,I,FALSE,554__8478_11.jpg,../data/adults/stimuli_I/554__8478_11.jpg,a drawing of a black and white picture of a umbrella,,Box with a dome-shaped top and a cross on it,,4,0.444261282682419,0.48,40.0,abstract doodle/hard to interpret,,,1,1,1,1,6.24919551273512,6.98125,0.745597775718258,1,19,0.194259226322174,0.3706206491774510,0.4404042100665430,0.6112098476331960,0.2012063283579960,0.108318046,0.24063876,0.12010477,4.111111111111110,7.8125
556,adults,,I,FALSE,556__8489_11.jpg,../data/adults/stimuli_I/556__8489_11.jpg,a drawing of a padlock with a key in it,,A simple drawing resembling a hat above a rectangular shape,,4,0.39689713716507,0.35,11.0,tracing,,,2,20,0,1,4.3593336155687,2.56875,0.828174856413529,1,9,0.1386043429374690,0.2556528823272250,0.3156349878746240,0.4961601836904880,0.1583451269204820,0.106005386,0.27547723,0.10292765,11.384615384615400,5.208333333333330
558,adults,,I,FALSE,558__8501_11.jpg,../data/adults/stimuli_I/558__8501_11.jpg,a drawing of a man and woman standing next to each other,,Hard to interpret,,2,0.613574624061585,0.6,74.0,abstract doodle/hard to interpret,,,2,1,1,1,4.60136015120737,8.580625,0.384584269662921,1,15,0.2403619885444640,0.490069850983317,0.6021845814961670,0.5917356206686920,0.2808342547749660,0.0,0.4052496,0.22445898,4.111111111111110,5.208333333333330
562,adults,,I,FALSE,562__8520_11.jpg,../data/adults/stimuli_I/562__8520_11.jpg,drawing of a black and white picture of a person with a sign,,Circle on top of a rectangle with simple lines,,4,0.248116418719292,0.29,1.0,abstract doodle/hard to interpret,,,2,0,0,1,4.68992939511934,2.616875,0.841481006571566,1,8,0.1521995572924860,0.360706191083973,0.3276155395736960,0.5000871922533390,0.2698936308206510,0.13305397,0.19737981,0.13867152,4.111111111111110,11.363636363636400
563,adults,,I,FALSE,563__8530_11.jpg,../data/adults/stimuli_I/563__8530_11.jpg,a black and white drawing of a hat with the word mr written on it,,"A simple house with ""shop"" written on it",,4,0.355237931013107,0.37,16.0,bag,shop,,2,1,2,1,4.54032554155549,3.90625,0.789597100831379,2,8,0.1539518581018400,0.3890704148453710,0.4023622630618640,0.5151166791195190,0.2945429403645760,0.1515728,0.16841204,0.18694592,74.0,9.615384615384620
564,adults,,I,FALSE,564__8542_11.jpg,../data/adults/stimuli_I/564__8542_11.jpg,a drawing of a tombstone with a sign that says rip,,"A tombstone with ""RIP"" written on it",,5,0.410973787307739,0.38,19.0,grave,writing,,2,2,2,1,7.27504069538453,5.88125,0.548575129533679,3,8,0.1766914234573480,0.3359102408859200,0.4248698949813840,0.5517716010338970,0.3098484278114920,0.14890161,0.24736576,0.187179,37.0,31.25
567,adults,,I,FALSE,567__8578_11.jpg,../data/adults/stimuli_I/567__8578_11.jpg,a drawing of a house with a door and a window,,Building with a door and large arched window or shape above,,4,0.431620299816132,0.39,21.0,house,,,2,1,1,1,4.44459300148475,3.72625,0.606693620844564,2,8,0.141448974609375,0.3310760060273410,0.3364632725715640,0.4692614111429790,0.2751116588475930,0.111730434,0.19975087,0.101989225,12.333333333333300,9.615384615384620
568,adults,,I,FALSE,568__8588_11.jpg,../data/adults/stimuli_I/568__8588_11.jpg,a close up of a black and white drawing of a bag,,Hard to interpret,,1,0.496462404727936,0.45,34.0,abstract doodle/hard to interpret,,,1,1,1,0.5,4.11204225188815,2.828125,0.864291655115054,1,7,0.2403619885444640,0.490069850983317,0.6021845814961670,0.4894559455563890,0.2325336456471890,0.0,0.21603604,0.18756118,4.111111111111110,5.208333333333330
570,adults,,I,FALSE,570__8599_11.jpg,../data/adults/stimuli_I/570__8599_11.jpg,a drawing of a house with a door and a window,,"Building with a dome on top, possibly an observatory",,4,0.417319715023041,0.47,39.0,house,,,2,1,2,1,4.49156420213102,3.605625,0.907599907599908,2,11,0.2192837465236320,0.4946987628936770,0.5173130631446840,0.472798572192571,0.2772249803804640,0.0870039,0.2696949,0.13059494,12.333333333333300,6.944444444444450
575,adults,,I,FALSE,575__8623_11.jpg,../data/adults/stimuli_I/575__8623_11.jpg,a drawing of a door with a window and a handle,,Hard to interpret,,2,0.33985561132431,0.46,35.0,abstract doodle/hard to interpret,,,2,0,0,1,4.5263427515155,4.904375,0.369578659129052,3,17,0.2403619885444640,0.490069850983317,0.6021845814961670,0.4772542665030770,0.2285929524803140,0.0,0.2717045,0.13212599,4.111111111111110,5.208333333333330
577,adults,,I,FALSE,577__8635_11.jpg,../data/adults/stimuli_I/577__8635_11.jpg,a drawing of a man with a hat on his head,,An abstract drawing resembling a robot with a round head and body,,3,0.461498975753784,0.48,40.0,clock,,,1,1,2,1,4.4877424318382,3.701875,0.906180886974741,2,8,0.1761889457702640,0.4019823430787110,0.417473683658395,0.4463842252999000,0.2944420098417340,0.10476512,0.19430867,0.16390531,148.0,20.833333333333300
583,adults,,I,FALSE,583__8659_11.jpg,../data/adults/stimuli_I/583__8659_11.jpg,a drawing of a man in a space suit throwing a baseball bat,,"A person in protective gear with the number 49, holding something",,4,0.599906742572784,0.66,85.0,football player,,,1,2,4,1,4.71942428927971,8.09375,0.41574352953188,6,26,0.2379781007766720,0.4810168588464510,0.5978049279567630,0.6743315478667320,0.4788341078724490,0.19394878,0.29785433,0.25998887,148.0,10.416666666666700
584,adults,,I,FALSE,584__8671_11.jpg,../data/adults/stimuli_I/584__8671_11.jpg,a drawing of a box with a sign and a pencil,,"Square object labeled ""TRASH"" with a semicircular top",,5,0.491553127765656,0.49,43.0,trashcan,writing,,2,1,3,1,4.5428389565308,3.86,0.863247863247863,1,10,0.198205828666687,0.3946234999484860,0.4579716051833860,0.4489364132926590,0.3077118836482530,0.14773719,0.15545438,0.19925673,148.0,7.8125
587,adults,,I,FALSE,587__8694_11.jpg,../data/adults/stimuli_I/587__8694_11.jpg,a close up of a person jumping over a building with a stick,,Hard to interpret,,2,0.3307985663414,0.31,3.0,abstract doodle/hard to interpret,,,2,0,0,0,3.31469183680046,1.548125,0.872404196103618,3,4,0.2403619885444640,0.490069850983317,0.6021845814961670,0.3492798732337060,0.1690182385462850,0.0,0.23605934,0.1302588,4.111111111111110,5.208333333333330
588,adults,,I,FALSE,588__8705_11.jpg,../data/adults/stimuli_I/588__8705_11.jpg,a drawing of a hand holding a bag with a handle,,Hard to interpret,,2,0.486647456884384,0.58,68.0,abstract doodle/hard to interpret,,,1,1,1,1,5.61187344346918,7.648125,0.633269529848068,1,16,0.2403619885444640,0.490069850983317,0.6021845814961670,0.5909861168716990,0.2559542646952960,0.0,0.25061226,0.12756899,4.111111111111110,5.208333333333330
590,adults,,I,FALSE,590__8729_11.jpg,../data/adults/stimuli_I/590__8729_11.jpg,drawing of a pocket with a drawing of a sun and a clock,,Hard to interpret,,2,0.449388444423676,0.48,42.0,eye,,,1,0,0,1,4.15823695300348,3.44875,0.71474358974359,3,10,0.2403619885444640,0.490069850983317,0.6021845814961670,0.5035198990485140,0.2923694525789190,0.0,0.23395395,0.14317785,148.0,5.208333333333330
591,adults,,I,FALSE,591__8741_11.jpg,../data/adults/stimuli_I/591__8741_11.jpg,a drawing of a box with a bow on top of it,,Hard to interpret,,2,0.366348266601563,0.34,7.0,abstract doodle/hard to interpret,,,2,0,0,1,4.03824915194818,2.15875,0.841435624762628,1,10,0.2403619885444640,0.490069850983317,0.6021845814961670,0.3336892417265650,0.2025685601205600,0.0,0.2386708,0.12327604,4.111111111111110,5.208333333333330
592,adults,,I,FALSE,592__8753_11.jpg,../data/adults/stimuli_I/592__8753_11.jpg,a drawing of a smiling elephant with a square shaped face,,"Smiling face with abstract, curved lines creating a surrounding shape",,4,0.374429404735565,0.36,11.0,abstract doodle/hard to interpret,,,2,0,1,0,3.9845486913243,3.985625,0.369199101796407,9,7,0.1641990444541530,0.3139058743091190,0.4440025422571560,0.5050555642997100,0.2617805120597700,0.11919968,0.2819972,0.13795614,4.111111111111110,8.333333333333330
594,adults,,I,FALSE,594__8775_11.jpg,../data/adults/stimuli_I/594__8775_11.jpg,a drawing of a building with a dome and a cross on it,,"Building with dome and cross symbols, possibly a church or religious structure",,4,0.496537864208221,0.59,71.0,building,,,2,2,2,1,4.37258447950934,4.159375,0.871774975751697,6,11,0.1918359754036650,0.3128744755051870,0.406128084294313,0.571130750680921,0.3087019223538720,0.07598641,0.26106715,0.15748283,29.6,6.944444444444450
598,adults,,I,FALSE,598__8787_11.jpg,../data/adults/stimuli_I/598__8787_11.jpg,a drawing of a small robot with a light on top of it,,Person standing under a large pendant light inside a room,,4,0.526132106781006,0.6,73.0,table,lamp,,1,2,2,1,4.57844871340872,3.97,0.473984771573604,7,14,0.2277714474337420,0.4907063245773320,0.5758658945560460,0.6369239008511480,0.3362644993666350,0.1754812,0.36089885,0.15205204,148.0,10.416666666666700
601,adults,,I,FALSE,601__8799_11.jpg,../data/adults/stimuli_I/601__8799_11.jpg,a black and white drawing of a person ' s face with a long hair,,Abstract drawing resembling an ice cream or popsicle on a stick,,3,0.456277132034302,0.43,29.0,icecream,,,1,1,1,1,4.63317268485969,5.181875,0.851873198847262,1,13,0.1601742410555920,0.3780560122761720,0.4281576871871950,0.4917214401353930,0.2989469408374080,0.11992898,0.3285926,0.18874794,74.0,5.208333333333330
607,adults,,I,FALSE,607__8831_11.jpg,../data/adults/stimuli_I/607__8831_11.jpg,a drawing of a castle with a flag on top of it,,A simple castle with a dome and flag on top,,4,0.573541164398193,0.57,65.0,castle,flag,,2,2,2,1,4.2463950756866,4.270625,0.663806828232797,2,7,0.1922376751899720,0.4145869336406720,0.4131330005447260,0.6235942519165060,0.2781212418877810,0.10228677,0.28844452,0.15418088,74.0,6.944444444444450
614,adults,,I,FALSE,614__8855_11.jpg,../data/adults/stimuli_I/614__8855_11.jpg,a drawing of a cake with a spoon sticking out of it,,Dome-topped structure with a spoon-like object above it,,4,0.427699267864227,0.5,47.0,abstract doodle/hard to interpret,,,1,1,1,1,4.22325677038785,3.885,0.742284569138277,2,11,0.2167430390868750,0.4717755160264820,0.4999559223678150,0.5090414741893140,0.2798280952003080,0.107924044,0.32838508,0.14457408,4.111111111111110,11.363636363636400
618,adults,,I,FALSE,618__8899_11.jpg,../data/adults/stimuli_I/618__8899_11.jpg,a drawing of a man with a sign and a hand,,"Cartoon character with a simple face, arms, and legs, resembling a ghost",,5,0.454468995332718,0.37,15.0,creature(s),,,2,2,2,1,4.13844073723556,3.740625,0.352804446690248,6,8,0.1960663795471190,0.39336264670157,0.4272455659811970,0.4617882050787660,0.3565386823053790,0.12808661,0.22194698,0.18972513,21.142857142857100,8.333333333333330
625,adults,,I,FALSE,625__8918_11.jpg,../data/adults/stimuli_I/625__8918_11.jpg,a drawing of a person with a large piece of paper in their hand,,Simple outline of a turtle with four limbs and a tail,,5,0.238316893577576,0.43,30.0,abstract doodle/hard to interpret,,,2,0,0,1,4.84202668006661,4.234375,0.391304347826087,1,11,0.189669657369275,0.3073543103740900,0.3968871652152290,0.5292660614923730,0.2663950752359150,0.16470157,0.2752589,0.1684884,4.111111111111110,5.208333333333330
632,adults,,I,FALSE,632__8942_11.jpg,../data/adults/stimuli_I/632__8942_11.jpg,a drawing of a house with a door and window,,Simple drawing of a house with a domed roof and chimney,,4,0.437445163726807,0.46,37.0,house,windows,chimney,2,2,2,1,5.10115870990981,4.696875,0.87311664929404,2,13,0.1526472477527100,0.3072442595508240,0.3303274512290950,0.510628358090954,0.2860171256984820,0.10809243,0.21639328,0.112109564,12.333333333333300,9.615384615384620
634,adults,,I,FALSE,634__8954_11.jpg,../data/adults/stimuli_I/634__8954_11.jpg,a drawing of a handbag with a handle on it,,A simplistic drawing of a handbag or sack with a strap,,4,0.609311163425446,0.52,52.0,thumb,,,2,2,1,1,4.91421675334378,4.463125,0.869353916523728,5,12,0.159538447856903,0.3043177516555110,0.3683591265464340,0.5132311719378980,0.1978516822967280,0.13420178,0.2920118,0.15449074,148.0,5.208333333333330
635,adults,,I,FALSE,635__8966_11.jpg,../data/adults/stimuli_I/635__8966_11.jpg,a drawing of a black and white picture of a person ' s head,,Hard to interpret,,1,0.189588636159897,0.19,0.0,tracing,,,2,20,0,1,3.91789791875048,2.57875,0.760488505747127,1,6,0.2403619885444640,0.490069850983317,0.6021845814961670,0.4998686471983930,0.2002442829116620,0.0,0.19421813,0.11846075,11.384615384615400,5.208333333333330
680,adults,,I,FALSE,680__397_11.jpg,../data/adults/stimuli_I/680__397_11.jpg,a black and white drawing of a bottle with a person sitting on top of it,,Abstract outline with dots indicating explosion or dispersion,,3,0.493325740098953,0.5,47.0,salt shaker,,,1,1,1,1,3.67988716669572,1.996875,0.497129186602871,21,3,0.1728900671005250,0.3585599469709380,0.4453833433757210,0.4810414458244200,0.2850956708655200,0.15787983,0.27578112,0.20140517,74.0,7.8125
681,adults,,I,FALSE,681__407_11.jpg,../data/adults/stimuli_I/681__407_11.jpg,a drawing of a black and white picture of a building,,Hard to interpret,,2,0.318252474069595,0.29,1.0,tracing,,,2,20,0,0.5,3.10017309220383,1.33,0.723760763323249,1,3,0.2403619885444640,0.490069850983317,0.6021845814961670,0.4414602703992010,0.1803177296446280,0.0,0.28775758,0.14670198,11.384615384615400,5.208333333333330
685,adults,,I,FALSE,685__412_11.jpg,../data/adults/stimuli_I/685__412_11.jpg,a cartoon drawing of a man holding a sign with a smile on it,,Smiling face with arms resting on a surface,,4,0.482031404972076,0.52,52.0,face,,,2,1,2,1,3.9672091897725,2.6475,0.901933509528446,3,3,0.2262129783630370,0.4268209592593280,0.5160277774317390,0.4065638552217770,0.3268376764332630,0.15511164,0.1896423,0.16259548,37.0,8.333333333333330
720,adults,,I,FALSE,720__6453_11.jpg,../data/adults/stimuli_I/720__6453_11.jpg,a drawing of a pot with a lid and a handle,,"A container labeled ""Degree"" with a dome-shaped top",,4,0.61737596988678,0.59,72.0,abstract doodle/hard to interpret,writing,,1,1,1,1,4.69074816799114,5.015,0.880761099365751,1,11,0.2036343934318050,0.4081115546259750,0.5368480362386670,0.4951601957339540,0.4043320105017310,0.12984626,0.22712998,0.29716095,4.111111111111110,7.8125
733,adults,,I,FALSE,733__6607_11.jpg,../data/adults/stimuli_I/733__6607_11.jpg,a drawing of a can of soda with a sprinkler on top,,Container with spiral symbol and dotted top,,3,0.503588914871216,0.52,52.0,salt shaker,,,1,2,2,1,4.78204542616907,3.81625,0.888262707272136,1,6,0.1929727792739870,0.3565001295954020,0.4583922947411350,0.6322858139164850,0.2981968025272150,0.1484296,0.33174786,0.17638882,74.0,7.8125
737,adults,,I,FALSE,737__6655_11.jpg,../data/adults/stimuli_I/737__6655_11.jpg,a drawing of a sad face with a square shaped face,,"Abstract face-like shape with eyes, nose, mouth, and lines resembling whiskers",,4,0.50231796503067,0.5,47.0,cat,,,1,1,2,0.5,4.54096325890859,5.859375,0.314916369618865,10,14,0.154382586479187,0.3283549347029600,0.428705726343051,0.567335233126165,0.3380995998627360,0.1103256,0.33762,0.17628805,148.0,8.333333333333330
738,adults,,I,FALSE,738__6667_11.jpg,../data/adults/stimuli_I/738__6667_11.jpg,a drawing of a person with a hat on a white background,,Hard to interpret,,2,0.259308159351349,0.42,27.0,abstract doodle/hard to interpret,,,2,0,0,1,4.18340309904028,3.001875,0.963617049528615,4,9,0.2403619885444640,0.490069850983317,0.6021845814961670,0.400767752554953,0.1884829008928960,0.0,0.20687783,0.12292665,4.111111111111110,5.208333333333330
914,adults,,I,FALSE,914__9372_11.jpg,../data/adults/stimuli_I/914__9372_11.jpg,a drawing of a man holding a piece of paper with a face,,Stick figure with rectangular body and surprised expression,,4,0.587281346321106,0.57,65.0,person(s),,,2,2,2,1,4.3171038766795,4.496875,0.72003955767329,4,13,0.1987692713737490,0.3799489551767390,0.4668774008750920,0.591639681229915,0.3759508125482210,0.12509608,0.19972828,0.17673278,11.384615384615400,5.208333333333330
915,adults,,I,FALSE,915__9384_11.jpg,../data/adults/stimuli_I/915__9384_11.jpg,a drawing of a grave with a cross on top of it,,"Tombstone with the letters ""RIP"" and a cross on top",,5,0.388930708169937,0.51,49.0,grave,writing,,2,2,2,1,4.54067860762556,3.639375,0.561994762609587,4,8,0.1802554130554200,0.3592524933592230,0.3955709102409530,0.5061323854224600,0.2641141460211510,0.13864797,0.23525055,0.18048279,37.0,31.25
916,adults,,I,FALSE,916__9396_11.jpg,../data/adults/stimuli_I/916__9396_11.jpg,a black and white drawing of a lock with a key,,Lock with musical note and dollar sign on it,,4,0.713939547538757,0.65,83.0,jukebox,music notes,,1,2,3,1,4.78855332141677,5.120625,0.941636778611021,7,12,0.1640028953552250,0.3450415144897840,0.424873948097229,0.417816866338231,0.295186891344116,0.16890404,0.2390635,0.1758472,74.0,25.0
920,adults,,I,FALSE,920__9444_11.jpg,../data/adults/stimuli_I/920__9444_11.jpg,a drawing of a man with a hat on his head,,A simple sketch of a helmet or dome structure,,4,0.334412485361099,0.33,6.0,tracing,,,2,20,0,1,5.74206296419672,4.406875,0.729235001587134,1,14,0.1495178937911990,0.3444207115298720,0.3530449867248540,0.5596587145242140,0.240186695661182,0.11073253,0.19196896,0.15605001,11.384615384615400,6.944444444444450
938,adults,,I,FALSE,938__7048_11.jpg,../data/adults/stimuli_I/938__7048_11.jpg,a drawing of a black and white image of a curved arch,,"A mix of curves and lines, resembling a basic abstract shape",,3,0.383367121219635,0.43,29.0,abstract doodle/hard to interpret,,,2,0,0,1,6.98399397867833,6.836875,0.622506100186594,1,14,0.1248626560136430,0.3238686323165890,0.3758582620789650,0.6136967634587020,0.3132798229546610,0.11030251,0.35959607,0.28184432,4.111111111111110,5.208333333333330
978,adults,,I,FALSE,978__9584_11.jpg,../data/adults/stimuli_I/978__9584_11.jpg,a drawing of a person sitting on a couch with a dog,,A couch with multiple pillows below a hanging lamp,,5,0.561679720878601,0.61,75.0,abstract doodle/hard to interpret,,,1,2,3,1,4.99079619858262,5.033125,0.892875715028601,2,10,0.232973470269051,0.4669247389070430,0.5443472239764190,0.6107576341514700,0.335892352855904,0.18747756,0.24553552,0.17591631,4.111111111111110,10.416666666666700
981,adults,,I,FALSE,981__7120_11.jpg,../data/adults/stimuli_I/981__7120_11.jpg,a drawing of a bear with a square face and a nose,,Cartoon-style drawing of a bear or rodent with exaggerated features,,4,0.642965376377106,0.66,85.0,animal,,,2,3,4,1,4.68489687501592,6.555625,0.448525737131434,12,14,0.1907581090927120,0.3398772483954330,0.4767105891281010,0.665912525767065,0.3543025947197020,0.1418158,0.34689057,0.18261449,148.0,8.333333333333330
987,adults,,I,FALSE,987__9678_11.jpg,../data/adults/stimuli_I/987__9678_11.jpg,a drawing of a man holding a basket with a cat on it,,Hard to interpret,,3,0.645005583763123,0.61,76.0,abstract doodle/hard to interpret,,,2,1,1,0.5,5.02079460586875,12.495625,0.432586614721024,2,31,0.2403619885444640,0.490069850983317,0.6021845814961670,0.6416209493237580,0.3379732847780410,0.0,0.38306215,0.192022,4.111111111111110,5.208333333333330
991,adults,,I,FALSE,991__7222_11.jpg,../data/adults/stimuli_I/991__7222_11.jpg,a drawing of a window with a bird in it,,A simple sketch of an arched window with curtains,,4,0.571999728679657,0.55,61.0,abstract doodle/hard to interpret,,,1,1,0,1,5.40830911116868,7.021875,0.906301879274852,1,21,0.1071203883218520,0.256608620679891,0.2728886441654760,0.5650589256511430,0.2220478649079430,0.121402584,0.2512166,0.16974245,4.111111111111110,9.615384615384620
992,adults,,I,FALSE,992__9714_11.jpg,../data/adults/stimuli_I/992__9714_11.jpg,a drawing of a cactus with a sun in the background,,Half sun over square with squiggly line and two fish,,4,0.524991035461426,0.57,64.0,sun,fish,,1,1,3,1,4.72376788123882,5.53,0.701903216287991,4,11,0.204060673713684,0.3346540927886960,0.4387135840229030,0.5200156368909800,0.267649987523216,0.17124537,0.2576235,0.18078461,74.0,10.416666666666700
1621,adults,,I,FALSE,1621__1234_11.jpg,../data/adults/stimuli_I/1621__1234_11.jpg,a drawing of a man and a woman standing next to each other,,"Three abstract, bird-like figures of varying sizes in a simplistic style",,4,0.541517615318298,0.63,80.0,creature(s),,,1,2,4,1,4.45050345296867,4.574375,0.630952380952381,8,10,0.1828283071517940,0.3695546200738730,0.4381796456468310,0.5994617856770560,0.3602047205957710,0.14314517,0.3667012,0.21503386,21.142857142857100,5.208333333333330
1622,adults,,I,FALSE,1622__7240_11.jpg,../data/adults/stimuli_I/1622__7240_11.jpg,a drawing of a leaf with a line drawing of a tree,,A semicircular arch with overlapping lines inside a rectangular base,,3,0.400581777095795,0.4,23.0,window,,,1,2,0,1,4.44516878298281,3.621875,0.873657954668691,1,9,0.1378499269485470,0.3051994831919510,0.3318408928107100,0.5350891883925430,0.1950212466291270,0.12762049,0.19911166,0.13291165,74.0,11.363636363636400
1626,adults,,I,FALSE,1626__1257_11.jpg,../data/adults/stimuli_I/1626__1257_11.jpg,a drawing of a person on a swing with a person on a bench,,Person standing at a window with another person inside,,4,0.694006085395813,0.8,98.0,person(s),stall,,1,2,4,1,5.22921521627733,8.63,0.42672707785248,1,18,0.2161958217620850,0.5148669183254240,0.531038073835487,0.6930920768606390,0.3143888611152320,0.18071947,0.4263195,0.22408676,11.384615384615400,10.416666666666700
1663,adults,,I,FALSE,1663__1267_11.jpg,../data/adults/stimuli_I/1663__1267_11.jpg,a drawing of a house with a door and a window,,Building sketch with a dome and a rectangular entrance,,4,0.296525150537491,0.33,6.0,house,,,2,1,1,1,4.188872157133,2.28125,0.911913601079986,1,8,0.1332299709320070,0.3180422186851500,0.3575287248177090,0.3705087933171210,0.2064331440988150,0.10156126,0.17513338,0.11006649,12.333333333333300,6.944444444444450
1664,adults,,I,FALSE,1664__1277_11.jpg,../data/adults/stimuli_I/1664__1277_11.jpg,a drawing of a bird cage with a bird inside of it,,A winter hat with a pom-pom on top,,5,0.505355536937714,0.49,44.0,hat,,,2,2,0,1,4.391316379524,4.03125,0.819191041606333,1,11,0.248070478439331,0.4668524543555040,0.5984894633293150,0.5826446707972300,0.2981623238197450,0.17422315,0.31379458,0.1676041,148.0,8.333333333333330
1665,adults,,I,FALSE,1665__362_11.jpg,../data/adults/stimuli_I/1665__362_11.jpg,drawing of a person in a box with a bird on top,,A simple building with a dome and cross on top,,4,0.480658888816834,0.46,37.0,house,,,2,1,2,1,3.97471491351905,2.546875,0.679106670584778,1,8,0.1857610940933230,0.3619319416243980,0.3789085890163630,0.5058406142843860,0.2525312631092870,0.06795406,0.20387296,0.10079391,12.333333333333300,6.944444444444450
1666,adults,,I,FALSE,1666__1296_11.jpg,../data/adults/stimuli_I/1666__1296_11.jpg,a drawing of a dog and a cat are standing under a umbrella,,Hard to interpret,,1,0.614702463150024,0.57,65.0,abstract doodle/hard to interpret,,,2,1,1,0.5,5.10770944757936,11.829375,0.28817173213834,2,32,0.2403619885444640,0.490069850983317,0.6021845814961670,0.6173083368788480,0.3094478618107390,0.0,0.28479752,0.1596713,4.111111111111110,5.208333333333330
1667,adults,,I,FALSE,1667__1308_11.jpg,../data/adults/stimuli_I/1667__1308_11.jpg,a drawing of a castle with a door and a staircase,,Castle with a drawbridge leading to the main entrance,,5,0.563542723655701,0.71,92.0,castle,,,2,3,3,1,4.69146643397648,6.86875,0.342529932326913,8,18,0.1690612435340880,0.44123419769014,0.4454769226624410,0.6067624022621710,0.2930562398260050,0.15846698,0.39262348,0.18521671,74.0,9.615384615384620
1675,adults,,I,FALSE,1675__9726_11.jpg,../data/adults/stimuli_I/1675__9726_11.jpg,a drawing of a person holding a baby in a tree,,Hard to interpret,,2,0.601482808589935,0.58,67.0,abstract doodle/hard to interpret,,,2,0,0,1,4.48085565457598,6.411875,0.621880385523712,3,13,0.2403619885444640,0.490069850983317,0.6021845814961670,0.6567031422157530,0.2486780393437520,0.0,0.39120013,0.14769898,4.111111111111110,5.208333333333330
1676,adults,,I,FALSE,1676__9738_11.jpg,../data/adults/stimuli_I/1676__9738_11.jpg,a drawing of a kettle with a big lid on it,,"A simple drawing of a backpack labeled ""book bag""",,5,0.575148224830627,0.57,65.0,bookbag,writing,,2,1,2,1,6.7593073408984,8.189375,0.306160152416142,5,13,0.1698208552492160,0.2673927486591980,0.3776994122445920,0.6329411546718760,0.379884952240982,0.15306708,0.29821834,0.25045922,148.0,5.208333333333330
1740,adults,,I,FALSE,1740__1330_11.jpg,../data/adults/stimuli_I/1740__1330_11.jpg,a black and white drawing of a person holding a sign,,A simple sketch of a light bulb with wires,,4,0.364641726016998,0.38,19.0,icecream,,,1,1,1,1,4.59812000592872,2.61125,0.463772546621828,1,4,0.1536678580243660,0.3387216132498270,0.397111511402635,0.684889835345152,0.2334807326253740,0.16124316,0.45860505,0.16932417,74.0,5.208333333333330
1741,adults,,I,FALSE,1741__1338_11.jpg,../data/adults/stimuli_I/1741__1338_11.jpg,a close up of a person wearing a helmet and a shirt,,A simplistic drawing of a person with a round head and straight body,,3,0.503994941711426,0.54,56.0,person(s),,,2,2,3,1,3.9492919597497,2.218125,0.92630551488531,5,6,0.1593129634857180,0.3132436853567050,0.3507496505528890,0.3533948172615160,0.2874495307932360,0.105948344,0.1919801,0.17305897,11.384615384615400,5.208333333333330
1743,adults,,I,FALSE,1743__1356_11.jpg,../data/adults/stimuli_I/1743__1356_11.jpg,a drawing of a popsicle with a long black cord,,Simple outline resembling a popsicle or ice cream on a stick,,4,0.276815861463547,0.27,1.0,tracing,,,2,20,1,1,3.82245924490566,1.83375,0.637182309385631,1,6,0.15908508544653,0.3313360808494140,0.3837707638740540,0.4122642401238340,0.2207212060166500,0.13234548,0.2856694,0.15289369,11.384615384615400,5.208333333333330
1744,adults,,I,FALSE,1744__1366_11.jpg,../data/adults/stimuli_I/1744__1366_11.jpg,a black and white drawing of a tall arch with a window,,Hard to interpret,,2,0.405562788248062,0.48,40.0,abstract doodle/hard to interpret,,,2,0,0,1,4.20609115692182,2.55375,0.966769592706955,3,10,0.2403619885444640,0.490069850983317,0.6021845814961670,0.3155239466009990,0.16801286148373,0.0,0.2955981,0.13875668,4.111111111111110,5.208333333333330
1748,adults,,I,FALSE,1748__1376_11.jpg,../data/adults/stimuli_I/1748__1376_11.jpg,a black and white drawing of a lock with a man inside,,A lock with crisscross lines inside a rectangular shape,,4,0.437328219413757,0.46,37.0,bag,,,1,1,1,1,4.40443675713733,3.99375,0.948821938972576,1,11,0.1185051728185890,0.2515167370890600,0.2993476808459940,0.6550199187860760,0.2083974217135800,0.13988245,0.45621425,0.1590378,74.0,25.0
1749,adults,,I,FALSE,1749__381_11.jpg,../data/adults/stimuli_I/1749__381_11.jpg,drawing of a person holding a sign with a brain on it,,A robot with an antenna and brain inside a dome head,,5,0.66439163684845,0.63,81.0,abstract doodle/hard to interpret,,,1,1,3,1,4.9327634915905,5.23625,0.574192516789255,2,13,0.2488813847970120,0.5417183637619020,0.5817548285868860,0.6061322653635150,0.353276883141685,0.1486552,0.26700976,0.15601233,4.111111111111110,20.833333333333300
1750,adults,,I,FALSE,1750__1389_11.jpg,../data/adults/stimuli_I/1750__1389_11.jpg,a drawing of a lock with a key on it,,A simple padlock with a straight shackle and square body,,5,0.413385331630707,0.41,26.0,lock,,,2,2,2,1,4.02712841578742,2.066875,0.921615639985245,2,10,0.1224896238750430,0.2855329300622020,0.3602316760878740,0.3617321706391380,0.2166305578845880,0.15233484,0.19913273,0.10551977,49.333333333333300,25.0
1751,adults,,I,FALSE,1751__1401_11.jpg,../data/adults/stimuli_I/1751__1401_11.jpg,a drawing of a church with a cross on the front,,Simple outline of a building with a circular window and an arched door,,4,0.542084634304047,0.59,70.0,building,,,2,2,2,1,4.85810605049906,6.744375,0.388654337872391,2,17,0.1011358827691040,0.2325157294427070,0.232902036136266,0.6370713786763610,0.2923705905693770,0.106725216,0.355576,0.11105964,29.6,9.615384615384620
1753,adults,,I,FALSE,1753__1412_11.jpg,../data/adults/stimuli_I/1753__1412_11.jpg,a drawing of a box with a cartoon face on it,,Box with nuclear symbol and structure on top,,4,0.705437898635864,0.79,97.0,abstract doodle/hard to interpret,,,1,1,1,1,9.21087773564685,10.6275,0.893057084071008,2,13,0.1950548770991030,0.3519760177128320,0.4585360338048860,0.715633586604743,0.3666206487562800,0.15353453,0.44957605,0.2638054,4.111111111111110,7.8125
1755,adults,,I,FALSE,1755__1421_11.jpg,../data/adults/stimuli_I/1755__1421_11.jpg,a cartoon drawing of a man sitting at a desk with a laptop,,Person sitting at a table with papers in front,,5,0.693534851074219,0.71,92.0,person(s),book,,2,3,4,1,4.80925015197835,6.994375,0.451466480446927,8,18,0.2488022446632390,0.518423215103841,0.5637198648619730,0.620006577067774,0.3810491115213010,0.20249668,0.2596642,0.22131595,11.384615384615400,10.416666666666700
16,adults,,R,FALSE,16__3479_56.jpg,../data/adults/stimuli_R/16__3479_56.jpg,a drawing of a pencil with a drawing of a head,,Sharpened pencil with a dark graphite tip,,5,0.374110877513886,0.39,20.0,pencil,,,2,2,2,1,5.74591736798408,4.65,0.564621348208377,1,11,0.1943465355428120,0.350300133228302,0.4685324430465700,0.5670988804072620,0.2131276582616190,0.15584758,0.29351503,0.13681129,14.8,16.428571428571400
21,adults,,R,FALSE,21__3515_56.jpg,../data/adults/stimuli_R/21__3515_56.jpg,a drawing of a pencil with a pencil tip on it,,A pencil tip and barrel drawn with minimal lines,,5,0.442721784114838,0.44,33.0,fountain pen,,,2,2,2,1,5.00786770738921,3.19125,0.530187652977971,1,12,0.1182394553280190,0.2520740032196050,0.3549214024771490,0.5402524730482260,0.2283534592890260,0.1235734,0.37306285,0.118465684,148.0,16.428571428571400
26,adults,,R,FALSE,26__3560_56.jpg,../data/adults/stimuli_R/26__3560_56.jpg,a drawing of a man with a beard and a mustache,,"Simplified face with two eyes, ears, and a triangular beard",,4,0.418315589427948,0.46,37.0,face,,,2,2,2,1,4.85477774016071,4.344375,0.612815884476534,3,9,0.1877585425664670,0.348836380382011,0.416152442464377,0.5984221378725780,0.338800611396754,0.09288586,0.21372792,0.16503109,13.454545454545500,8.846153846153850
27,adults,,R,FALSE,27__3572_56.jpg,../data/adults/stimuli_R/27__3572_56.jpg,a drawing of a man with a chain around his head,,"A simple face with hair, rectangular eyes, and a straight mouth",,5,0.4759261906147,0.45,33.0,present,,,2,3,3,1,5.70173481180745,9.136875,0.331924415713575,6,18,0.190727330359533,0.3269369006156920,0.4230699791353920,0.7293547088171380,0.284223503824433,0.09435893,0.32365575,0.13798636,148.0,8.846153846153850
32,adults,,R,FALSE,32__3584_56.jpg,../data/adults/stimuli_R/32__3584_56.jpg,a close up of a black and white picture of a triangle,,Outline of a home plate from baseball,,5,0.198966413736343,0.23,0.0,tracing,,,2,20,0,1,4.27454758237121,1.661875,0.692836549123974,1,6,0.1748172536601260,0.3366946380345410,0.4032290577888490,0.3087730338121610,0.1970610952627960,0.18699361,0.22212271,0.16601989,24.666666666666700,3.484848484848490
44,adults,,R,FALSE,44__3668_56.jpg,../data/adults/stimuli_R/44__3668_56.jpg,a drawing of a man with a hat and a bag,,Hard to interpret,,2,0.858196496963501,0.83,98.0,creature(s),writing,,1,1,1,0.5,5.30902909928091,15.758125,0.249258480289058,1,38,0.2441710684197490,0.4869129657745360,0.6253224909305570,0.6987585009112950,0.3079219541021130,0.0,0.30282733,0.18718578,9.866666666666670,3.3823529411764700
46,adults,,R,FALSE,46__3689_56.jpg,../data/adults/stimuli_R/46__3689_56.jpg,a drawing of a drawing of a house with a large window,,Hard to interpret,,2,0.531660914421082,0.45,35.0,house,upside-down,,2,2,2,1,4.98100722462566,6.58125,0.752217508677208,2,16,0.2441710684197490,0.4869129657745360,0.6253224909305570,0.499258499191582,0.2913426222580520,0.0,0.18054202,0.12257339,10.571428571428600,3.3823529411764700
62,adults,,R,FALSE,62__3713_56.jpg,../data/adults/stimuli_R/62__3713_56.jpg,a black and white drawing of a cross with a arrow,,Hard to interpret,,2,0.521348476409912,0.5,47.0,abstract doodle/hard to interpret,,,1,0,1,1,5.04581932722974,4.105,0.663866376754299,1,12,0.2441710684197490,0.4869129657745360,0.6253224909305570,0.4742085126668100,0.280987195202634,0.0,0.35782185,0.227807,4.933333333333330,3.3823529411764700
66,adults,,R,FALSE,66__3735_56.jpg,../data/adults/stimuli_R/66__3735_56.jpg,drawing of a person holding a kite above their head,,Stick figure holding a large rectangular object above its head,,3,0.567837715148926,0.59,71.0,person(s),window,,1,2,1,1,4.50705800927956,4.998125,0.681166425004028,1,12,0.2059316389642140,0.3587531447410580,0.4388573860100530,0.6692545655962850,0.2409868688357060,0.091984846,0.24542518,0.15835384,4.774193548387100,5.476190476190480
85,adults,,R,FALSE,85__3793_56.jpg,../data/adults/stimuli_R/85__3793_56.jpg,drawing of a black and white picture of a heart and a wire,,Hard to interpret,,2,0.539607882499695,0.49,42.0,pencil,,,1,2,0,1,6.74781900719115,7.854375,0.612792622369355,2,17,0.2441710684197490,0.4869129657745360,0.6253224909305570,0.7585354942279430,0.2898485542393330,0.0,0.34483117,0.18098919,14.8,3.3823529411764700
103,adults,,R,FALSE,103__3839_56.jpg,../data/adults/stimuli_R/103__3839_56.jpg,a drawing of a man with a box on his head,,Humanoid robot with antennas and rectangular head and body structure,,4,0.550984382629395,0.56,64.0,rocket,,,1,1,0,1,5.09556819957816,5.22375,0.668341708542714,3,15,0.2627914830694760,0.4652424773429340,0.5412993157684390,0.5631416470703470,0.2514105031199370,0.13755828,0.2955656,0.14251095,49.333333333333300,5.0
110,adults,,R,FALSE,110__3853_56.jpg,../data/adults/stimuli_R/110__3853_56.jpg,drawing of a man sitting at a table with a laptop,,Hard to interpret,,2,0.537896275520325,0.55,59.0,house,upside-down,,2,2,2,1,4.64955282718951,7.81,0.336588913709803,3,15,0.2441710684197490,0.4869129657745360,0.6253224909305570,0.6270617193850490,0.220219424780076,0.0,0.25894088,0.11430577,10.571428571428600,3.3823529411764700
113,adults,,R,FALSE,113__3875_56.jpg,../data/adults/stimuli_R/113__3875_56.jpg,a close up of a drawing of a basketball hoop with a ball,,A square on top of an inverted triangular shape,,5,0.283054709434509,0.28,1.0,tracing,,,2,20,0,1,4.74772791799377,2.43625,0.810011194626579,1,6,0.1810912489891050,0.3338274955749510,0.3949207067489620,0.4329465617039550,0.1884323150241290,0.12552628,0.16909678,0.123191334,24.666666666666700,3.484848484848490
138,adults,,R,FALSE,138__5332_56.jpg,../data/adults/stimuli_R/138__5332_56.jpg,a drawing of a person with a paper bag on their head,,A square-headed figure with a rectangular body and simple limb outlines,,4,0.353599399328232,0.44,31.0,creature(s),,,2,2,2,1,4.61090021679982,3.595625,0.301148447469162,3,11,0.1694158315658570,0.3395067655746190,0.3442549519842760,0.6222340516139760,0.2573374081852560,0.076441854,0.23521118,0.1239933,9.866666666666670,5.0
140,adults,,R,FALSE,140__3917_56.jpg,../data/adults/stimuli_R/140__3917_56.jpg,a drawing of a basketball hoop with a basketball in it,,Basketball hoop and net with a backboard,,5,0.538148701190949,0.53,56.0,basketball basket,,,2,3,3,1,5.04473148523905,4.714375,0.764275798241555,1,17,0.2157862653859680,0.3874349825045450,0.5435901310199570,0.6631351752925030,0.2481957272123120,0.15599242,0.35032913,0.13123046,49.333333333333300,14.375
157,adults,,R,FALSE,157__3929_56.jpg,../data/adults/stimuli_R/157__3929_56.jpg,a black and white outline of a map of the state of kentucky,,"Abstract geometric shape, resembling a cross with irregular edges",,3,0.389572083950043,0.36,14.0,tracing,,,1,20,1,1,4.72321148881918,2.635625,0.606186518928901,1,7,0.1375831797619780,0.332247793674469,0.3753174990794020,0.3511035718450400,0.1935562722543080,0.10404798,0.34156036,0.18327591,24.666666666666700,3.484848484848490
174,adults,,R,FALSE,174__3974_56.jpg,../data/adults/stimuli_R/174__3974_56.jpg,a drawing of two legs with a broken leg and a broken leg,,Two ambiguous shapes resembling legs with geometric elements,,3,0.531724870204926,0.59,70.0,abstract doodle/hard to interpret,,,2,1,2,1,5.02613394686199,4.898125,0.539164813442056,2,13,0.1788328183392980,0.373095154762268,0.3960269329563920,0.5495756123763090,0.1982022005107270,0.12194421,0.2921957,0.15106729,4.933333333333330,3.484848484848490
180,adults,,R,FALSE,180__4008_56.jpg,../data/adults/stimuli_R/180__4008_56.jpg,a close up of a drawing of a person holding a knife,,Hard to interpret,,2,0.400582551956177,0.37,15.0,abstract doodle/hard to interpret,,,2,0,0,0.5,4.67802693247331,2.16875,0.953179723502304,1,8,0.2441710684197490,0.4869129657745360,0.6253224909305570,0.326965083848351,0.1245500951295050,0.0,0.22448318,0.13221267,4.933333333333330,3.3823529411764700
181,adults,,R,FALSE,181__5401_56.jpg,../data/adults/stimuli_R/181__5401_56.jpg,a drawing of a bed with a desk and a chair,,Abstract shapes within a box above a triangle,,3,0.33699232339859,0.35,9.0,house,upside-down,,2,2,2,1,4.94349221185852,3.69625,0.910983981693364,3,11,0.1470490606397940,0.3104991912841800,0.3746815323829650,0.489469798853448,0.245240516522962,0.109304465,0.2042987,0.10444526,10.571428571428600,3.484848484848490
182,adults,,R,FALSE,182__5413_56.jpg,../data/adults/stimuli_R/182__5413_56.jpg,drawing of a toothbrush with a toothpaste on it,,A simplified drawing of a pencil,,5,0.379680156707764,0.43,30.0,pencil,,,2,2,2,1,5.42803650600824,5.724375,0.748513238289206,1,17,0.1054489549726850,0.2339661577960140,0.3096271341816850,0.6754645066968880,0.2803396295111110,0.11069103,0.27355105,0.144821,14.8,16.428571428571400
183,adults,,R,FALSE,183__5425_56.jpg,../data/adults/stimuli_R/183__5425_56.jpg,a drawing of a kite with a man ' s face on it,,A simple drawing of a kite with a tail,,4,0.356534242630005,0.4,24.0,house,upside-down,,2,2,2,1,4.70237200367928,3.725625,0.675219371320671,2,10,0.1147171786596060,0.1992649913272250,0.2571474756510560,0.5633042174124150,0.2779169712029340,0.1510011,0.20705238,0.13265121,10.571428571428600,3.484848484848490
197,adults,,R,FALSE,197__5477_56.jpg,../data/adults/stimuli_R/197__5477_56.jpg,drawing of a man with a paper bag on his head,,A stick figure with a square body and an X across it,,4,0.522724747657776,0.55,59.0,person(s),,,2,2,3,1,4.7912413219281,5.4425,0.634521260324258,3,15,0.1812508594244190,0.3693779110908510,0.4071499947994930,0.5752023330017790,0.3333655375266670,0.08146859,0.2398287,0.1470935,4.774193548387100,5.476190476190480
203,adults,,R,FALSE,203__4080_56.jpg,../data/adults/stimuli_R/203__4080_56.jpg,a drawing of a picture of a man holding a sign,,A mouse with a triangular face and whiskers,,3,0.473810315132141,0.56,64.0,mouse,,,2,3,3,1,4.83666194273746,5.305,0.404064417177914,1,9,0.2287480558457250,0.4514013201833550,0.4894763662630810,0.5682433999753270,0.3082165404526900,0.14054897,0.2624622,0.20745516,148.0,3.484848484848490
223,adults,,R,FALSE,223__4150_56.jpg,../data/adults/stimuli_R/223__4150_56.jpg,a drawing of a woman with a hat and a dress,,Child-like drawing of a person with big hair and stick limbs,,4,0.750470519065857,0.62,78.0,person(s),,,2,2,2,1,5.42349085822132,7.58375,0.484575409111013,3,12,0.1774037374613430,0.3633767366409300,0.4397257232502520,0.7140637995161390,0.2922797162732740,0.10759594,0.29314846,0.14340186,4.774193548387100,5.0
242,adults,,R,FALSE,242__4174_56.jpg,../data/adults/stimuli_R/242__4174_56.jpg,a black and white drawing of a person holding a rope,,"A crayon shape with the word ""Crayola"" written on it",,5,0.484496921300888,0.47,39.0,crayon,writing,,2,2,2,1,5.20352915243965,3.9625,0.793319630010278,1,5,0.178013314127127,0.3124852180480960,0.3892587059294400,0.5210225017190280,0.3626993643969400,0.15685745,0.24417987,0.2159502,148.0,16.428571428571400
247,adults,,R,FALSE,247__4186_56.jpg,../data/adults/stimuli_R/247__4186_56.jpg,a drawing of a person with a hat and a sword,,Hard to interpret,,2,0.547966837882996,0.58,69.0,creature(s),,,1,1,3,1,4.4586373201419,5.73625,0.582555970149254,6,13,0.2441710684197490,0.4869129657745360,0.6253224909305570,0.5334147205790510,0.2640277915301080,0.0,0.27032703,0.11873891,9.866666666666670,3.3823529411764700
259,adults,,R,FALSE,259__4210_56.jpg,../data/adults/stimuli_R/259__4210_56.jpg,drawing of a pocket with a tie on it,,"Triangle shape with rectangular top, resembling an abstract pencil or pen",,4,0.350481152534485,0.31,4.0,pencil,,,1,1,0,1,4.53838945474907,3.104375,0.495440729483283,1,8,0.1329229911657520,0.2775384187698360,0.3451551816144810,0.4711652031693140,0.2498103723440940,0.105059385,0.19772065,0.1389524,14.8,3.484848484848490
263,adults,,R,FALSE,263__7340_56.jpg,../data/adults/stimuli_R/263__7340_56.jpg,a drawing of a house with a hand holding a pencil,,Abstract geometric shape resembling a house on a cone,,3,0.331610828638077,0.47,38.0,house,upside-down,,2,2,2,1,4.7269556993204,4.321875,0.710394873244746,7,10,0.130414418553445,0.3840780670666120,0.3135484047858940,0.549785536553522,0.3023687559737000,0.11805421,0.28495985,0.11546266,10.571428571428600,12.777777777777800
265,adults,,R,FALSE,265__4234_56.jpg,../data/adults/stimuli_R/265__4234_56.jpg,a drawing of a person holding a stick with a dog on it,,Stick figure playing basketball near a hoop with a net,,4,0.541739165782929,0.59,71.0,person(s),football,goal,2,3,3,1,5.26344299225159,4.806875,0.833851845623476,3,14,0.2154747715309380,0.4510145187377930,0.5081167523930510,0.5445413649826920,0.3973569243128490,0.11276255,0.25858188,0.2241277,4.774193548387100,14.375
269,adults,,R,FALSE,269__4255_56.jpg,../data/adults/stimuli_R/269__4255_56.jpg,a drawing of a man with a bird flying over him,,"Airplane drawing with ""LAX"" sign, another plane above",,5,0.695213377475739,0.75,96.0,airplane,airport,writing,2,4,4,1,5.19543809232001,7.650625,0.366015183330641,3,15,0.1829141647373010,0.3630145028846820,0.4294210928333450,0.7092525496087470,0.3617650857727940,0.1875023,0.2997847,0.22996171,148.0,3.484848484848490
275,adults,,R,FALSE,275__4267_56.jpg,../data/adults/stimuli_R/275__4267_56.jpg,a drawing of a man with a sign in his hand,,Stick figure with rectangular body sitting cross-legged,,4,0.524020671844482,0.55,60.0,creature(s),,,1,2,2,0.5,4.91918371787649,5.378125,0.543449865539762,4,13,0.2156693678296310,0.3607444763183590,0.448177900801771,0.6600050409131400,0.2652259087012580,0.088675156,0.19309524,0.11982517,9.866666666666670,5.476190476190480
285,adults,,R,FALSE,285__4291_56.jpg,../data/adults/stimuli_R/285__4291_56.jpg,a close up of a map of africa with a cat on it,,Abstract shape resembling a fractured stone or shield pattern,,3,0.456423938274384,0.49,46.0,abstract doodle/hard to interpret,,,2,1,1,1,5.0289510780721,5.3425,0.934661476223189,1,7,0.1371688164967990,0.3000125885009770,0.3526893468314010,0.6480271557879990,0.2573734221390060,0.1220572,0.46121997,0.20013337,4.933333333333330,3.484848484848490
287,adults,,R,FALSE,287__5668_56.jpg,../data/adults/stimuli_R/287__5668_56.jpg,drawing of a black and white picture of a person holding a box with a face,,Two stick figures inside a hanging box-like structure with a darkened area below,,3,0.539248168468475,0.55,60.0,TV,person,,2,3,3,1,7.32444288681988,7.8325,0.882895803454512,4,9,0.1993879557020680,0.4193706762415560,0.4926359351060340,0.6724350921632360,0.321076177592143,0.14241543,0.2425619,0.17912629,148.0,5.476190476190480
298,adults,,R,FALSE,298__4331_56.jpg,../data/adults/stimuli_R/298__4331_56.jpg,drawing of a suitcase with a handle and a handle on it,,Hard to interpret,,2,0.388457000255585,0.52,51.0,abstract doodle/hard to interpret,,,2,1,1,1,4.78324292317847,4.30625,0.319687558817994,3,14,0.2441710684197490,0.4869129657745360,0.6253224909305570,0.5348541587090500,0.2255738325495080,0.0,0.2681417,0.12036715,4.933333333333330,3.3823529411764700
301,adults,,R,FALSE,301__4343_56.jpg,../data/adults/stimuli_R/301__4343_56.jpg,a cartoon picture of a man sitting on a chair with a broken leg,,Stick figure with arms raised near basketball hoop and backboard,,5,0.579510688781738,0.64,82.0,basketball basket,basketball,person(s),2,3,3,1,6.16164709968874,5.843125,0.799489755241968,2,13,0.2028326867322500,0.4005677103996280,0.4741991444944820,0.6578462637740060,0.3458331068574570,0.1026541,0.33823895,0.17832704,49.333333333333300,14.375
302,adults,,R,FALSE,302__4353_56.jpg,../data/adults/stimuli_R/302__4353_56.jpg,a drawing of a man with a face and arms and legs,,A simple stick figure with a rectangular head and minimal features,,5,0.46944335103035,0.5,46.0,person(s),,,2,2,2,1,4.61914628706514,3.8075,0.661634007923761,1,9,0.1683151025584260,0.3435885701424720,0.3783038894805780,0.5101035222310240,0.2830495173468820,0.080263995,0.17381158,0.103762195,4.774193548387100,5.0
315,adults,,R,FALSE,315__5734_56.jpg,../data/adults/stimuli_R/315__5734_56.jpg,a drawing of a tree with a piece of paper on it,,Stick figure with a rectangular head and an angry expression,,4,0.544722676277161,0.5,46.0,robot,,,2,2,2,1,4.81935501326351,4.57375,0.845358017968963,4,15,0.2104849564450970,0.3995997726797990,0.469760267124191,0.5806927739497170,0.2863528224369280,0.09118681,0.28690824,0.12470964,37.0,5.0
324,adults,,R,FALSE,324__5748_56.jpg,../data/adults/stimuli_R/324__5748_56.jpg,there is a black and white drawing of a glass with a cord,,Hard to interpret,,2,0.362783014774323,0.39,21.0,pencil,,,1,1,0,1,7.36670458252373,5.41,0.486770113911562,1,9,0.2441710684197490,0.4869129657745360,0.6253224909305570,0.8155489340964820,0.2516600381593400,0.0,0.42817736,0.17090817,14.8,3.3823529411764700
340,adults,,R,FALSE,340__5792_56.jpg,../data/adults/stimuli_R/340__5792_56.jpg,a drawing of a man with a tie and a smile on his face,,"A simple face with eyes, smile, and a small beard",,4,0.430518329143524,0.47,39.0,face,,,2,1,1,1,4.63176947068863,2.900625,0.751099611901682,4,4,0.1972066524974470,0.3494857549667360,0.4448209008254140,0.5429115541913520,0.2362723341159560,0.10425947,0.21132807,0.13640925,13.454545454545500,8.846153846153850
346,adults,,R,FALSE,346__5815_56.jpg,../data/adults/stimuli_R/346__5815_56.jpg,a drawing of a black and white picture of a bikini,,Hard to interpret,,2,0.398706257343292,0.43,29.0,pencil,,,2,2,0,1,4.37566027611837,4.89375,0.656992518293184,1,11,0.2441710684197490,0.4869129657745360,0.6253224909305570,0.6000433418916530,0.2016154375925430,0.0,0.2602367,0.11472883,14.8,3.3823529411764700
356,adults,,R,FALSE,356__5849_56.jpg,../data/adults/stimuli_R/356__5849_56.jpg,a black and white drawing of a hand holding a box,,Hard to interpret,,2,0.501102983951569,0.46,35.0,rocket,,,2,2,2,1,4.71290030436396,4.258125,0.25398521684923,1,6,0.2441710684197490,0.4869129657745360,0.6253224909305570,0.5989424609734310,0.2625965394441570,0.0,0.28936005,0.18025497,49.333333333333300,3.3823529411764700
375,adults,,R,FALSE,375__5952_56.jpg,../data/adults/stimuli_R/375__5952_56.jpg,a drawing of a cross with a heart on top of it,,Abstract humanoid figure sitting cross-legged on a circular object,,3,0.538354873657227,0.55,60.0,robot,,,2,2,2,1,4.76480231969503,4.931875,0.528490759753593,3,12,0.2089025253711610,0.4593647557307710,0.505242496416419,0.6179024536886240,0.2419462835795930,0.117563106,0.19820276,0.11224743,37.0,5.0
392,adults,,R,FALSE,392__6019_56.jpg,../data/adults/stimuli_R/392__6019_56.jpg,a drawing of a face with a smile on it,,Smiling mask with one eye drawn larger than the other,,4,0.509376883506775,0.47,38.0,face,,,2,1,2,1,4.93637897245429,4.29125,0.933275646572445,2,9,0.2161244025156240,0.3827347387513350,0.5191678118209720,0.63475336368027,0.2537540653562340,0.12910864,0.23659158,0.16245489,13.454545454545500,8.846153846153850
415,adults,,R,FALSE,415__7560_56.jpg,../data/adults/stimuli_R/415__7560_56.jpg,a drawing of a person holding a sign with a hand,,A simple sketch of a table lamp with a rectangular shade,,4,0.414984941482544,0.38,19.0,abstract doodle/hard to interpret,,,1,0,0,1,4.549261407588,2.38,0.84873407514917,1,7,0.1802012216924880,0.3724989891052250,0.3665651301482390,0.4558108129796900,0.2126324755645130,0.15996936,0.17943808,0.119024694,4.933333333333330,3.484848484848490
427,adults,,R,FALSE,427__6123_56.jpg,../data/adults/stimuli_R/427__6123_56.jpg,drawing of a toilet with a square seat and a square seat,,Hard to interpret,,2,0.314647555351257,0.32,4.0,house,upside-down,,2,2,2,1,4.471771736813,2.571875,0.846369954162354,2,6,0.2441710684197490,0.4869129657745360,0.6253224909305570,0.4801981295048510,0.2362056864276130,0.0,0.18923181,0.11028079,10.571428571428600,3.3823529411764700
434,adults,,R,FALSE,434__7593_56.jpg,../data/adults/stimuli_R/434__7593_56.jpg,a close up of a drawing of a vase with a line drawing of a face,,Hard to interpret,,1,0.342312216758728,0.34,8.0,pencil,,,2,2,2,1,4.80048421736016,3.954375,0.599715533881947,1,8,0.2441710684197490,0.4869129657745360,0.6253224909305570,0.6187904536125950,0.2400845840813190,0.0,0.28094453,0.12339342,14.8,3.3823529411764700
445,adults,,R,FALSE,445__7637_56.jpg,../data/adults/stimuli_R/445__7637_56.jpg,a drawing of a face with a large nose and a small nose,,Hard to interpret,,1,0.35533145070076,0.34,9.0,abstract doodle/hard to interpret,,,1,1,0,0,4.5834166360431,3.9225,0.427382980855969,3,10,0.2441710684197490,0.4869129657745360,0.6253224909305570,0.5166431507494120,0.2091185368595760,0.0,0.24923488,0.13489749,4.933333333333330,3.3823529411764700
453,adults,,R,FALSE,453__7720_56.jpg,../data/adults/stimuli_R/453__7720_56.jpg,cartoon drawing of a man holding a large object with a light bulb above it,,A stick figure throwing a basketball into a hoop,,5,0.529927968978882,0.61,74.0,person(s),sun,,1,2,3,1,5.22128171225339,7.035,0.382691131498471,7,12,0.227232979104936,0.407741581932211,0.4869596652364520,0.706779602095885,0.3012536883780850,0.12247517,0.3031519,0.20197137,4.774193548387100,14.375
454,adults,,R,FALSE,454__6235_56.jpg,../data/adults/stimuli_R/454__6235_56.jpg,a drawing of two dinosaurs facing each other with their heads in the shape of a heart,,Two dinosaur-like creatures facing each other with a glass in between,,5,0.513814508914948,0.61,75.0,dinasaurs,,,2,3,4,1,4.62107178190301,5.663125,0.269662921348315,5,12,0.2510392366600890,0.5542392432689670,0.5464857546380600,0.6857663410376190,0.3144802778906720,0.17567356,0.42214686,0.24582577,148.0,3.484848484848490
456,adults,,R,FALSE,456__7756_56.jpg,../data/adults/stimuli_R/456__7756_56.jpg,drawing of a house with a sun and a person on a horse,,"House with garage, plants, sun, and path",,5,0.571709036827087,0.67,88.0,house,sun,garage,2,4,3,1,6.116992244942,15.448125,0.323884307543051,4,33,0.1984244348496820,0.4594826102256780,0.4445830848564550,0.8566356818561850,0.3506305585161530,0.18510044,0.39282784,0.19245797,10.571428571428600,12.777777777777800
458,adults,,R,FALSE,458__7780_56.jpg,../data/adults/stimuli_R/458__7780_56.jpg,a drawing of a man with a broken arm and a broken arm,,"A stick figure wearing a shirt with ""I ♥ NY"" written on it",,5,0.556526780128479,0.63,79.0,person(s),writing,,2,3,3,1,4.70857878794836,8.1975,0.355548746233594,4,13,0.2111718998942440,0.3869777552472200,0.4897842103114250,0.7818491008691410,0.3646117029271460,0.11808956,0.2522836,0.17132641,4.774193548387100,5.476190476190480
464,adults,,R,FALSE,464__7839_56.jpg,../data/adults/stimuli_R/464__7839_56.jpg,a drawing of a coffee grinder with a cup of coffee,,Coffee machine with a cup underneath a spout,,4,0.694990694522858,0.7,91.0,coffee machine,,,2,4,4,1,5.73316906069618,9.263125,0.641774397972117,3,26,0.2820448111268980,0.5043087306206650,0.5855892053597680,0.8137472680269160,0.380564075680848,0.21795885,0.4608477,0.23149438,148.0,12.777777777777800
466,adults,,R,FALSE,466__7862_56.jpg,../data/adults/stimuli_R/466__7862_56.jpg,a drawing of a vase with flowers in it on a table,,"Vase with three flowers, geometric structure around it",,5,0.577182531356812,0.59,70.0,flowers,window,vase,2,4,4,1,4.82125874754759,6.5675,0.70604217880709,1,13,0.1954225664827090,0.3942795991897580,0.467269134575347,0.6695521370822680,0.2378640363563930,0.16209003,0.40293908,0.17775515,74.0,3.484848484848490
481,adults,,R,FALSE,481__7954_56.jpg,../data/adults/stimuli_R/481__7954_56.jpg,a drawing of a house with a roof and a clock on it,,Two-story house with windows and abstract shapes at the bottom,,3,0.627000033855438,0.53,54.0,house,windows,stairs,2,2,2,1,4.82562704071037,6.8125,0.544203215916912,5,22,0.1636880441083800,0.4489103555679320,0.3699506145686270,0.6291372031648150,0.3112925929920990,0.1377534,0.23006096,0.12678523,10.571428571428600,12.777777777777800
482,adults,,R,FALSE,482__7966_56.jpg,../data/adults/stimuli_R/482__7966_56.jpg,a drawing of a cross with a person on it,,Hard to interpret,,2,0.542441129684448,0.5,47.0,abstract doodle/hard to interpret,,,2,1,1,1,4.62620340569418,4.781875,0.339343871633966,17,6,0.2441710684197490,0.4869129657745360,0.6253224909305570,0.4395906178808450,0.2046822772444210,0.0,0.26608935,0.11760056,4.933333333333330,3.3823529411764700
484,adults,,R,FALSE,484__7990_56.jpg,../data/adults/stimuli_R/484__7990_56.jpg,drawing of a toilet with a lid and a tank on it,,Abstract geometric shapes with straight and curved lines,,3,0.464334070682526,0.49,44.0,toilet,,,1,2,0,1,4.4176597867716,4.250625,0.81379971250599,1,13,0.135572774938008,0.3468758463859560,0.3376014039041240,0.6174137808959240,0.1985326185142880,0.122695014,0.24322946,0.12366514,148.0,3.484848484848490
485,adults,,R,FALSE,485__8001_56.jpg,../data/adults/stimuli_R/485__8001_56.jpg,a drawing of a hand drawn picture of a person holding a sign,,Hard to interpret,,2,0.390105247497559,0.43,30.0,abstract doodle/hard to interpret,writing,,2,1,0,1,4.71518753704777,3.470625,0.69273679417122,1,8,0.2441710684197490,0.4869129657745360,0.6253224909305570,0.4802709689861570,0.2649944347632830,0.0,0.21552697,0.19548772,4.933333333333330,3.3823529411764700
486,adults,,R,FALSE,486__8013_56.jpg,../data/adults/stimuli_R/486__8013_56.jpg,a drawing of a teddy bear with a bow on its head,,Outline resembles a turtle viewed from above,,4,0.509214758872986,0.55,61.0,abstract doodle/hard to interpret,,,1,1,2,1,5.24750237484379,5.823125,0.363880813953488,1,8,0.1660661002358120,0.3533494472503660,0.3746151364995640,0.7361153247659670,0.2474130580697150,0.15768237,0.36104292,0.13684317,4.933333333333330,3.484848484848490
487,adults,,R,FALSE,487__8025_56.jpg,../data/adults/stimuli_R/487__8025_56.jpg,a drawing of a person sitting on a toilet with a paper in their hand,,Abstract figure with cross-like arms and bent legs,,3,0.527780115604401,0.48,42.0,person(s),,,2,1,2,1,4.64380618915858,4.14875,0.767830791933104,1,8,0.1823299418491150,0.4224338875750360,0.4514132411130210,0.6101321372574940,0.2244630824086790,0.0841025,0.19594362,0.13177754,4.774193548387100,5.0
489,adults,,R,FALSE,489__8046_56.jpg,../data/adults/stimuli_R/489__8046_56.jpg,a drawing of a robot with a box on top of it,,"Robot, sun, and submarine with ocean waves in simple line drawing",,4,0.676929593086243,0.76,96.0,robot,submarine,sun,1,3,3,0.5,5.24439648412409,11.565625,0.316799572665878,13,26,0.1531241444871320,0.314284781047248,0.3663482666015630,0.6983536699840530,0.3257863629576420,0.1725771,0.35481554,0.20465493,37.0,3.484848484848490
492,adults,,R,FALSE,492__8058_56.jpg,../data/adults/stimuli_R/492__8058_56.jpg,a drawing of a man with a hat on his head,,A smiling face with a hat and a triangular beard,,5,0.462966948747635,0.49,46.0,face,,,2,2,2,1,4.67414529564005,3.6475,0.580209241499564,5,10,0.234697327929893,0.3668021182299910,0.5176716169919480,0.6090147452847280,0.2929653411099480,0.11614946,0.199157,0.14870486,13.454545454545500,8.846153846153850
496,adults,,R,FALSE,496__8100_56.jpg,../data/adults/stimuli_R/496__8100_56.jpg,a drawing of a man holding a sign with a skeleton on it,,"Stick figure with six-pack abs, wearing pants, in a box",,4,0.579095363616943,0.55,61.0,person(s),,,2,2,3,1,5.90090263150678,9.42125,0.505867074811001,3,18,0.2435247156903300,0.420162124042574,0.516000897646003,0.7085080739560760,0.3430448962654000,0.12530556,0.22390652,0.17077772,4.774193548387100,5.476190476190480
498,adults,,R,FALSE,498__8112_56.jpg,../data/adults/stimuli_R/498__8112_56.jpg,cartoon drawing of a man with a knife and a box,,"Humanoid figure with large nose, open mouth, arms raised, and hat",,4,0.557615756988525,0.63,80.0,creature(s),,,2,2,3,1,4.76208210266254,8.140625,0.498363673552874,2,21,0.2335775812175720,0.4522873759269710,0.5371887706034640,0.7543102546171670,0.3426829179043100,0.11540526,0.280848,0.16996272,9.866666666666670,8.846153846153850
502,adults,,R,FALSE,502__8136_56.jpg,../data/adults/stimuli_R/502__8136_56.jpg,drawing of a black and white image of a kitchen with a sink,,Hard to interpret,,1,0.463703870773315,0.5,48.0,house,upside-down,,2,2,2,1,5.0933445520139,6.46625,0.727396886096695,2,13,0.2441710684197490,0.4869129657745360,0.6253224909305570,0.5887015506842800,0.2600112323203650,0.0,0.19628775,0.10540042,10.571428571428600,3.3823529411764700
511,adults,,R,FALSE,511__8156_56.jpg,../data/adults/stimuli_R/511__8156_56.jpg,a drawing of a hand holding a letter v with a leaf,,Hard to interpret,,2,0.461193889379501,0.43,29.0,abstract doodle/hard to interpret,,,2,0,0,1,4.48907196909644,4.75125,0.32908223143729,2,10,0.2441710684197490,0.4869129657745360,0.6253224909305570,0.5528589547492350,0.2220424277095430,0.0,0.33143198,0.18175146,4.933333333333330,3.3823529411764700
513,adults,,R,FALSE,513__8168_56.jpg,../data/adults/stimuli_R/513__8168_56.jpg,a drawing of a man holding a sign with a smile on it,,Simple drawing of a humanoid figure with a smiling face,,5,0.452871263027191,0.47,39.0,person(s),,,2,2,1,1,4.46262452702063,5.081875,0.30374862183021,4,10,0.1681625146768960,0.307048398676418,0.374707542342396,0.7845901192188820,0.2547994836491290,0.094369456,0.32340518,0.10748613,4.774193548387100,5.0
517,adults,,R,FALSE,517__8204_56.jpg,../data/adults/stimuli_R/517__8204_56.jpg,a drawing of a fish with a face and a mouth,,Cartoonish face with a square head and pointed ears,,4,0.437324345111847,0.45,35.0,creature(s),,,1,1,2,1,4.7763059541257,3.865,0.568920197665861,4,8,0.2273912754784440,0.3442569971084600,0.477287142115064,0.6949963972840930,0.2979452553564460,0.09744519,0.2734578,0.16215274,9.866666666666670,8.846153846153850
520,adults,,R,FALSE,520__8227_56.jpg,../data/adults/stimuli_R/520__8227_56.jpg,a drawing of a man with arms outstretched and legs crossed,,Abstract human figure with arms raised,,3,0.402412116527557,0.39,21.0,person(s),,,2,1,1,1,4.50803681917696,3.345625,0.420605654263046,1,9,0.1927847632426250,0.4850023984909060,0.5082298224109300,0.5989773360144030,0.1777453172195180,0.098078,0.26861578,0.1325936,4.774193548387100,5.0
521,adults,,R,FALSE,521__8239_56.jpg,../data/adults/stimuli_R/521__8239_56.jpg,a drawing of a spider with a clock on its back,,Spider with a web-like pattern on its body,,4,0.611793041229248,0.62,78.0,spider,,,2,2,3,1,4.591016041944390,6.97125,0.442264752791069,7,10,0.2143104544692950,0.4653958678245540,0.5033974647521970,0.6814072308691260,0.2826726789440860,0.18393357,0.44179478,0.19426751,148.0,3.484848484848490
522,adults,,R,FALSE,522__8251_56.jpg,../data/adults/stimuli_R/522__8251_56.jpg,drawing of a basketball hoop and a basketball ball,,Basketball hoop and ball on a court,,5,0.538330614566803,0.58,67.0,basketball basket,basketball,,2,3,3,1,4.93917496889479,5.385625,0.70750382848392,2,15,0.2295350754815200,0.3977952003479000,0.5398615324414680,0.5806029355305850,0.3071384677238440,0.15311822,0.29508057,0.16385037,49.333333333333300,14.375
524,adults,,R,FALSE,524__8263_56.jpg,../data/adults/stimuli_R/524__8263_56.jpg,a drawing of two stick figures with arms outstretched and legs crossed,,"Two stick figures; one arm raised, legs apart",,5,0.511153638362885,0.51,49.0,person(s),,,2,2,2,1,4.56188632335147,3.6875,0.297568103538253,2,10,0.2143551579502120,0.3719116449356080,0.471884485707814,0.4833689292180540,0.2813538573877860,0.10548345,0.23358195,0.17105456,4.774193548387100,5.476190476190480
529,adults,,R,FALSE,529__8275_56.jpg,../data/adults/stimuli_R/529__8275_56.jpg,a drawing of a face with a smile drawn on it,,Simple drawing of a face with angry expression and rectangular eyes,,5,0.444636106491089,0.48,42.0,face,,,2,2,2,1,5.12288131772627,9.5125,0.47131419471845,7,18,0.1630472443671660,0.2933101058006290,0.3923211331558890,0.7794893949560970,0.2632804690308750,0.10541548,0.30901557,0.1381316,13.454545454545500,5.0
530,adults,,R,FALSE,530__8287_56.jpg,../data/adults/stimuli_R/530__8287_56.jpg,a drawing of a man holding a box with a person on it,,Hard to interpret,,1,0.457698106765747,0.49,43.0,person(s),,,2,2,2,1,4.77356199204265,4.865,0.779577643965737,2,7,0.2441710684197490,0.4869129657745360,0.6253224909305570,0.5612730357502730,0.2119107196049970,0.0,0.15040222,0.09247649,4.774193548387100,3.3823529411764700
532,adults,,R,FALSE,532__8311_56.jpg,../data/adults/stimuli_R/532__8311_56.jpg,a drawing of a man with a tie on his neck,,Abstract humanoid figure with a circular head and triangular lower body,,4,0.387304395437241,0.47,39.0,person(s),,,2,1,2,1,4.56539252359976,2.76125,0.718940654464781,1,5,0.21025477586658,0.4396053886648770,0.4529134035110470,0.5090906306301290,0.2076679006076130,0.1014791,0.29154086,0.1260141,4.774193548387100,5.0
533,adults,,R,FALSE,533__8322_56.jpg,../data/adults/stimuli_R/533__8322_56.jpg,a drawing of a bag of food with a piece of bread on it,,Ice cream cone with a triangular wrapper and sprinkles on top,,5,0.431399315595627,0.43,30.0,abstract doodle/hard to interpret,,,1,1,0,1,5.26299547757574,5.621875,0.67998112910835,12,10,0.2349973917007450,0.4159151315689090,0.5491831302642820,0.7063051636702570,0.2222083562698100,0.17461991,0.36677223,0.16056795,4.933333333333330,12.777777777777800
534,adults,,R,FALSE,534__8334_56.jpg,../data/adults/stimuli_R/534__8334_56.jpg,a drawing of a crown and a letter j,,Hard to interpret,,2,0.473410129547119,0.62,78.0,abstract doodle/hard to interpret,,,1,1,1,1,4.54661208241571,4.09625,0.615924836291165,4,11,0.2441710684197490,0.4869129657745360,0.6253224909305570,0.5043971879138160,0.1931590372705320,0.0,0.24495566,0.14453371,4.933333333333330,3.3823529411764700
538,adults,,R,FALSE,538__8356_56.jpg,../data/adults/stimuli_R/538__8356_56.jpg,a drawing of a man holding a sign with a smile on his face,,Abstract figure with a boxy body and simple limbs,,3,0.433447360992432,0.49,44.0,creature(s),,,2,2,2,1,4.64659628296103,3.92375,0.419755560008014,2,8,0.1811144840053020,0.4278778859340510,0.4074552059173580,0.6218138002645450,0.2816557054423030,0.08717002,0.20267074,0.10437813,9.866666666666670,5.0
541,adults,,R,FALSE,541__8378_56.jpg,../data/adults/stimuli_R/541__8378_56.jpg,a drawing of a cross with a face and a cross on it,,"Abstract human figure with arms outstretched, triangle base, and cross above head",,3,0.467181593179703,0.58,67.0,creature(s),,,2,1,2,1,4.79423632181277,5.555,0.265080903735739,4,19,0.1697072285588230,0.3823487302841230,0.4391908907408040,0.5890866835711370,0.2309572508652720,0.1000606,0.32293934,0.12817076,9.866666666666670,5.0
542,adults,,R,FALSE,542__8390_56.jpg,../data/adults/stimuli_R/542__8390_56.jpg,a drawing of a man with a face drawn on it,,"Abstract face with triangular eyes, large ears, and hair strands",,4,0.574382781982422,0.57,65.0,face,,,2,2,2,1,5.05825353269895,5.81,0.498996127921985,11,12,0.193381238378211,0.3989969491958620,0.4725170855984450,0.7051762738763990,0.2901593108393820,0.10073118,0.22906533,0.15972427,13.454545454545500,8.846153846153850
543,adults,,R,FALSE,543__8402_56.jpg,../data/adults/stimuli_R/543__8402_56.jpg,drawing of a face with a square shaped face on it,,Simple outline resembling a house with windows and a chimney,,4,0.362175226211548,0.4,22.0,house,upside-down,,2,2,2,1,4.89942856299792,3.54875,0.770738003050569,4,12,0.1088898052108460,0.254174530506134,0.2376637004413410,0.5480674575345820,0.2416177501497300,0.14611974,0.23370305,0.10330484,10.571428571428600,12.777777777777800
547,adults,,R,FALSE,547__8438_56.jpg,../data/adults/stimuli_R/547__8438_56.jpg,a close up of a black and white drawing of a hat and tie,,Abstract line drawing of a pen nib and holder,,4,0.477361530065537,0.45,33.0,abstract doodle/hard to interpret,,,1,1,0,0.5,6.9319134252507,4.72625,0.559139784946237,1,10,0.1303332292636300,0.3416035175323490,0.3327999114990230,0.6070288232077140,0.2010515018887040,0.13311192,0.33015493,0.1460894,4.933333333333330,16.428571428571400
549,adults,,R,FALSE,549__8448_56.jpg,../data/adults/stimuli_R/549__8448_56.jpg,a black and white drawing of a star with a long tail,,Hard to interpret,,2,0.309600383043289,0.34,8.0,abstract doodle/hard to interpret,,,1,0,0,1,4.63273480369448,3.015625,0.372222944004157,1,7,0.2441710684197490,0.4869129657745360,0.6253224909305570,0.5478390794488630,0.2268648250949910,0.0,0.31360358,0.19039562,4.933333333333330,3.3823529411764700
551,adults,,R,FALSE,551__8460_56.jpg,../data/adults/stimuli_R/551__8460_56.jpg,drawing of a man with a head and arms on a white background,,A stick figure with a square head and angular limbs,,4,0.517961144447327,0.52,51.0,creature(s),,,2,2,2,1,4.44220807798705,4.965,0.665200391006843,3,13,0.1969836832890680,0.3499222189234350,0.4035398604595570,0.6461971526755560,0.235913650265034,0.06175832,0.16192031,0.12933922,9.866666666666670,5.0
554,adults,,R,FALSE,554__8483_56.jpg,../data/adults/stimuli_R/554__8483_56.jpg,a close up of a kite with a sign attached to it,,Pencil with complex sketch lines at the tip,,3,0.409107595682144,0.42,27.0,pencil,,,2,2,2,1,5.89000061105688,5.619375,0.618635849361565,1,11,0.1404614281104230,0.3149047885806790,0.3930572505627410,0.809885423259178,0.2776276526515910,0.12657231,0.35983983,0.17856432,14.8,16.428571428571400
556,adults,,R,FALSE,556__8495_56.jpg,../data/adults/stimuli_R/556__8495_56.jpg,a close up of a black and white picture of a window and a window frame,,Hard to interpret,,1,0.292208611965179,0.24,0.0,tracing,,,2,20,0,1,4.60395939941933,1.82,0.930835734870317,2,6,0.2441710684197490,0.4869129657745360,0.6253224909305570,0.3691593322489400,0.106923856318389,0.0,0.2377069,0.12993784,24.666666666666700,3.3823529411764700
558,adults,,R,FALSE,558__8507_56.jpg,../data/adults/stimuli_R/558__8507_56.jpg,a drawing of a man with a cat on his back,,Hard to interpret,,2,0.519020676612854,0.53,53.0,abstract doodle/hard to interpret,,,2,1,1,1,4.56010006460124,5.5125,0.421327967806841,6,6,0.2441710684197490,0.4869129657745360,0.6253224909305570,0.7113776490928060,0.2351471969448180,0.0,0.32433182,0.13978726,4.933333333333330,3.3823529411764700
562,adults,,R,FALSE,562__8524_56.jpg,../data/adults/stimuli_R/562__8524_56.jpg,a drawing of a kite with a long tail and a long tail,,Geometric shape with triangle on top and bottom,,4,0.21380603313446,0.3,2.0,abstract doodle/hard to interpret,,,2,0,0,1,4.59463047422345,3.214375,0.560197165742452,1,10,0.1677194137740470,0.3603378534317020,0.3993649482727050,0.5522125901701380,0.160856167426976,0.11261852,0.27412385,0.12444017,4.933333333333330,3.484848484848490
563,adults,,R,FALSE,563__8536_56.jpg,../data/adults/stimuli_R/563__8536_56.jpg,drawing of a person holding a piece of paper with a brain in it,,Hard to interpret,,1,0.589994370937347,0.57,66.0,abstract doodle/hard to interpret,,,1,1,0,1,4.6044104022553,4.10125,0.545437042741625,2,7,0.2441710684197490,0.4869129657745360,0.6253224909305570,0.6417585584323580,0.2623208979460400,0.0,0.31295928,0.14101498,4.933333333333330,3.3823529411764700
564,adults,,R,FALSE,564__8548_56.jpg,../data/adults/stimuli_R/564__8548_56.jpg,a drawing of a cartoon character with a pencil in his hand,,"A cartoonish character holding a pencil with text ""Me Hoy Minoy.",,4,0.74910968542099,0.66,85.0,creature(s),pen,writing,2,2,3,1,4.78405842142037,8.721875,0.480620888741659,15,15,0.1772849454113860,0.3192236829266720,0.4882213459278720,0.7162319152893780,0.4738450400295270,0.13571815,0.24194007,0.30211452,9.866666666666670,16.428571428571400
567,adults,,R,FALSE,567__8582_56.jpg,../data/adults/stimuli_R/567__8582_56.jpg,a drawing of a man holding a sign with his hands,,A stick figure with a smiling face and large arms and legs,,4,0.473632514476776,0.52,52.0,creature(s),,,2,2,2,1,4.5614120539266,8.238125,0.200143472022956,4,14,0.2245954469569590,0.3796353340148930,0.4740501328736610,0.6475511775595730,0.2749057059235140,0.08759396,0.26594475,0.12865995,9.866666666666670,5.476190476190480
568,adults,,R,FALSE,568__8593_56.jpg,../data/adults/stimuli_R/568__8593_56.jpg,a drawing of a heart with a piece of paper in it,,Hard to interpret,,2,0.439490765333176,0.43,30.0,rocket,,,1,1,1,1,4.45387796191659,4.42375,0.367778541953232,7,7,0.2441710684197490,0.4869129657745360,0.6253224909305570,0.5671411639734630,0.2391000253314870,0.0,0.25376397,0.146548,49.333333333333300,3.3823529411764700
570,adults,,R,FALSE,570__8605_56.jpg,../data/adults/stimuli_R/570__8605_56.jpg,a black and white drawing of a cup of coffee with a butterfly on it,,Abstract shape resembling a butterfly with antennae,,4,0.464192569255829,0.55,59.0,butterfly,,,2,2,3,1,4.87680551434873,6.480625,0.236220983011283,1,9,0.1602194118238140,0.3475289150336060,0.3873848549953010,0.7359384966319770,0.3074849736501170,0.12286632,0.30879107,0.1777493,148.0,3.484848484848490
575,adults,,R,FALSE,575__8629_56.jpg,../data/adults/stimuli_R/575__8629_56.jpg,drawing of a man with a hat and tie standing in a circle,,Stick figure person with buttons on its torso,,4,0.451415449380875,0.46,37.0,person(s),,,2,1,2,1,4.72047238333442,3.6575,0.443589465698494,8,8,0.2221062647040910,0.4119442526085450,0.4959729459261530,0.4351914734229360,0.2304746912629980,0.098302506,0.21769647,0.098322965,4.774193548387100,5.476190476190480
577,adults,,R,FALSE,577__8641_56.jpg,../data/adults/stimuli_R/577__8641_56.jpg,a close up of a drawing of a chair and a table,,Hard to interpret,,2,0.324672907590866,0.32,4.0,abstract doodle/hard to interpret,,,2,0,0,1,4.88344282103431,2.479375,0.943913873936447,2,8,0.2441710684197490,0.4869129657745360,0.6253224909305570,0.347508728735408,0.1487771054458220,0.0,0.20334439,0.1503346,4.933333333333330,3.3823529411764700
583,adults,,R,FALSE,583__8665_56.jpg,../data/adults/stimuli_R/583__8665_56.jpg,drawing of a man with a piece of paper in his mouth,,Robot-like figure with a triangular body and rectangular features,,2,0.57121741771698,0.68,88.0,creature(s),road,,1,2,3,1,5.13910358156962,8.459375,0.53371166762118,8,28,0.1982190372682710,0.3752520680427550,0.4599214470339670,0.6508802437152630,0.2426321252709210,0.09766291,0.3922938,0.12155124,9.866666666666670,5.0
584,adults,,R,FALSE,584__8677_56.jpg,../data/adults/stimuli_R/584__8677_56.jpg,a drawing of a man holding a sign with a smile on his face,,Stick figure with a square body and triangular skirt,,5,0.496466606855392,0.45,33.0,person(s),,,2,2,2,1,4.7412902678506,3.59375,0.60900841080124,2,9,0.1834650526365590,0.3555995437860210,0.4162327895303230,0.4839525594958290,0.280636656615386,0.0869339,0.2069039,0.11617507,4.774193548387100,5.476190476190480
587,adults,,R,FALSE,587__8699_56.jpg,../data/adults/stimuli_R/587__8699_56.jpg,a drawing of a man with a hat and a cane,,"A simple, abstract drawing of a figure with a square head and triangular legs",,4,0.349254190921783,0.4,24.0,person(s),,,2,1,2,1,4.541506177161,2.751875,0.538158819395643,4,5,0.1538680700142330,0.3340664505958560,0.3150833436896400,0.5403833847568140,0.2306936748129940,0.08559333,0.18289454,0.10870936,4.774193548387100,5.0
588,adults,,R,FALSE,588__8711_56.jpg,../data/adults/stimuli_R/588__8711_56.jpg,a drawing of a baseball bat with a white background,,Geometric shape resembling a stylized shield or banner,,4,0.137738436460495,0.26,0.0,tracing,,,2,20,0,1,5.05069987834592,2.94375,0.664909969257795,1,8,0.124663397709912,0.2167702446442970,0.3047779384123040,0.532504311789294,0.221346156474619,0.12259499,0.25823984,0.13599099,24.666666666666700,3.484848484848490
590,adults,,R,FALSE,590__8735_56.jpg,../data/adults/stimuli_R/590__8735_56.jpg,drawing of a man with a smile on his face,,Square-headed figure with simple facial features and stick-like arms,,4,0.409566670656204,0.42,27.0,creature(s),,,1,1,2,1,4.74149218104143,3.865,0.5853228962818,5,9,0.1821443926009880,0.4159435033798220,0.4149709416899900,0.6769887627807380,0.2540075765643990,0.07115839,0.25967968,0.118719414,9.866666666666670,5.0
591,adults,,R,FALSE,591__8747_56.jpg,../data/adults/stimuli_R/591__8747_56.jpg,a close up of a toilet with a paper towel in it,,Hard to interpret,,2,0.280867487192154,0.25,0.0,tracing,,,2,20,0,1,4.45233652762843,2.080625,0.778607943373968,1,7,0.2441710684197490,0.4869129657745360,0.6253224909305570,0.4713558363313670,0.1533243589129010,0.0,0.21198139,0.11522336,24.666666666666700,3.3823529411764700
592,adults,,R,FALSE,592__8759_56.jpg,../data/adults/stimuli_R/592__8759_56.jpg,a drawing of a man with a paper face on his head,,Facial features with exaggerated hair and possibly a goatee,,3,0.43742772936821,0.51,50.0,face,,,2,1,2,1,4.76322906496626,5.884375,0.500353556781219,5,14,0.2274210181926410,0.4347384572029110,0.5760054931643890,0.6757798084473130,0.2483804804219900,0.1413025,0.20507912,0.13802037,13.454545454545500,8.846153846153850
594,adults,,R,FALSE,594__8781_56.jpg,../data/adults/stimuli_R/594__8781_56.jpg,a drawing of a martini glass with a knot in it,,A glass and a rectangular object with abstract markings,,3,0.637983441352844,0.67,87.0,painting,martini glass,,1,2,3,1,5.2186462611024,5.200625,0.791182501708818,3,5,0.1687300004088820,0.3732863477851850,0.4130020983816430,0.6987144504515190,0.2676973919032050,0.132301,0.316207,0.15170766,148.0,3.484848484848490
598,adults,,R,FALSE,598__8793_56.jpg,../data/adults/stimuli_R/598__8793_56.jpg,a drawing of a person with a knife in their hand,,Simple drawing of a person with a smiling face and elongated arms,,4,0.481552481651306,0.52,52.0,person(s),,,2,1,2,1,4.80950524198554,4.234375,0.54774897680764,12,12,0.1648851633071900,0.3221908019667370,0.3816058082824150,0.6513925624641570,0.2534249687684550,0.09992759,0.23853853,0.099920355,4.774193548387100,5.0
601,adults,,R,FALSE,601__8805_56.jpg,../data/adults/stimuli_R/601__8805_56.jpg,a drawing of a person hanging upside down on a rope,,Stick figure hanging upside down with arms extended,,4,0.439735114574432,0.44,32.0,person(s),upside-down,,2,1,2,1,4.58951787104246,4.175625,0.307586206896552,3,11,0.2110371463872690,0.4178386753153400,0.5012236536278510,0.5628539969880940,0.245932459954583,0.09315856,0.23633511,0.1359171,4.774193548387100,5.476190476190480
607,adults,,R,FALSE,607__8837_56.jpg,../data/adults/stimuli_R/607__8837_56.jpg,a drawing of a computer with a keyboard and mouse,,A computer monitor with a keyboard and mouse attached,,5,0.570113897323608,0.71,92.0,display,keyboard,computer mouse,2,4,3,1,4.81426302953103,8.64125,0.37045307925165,4,29,0.2391140914491350,0.4708183442570720,0.5821488597570460,0.8218567930262890,0.2542829099453880,0.21614036,0.5223089,0.1962147,148.0,3.484848484848490
614,adults,,R,FALSE,614__8861_56.jpg,../data/adults/stimuli_R/614__8861_56.jpg,a drawing of a chair with a tv on top of it,,Hard to interpret,,2,0.563278734683991,0.68,88.0,abstract doodle/hard to interpret,,,1,1,4,1,5.11449874445922,6.85,0.520507873280637,3,14,0.2441710684197490,0.4869129657745360,0.6253224909305570,0.6874294705114530,0.2734734201707560,0.0,0.26512355,0.1670294,4.933333333333330,3.3823529411764700
618,adults,,R,FALSE,618__8904_56.jpg,../data/adults/stimuli_R/618__8904_56.jpg,a drawing of a toilet with a toilet seat and a toilet paper holder,,Abstract shape resembling a box with two arms and a circular bottom,,3,0.429950624704361,0.38,18.0,abstract doodle/hard to interpret,,,2,1,1,1,4.62012656032474,4.07,0.274836349634193,1,8,0.1730657609622700,0.3944414258003240,0.3849676480870030,0.5218504147377350,0.2445786622991070,0.11222509,0.24513225,0.16641209,4.933333333333330,3.484848484848490
625,adults,,R,FALSE,625__8924_56.jpg,../data/adults/stimuli_R/625__8924_56.jpg,a close up of a kite with a string attached to it,,Hard to interpret,,2,0.284330815076828,0.33,5.0,abstract doodle/hard to interpret,,,2,0,0,1,4.70884087171785,3.443125,0.769333333333333,1,8,0.2441710684197490,0.4869129657745360,0.6253224909305570,0.5038225922402350,0.175387449619655,0.0,0.19546306,0.110035315,4.933333333333330,3.3823529411764700
632,adults,,R,FALSE,632__8948_56.jpg,../data/adults/stimuli_R/632__8948_56.jpg,a drawing of a person with a skis and a pole,,Stick figure with outstretched arms and bent legs,,5,0.413398832082748,0.5,47.0,person(s),,,2,2,2,1,4.78151405765511,3.918125,0.704592470004137,1,6,0.2055587646032100,0.3739011660873180,0.4645363092422490,0.518060613661888,0.2107755435250980,0.07529864,0.20309457,0.112686396,4.774193548387100,5.476190476190480
634,adults,,R,FALSE,634__8960_56.jpg,../data/adults/stimuli_R/634__8960_56.jpg,a drawing of a man with a mohawk and a shirt,,A simple drawing of a face with spiky hair,,4,0.627701640129089,0.58,68.0,face,,,2,2,3,1,5.71559751101192,9.218125,0.41885911588776,5,14,0.1594418192242480,0.294701337814331,0.3873111471308600,0.814384791446418,0.3408577033347480,0.103466,0.3082813,0.16500297,13.454545454545500,5.0
635,adults,,R,FALSE,635__8972_56.jpg,../data/adults/stimuli_R/635__8972_56.jpg,a close up of a pair of scissors and a pair of scissors,,Stick figure doing a martial arts kick inside a frame,,4,0.464150071144104,0.41,25.0,person(s),,,1,0,1,0,4.5611567104791,2.850625,0.893094896227647,3,4,0.227880762345744,0.4247750386729800,0.4759082794189450,0.6125036477543840,0.1787242949533240,0.12958165,0.4206894,0.17337413,4.774193548387100,5.476190476190480
680,adults,,R,FALSE,680__402_56.jpg,../data/adults/stimuli_R/680__402_56.jpg,a drawing of a man holding a sign with a person standing behind him,,Stick figure with crossed legs and a neutral face,,5,0.544974029064179,0.53,54.0,person(s),,,2,2,2,1,4.80339764524042,5.12125,0.693042722893469,4,9,0.2055756800680490,0.3828161358833310,0.462806550431641,0.5762620473379770,0.2984258914806250,0.08581235,0.17835209,0.1123847,4.774193548387100,5.476190476190480
681,adults,,R,FALSE,681__1442_56.jpg,../data/adults/stimuli_R/681__1442_56.jpg,a drawing of a man holding a box with a bird on it,,Hard to interpret,,2,0.474873453378677,0.5,47.0,abstract doodle/hard to interpret,,,1,1,0,0.5,4.64976036210521,2.97375,0.812467599792639,1,8,0.2441710684197490,0.4869129657745360,0.6253224909305570,0.4379185383802440,0.2034177865441700,0.0,0.18789172,0.12453075,4.933333333333330,3.3823529411764700
685,adults,,R,FALSE,685__416_56.jpg,../data/adults/stimuli_R/685__416_56.jpg,a drawing of a face with glasses and a tie,,Abstract face sketch with glasses and smile,,4,0.473068118095398,0.42,28.0,face,,,1,0,1,1,4.72295772462385,4.501875,0.885565788273913,1,9,0.1875520013179650,0.4307364225387570,0.4660829583455890,0.5794835009981100,0.2190533774139370,0.11202161,0.26804572,0.13799481,13.454545454545500,8.846153846153850
720,adults,,R,FALSE,720__6459_56.jpg,../data/adults/stimuli_R/720__6459_56.jpg,a drawing of a man with a sign in his hand,,A simple drawing of a person with basic shapes for body features,,5,0.466838330030441,0.5,47.0,person(s),,,2,2,2,1,4.54294821081762,4.524375,0.561693477108008,8,6,0.1462523254005700,0.2846736694775120,0.3081058447424070,0.6292510404203680,0.2346310631965980,0.10368477,0.17700133,0.10911665,4.774193548387100,5.0
733,adults,,R,FALSE,733__6613_56.jpg,../data/adults/stimuli_R/733__6613_56.jpg,there is a drawing of a person holding a pair of scissors,,A stick figure holding a soccer ball under a goal net,,4,0.704391837120056,0.65,83.0,person(s),football,goal,2,3,4,1,5.07168857166802,9.86875,0.745608559964334,1,19,0.2187486160547350,0.4086606854998650,0.4718102497941400,0.6907891241915870,0.3646757247173550,0.1280857,0.36276594,0.2240645,4.774193548387100,14.375
737,adults,,R,FALSE,737__6661_56.jpg,../data/adults/stimuli_R/737__6661_56.jpg,there is a drawing of a man sitting in a bathtub,,Two plants in a pot with abstract shapes above them,,4,0.497768938541412,0.49,43.0,flowers,,,1,1,3,1,4.85347294575495,3.97375,0.883166631198127,1,9,0.2118726246432870,0.4235255374625640,0.4871997970819270,0.4621486495337400,0.2144975066041000,0.15903153,0.21795507,0.1346801,74.0,3.484848484848490
738,adults,,R,FALSE,738__6672_56.jpg,../data/adults/stimuli_R/738__6672_56.jpg,a drawing of a person throwing a basketball ball at a hoop,,A basketball approaching a hoop with backboard and net,,5,0.504835963249207,0.58,68.0,abstract doodle/hard to interpret,,,1,1,3,1,4.77635783081446,4.506875,0.733881396637724,5,11,0.2285479034724300,0.4346142838780370,0.5323609291637760,0.5394664271845850,0.3012395463440250,0.14599751,0.23603973,0.1601167,4.933333333333330,14.375
914,adults,,R,FALSE,914__9378_56.jpg,../data/adults/stimuli_R/914__9378_56.jpg,a drawing of a man ' s torso with a pencil in his mouth,,Hard to interpret,,1,0.454270482063293,0.44,32.0,abstract doodle/hard to interpret,,,1,1,1,1,4.60910674282159,2.869375,0.744134078212291,5,9,0.2441710684197490,0.4869129657745360,0.6253224909305570,0.4760970313971540,0.1745150044457150,0.0,0.28584358,0.15284948,4.933333333333330,3.3823529411764700
915,adults,,R,FALSE,915__9390_56.jpg,../data/adults/stimuli_R/915__9390_56.jpg,a drawing of a circle with a line in the middle,,A circle inside a diamond inside a rectangle,,4,0.658335566520691,0.55,61.0,flag,,,1,3,3,1,4.86409318332815,5.674375,0.734988713318284,1,14,0.1809655320068860,0.289699912071228,0.3474531976850740,0.5589374350835460,0.2646464726497540,0.16689052,0.3603769,0.1873334,4.933333333333330,3.484848484848490
916,adults,,R,FALSE,916__9402_56.jpg,../data/adults/stimuli_R/916__9402_56.jpg,a drawing of a house with a tree in front of it,,An upside-down house with a tree beside it,,4,0.576877117156982,0.51,50.0,house,upside-down,tree,3,2,3,1,5.00706766689938,7.090625,0.583818215226312,5,17,0.1999250412076610,0.4477684497833250,0.4424012234689220,0.5928417147372590,0.2848965655979220,0.16888633,0.24942005,0.13216016,10.571428571428600,12.777777777777800
920,adults,,R,FALSE,920__9450_56.jpg,../data/adults/stimuli_R/920__9450_56.jpg,a drawing of a man with a stick in his hand,,Person lying in a bed with hand-drawn body and hair,,3,0.59369283914566,0.56,63.0,person(s),bed,,2,2,2,0.5,5.24492350293114,7.2,0.645685779392745,2,14,0.2038086652755740,0.4557245373725890,0.4860953382310460,0.7154062071068850,0.3097084634361870,0.14480385,0.37705567,0.16234902,4.774193548387100,5.476190476190480
938,adults,,R,FALSE,938__7054_56.jpg,../data/adults/stimuli_R/938__7054_56.jpg,a drawing of a triangle with a bag on it,,Hard to interpret,,2,0.334780514240265,0.38,19.0,house,upside-down,,2,2,2,1,4.7566769596877,3.18375,0.806956296870959,2,9,0.2441710684197490,0.4869129657745360,0.6253224909305570,0.4622255772235370,0.2350737032288400,0.0,0.18806387,0.118159845,10.571428571428600,3.3823529411764700
978,adults,,R,FALSE,978__9590_56.jpg,../data/adults/stimuli_R/978__9590_56.jpg,a drawing of a man laying on a couch watching tv,,"Person lying upside down on a couch, watching a television",,4,0.75662636756897,0.72,93.0,tv,person(s),couch,2,4,4,1,5.47196874353131,10.52,0.421312780128178,6,24,0.2846336791137640,0.5229483856528030,0.6190925013478100,0.7482463287142590,0.3347759412774180,0.20071569,0.29230192,0.21162352,148.0,5.476190476190480
981,adults,,R,FALSE,981__7126_56.jpg,../data/adults/stimuli_R/981__7126_56.jpg,cartoon stick man holding a piece of paper with a face,,A stick figure holding a large camera over its head,,5,0.640529811382294,0.68,88.0,person(s),camera,,2,4,4,1,4.90696544709589,5.5125,0.696053736356003,2,12,0.2487994731903650,0.3998358666847900,0.5174344346613660,0.7247869844331950,0.3016292430425110,0.11638925,0.3497763,0.18499759,4.774193548387100,5.476190476190480
987,adults,,R,FALSE,987__9684_56.jpg,../data/adults/stimuli_R/987__9684_56.jpg,a black and white drawing of a wine glass with a handwritten word,,Hard to interpret,,1,0.590451240539551,0.53,54.0,pencil,,,1,1,2,1,5.90849464034358,7.518125,0.739508227029026,1,16,0.2441710684197490,0.4869129657745360,0.6253224909305570,0.7272284240414970,0.261895025300075,0.0,0.28776044,0.12630734,14.8,3.3823529411764700
991,adults,,R,FALSE,991__7228_56.jpg,../data/adults/stimuli_R/991__7228_56.jpg,a black and white drawing of a star of david,,Interlocking black lines forming a complex star shape,,4,0.480042636394501,0.42,27.0,star,,,2,1,2,0.5,5.94077696114863,10.61125,0.49863948516391,1,24,0.1761494769960940,0.3588641881942750,0.3947924846163330,0.774295872566986,0.2689174369631430,0.16818918,0.4455588,0.21198492,148.0,3.484848484848490
992,adults,,R,FALSE,992__7233_56.jpg,../data/adults/stimuli_R/992__7233_56.jpg,a drawing of a person standing in front of a mirror with a person standing in front of it,,Two puppets on stage with two people standing in front watching,,5,0.644962191581726,0.67,88.0,puppet show,person(s),,2,4,4,1,4.91347537446392,7.159375,0.484720208756161,8,13,0.2654729327277570,0.5964333890805660,0.6282698664986900,0.5815531973010900,0.3389235130680790,0.19937634,0.25272575,0.2626711,148.0,5.476190476190480
1621,adults,,R,FALSE,1621__1240_56.jpg,../data/adults/stimuli_R/1621__1240_56.jpg,a drawing of a basketball player jumping to dunk the ball,,Person shooting basketball towards hoop,,5,0.60821008682251,0.68,88.0,person(s),basketball basket,basketball,2,4,4,1,4.95078420036534,6.8275,0.661399819765695,4,15,0.2542609420859240,0.4886165857315060,0.5895384305440440,0.7386095189258660,0.3414178258725670,0.156328,0.3748124,0.19080558,4.774193548387100,14.375
1622,adults,,R,FALSE,1622__7246_56.jpg,../data/adults/stimuli_R/1622__7246_56.jpg,a drawing of a television with a remote control and a tv screen,,"Rectangular object with antennas on top, circular object with angled lines below",,3,0.433000802993774,0.48,41.0,abstract doodle/hard to interpret,,,1,1,0,0.5,4.3591434235392100,2.18375,0.611679085080575,2,6,0.1803847932356780,0.3531000018119810,0.3823816180229190,0.3546644452216580,0.2404656773879860,0.13563348,0.20936127,0.16496082,4.933333333333330,3.484848484848490
1626,adults,,R,FALSE,1626__1261_56.jpg,../data/adults/stimuli_R/1626__1261_56.jpg,drawing of a ice cream cone with a smiley face and a clock,,"Ice cream cone being filled, with happy face and ""ICE CREAM"" text",,5,0.749865412712097,0.77,97.0,icecream machine,ice cream cone,text,2,4,4,1,5.46963994183653,12.474375,0.397712274527057,20,24,0.2412379692509160,0.3902831491912350,0.5185577582453340,0.7195271871900840,0.4577973341251130,0.17342043,0.38533336,0.29887372,148.0,12.777777777777800
1663,adults,,R,FALSE,1663__1271_56.jpg,../data/adults/stimuli_R/1663__1271_56.jpg,drawing of a black and white outline of a bear with a hat,,Hard to interpret,,1,0.625213146209717,0.59,71.0,sheep,,,1,2,2,1,5.67118600804555,6.18125,0.662741857742891,3,9,0.2441710684197490,0.4869129657745360,0.6253224909305570,0.6886079262363920,0.2209246778129280,0.0,0.31184942,0.14302182,4.933333333333330,3.3823529411764700
1664,adults,,R,FALSE,1664__1281_56.jpg,../data/adults/stimuli_R/1664__1281_56.jpg,a drawing of a man with glasses and a smile on his face,,"Person with glasses, smiling, and hair parted down the middle",,4,0.681048929691315,0.61,74.0,face,,,2,3,3,1,4.85274198957279,14.641875,0.20422150619846,6,35,0.2566884603090000,0.5275124170634870,0.5787947397346550,0.7619863053742060,0.2964155223945640,0.15669689,0.28331584,0.19288173,13.454545454545500,8.846153846153850
1665,adults,,R,FALSE,1665__1291_56.jpg,../data/adults/stimuli_R/1665__1291_56.jpg,a drawing of a vase with a fish in it,,"Amphora-like shape with wavy and straight lines, possibly fish scales",,3,0.45109349489212,0.48,42.0,fish,,,2,2,3,1,4.43430408942321,4.263125,0.816001431895472,2,4,0.1905789744163730,0.3986787796020510,0.4133126982040810,0.6330322860620200,0.2720136956096100,0.1651017,0.31570274,0.16972873,148.0,3.484848484848490
1666,adults,,R,FALSE,1666__1302_56.jpg,../data/adults/stimuli_R/1666__1302_56.jpg,drawing of a face with a smile drawn on it,,Cartoonish square-faced character with rectangular eyes and a wide smile,,4,0.522049427032471,0.53,55.0,face,,,2,2,2,1,4.75348580902841,7.05375,0.436206291661794,6,19,0.2225884662515830,0.349566140796771,0.4793193029951620,0.6698415614805310,0.2716816438171690,0.104892276,0.2314764,0.12339859,13.454545454545500,8.846153846153850
1667,adults,,R,FALSE,1667__364_56.jpg,../data/adults/stimuli_R/1667__364_56.jpg,a drawing of a house with a man holding a dog and a woman holding a dog,,Two stick figures holding hands in front of a house,,4,0.585145711898804,0.63,80.0,house,person(s),,2,2,2,1,4.68192510774158,4.38375,0.593796547796373,2,11,0.1982968331398450,0.4516188502311710,0.4191403888631290,0.5256600873970030,0.3487922431185700,0.15568364,0.21953726,0.21618247,10.571428571428600,5.476190476190480
1675,adults,,R,FALSE,1675__9732_56.jpg,../data/adults/stimuli_R/1675__9732_56.jpg,a drawing of a cartoon character with a square face,,A robot-like figure with square head and stick arms,,5,0.559358417987824,0.54,56.0,creature(s),,,2,2,2,1,4.83243777531803,4.74375,0.805699946226922,3,12,0.2217996716499330,0.3823930025100710,0.4726109190351310,0.554541326620188,0.2996576619469410,0.08116196,0.1931406,0.12202607,9.866666666666670,5.0
1676,adults,,R,FALSE,1676__9744_56.jpg,../data/adults/stimuli_R/1676__9744_56.jpg,drawing of a hand holding a pot with a handle,,Upside-down bottle with tubes and a square on top,,4,0.494335174560547,0.47,38.0,pencil,,,1,1,1,1,5.01904098948907,3.57875,0.437603013892159,1,6,0.2289576393987140,0.4077262878417970,0.4992135763168340,0.7927550301172940,0.2142446275541070,0.17396517,0.39908966,0.13498779,14.8,12.777777777777800
1740,adults,,R,FALSE,1740__1335_56.jpg,../data/adults/stimuli_R/1740__1335_56.jpg,a drawing of a robot with a mask on his head,,"Robot-like figure with square head, rectangular body, and triangular legs",,4,0.494420945644379,0.5,47.0,robot,person,,1,2,2,1,4.6997391460544,4.76875,0.358862144420131,1,11,0.2191678024330320,0.3902825713157650,0.4668535868438230,0.669021251854836,0.3066542249065750,0.08420292,0.23940177,0.17071156,37.0,5.0
1741,adults,,R,FALSE,1741__1343_56.jpg,../data/adults/stimuli_R/1741__1343_56.jpg,a drawing of a man and woman with a pencil in their hands,,"Two faces looking at each other, forming a heart shape",,5,0.492257446050644,0.59,71.0,person(s),kissing,,2,3,4,1,4.92595782468981,3.67625,0.717130620985011,4,8,0.2151828876028710,0.413542628288269,0.5096008187294490,0.584596682823731,0.2717120044986310,0.16128051,0.21813591,0.22639613,4.774193548387100,3.484848484848490
1743,adults,,R,FALSE,1743__1361_56.jpg,../data/adults/stimuli_R/1743__1361_56.jpg,a drawing of a truck and a bus with a cross on it,,"A building with two vehicles in front, possibly cars",,5,0.576873064041138,0.61,75.0,house,car(s),,2,3,4,1,4.91235791835696,7.209375,0.4109852906841,10,21,0.2300833326528460,0.5461884709484290,0.5306953210053030,0.6444983051625600,0.2959925070548060,0.18751474,0.2662527,0.18277001,10.571428571428600,3.484848484848490
1744,adults,,R,FALSE,1744__1371_56.jpg,../data/adults/stimuli_R/1744__1371_56.jpg,a close up of a drawing of a cat ' s face with a smile,,"Simple geometric shapes, possibly resembling a face with two eyes and a mouth",,4,0.277879297733307,0.24,0.0,abstract doodle/hard to interpret,,,2,0,1,1,4.0689966628049,1.881875,0.926866237211065,3,5,0.1524996575713510,0.288677453994751,0.3217969526466960,0.4126777259620390,0.1372691544780160,0.113570824,0.23842378,0.13512361,4.933333333333330,3.484848484848490
1748,adults,,R,FALSE,1748__1379_56.jpg,../data/adults/stimuli_R/1748__1379_56.jpg,a drawing of a man with his arms out and his back turned,,Stick figure with extended arms and angular shapes on torso,,4,0.563013017177582,0.54,57.0,person(s),smoking,,1,2,3,1,4.4792399285929,5.593125,0.490687873844481,2,14,0.1842009315370940,0.3619239330291750,0.4310720223827370,0.7110245706471320,0.2267376110200530,0.07536163,0.3502467,0.17938387,4.774193548387100,5.476190476190480
1749,adults,,R,FALSE,1749__1385_56.jpg,../data/adults/stimuli_R/1749__1385_56.jpg,a drawing of a black and white picture of a cat with a hat,,"Pencil drawing with whiskers and a tail, resembling a mouse",,4,0.387377321720123,0.41,26.0,rat,,,2,2,3,1,4.58503051846871,2.82,0.6,1,8,0.1619789503825320,0.3530805706977840,0.3965478775827800,0.5837897927587390,0.2419874886632040,0.12271093,0.31629983,0.17142709,148.0,3.484848484848490
1750,adults,,R,FALSE,1750__1395_56.jpg,../data/adults/stimuli_R/1750__1395_56.jpg,a drawing of a man with a hat and a smile on his face,,"Abstract humanoid figure with a square head and large ears, smiling",,4,0.451005429029465,0.47,39.0,person(s),,,2,2,2,1,4.41566107630374,2.97375,0.447903590258599,5,4,0.2313638191602320,0.4067846536636350,0.491256683543722,0.6288894795229040,0.3002879886216370,0.092963174,0.22793922,0.21973269,4.774193548387100,8.846153846153850
1751,adults,,R,FALSE,1751__1407_56.jpg,../data/adults/stimuli_R/1751__1407_56.jpg,a drawing of a person with a paper cut out of it,,Abstract shape resembling a humanoid figure with raised arms and wide feet,,3,0.388631075620651,0.52,51.0,creature(s),,,1,1,2,1,4.84674446217049,5.771875,0.2561276187868,1,11,0.1861198918676450,0.4234913335149680,0.4197582679770810,0.7334642092224260,0.2531442750059540,0.09645733,0.23861142,0.1803008,9.866666666666670,5.0
1753,adults,,R,FALSE,1753__1415_56.jpg,../data/adults/stimuli_R/1753__1415_56.jpg,a drawing of a bird with a box on its back,,"Creature with antennae and wings, with a graph on its body",,4,0.627597808837891,0.73,94.0,abstract doodle/hard to interpret,,,1,1,2,1,4.9491167230326,8.966875,0.420097408564602,2,24,0.1905448919209890,0.4258645430722550,0.4443510439605130,0.6902917450069860,0.3578501457788050,0.15029918,0.30890086,0.2289434,4.933333333333330,3.484848484848490
1755,adults,,R,FALSE,1755__1426_56.jpg,../data/adults/stimuli_R/1755__1426_56.jpg,a drawing of a person sitting on a bench with a box,,Stick figure sitting at a table or desk with a smile,,4,0.610979199409485,0.58,67.0,person(s),chair,,2,3,4,1,4.74856996318447,5.58125,0.601184529755958,2,10,0.2267324058136400,0.398952841758728,0.4829187989234920,0.6078068530309080,0.3619419765580350,0.11489377,0.21861656,0.20090444,4.774193548387100,5.476190476190480