pid,creator,age,stimuli,inverted,filename,filepath,blip_caption,blip_caption_correct,gpt_caption,gpt_caption_correct,gpt_caption_confidence,originality_audra,originality_ocs,percentile_ocs,category1,category2,category3,confidence,creativity,creativity2,used_mask,line_thickness,ink_density,ink_fraction_inside_mask,number_of_components,number_of_lines,dist_from_base_caption_gtelarge,dist_from_base_caption_gte,dist_from_base_caption_stella,dist_from_base_shape_dino,dist_from_base_shape_clip,text_10NN_gtelarge,image_10NN_dino,image_10NN_clip,inverse_category_frequency,inverse_cluster_frequency_gtelarge
0,AI_prompt1,,G,FALSE,Dalle01.png,../data/AI/prompt_1/stimuli_G/Dalle01.png,a drawing of a letter d with a bird on it,,"Abstract shapes including circles, lines, and patterns",,3,0.575919270515442,0.72,93.0,abstract doodle/hard to interpret,,,2,0,1,0,5.15179465452295,14.021875,0.348837209302326,1,30,0.1297845167050040,0.2661265512146510,0.3598323869655240,0.743760672942845,0.2779574959280680,0.060826384,0.39818206,0.17368004,2.380952380952380,4.107142857142860
0,AI_prompt1,,G,FALSE,Dalle02.png,../data/AI/prompt_1/stimuli_G/Dalle02.png,a drawing of a light bulb with three candles in it,,Stylized simple face with minimalistic expression inside a circle,,4,0.381227999925613,0.58,69.0,abstract doodle/hard to interpret,,,2,0,2,1,4.13593942531511,4.681875,0.801255863216826,1,13,0.160068016044132,0.3160604426896820,0.4370102882385250,0.3714787202423570,0.2245510395899430,0.11536392,0.23142824,0.11722304,2.380952380952380,3.7096774193548400
0,AI_prompt1,,G,FALSE,Dalle03.png,../data/AI/prompt_1/stimuli_G/Dalle03.png,a drawing of a man in a cage with a cat,,Hard to interpret,,2,0.659325838088989,0.82,98.0,sculpture,,,1,2,3,0.5,4.17152644071707,18.07,0.708503865393361,1,82,0.2484450936317440,0.4582867895535690,0.6282052584947720,0.7636778334861460,0.3765953910960680,0.0,0.36665583,0.22650445,150.0,3.1944444444444400
0,AI_prompt1,,G,FALSE,Dalle04.png,../data/AI/prompt_1/stimuli_G/Dalle04.png,drawing of a tent with a canopy and a pole,,Hard to interpret,,2,0.467133462429047,0.52,51.0,abstract doodle/hard to interpret,,,2,0,2,0.5,4.57001472680776,6.906875,0.806335182890697,1,23,0.2484450936317440,0.4582867895535690,0.6282052584947720,0.6933402620490090,0.3163001404359840,0.0,0.39018187,0.1663706,2.380952380952380,3.1944444444444400
0,AI_prompt1,,G,FALSE,Dalle05.png,../data/AI/prompt_1/stimuli_G/Dalle05.png,a drawing of a no entry sign with a pencil in it,,"Letter ""N"" inside concentric circles",,5,0.567538201808929,0.58,68.0,letter,,,1,1,1,0.5,4.25550700562432,15.600625,0.609510675247727,1,48,0.1799120306968690,0.350407502079456,0.4989081025123600,0.5238542472365620,0.3265922113548680,0.13269182,0.31480575,0.18675146,150.0,4.107142857142860
0,AI_prompt1,,G,FALSE,Dalle06.png,../data/AI/prompt_1/stimuli_G/Dalle06.png,a drawing of a bullet with a bullet inside of it,,A large pen surrounded by a circle and various small items below it,,4,0.557417809963226,0.86,99.0,abstract doodle/hard to interpret,,,1,0,1,0.5,4.35724549484221,8.729375,0.344523582037697,3,35,0.1540558842387250,0.3444233742012590,0.4304823618839750,0.4258354219082500,0.3160240896261830,0.1419114,0.3434643,0.2039254,2.380952380952380,6.388888888888890
0,AI_prompt1,,G,FALSE,Dalle07.png,../data/AI/prompt_1/stimuli_G/Dalle07.png,drawing of a flower with a stem in a vase with a flower in it,,Geometric shapes and lines resembling abstract flowers and structures,,4,0.552774310112,0.57,65.0,abstract doodle/hard to interpret,,,2,0,1,1,4.270243312449,10.395,0.481751306016561,1,35,0.1233881564869630,0.3031919390914420,0.3823287487030030,0.6923705941902090,0.2379966164223510,0.08156148,0.3777922,0.12004654,2.380952380952380,4.107142857142860
0,AI_prompt1,,G,FALSE,Dalle08.png,../data/AI/prompt_1/stimuli_G/Dalle08.png,a drawing of a woman sitting in a chair in a room,,Hard to interpret,,2,0.602136373519898,0.83,98.0,abstract doodle/hard to interpret,,,2,1,1,0,4.795010573416,16.865,0.567999631438312,2,47,0.2484450936317440,0.4582867895535690,0.6282052584947720,0.7481918873121280,0.3104583123937290,0.0,0.37994856,0.16382928,2.380952380952380,3.1944444444444400
0,AI_prompt1,,G,FALSE,Dalle09.png,../data/AI/prompt_1/stimuli_G/Dalle09.png,a drawing of a piano with a piano stand inside of it,,Hard to interpret,,2,0.505880236625671,0.67,87.0,abstract doodle/hard to interpret,,,2,0,1,0,4.63319551070721,11.70125,0.60129616770823,3,31,0.2484450936317440,0.4582867895535690,0.6282052584947720,0.5141686130566980,0.3125920439002900,0.0,0.37658438,0.17867622,2.380952380952380,3.1944444444444400
0,AI_prompt1,,G,FALSE,Dalle10.png,../data/AI/prompt_1/stimuli_G/Dalle10.png,a close up of a door with a curved arch over it,,A door under a semi-circular structure or archway,,4,0.40571528673172,0.38,18.0,door,curtain,,2,2,2,1,4.0377780697542,8.400625,0.857939508506616,2,37,0.2373192906379700,0.3782227264775460,0.5173280393280990,0.6366276234056390,0.2813626025600010,0.13940826,0.4269546,0.15576632,12.5,6.052631578947370
0,AI_prompt1,,G,FALSE,Dalle11.png,../data/AI/prompt_1/stimuli_G/Dalle11.png,a drawing of a pair of scissors in a circle,,Hard to interpret,,2,0.48027166724205,0.62,76.0,abstract doodle/hard to interpret,,,2,0,1,0.5,3.9725333602212,8.485625,0.546668378482475,2,24,0.2484450936317440,0.4582867895535690,0.6282052584947720,0.5662704620671880,0.3229940105097570,0.0,0.35826498,0.24166909,2.380952380952380,3.1944444444444400
0,AI_prompt1,,G,FALSE,Dalle12.png,../data/AI/prompt_1/stimuli_G/Dalle12.png,a drawing of a city with a clock tower and a clock tower,,Abstract city skyline with various tall buildings and an arch,,4,0.675316452980042,0.82,98.0,city,skiscapers,,2,3,3,0.5,5.1240374956189,14.990625,0.58711165377832,1,42,0.1857889294624330,0.4141937566572780,0.4775606082415930,0.7544552418689650,0.3513347108945000,0.13604194,0.4446457,0.16817597,75.0,6.052631578947370
0,AI_prompt1,,G,FALSE,Dalle13.png,../data/AI/prompt_1/stimuli_G/Dalle13.png,a drawing of a circle with a piano keyboard inside of it,,Circular maze with paths; has geometric shapes and abstract features,,4,0.613464117050171,0.75,96.0,maze,,,1,1,1,0,4.00535056115988,16.885,0.502777416135052,1,66,0.1796754598617550,0.4104611697930440,0.4787465178592950,0.5769453207776330,0.28811721245321,0.10172875,0.42072916,0.16267318,150.0,4.107142857142860
0,AI_prompt1,,G,FALSE,Dalle14.png,../data/AI/prompt_1/stimuli_G/Dalle14.png,a drawing of a man sitting at a table with a banana and a bowl,,"Circle divided with mountain, moon, horizontal lines, and abstract shapes",,4,0.554944157600403,0.74,95.0,moon,mounatin,,1,1,1,0.5,4.06645613149945,8.4475,0.692662189196913,1,21,0.1411941647529600,0.2970444946600340,0.3807133436203000,0.5087778595157580,0.2693228315524030,0.102215484,0.3928179,0.14039284,150.0,3.7096774193548400
0,AI_prompt1,,G,FALSE,Dalle15.png,../data/AI/prompt_1/stimuli_G/Dalle15.png,a drawing of a circular window with a cross in the middle,,Geometric pattern with concentric circles and intersecting lines,,4,0.526106476783752,0.64,81.0,abstract doodle/hard to interpret,,,2,0,1,0,4.15837422578596,11.89,0.594805523081298,1,33,0.1595455157621360,0.3974125801745820,0.4628308255324010,0.4823450176116690,0.2817203258723790,0.09214639,0.35632858,0.1618545,2.380952380952380,4.107142857142860
0,AI_prompt1,,G,FALSE,Dalle16.png,../data/AI/prompt_1/stimuli_G/Dalle16.png,cartoon of a man standing in front of a box with a bird on top,,Hard to interpret,,1,0.557919025421143,0.71,92.0,person(s),fruit(s),table,2,2,2,0.5,4.36256369201764,7.505625,0.837105764002175,1,20,0.2484450936317440,0.4582867895535690,0.6282052584947720,0.6973244142456170,0.3040296135222880,0.0,0.3296738,0.1341596,5.555555555555560,3.1944444444444400
0,AI_prompt1,,G,FALSE,Dalle17.png,../data/AI/prompt_1/stimuli_G/Dalle17.png,a drawing of a circular object with a black and white design,,Abstract lines and shapes within concentric circles and squares. Hard to interpret,,3,0.653465628623962,0.85,99.0,abstract doodle/hard to interpret,,,2,0,1,0,4.13704686476881,32.294375,0.569861194128977,1,257,0.1412591253960640,0.3328857819105920,0.4230352296254170,0.7442731979256390,0.3420646947187210,0.08263014,0.48152265,0.19647375,2.380952380952380,4.107142857142860
0,AI_prompt1,,G,FALSE,Dalle18.png,../data/AI/prompt_1/stimuli_G/Dalle18.png,a drawing of a golf ball and a club on a white background,,A spherical birdcage hanging from a stand with a perch inside,,4,0.529809594154358,0.6,74.0,abstract doodle/hard to interpret,,,2,0,2,1,3.97358424918168,11.80375,0.576238264810618,1,43,0.1918498873710630,0.4166430483247660,0.5355459132465170,0.7225728743970970,0.3097519466957420,0.15475875,0.4234864,0.16632958,2.380952380952380,6.388888888888890
0,AI_prompt1,,G,FALSE,Dalle19.png,../data/AI/prompt_1/stimuli_G/Dalle19.png,a drawing of a cross and a heart with a ribbon,,"Abstract lines forming a symmetrical, ambiguous shape possibly resembling a face",,3,0.528380274772644,0.58,68.0,abstract doodle/hard to interpret,,,2,0,1,0,4.40976641174223,7.2725,0.437616041589306,1,8,0.1374619007110600,0.3612161303653810,0.3885082006454470,0.5320967890368890,0.3121362247586910,0.100796536,0.42180148,0.22597384,2.380952380952380,3.7096774193548400
0,AI_prompt1,,G,FALSE,Dalle20.png,../data/AI/prompt_1/stimuli_G/Dalle20.png,a drawing of a large circle with a door and a window,,"Abstract shapes with steps and arch-like structures, possibly architectural",,3,0.557665586471558,0.64,82.0,abstract doodle/hard to interpret,,,2,0,1,0,4.2112843926986,9.858125,0.406460786815911,3,30,0.1461910009384160,0.3641873408611810,0.4255551524625760,0.6599523891579770,0.2882276915290810,0.099949926,0.3884075,0.18848732,2.380952380952380,4.107142857142860
0,AI_prompt1,,G,FALSE,Dalle21.png,../data/AI/prompt_1/stimuli_G/Dalle21.png,a black and white drawing of a sun over a building,,Circle with a sun and abstract geometric shapes inside,,4,0.449032992124558,0.71,92.0,sun,,,2,1,2,0.5,4.20147101026692,7.6675,0.663589438157634,2,15,0.1418589949607850,0.3529407978057860,0.4179463386535640,0.3891746565497320,0.2919136025012520,0.0863693,0.30099648,0.16951227,150.0,3.7096774193548400
0,AI_prompt1,,G,FALSE,Dalle22.png,../data/AI/prompt_1/stimuli_G/Dalle22.png,a drawing of a man looking out a window at a cat,,Hard to interpret,,2,0.598670721054077,0.69,90.0,abstract doodle/hard to interpret,,,2,0,1,0,4.37694540564951,9.091875,0.806825639903741,1,24,0.2484450936317440,0.4582867895535690,0.6282052584947720,0.6507778755512200,0.2678559550435880,0.0,0.3169527,0.11682328,2.380952380952380,3.1944444444444400
0,AI_prompt1,,G,FALSE,Dalle23.png,../data/AI/prompt_1/stimuli_G/Dalle23.png,a drawing of a drawing of a person standing on a stage,,Hard to interpret,,2,0.488818734884262,0.55,60.0,abstract doodle/hard to interpret,,,2,0,1,0.5,4.44499538053148,5.24125,0.729849553019842,1,11,0.2484450936317440,0.4582867895535690,0.6282052584947720,0.5486334897698560,0.2267535095183270,0.0,0.35719123,0.16115347,2.380952380952380,3.1944444444444400
0,AI_prompt1,,G,FALSE,Dalle24.png,../data/AI/prompt_1/stimuli_G/Dalle24.png,a black and white drawing of a butterfly with a city in the background,,Abstract shape resembling butterfly with barcode pattern inside,,3,0.667235732078552,0.8,98.0,abstract doodle/hard to interpret,,,2,0,1,0.5,4.58962260029693,30.866875,0.568503099629082,2,95,0.159073581750774,0.3655991961240530,0.4249719977378850,0.7318267709606800,0.3270762470385560,0.121802226,0.56314147,0.20998256,2.380952380952380,4.107142857142860
0,AI_prompt1,,G,FALSE,Dalle25.png,../data/AI/prompt_1/stimuli_G/Dalle25.png,a drawing of a man with a tie and a laptop,,Hard to interpret,,2,0.530618786811829,0.49,44.0,abstract doodle/hard to interpret,,,2,0,1,0.5,5.10506926206988,8.54875,0.497707831182948,1,15,0.2484450936317440,0.4582867895535690,0.6282052584947720,0.5711343844829480,0.2712966363094790,0.0,0.37181753,0.12371321,2.380952380952380,3.1944444444444400
0,AI_prompt1,,G,FALSE,Dalle26.png,../data/AI/prompt_1/stimuli_G/Dalle26.png,a drawing of a cartoon character in a circle with a clock,,Hard to interpret,,2,0.628556847572327,0.75,96.0,tree(s),park,baloon,1,1,2,0,4.32140862578765,15.60625,0.556814604973245,4,47,0.2484450936317440,0.4582867895535690,0.6282052584947720,0.6812418265729420,0.3295277657524630,0.0,0.33119652,0.19622838,150.0,3.1944444444444400
0,AI_prompt1,,G,FALSE,Dalle27.png,../data/AI/prompt_1/stimuli_G/Dalle27.png,a close up of a circle with a chinese writing on it,,Abstract shapes similar to lines and crosses within a circle,,3,0.558595538139343,0.68,88.0,abstract doodle/hard to interpret,,,2,0,1,0,4.75117616281727,7.79375,0.810664210418586,1,19,0.1226768493652340,0.321357647221018,0.3545259237289430,0.4983321255035490,0.2599666503319350,0.063631855,0.25390196,0.14576593,2.380952380952380,4.107142857142860
0,AI_prompt1,,G,FALSE,Dalle28.png,../data/AI/prompt_1/stimuli_G/Dalle28.png,a drawing of a light bulb with a square shape on it,,Hard to interpret,,2,0.532361090183258,0.73,94.0,abstract doodle/hard to interpret,,,2,0,1,0.5,4.66966312272905,9.46625,0.563128491620112,12,16,0.2484450936317440,0.4582867895535690,0.6282052584947720,0.6419271993518710,0.2520694109877870,0.0,0.46770954,0.15935637,2.380952380952380,3.1944444444444400
0,AI_prompt1,,G,FALSE,Dalle29.png,../data/AI/prompt_1/stimuli_G/Dalle29.png,a drawing of a circular design with a letter in the middle,,Abstract circular pattern with geometric shapes and symbols inside,,3,0.658406257629395,0.87,99.0,abstract doodle/hard to interpret,,,2,0,1,0,4.18818146488096,23.435,0.435167972380826,2,102,0.1478927135467530,0.4070619344711300,0.4247529335246360,0.6799255566914390,0.335845173253131,0.07118373,0.44191965,0.17203602,2.380952380952380,4.107142857142860
0,AI_prompt1,,G,FALSE,Dalle30.png,../data/AI/prompt_1/stimuli_G/Dalle30.png,a drawing of a door in a circular shape with a line drawing,,Concentric circles with a central pattern resembling a door,,3,0.647744536399841,0.64,82.0,abstract doodle/hard to interpret,,,2,0,1,0,4.23300957857217,21.464375,0.362692471999851,2,89,0.1709324717521670,0.3445651140549840,0.4413009881973270,0.6941014346456420,0.2448001642065710,0.114746615,0.51562345,0.17085457,2.380952380952380,4.107142857142860
0,AI_prompt1,,G,FALSE,Dalle31.png,../data/AI/prompt_1/stimuli_G/Dalle31.png,a drawing of a house with a gate and a window,,"Abstract geometric pattern with intersecting lines, resembling a house within a circle",,3,0.511597335338593,0.53,55.0,house,,,1,1,1,0,4.62119033496756,7.520625,0.814420803782506,2,24,0.1442329287528990,0.4306998679250440,0.3898418909405520,0.6060505622888570,0.2900376671487320,0.08294377,0.4057762,0.18213423,50.0,4.107142857142860
0,AI_prompt1,,G,FALSE,Dalle32.png,../data/AI/prompt_1/stimuli_G/Dalle32.png,a drawing of a plant with a bunch of leaves in a circle,,Hard to interpret,,2,0.52110880613327,0.62,78.0,plant(s),,,1,1,1,0,4.18779425609461,8.851875,0.841308271338645,1,15,0.2484450936317440,0.4582867895535690,0.6282052584947720,0.546337478174175,0.334473463301429,0.0,0.37164554,0.20975462,50.0,3.1944444444444400
0,AI_prompt1,,G,FALSE,Dalle33.png,../data/AI/prompt_1/stimuli_G/Dalle33.png,a black and white drawing of a circle with a square in the middle,,"Geometric design with circles, lines, and triangles",,4,0.497073590755463,0.55,61.0,abstract doodle/hard to interpret,,,2,0,1,0,4.23129904465451,7.665,0.503190690690691,1,23,0.1537707860743000,0.3333524266884450,0.4210328710694820,0.4381572677594830,0.3058370014528520,0.10309329,0.42598885,0.19222124,2.380952380952380,4.107142857142860
0,AI_prompt1,,G,FALSE,Dalle34.png,../data/AI/prompt_1/stimuli_G/Dalle34.png,a drawing of a kite with a man inside of it,,Hard to interpret,,2,0.565283536911011,0.65,84.0,abstract doodle/hard to interpret,,,2,0,1,0,4.56151994705974,13.711875,0.427889961954931,1,29,0.2484450936317440,0.4582867895535690,0.6282052584947720,0.6932081683674680,0.2668459554330060,0.0,0.42984962,0.13527742,2.380952380952380,3.1944444444444400
0,AI_prompt1,,G,FALSE,Dalle35.png,../data/AI/prompt_1/stimuli_G/Dalle35.png,a drawing of a plate with a bunch of food on it,,Abstract shapes and lines arranged within a circular pattern,,4,0.599055945873261,0.75,96.0,abstract doodle/hard to interpret,,,2,0,1,0,4.16940360548924,13.675,0.578299937533035,1,38,0.1348687410354610,0.3399507802710170,0.3981958627700810,0.4433550649131470,0.3020527606746690,0.06267775,0.36177364,0.18544014,2.380952380952380,4.107142857142860
0,AI_prompt1,,G,FALSE,Dalle36.png,../data/AI/prompt_1/stimuli_G/Dalle36.png,a drawing of a stylized design with a curved design,,Abstract lines and curves intersecting within geometric shapes,,4,0.58498752117157,0.66,85.0,abstract doodle/hard to interpret,,,2,0,1,0,4.11419021822256,10.16625,0.433506767936527,25,36,0.1512139782671320,0.3981780826502460,0.3997900247699000,0.7153509310430830,0.2898680182995320,0.07936025,0.39887092,0.1561133,2.380952380952380,4.107142857142860
0,AI_prompt1,,G,FALSE,Dalle37.png,../data/AI/prompt_1/stimuli_G/Dalle37.png,a drawing of a face with a long nose and a long nose,,Hard to interpret,,1,0.622885584831238,0.69,90.0,abstract doodle/hard to interpret,,,2,0,1,0,4.50738478695103,12.291875,0.643534293714787,2,28,0.2484450936317440,0.4582867895535690,0.6282052584947720,0.6011713559438140,0.2447767927521870,0.0,0.2559144,0.10733275,2.380952380952380,3.1944444444444400
0,AI_prompt1,,G,FALSE,Dalle38.png,../data/AI/prompt_1/stimuli_G/Dalle38.png,a drawing of a circle with a face and a line of lines,,"Geometric shapes including triangles, rectangles, circle, and arcs arranged together",,4,0.576765358448029,0.55,59.0,abstract doodle/hard to interpret,,,2,0,1,0,4.83859429267557,9.93625,0.591169508387938,5,28,0.1617262363433840,0.3125499282047130,0.4226046204566960,0.4904231987820700,0.2259374422665190,0.10647397,0.3118945,0.13035879,2.380952380952380,4.107142857142860
0,AI_prompt1,,G,FALSE,Dalle39.png,../data/AI/prompt_1/stimuli_G/Dalle39.png,a drawing of a drawing of a building with a mountain in the background,,Geometric shapes resembling buildings inside a wavy-bordered frame,,4,0.57176274061203,0.66,86.0,abstract doodle/hard to interpret,,,2,0,1,0.5,4.65973021175146,8.476875,0.745618765165813,1,23,0.1558319833378790,0.3292798200035040,0.4242244787283080,0.5787828247218710,0.3016044362634440,0.11477816,0.3195901,0.17453124,2.380952380952380,4.107142857142860
0,AI_prompt1,,G,FALSE,Dalle40.png,../data/AI/prompt_1/stimuli_G/Dalle40.png,a drawing of a tunnel with a door in the middle,,Abstract geometric pattern with concentric arches and angular shapes,,4,0.636036992073059,0.78,97.0,abstract doodle/hard to interpret,,,2,0,1,0,4.42044418864799,21.13625,0.519883853048857,1,78,0.1534471328917520,0.4250848889350890,0.459742784500122,0.6052223395277890,0.3320897827844110,0.08306025,0.42946106,0.2147418,2.380952380952380,4.107142857142860
0,AI_prompt1,,G,FALSE,Dalle41.png,../data/AI/prompt_1/stimuli_G/Dalle41.png,a drawing of a chair and a table with a clock on it,,Abstract composition with geometric shapes and intersecting lines,,4,0.659074604511261,0.7,91.0,abstract doodle/hard to interpret,,,2,0,1,0,4.57115559573267,17.5325,0.532881815103285,1,71,0.1448604464530940,0.4278321095654990,0.4336297512054440,0.6996351189988810,0.2512853031333410,0.08716108,0.3843142,0.12890162,2.380952380952380,4.107142857142860
0,AI_prompt1,,G,FALSE,Dalle42.png,../data/AI/prompt_1/stimuli_G/Dalle42.png,a drawing of a rainbow over a road with a rainbow in the background,,A curved path leading into an arch under a rainbow,,4,0.576059877872467,0.53,55.0,door,river,arch,1,1,2,1,4.21258524976867,7.39875,0.467141185647426,1,16,0.194547414779663,0.2977405577224660,0.4754281044006350,0.5386248685751010,0.2844712697373450,0.15748051,0.3845116,0.18133238,12.5,6.052631578947370
0,AI_prompt1,,G,FALSE,Dalle43.png,../data/AI/prompt_1/stimuli_G/Dalle43.png,a drawing of a man sitting in a window looking out,,"A figure sitting at a round window frame, viewed from outside",,4,0.574372291564941,0.68,88.0,person(s),window,,1,2,3,1,4.39994931437312,12.933125,0.626554590338104,2,30,0.2154631357832930,0.4228161997442300,0.5216058350087950,0.6550012071769170,0.3158553991655150,0.15984671,0.4116462,0.2023137,5.555555555555560,6.388888888888890
0,AI_prompt1,,G,FALSE,Dalle44.png,../data/AI/prompt_1/stimuli_G/Dalle44.png,a drawing of a basketball court with a heart and a ball,,"Heart above a square, with two ovals on each side",,4,0.482060611248016,0.52,51.0,heart,abstract doodle/hard to interpret,,1,0,1,0.5,4.22113086860027,4.83625,0.717275435021163,3,9,0.2029776927259280,0.3567666219701350,0.48541259765625,0.3660886071870120,0.2813280529782340,0.16541454,0.28547636,0.17425315,150.0,6.388888888888890
0,AI_prompt1,,G,FALSE,Dalle45.png,../data/AI/prompt_1/stimuli_G/Dalle45.png,a drawing of a drum with musical notes and notes on it,,A circular harp with leaves and music notes around it,,5,0.612271010875702,0.66,85.0,abstract doodle/hard to interpret,,,2,0,1,0.5,4.24726159307003,11.425625,0.745669264540721,3,29,0.183430790901184,0.3594479584200320,0.4890840358087990,0.6719940173149160,0.3068578099552400,0.1628849,0.45237613,0.19124894,2.380952380952380,6.388888888888890
0,AI_prompt1,,G,FALSE,Dalle46.png,../data/AI/prompt_1/stimuli_G/Dalle46.png,a drawing of a spiral staircase with a square and a square,,Geometric spiral with intersecting lines and rectangles forming a pattern,,5,0.479696244001389,0.51,50.0,abstract doodle/hard to interpret,,,2,0,1,0,4.2065082509276,7.865625,0.548022061620388,1,22,0.1597571873809570,0.3650484113438470,0.4517457811983950,0.5073204074044530,0.3014962369784690,0.10508158,0.39415655,0.19104478,2.380952380952380,4.107142857142860
0,AI_prompt1,,G,FALSE,Dalle47.png,../data/AI/prompt_1/stimuli_G/Dalle47.png,a drawing of a circle with a line drawn in it,,Hard to interpret,,4,0.548752009868622,0.54,58.0,abstract doodle/hard to interpret,,,2,0,1,0,4.3780895211565,17.410625,0.389971960347074,1,47,0.2484450936317440,0.4582867895535690,0.6282052584947720,0.625972578973971,0.2464320455103240,0.0,0.40935975,0.12687972,2.380952380952380,3.1944444444444400
0,AI_prompt1,,G,FALSE,Dalle48.png,../data/AI/prompt_1/stimuli_G/Dalle48.png,a drawing of a pumpkin and a pumpkin on a cart,,Hard to interpret,,2,0.666244268417358,0.76,96.0,abstract doodle/hard to interpret,,,2,0,2,0,4.38187833901034,14.748125,0.497493008138275,3,41,0.2484450936317440,0.4582867895535690,0.6282052584947720,0.7123812549867200,0.2940534301811450,0.0,0.40459052,0.16824034,2.380952380952380,3.1944444444444400
0,AI_prompt1,,G,FALSE,Dalle49.png,../data/AI/prompt_1/stimuli_G/Dalle49.png,a drawing of a bench with a basket on top of it,,Hard to interpret,,2,0.537640869617462,0.69,89.0,abstract doodle/hard to interpret,,,2,0,1,0,4.60360864382893,27.071875,0.44517620238736,1,148,0.2484450936317440,0.4582867895535690,0.6282052584947720,0.8134957132149640,0.3006379257829460,0.0,0.4999579,0.21178684,2.380952380952380,3.1944444444444400
0,AI_prompt1,,G,FALSE,Dalle50.png,../data/AI/prompt_1/stimuli_G/Dalle50.png,a drawing of a person standing under a rainbow in a white room,,Hard to interpret,,1,0.578545451164246,0.59,70.0,abstract doodle/hard to interpret,,,2,0,1,0,4.05791731169458,9.688125,0.7511115931027,4,36,0.2484450936317440,0.4582867895535690,0.6282052584947720,0.647422575413254,0.2506915073436460,0.0,0.3521067,0.20054364,2.380952380952380,3.1944444444444400
0,AI_prompt1,,I,FALSE,Dalle01.png,../data/AI/prompt_1/stimuli_I/Dalle01.png,a drawing of a man sitting in a chair with a bandage on his arm,,Abstract figure resembling a wrapped human torso with lines,,3,0.6110018491745,0.62,78.0,person(s),,,2,2,2,0.5,4.27674901516657,10.391875,0.735165543930056,1,43,0.1623385894995500,0.4332204292184240,0.4179536700248720,0.6998756384180070,0.3350881399174610,0.106074765,0.31465095,0.19487247,7.142857142857140,5.7368421052631600
0,AI_prompt1,,I,FALSE,Dalle02.png,../data/AI/prompt_1/stimuli_I/Dalle02.png,a drawing of a heart with a flower in it,,Hard to interpret,,3,0.536261081695557,0.48,41.0,abstract doodle/hard to interpret,,,2,0,2,0.5,5.57965988784256,6.091875,0.669842172614816,2,5,0.2403619289398190,0.4900698357862130,0.6021846532821660,0.6295272668588730,0.2872468013839000,0.0,0.24873257,0.12150911,2.380952380952380,2.5952380952381000
0,AI_prompt1,,I,FALSE,Dalle03.png,../data/AI/prompt_1/stimuli_I/Dalle03.png,a black and white drawing of a plant in a pot,,Hard to interpret,,4,0.583824634552002,0.65,83.0,abstract doodle/hard to interpret,,,2,0,1,0,5.15723350054888,12.595,0.486638626229405,3,37,0.2403619289398190,0.4900698357862130,0.6021846532821660,0.5662311210939200,0.3059739381464900,0.0,0.41913947,0.18594715,2.380952380952380,2.5952380952381000
0,AI_prompt1,,I,FALSE,Dalle04.png,../data/AI/prompt_1/stimuli_I/Dalle04.png,a drawing of a circle with a line going through it,,Hard to interpret,,2,0.409329324960709,0.51,50.0,abstract doodle/hard to interpret,,,2,0,0,0,4.21366745535478,2.8025,0.741055614594403,3,5,0.2403619289398190,0.4900698357862130,0.6021846532821660,0.2660866457618490,0.2522987309540750,0.0,0.35834292,0.16274069,2.380952380952380,2.5952380952381000
0,AI_prompt1,,I,FALSE,Dalle05.png,../data/AI/prompt_1/stimuli_I/Dalle05.png,a drawing of a woman with a hat and a dress,,Hard to interpret,,2,0.493894398212433,0.57,65.0,abstract doodle/hard to interpret,,,2,0,1,0,4.24352012965516,7.6225,0.392799159583612,3,14,0.2403619289398190,0.4900698357862130,0.6021846532821660,0.4979662403781300,0.3305218864815900,0.0,0.34257644,0.1661062,2.380952380952380,2.5952380952381000
0,AI_prompt1,,I,FALSE,Dalle06.png,../data/AI/prompt_1/stimuli_I/Dalle06.png,a cartoon of a man with a bug in his head,,Abstract face with a large eye above it,,3,0.614459753036499,0.71,92.0,bug,abstract doodle/hard to interpret,,1,1,2,1,4.41132052026314,5.035,0.862703725261933,2,10,0.1921700720685660,0.3992870508987030,0.4832536290136790,0.502433968393069,0.351877275691795,0.115695015,0.28264457,0.21702723,150.0,4.739130434782610
0,AI_prompt1,,I,FALSE,Dalle07.png,../data/AI/prompt_1/stimuli_I/Dalle07.png,a drawing of a man looking out a window at a person,,A person inside a window with a light above,,5,0.579662442207336,0.72,93.0,person(s),lamp,,2,2,2,1,4.61845546033697,8.7075,0.531122940855933,1,32,0.1986608386837920,0.4529716805509230,0.5097826713453120,0.6217022125464600,0.2621263965739080,0.18037118,0.29775554,0.1859314,7.142857142857140,5.7368421052631600
0,AI_prompt1,,I,FALSE,Dalle08.png,../data/AI/prompt_1/stimuli_I/Dalle08.png,a drawing of a black and white picture of a hat and scissors,,Hard to interpret,,1,0.64973509311676,0.69,90.0,abstract doodle/hard to interpret,,,2,0,1,0,5.62124193031249,12.6175,0.457456770085523,5,13,0.2403619289398190,0.4900698357862130,0.6021846532821660,0.7098518835358510,0.2878306551927080,0.0,0.36008644,0.14456618,2.380952380952380,2.5952380952381000
0,AI_prompt1,,I,FALSE,Dalle09.png,../data/AI/prompt_1/stimuli_I/Dalle09.png,a drawing of a building with a sign that says life is a book,,"Abstract geometric shapes with the words ""Line Ambition"" below",,5,0.654610216617584,0.65,84.0,abstract doodle/hard to interpret,writing,,2,0,1,0,4.73691904165323,9.3225,0.703895121643767,3,26,0.134639024734497,0.2826807285154080,0.4092446917745640,0.6939202459881200,0.5630402059865760,0.09768315,0.38491744,0.4482748,2.380952380952380,4.739130434782610
0,AI_prompt1,,I,FALSE,Dalle10.png,../data/AI/prompt_1/stimuli_I/Dalle10.png,a drawing of a plant with three leaves in a bowl,,Two stylized trees under a crescent moon with lines and dots,,3,0.560023069381714,0.74,94.0,tree(s),,,2,2,2,0.5,6.36282113342458,12.085,0.472997720222745,5,18,0.1879092454910280,0.3638534925071290,0.4194309461455960,0.645275769564778,0.3563355932029800,0.169642,0.29347953,0.21163377,150.0,3.0277777777777800
0,AI_prompt1,,I,FALSE,Dalle11.png,../data/AI/prompt_1/stimuli_I/Dalle11.png,a drawing of a person holding a flower in their hand,,A hand holding a stylized flower with flowing petals and stem,,5,0.629961609840393,0.6,73.0,flower,,,1,1,1,0,4.30949399904152,6.58625,0.807787569840447,2,13,0.2043927907943730,0.3687481096013810,0.4947983327628170,0.5771283746348360,0.3076857919442410,0.14568165,0.3022319,0.15951845,150.0,3.0277777777777800
0,AI_prompt1,,I,FALSE,Dalle12.png,../data/AI/prompt_1/stimuli_I/Dalle12.png,a black and white drawing of a man in a suit and tie,,Hard to interpret,,2,0.649623930454254,0.81,98.0,abstract doodle/hard to interpret,,,2,0,1,0,6.65090316916428,13.6825,0.478508111724369,2,17,0.2403619289398190,0.4900698357862130,0.6021846532821660,0.6447365310016850,0.3033612744407900,0.0,0.3276297,0.1757176,2.380952380952380,2.5952380952381000
0,AI_prompt1,,I,FALSE,Dalle13.png,../data/AI/prompt_1/stimuli_I/Dalle13.png,there is a drawing of a lamp that is on a pole,,Hard to interpret,,1,0.647263288497925,0.71,92.0,abstract doodle/hard to interpret,,,2,0,1,0,5.75387980289174,13.15125,0.542045041772612,2,32,0.2403619289398190,0.4900698357862130,0.6021846532821660,0.6174067219859800,0.2332587181310690,0.0,0.40933663,0.12031331,2.380952380952380,2.5952380952381000
0,AI_prompt1,,I,FALSE,Dalle14.png,../data/AI/prompt_1/stimuli_I/Dalle14.png,there is a drawing of a pair of headphones on a box,,Rectangular plug with tangled cables coming out,,4,0.528856754302979,0.56,64.0,abstract doodle/hard to interpret,,,2,0,1,0,4.3224366436203,5.550625,0.689769837647519,4,15,0.2293297052383420,0.4422867727961170,0.5388244665369700,0.5278027795989160,0.3152462779844100,0.21064863,0.3454017,0.20366521,2.380952380952380,3.0277777777777800
0,AI_prompt1,,I,FALSE,Dalle15.png,../data/AI/prompt_1/stimuli_I/Dalle15.png,a drawing of a clock with a man on it,,Hard to interpret,,3,0.553013801574707,0.62,76.0,abstract doodle/hard to interpret,,,2,0,1,0,4.26235310244549,7.5075,0.455478302565332,2,20,0.2403619289398190,0.4900698357862130,0.6021846532821660,0.5118063839022630,0.2864052832614920,0.0,0.36963257,0.1625139,2.380952380952380,2.5952380952381000
0,AI_prompt1,,I,FALSE,Dalle16.png,../data/AI/prompt_1/stimuli_I/Dalle16.png,a drawing of a square with a line drawing of a square,,Hard to interpret,,3,0.625722110271454,0.61,75.0,frame,,,1,1,1,0,4.09255626153575,9.67625,0.382899504670722,1,32,0.2403619289398190,0.4900698357862130,0.6021846532821660,0.6143906605555690,0.2609788930852010,0.0,0.40704384,0.13815907,150.0,2.5952380952381000
0,AI_prompt1,,I,FALSE,Dalle17.png,../data/AI/prompt_1/stimuli_I/Dalle17.png,a close up of a black and white drawing of a sewing machine,,Abstract lines and shapes form a rollercoaster-like structure,,3,0.502270936965942,0.44,31.0,abstract doodle/hard to interpret,,,2,0,1,0,5.65120505053491,9.16375,0.294618694822767,1,19,0.1683777470363510,0.3858495171621300,0.4458674027284200,0.5918721578747840,0.2720934549374080,0.12666813,0.3095762,0.15628198,2.380952380952380,4.739130434782610
0,AI_prompt1,,I,FALSE,Dalle18.png,../data/AI/prompt_1/stimuli_I/Dalle18.png,there is a drawing of a woman looking at a man in a mirror,,Three abstract human profiles facing each other,,4,0.521549582481384,0.59,71.0,face(s),,,1,1,2,0.5,5.11883499367471,5.86875,0.507933497692648,2,6,0.1875536441802980,0.4613283712067710,0.5068917568390510,0.5418211578130620,0.2836700065073980,0.1314876,0.29375955,0.18358195,8.823529411764710,5.7368421052631600
0,AI_prompt1,,I,FALSE,Dalle19.png,../data/AI/prompt_1/stimuli_I/Dalle19.png,a black and white drawing of a circle with a leaf and a letter,,Stylized side profile of a face within a circular and geometric design,,3,0.528793334960938,0.6,73.0,face(s),plant,,1,1,2,0,4.70788045133143,9.785625,0.367935968954645,1,11,0.1664077043533330,0.3561718080146190,0.4457442494783240,0.4803802577427840,0.3780190268197660,0.10228882,0.3718272,0.22253194,8.823529411764710,4.739130434782610
0,AI_prompt1,,I,FALSE,Dalle20.png,../data/AI/prompt_1/stimuli_I/Dalle20.png,drawing of a basket with a bunch of books on it,,Hard to interpret,,2,0.760220289230347,0.76,96.0,abstract doodle/hard to interpret,,,1,1,3,1,5.29312799200155,23.3675,0.383251025944216,5,89,0.2403619289398190,0.4900698357862130,0.6021846532821660,0.761388660553045,0.3369194099884530,0.0,0.47421294,0.21601436,2.380952380952380,2.5952380952381000
0,AI_prompt1,,I,FALSE,Dalle21.png,../data/AI/prompt_1/stimuli_I/Dalle21.png,a drawing of a basketball court with a ball on the side,,Hard to interpret,,3,0.524377763271332,0.52,52.0,abstract doodle/hard to interpret,,,2,0,1,0,4.20684641203691,6.176875,0.299563507032387,16,16,0.2403619289398190,0.4900698357862130,0.6021846532821660,0.567298536196174,0.2417043856922550,0.0,0.44953388,0.19613166,2.380952380952380,2.5952380952381000
0,AI_prompt1,,I,FALSE,Dalle22.png,../data/AI/prompt_1/stimuli_I/Dalle22.png,a drawing of a handbag with a handle and a handle,,"An abstract representation, potentially depicting a handbag with handles",,3,0.533157110214233,0.54,57.0,bag,,,2,2,2,1,5.73822023097786,12.934375,0.265569659927911,1,35,0.1664211650835760,0.3796314638523550,0.4583186234045840,0.6463770092825280,0.2760935049666870,0.08681381,0.36987668,0.0995499,6.818181818181820,8.384615384615390
0,AI_prompt1,,I,FALSE,Dalle23.png,../data/AI/prompt_1/stimuli_I/Dalle23.png,a drawing of a woman with glasses and a headband,,Profile outline of a person with glasses and a ponytail,,4,0.505958139896393,0.56,64.0,face(s),glasses,,2,2,3,1,4.46794309497766,5.57375,0.47185709470846,2,6,0.2110562324523930,0.4887351837377300,0.4816732406616210,0.585508148722665,0.3271066321957370,0.14545563,0.28732213,0.17243823,8.823529411764710,5.7368421052631600
0,AI_prompt1,,I,FALSE,Dalle24.png,../data/AI/prompt_1/stimuli_I/Dalle24.png,there is a drawing of a door with a circle on it,,Hard to interpret,,2,0.338304281234741,0.37,16.0,abstract doodle/hard to interpret,,,2,0,0,0,3.79659886101275,3.438125,0.482773339837795,6,14,0.2403619289398190,0.4900698357862130,0.6021846532821660,0.5510710813473910,0.2775432251930470,0.0,0.40040565,0.17909566,2.380952380952380,2.5952380952381000
0,AI_prompt1,,I,FALSE,Dalle25.png,../data/AI/prompt_1/stimuli_I/Dalle25.png,a drawing of a man ' s face with a hat on,,Side profile outline of a head with geometric elements,,4,0.517448425292969,0.52,51.0,face(s),helmet,,1,1,3,1,4.57148054245561,7.42375,0.553794913201453,2,19,0.1596254110336300,0.3359205129075480,0.4288136107436640,0.7177365591480190,0.2879990881438900,0.11014868,0.3984532,0.14652698,8.823529411764710,4.739130434782610
0,AI_prompt1,,I,FALSE,Dalle26.png,../data/AI/prompt_1/stimuli_I/Dalle26.png,a close up of a drawing of a black and white object,,Hard to interpret,,5,0.40875381231308,0.37,15.0,abstract doodle/hard to interpret,,,2,0,0,0,4.20007271649832,4.245,0.617550917777219,2,7,0.2403619289398190,0.4900698357862130,0.6021846532821660,0.6383873272000870,0.2539081634586580,0.0,0.28399107,0.12737283,2.380952380952380,2.5952380952381000
0,AI_prompt1,,I,FALSE,Dalle27.png,../data/AI/prompt_1/stimuli_I/Dalle27.png,a close up of a drawing of a person with a smile on his face,,"Abstract face with simple lines and geometric shapes, smiling expression",,5,0.54305112361908,0.64,81.0,face(s),,,2,2,2,1,8.02599949147233,8.7075,0.618103318439681,3,11,0.1625066302712770,0.336931049823761,0.4247759923472400,0.6497237286691210,0.2993381026026540,0.09437494,0.2752752,0.14840586,8.823529411764710,4.739130434782610
0,AI_prompt1,,I,FALSE,Dalle28.png,../data/AI/prompt_1/stimuli_I/Dalle28.png,a drawing of a stylized figure with a long tail,,Hard to interpret,,3,0.46707671880722,0.35,11.0,abstract doodle/hard to interpret,,,2,0,1,0,4.15201729158096,3.960625,0.813036333759357,1,6,0.2403619289398190,0.4900698357862130,0.6021846532821660,0.6050939056482590,0.2577383616872280,0.0,0.2559538,0.13206379,2.380952380952380,2.5952380952381000
0,AI_prompt1,,I,FALSE,Dalle29.png,../data/AI/prompt_1/stimuli_I/Dalle29.png,a drawing of a person sitting on a table with a book,,Abstract figure with a hat inside a circle and rectangular frame,,3,0.607450127601624,0.72,93.0,person(s),,,2,2,2,0.5,4.77149876502286,10.08875,0.430116764947085,1,17,0.1811127662658690,0.3820128213159540,0.4339188674736690,0.5371472016713880,0.3142442858723470,0.11246302,0.3004434,0.16664222,7.142857142857140,5.7368421052631600
0,AI_prompt1,,I,FALSE,Dalle30.png,../data/AI/prompt_1/stimuli_I/Dalle30.png,a drawing of a woman with a fish in her hair,,A smiling face with wavy hair above a leaf-like shape,,5,0.647842884063721,0.73,94.0,person(s),,,2,2,1,1,6.95206855306139,16.14,0.366727068772112,2,17,0.2088907957077030,0.3920358834277350,0.5020934343338010,0.6533808062986080,0.3250971450402370,0.14179921,0.29589236,0.2128799,7.142857142857140,3.0277777777777800
0,AI_prompt1,,I,FALSE,Dalle31.png,../data/AI/prompt_1/stimuli_I/Dalle31.png,a drawing of a circle with a leaf and a circle with a black dot,,Hard to interpret,,2,0.588914394378662,0.66,84.0,abstract doodle/hard to interpret,,,2,0,2,0,4.98532012248916,12.334375,0.403080576536165,3,27,0.2403619289398190,0.4900698357862130,0.6021846532821660,0.6075852305833440,0.2662647680945040,0.0,0.35692483,0.11486043,2.380952380952380,2.5952380952381000
0,AI_prompt1,,I,FALSE,Dalle32.png,../data/AI/prompt_1/stimuli_I/Dalle32.png,a drawing of a woman holding a knife in her hand,,Silhouette of a person with abstract shapes around head and shoulders,,4,0.503778994083405,0.56,63.0,face(s),,,1,1,0,0.5,4.42701880941148,5.31625,0.876033652117639,1,8,0.1840668320655820,0.3809771353297570,0.4497513502984430,0.542926266386653,0.2860868781579830,0.10559118,0.24726076,0.16685075,8.823529411764710,5.7368421052631600
0,AI_prompt1,,I,FALSE,Dalle33.png,../data/AI/prompt_1/stimuli_I/Dalle33.png,a drawing of a arch with a long curved top,,Hard to interpret,,1,0.298940002918243,0.44,33.0,abstract doodle/hard to interpret,,,2,0,1,0,4.53682359135567,5.851875,0.359326754253194,2,17,0.2403619289398190,0.4900698357862130,0.6021846532821660,0.6410564845976080,0.2146790851015540,0.0,0.28046617,0.18467921,2.380952380952380,2.5952380952381000
0,AI_prompt1,,I,FALSE,Dalle34.png,../data/AI/prompt_1/stimuli_I/Dalle34.png,a drawing of a bird sitting on top of a suitcase,,A stylized handbag with a floral design on it,,3,0.568209886550903,0.7,91.0,abstract doodle/hard to interpret,,,2,0,1,0,5.67878057343029,10.543125,0.556043046357616,1,13,0.2172478437423710,0.4683300852775570,0.5186858475208280,0.6105330595731530,0.3441970415998430,0.10415933,0.33575273,0.13949268,2.380952380952380,8.384615384615390
0,AI_prompt1,,I,FALSE,Dalle35.png,../data/AI/prompt_1/stimuli_I/Dalle35.png,a drawing of a diamond in a frame with a white background,,Geometric diamond shape within a rectangular frame,,4,0.621871471405029,0.63,79.0,diamond,,,2,1,1,0,4.92751145290768,13.3775,0.658727419169256,1,36,0.1680935521070020,0.3643358945846560,0.4496178955067450,0.7966434505845250,0.3131027002486440,0.14046963,0.56360924,0.17951582,150.0,3.0277777777777800
0,AI_prompt1,,I,FALSE,Dalle36.png,../data/AI/prompt_1/stimuli_I/Dalle36.png,drawing of a chair with a box on it and a chair with a pillow,,Hard to interpret,,1,0.588256597518921,0.6,72.0,abstract doodle/hard to interpret,,,2,0,1,0,6.17046895128478,12.525625,0.424201815806225,1,24,0.2403619289398190,0.4900698357862130,0.6021846532821660,0.64860986045928,0.2690287416290640,0.0,0.3293976,0.12527171,2.380952380952380,2.5952380952381000
0,AI_prompt1,,I,FALSE,Dalle37.png,../data/AI/prompt_1/stimuli_I/Dalle37.png,there is a black and white drawing of a apple and a book,,Hard to interpret,,2,0.622146785259247,0.63,79.0,fruit,abstract doodle/hard to interpret,,1,1,1,0,5.30494744047581,10.36,0.588634837894404,2,16,0.2403619289398190,0.4900698357862130,0.6021846532821660,0.605296049999094,0.4493859404910750,0.0,0.3696105,0.3292864,75.0,2.5952380952381000
0,AI_prompt1,,I,FALSE,Dalle38.png,../data/AI/prompt_1/stimuli_I/Dalle38.png,there is a black and white drawing of a window with a curved glass,,Simple geometric shapes forming a dome-like structure with lines,,3,0.51561826467514,0.51,50.0,abstract doodle/hard to interpret,,,2,0,0,0,6.7210359992233,8.465,0.615590154668311,1,14,0.134036898612976,0.2845453406734860,0.3189716148989420,0.6789412277401190,0.2354947624316400,0.11508546,0.40346727,0.19947973,2.380952380952380,4.739130434782610
0,AI_prompt1,,I,FALSE,Dalle39.png,../data/AI/prompt_1/stimuli_I/Dalle39.png,a drawing of a bag with a string tied to it,,Hard to interpret,,1,0.405967593193054,0.42,28.0,abstract doodle/hard to interpret,,,2,0,2,0.5,4.3665727637772,3.67,0.719052852432811,1,5,0.2403619289398190,0.4900698357862130,0.6021846532821660,0.4305078131453030,0.2334751367020770,0.0,0.28027356,0.15103045,2.380952380952380,2.5952380952381000
0,AI_prompt1,,I,FALSE,Dalle40.png,../data/AI/prompt_1/stimuli_I/Dalle40.png,a black and white drawing of a flower in a window,,A flower inside a helmet-like structure with tusks,,4,0.51483815908432,0.57,65.0,plant(s),abstract doodle/hard to interpret,,1,1,1,0.5,4.89520586507532,8.275625,0.553279071943119,2,15,0.2113004200875490,0.423463804229015,0.5191760063171390,0.6822889642114230,0.3157545742981540,0.1626744,0.4706025,0.23547325,150.0,3.0277777777777800
0,AI_prompt1,,I,FALSE,Dalle41.png,../data/AI/prompt_1/stimuli_I/Dalle41.png,there is a drawing of a man with a hat on,,Hard to interpret,,2,0.517368376255035,0.67,88.0,abstract doodle/hard to interpret,,,2,0,1,1,5.8910786330873,8.280625,0.483654525274947,2,14,0.2403619289398190,0.4900698357862130,0.6021846532821660,0.6829056884043790,0.3029362773816800,0.0,0.3662972,0.15499318,2.380952380952380,2.5952380952381000
0,AI_prompt1,,I,FALSE,Dalle42.png,../data/AI/prompt_1/stimuli_I/Dalle42.png,there is a black and white drawing of a circle with a line,,Hard to interpret,,2,0.579282283782959,0.57,65.0,abstract doodle/hard to interpret,,,2,0,1,0,4.91716392624849,9.018125,0.618578032137354,1,17,0.2403619289398190,0.4900698357862130,0.6021846532821660,0.5883518341987010,0.2445706096297210,0.0,0.41275162,0.13759944,2.380952380952380,2.5952380952381000
0,AI_prompt1,,I,FALSE,Dalle43.png,../data/AI/prompt_1/stimuli_I/Dalle43.png,drawing of a vase with a plant in it sitting on a table,,Abstract drawing with geometric shapes and lines; possibly a cityscape or structure,,3,0.55854719877243,0.68,88.0,abstract doodle/hard to interpret,,,2,0,1,0,4.30999931522266,7.190625,0.803552585297221,2,42,0.1286969108166140,0.340805332088629,0.3735302686691280,0.6794157566220840,0.2997094710926360,0.10530703,0.41843504,0.18039441,2.380952380952380,4.739130434782610
0,AI_prompt1,,I,FALSE,Dalle44.png,../data/AI/prompt_1/stimuli_I/Dalle44.png,a drawing of a face with a square in the middle,,Face with geometric shapes and crescent moons,,5,0.598515629768372,0.63,79.0,face(s),,,2,2,2,0.5,4.06879062342799,5.035,0.67240680713128,2,13,0.1934712413864570,0.3661634166435450,0.4840715239005360,0.5437768402477680,0.315614405748096,0.12435136,0.31972447,0.14820334,8.823529411764710,4.739130434782610
0,AI_prompt1,,I,FALSE,Dalle45.png,../data/AI/prompt_1/stimuli_I/Dalle45.png,a drawing of a rainbow arch with a black outline on a white background,,A triangular shape inside an arch with multiple layers drawn above,,5,0.512771546840668,0.59,71.0,tent,arch,,1,1,1,0.5,4.43141919520671,9.766875,0.501638740563432,2,35,0.1301403641700740,0.3063565906073680,0.3537478446960450,0.622701135625775,0.3159637726685640,0.13746774,0.42780876,0.24375907,150.0,4.739130434782610
0,AI_prompt1,,I,FALSE,Dalle46.png,../data/AI/prompt_1/stimuli_I/Dalle46.png,a drawing of a circular object with a curved design,,Hard to interpret,,3,0.639404773712158,0.53,54.0,abstract doodle/hard to interpret,,,2,0,0,0,4.91304926790438,22.721875,0.348431383891556,1,70,0.2403619289398190,0.4900698357862130,0.6021846532821660,0.7478507822946620,0.2603092097742440,0.0,0.45311457,0.15744379,2.380952380952380,2.5952380952381000
0,AI_prompt1,,I,FALSE,Dalle47.png,../data/AI/prompt_1/stimuli_I/Dalle47.png,a drawing of a glass of water and a wire on a table,,Hard to interpret,,2,0.631706416606903,0.69,89.0,glass,,,1,1,2,0.5,4.70694331065332,11.729375,0.492588948487638,1,36,0.2403619289398190,0.4900698357862130,0.6021846532821660,0.7845011698321870,0.3321075095080470,0.0,0.47888654,0.18255365,150.0,2.5952380952381000
0,AI_prompt1,,I,FALSE,Dalle48.png,../data/AI/prompt_1/stimuli_I/Dalle48.png,a drawing of a man with a face and a cigarette in his mouth,,Abstract humanoid face with geometric shapes and asymmetrical features,,4,0.505702376365662,0.57,66.0,face(s),,,2,2,2,0.5,4.30403128650949,5.135,0.722447378742319,2,21,0.2140989303588870,0.3980595706736780,0.5058971937956090,0.6322008830976990,0.3077994687162830,0.11720319,0.42146888,0.14640072,8.823529411764710,4.739130434782610
0,AI_prompt1,,I,FALSE,Dalle49.png,../data/AI/prompt_1/stimuli_I/Dalle49.png,a drawing of a door with a handle and a handle,,Hard to interpret,,2,0.572915017604828,0.6,73.0,abstract doodle/hard to interpret,,,2,0,1,0,6.02087994421494,11.670625,0.254383726440888,3,23,0.2403619289398190,0.4900698357862130,0.6021846532821660,0.595442778842667,0.2098460766231060,0.0,0.4264235,0.12487656,2.380952380952380,2.5952380952381000
0,AI_prompt1,,I,FALSE,Dalle50.png,../data/AI/prompt_1/stimuli_I/Dalle50.png,a drawing of a man ' s face with a line drawing of a face,,Hard to interpret,,3,0.578442990779877,0.68,88.0,eye,face(s),,2,1,2,0,4.3310376873435,6.439375,0.617476851851852,1,16,0.2403619289398190,0.4900698357862130,0.6021846532821660,0.6152124602541680,0.2828593029441860,0.0,0.3005033,0.16303118,150.0,2.5952380952381000
0,AI_prompt1,,R,FALSE,Dalle01.png,../data/AI/prompt_1/stimuli_R/Dalle01.png,a drawing of a black and white picture of a tall tower,,Hard to interpret,,4,0.583602070808411,0.62,77.0,abstract doodle/hard to interpret,,,2,0,0,0,4.57387196901009,16.87125,0.476321174912724,1,65,0.2441710088151080,0.4869130696926430,0.6253225468387480,0.7885103846405320,0.2323808686061060,0.0,0.4804651,0.12960704,1.829268292682930,3.081081081081080
0,AI_prompt1,,R,FALSE,Dalle02.png,../data/AI/prompt_1/stimuli_R/Dalle02.png,a black and white drawing of a star of david,,Overlapping triangles and rectangles forming a complex geometric pattern,,4,0.546873509883881,0.6,73.0,abstract doodle/hard to interpret,,,2,0,1,0,4.22531416457787,9.9925,0.306295947876381,1,31,0.1671690741575810,0.3709682005066740,0.4151613116264340,0.5495478198512080,0.2656420289419000,0.06153174,0.26888365,0.1442155,1.829268292682930,6.705882352941180
0,AI_prompt1,,R,FALSE,Dalle03.png,../data/AI/prompt_1/stimuli_R/Dalle03.png,a black and white drawing of a three - dimensional structure with a triangle,,Geometric shapes overlapping with lines and triangles,,3,0.553087174892426,0.59,71.0,abstract doodle/hard to interpret,,,2,0,1,0,4.153814896219390,13.194375,0.27756878158338,1,38,0.155001163482666,0.3267823858986850,0.3420279825942490,0.5302896351845870,0.2109725246737530,0.06664648,0.29019526,0.11215261,1.829268292682930,6.705882352941180
0,AI_prompt1,,R,FALSE,Dalle04.png,../data/AI/prompt_1/stimuli_R/Dalle04.png,a drawing of a door with a window and a curtain,,Vertical striped pattern inside a rectangular frame on a slightly tilted structure,,4,0.530245006084442,0.66,86.0,painting,,,1,1,0,0.5,4.08725883751522,20.511875,0.655431906468745,2,92,0.1958855390548710,0.3814076553936200,0.4094298129933950,0.6863591138134970,0.2357948249354240,0.15090773,0.38882938,0.12361856,37.5,3.4545454545454500
0,AI_prompt1,,R,FALSE,Dalle05.png,../data/AI/prompt_1/stimuli_R/Dalle05.png,a drawing of a geometric design with a triangle and a square,,Geometric design with overlapping squares and triangles in a vertical alignment,,5,0.399699538946152,0.55,60.0,abstract doodle/hard to interpret,,,2,0,1,0,4.36408597219635,15.59875,0.761413966962868,1,82,0.1744968683127260,0.3417345285415650,0.3816725286353350,0.7403477798677600,0.2243771192542320,0.09399785,0.3284102,0.07346498,1.829268292682930,6.705882352941180
0,AI_prompt1,,R,FALSE,Dalle06.png,../data/AI/prompt_1/stimuli_R/Dalle06.png,a close up of a picture of a picture frame with a surfboard,,Abstract overlapping rectangular and elliptical shapes with lines,,3,0.583393812179565,0.56,64.0,abstract doodle/hard to interpret,,,2,0,0,0,4.59494797093867,22.045625,0.353383322137294,1,73,0.1505387156238330,0.3316663900514360,0.3237778737412600,0.6742992138454190,0.2422865836914910,0.068932466,0.42054373,0.122415684,1.829268292682930,6.705882352941180
0,AI_prompt1,,R,FALSE,Dalle07.png,../data/AI/prompt_1/stimuli_R/Dalle07.png,a black and white drawing of a heart with a frame,,Geometric shapes with a central rectangle and triangular patterns,,4,0.660095632076263,0.69,90.0,abstract doodle/hard to interpret,,,2,0,1,0,5.10511388510166,18.96875,0.284951521379742,3,45,0.1684438385434280,0.3513385653495790,0.3674014052631100,0.6512952253715210,0.2379670935736200,0.084793925,0.29612997,0.08371455,1.829268292682930,6.705882352941180
0,AI_prompt1,,R,FALSE,Dalle08.png,../data/AI/prompt_1/stimuli_R/Dalle08.png,a drawing of a square shaped object with a thin line,,"Overlapping rectangular shapes with curved lines intersecting, resembling a stylized pattern",,4,0.566355645656586,0.52,53.0,abstract doodle/hard to interpret,,,2,0,0,0,4.61100830759494,17.558125,0.246948094306216,1,49,0.1536633280716330,0.3058647695699190,0.331974208233432,0.5224806848574150,0.2979779374782530,0.06708122,0.46518403,0.22374766,1.829268292682930,6.705882352941180
0,AI_prompt1,,R,FALSE,Dalle09.png,../data/AI/prompt_1/stimuli_R/Dalle09.png,a drawing of a picture of a knife and a piece of paper,,Hard to interpret,,2,0.640557110309601,0.7,91.0,painting,frame,,1,1,2,0,6.83361886161626,17.34625,0.253932284724074,2,32,0.2441710088151080,0.4869130696926430,0.6253225468387480,0.677662735764168,0.2224990937913110,0.0,0.3280977,0.11024411,37.5,3.081081081081080
0,AI_prompt1,,R,FALSE,Dalle10.png,../data/AI/prompt_1/stimuli_R/Dalle10.png,a drawing of a barcode with a door open and a door open,,Abstract geometric lines with triangular shapes on top,,3,0.527084708213806,0.56,64.0,abstract doodle/hard to interpret,,,2,0,0,0,4.78267736538175,17.900625,0.698938177350709,5,58,0.1259468122752410,0.3462951985773550,0.3400444984436040,0.6141868886712870,0.2950209477182330,0.07362985,0.46502423,0.16752115,1.829268292682930,3.4545454545454500
0,AI_prompt1,,R,FALSE,Dalle11.png,../data/AI/prompt_1/stimuli_R/Dalle11.png,a black and white drawing of a rose with arrows in the center,,Geometric rose atop a shield with two crossed arrows,,5,0.494535803794861,0.48,41.0,abstract doodle/hard to interpret,,,2,0,3,1,4.92401628237832,8.416875,0.254759368196767,121,16,0.1354200082516600,0.2300782799720760,0.3511415333236170,0.6472215360527730,0.290243453653486,0.16364926,0.3649805,0.1377972,1.829268292682930,3.4545454545454500
0,AI_prompt1,,R,FALSE,Dalle12.png,../data/AI/prompt_1/stimuli_R/Dalle12.png,a close up of a drawing of a basketball hoop with a net,,"Geometric shapes, mainly triangles, overlapping in a complex pattern. ",,4,0.548057675361633,0.62,77.0,abstract doodle/hard to interpret,,,2,0,1,0,5.19029403740126,16.9175,0.497388079193439,1,53,0.1616814539812200,0.3204861283302310,0.4269340292772060,0.7365650107592320,0.2319640703580670,0.060590822,0.29286847,0.081787325,1.829268292682930,6.705882352941180
0,AI_prompt1,,R,FALSE,Dalle13.png,../data/AI/prompt_1/stimuli_R/Dalle13.png,a black and white drawing of a geometric object with a square in the middle,,"Overlapping geometric shapes, primarily squares and lines, form a complex pattern",,4,0.539062559604645,0.49,43.0,abstract doodle/hard to interpret,,,2,0,0,0,4.74465889331198,12.245625,0.49650921227395,1,34,0.1545355135756060,0.3112298660737340,0.4049338585059430,0.7137841074574310,0.2107081302994730,0.059181917,0.2864831,0.091652945,1.829268292682930,6.705882352941180
0,AI_prompt1,,R,FALSE,Dalle14.png,../data/AI/prompt_1/stimuli_R/Dalle14.png,a black and white drawing of a triangle with leaves,,Geometric shapes with floral elements integrated into the design,,4,0.442221492528915,0.57,65.0,abstract doodle/hard to interpret,,,2,0,1,0,4.48091154124323,15.043125,0.254244615626474,2,47,0.172040203566521,0.3446165323257450,0.4368376731872560,0.7861839341337000,0.2898021795246290,0.10953148,0.4171391,0.11008678,1.829268292682930,3.4545454545454500
0,AI_prompt1,,R,FALSE,Dalle15.png,../data/AI/prompt_1/stimuli_R/Dalle15.png,there is a black and white drawing of a square with a clock,,Hard to interpret,,3,0.560531258583069,0.47,39.0,abstract doodle/hard to interpret,,,2,0,1,0,5.12004923887027,7.784375,0.758724867173664,1,19,0.2441710088151080,0.4869130696926430,0.6253225468387480,0.698236501083526,0.1939777309714190,0.0,0.36457112,0.09705351,1.829268292682930,3.081081081081080
0,AI_prompt1,,R,FALSE,Dalle16.png,../data/AI/prompt_1/stimuli_R/Dalle16.png,a drawing of a geometric object with a triangle in the middle,,Hard to interpret,,1,0.586907267570496,0.58,69.0,abstract doodle/hard to interpret,,,2,0,1,0,4.5660178960882,12.596875,0.65698768129134,1,56,0.2441710088151080,0.4869130696926430,0.6253225468387480,0.7433595872219000,0.2172780219194590,0.0,0.27544022,0.10237284,1.829268292682930,3.081081081081080
0,AI_prompt1,,R,FALSE,Dalle17.png,../data/AI/prompt_1/stimuli_R/Dalle17.png,a black and white drawing of a geometric design with a ball,,Geometric shapes and lines intersect with circles in abstract pattern,,4,0.599071860313416,0.57,65.0,abstract doodle/hard to interpret,,,2,0,1,0,4.93626912347503,19.9475,0.331715729525949,3,48,0.1531438827514650,0.3458395806455350,0.3932555371453320,0.6371195052272190,0.2142652178505830,0.067561805,0.2890655,0.11478253,1.829268292682930,6.705882352941180
0,AI_prompt1,,R,FALSE,Dalle18.png,../data/AI/prompt_1/stimuli_R/Dalle18.png,a drawing of a chair with a curved seat and a curved back,,Hard to interpret,,1,0.525628328323364,0.42,27.0,abstract doodle/hard to interpret,,,2,0,1,0,4.71708132339829,15.101875,0.448173583090613,1,52,0.2441710088151080,0.4869130696926430,0.6253225468387480,0.7615184807737110,0.204039950920908,0.0,0.39443535,0.11006111,1.829268292682930,3.081081081081080
0,AI_prompt1,,R,FALSE,Dalle19.png,../data/AI/prompt_1/stimuli_R/Dalle19.png,a drawing of a kite with a man on it,,A simplistic drawing of a moth with large wings,,4,0.43932455778122,0.48,42.0,bug,,,1,1,2,0,4.48561995750234,8.229375,0.192684371822909,1,27,0.1558742337376730,0.320807933807373,0.3630285263061520,0.6417398636724080,0.2607414977897740,0.1567254,0.29893738,0.18022835,75.0,3.6774193548387100
0,AI_prompt1,,R,FALSE,Dalle20.png,../data/AI/prompt_1/stimuli_R/Dalle20.png,a black and white drawing of a triangular object with a line drawing of a triangle,,Geometric design with intersecting lines forming a triangle and diamond shapes,,4,0.383211374282837,0.4,23.0,abstract doodle/hard to interpret,,,2,0,1,0,4.58199693987331,6.63625,0.547875154293775,1,19,0.1323302826487620,0.2395359277725220,0.3370345435759140,0.5473131973121850,0.185851643792436,0.09261308,0.24608703,0.087269336,1.829268292682930,3.4545454545454500
0,AI_prompt1,,R,FALSE,Dalle21.png,../data/AI/prompt_1/stimuli_R/Dalle21.png,a drawing of a dog with a long tail and a long tail,,"Abstract geometric shapes, possibly resembling a stylized bird",,3,0.547685384750366,0.88,99.0,snake,,,1,1,3,1,4.75441335836811,42.338125,0.304482630185526,1,220,0.1419914280181260,0.3016804456710820,0.352158784866333,0.7490403755826140,0.2721132885288870,0.081913546,0.5587791,0.14580718,150.0,3.4545454545454500
0,AI_prompt1,,R,FALSE,Dalle22.png,../data/AI/prompt_1/stimuli_R/Dalle22.png,a drawing of a kite with a long string attached to it,,Abstract geometric shapes with mountain and flowing draped element,,4,0.503542304039002,0.58,68.0,painting,mountain,,1,1,1,0,4.48236295961731,16.6725,0.282110981761738,1,53,0.1464297684174900,0.3796794414520260,0.4136060126785040,0.7098226343408390,0.2619017788921900,0.10791601,0.31417426,0.122506335,37.5,3.4545454545454500
0,AI_prompt1,,R,FALSE,Dalle23.png,../data/AI/prompt_1/stimuli_R/Dalle23.png,a black and white drawing of a woman with a face in a frame,,Abstract face with plants and geometric shapes,,4,0.625032186508179,0.61,75.0,painting,face,,1,1,2,0.5,5.148867867577,12.886875,0.458232364028002,2,37,0.1639512083559490,0.3933317065238950,0.4483468799797810,0.5878137013850080,0.2740788906699470,0.0830674,0.35042468,0.13787965,37.5,3.4545454545454500
0,AI_prompt1,,R,FALSE,Dalle24.png,../data/AI/prompt_1/stimuli_R/Dalle24.png,a close up of a kite with a string attached to it,,"Geometric shape with symmetrical lines and patterns, resembling an abstract diamond",,4,0.455942243337631,0.71,93.0,abstract doodle/hard to interpret,,,2,0,1,0,4.9433999050987,31.7175,0.447459665016917,1,152,0.1204799866104080,0.3031775951385500,0.3184044957160950,0.7273131945396810,0.2220595770635680,0.08783502,0.40271848,0.09988808,1.829268292682930,3.4545454545454500
0,AI_prompt1,,R,FALSE,Dalle25.png,../data/AI/prompt_1/stimuli_R/Dalle25.png,a drawing of a geometric object with a rose on top,,Geometric shapes with overlapping lines forming an abstract pattern,,4,0.508089780807495,0.54,57.0,abstract doodle/hard to interpret,,,2,0,2,0,4.92085343424206,12.54375,0.291712267436076,1,28,0.1394652641138260,0.3319028615951540,0.363497100084846,0.6403394410280910,0.2778999112207850,0.05346067,0.31329256,0.11731334,1.829268292682930,6.705882352941180
0,AI_prompt1,,R,FALSE,Dalle26.png,../data/AI/prompt_1/stimuli_R/Dalle26.png,a drawing of a basketball hoop with a basketball on it,,"Abstract lines and geometric shapes, possibly representing a structure or object",,3,0.460182547569275,0.46,37.0,abstract doodle/hard to interpret,,,2,0,1,0,4.30804919484839,7.0275,0.675442405819129,2,27,0.1128653220614580,0.2589784110201340,0.3206322980303930,0.5720745964146220,0.2600551976061080,0.06354971,0.3279506,0.20556338,1.829268292682930,3.4545454545454500
0,AI_prompt1,,R,FALSE,Dalle27.png,../data/AI/prompt_1/stimuli_R/Dalle27.png,a drawing of a kite with a box on it,,Abstract geometric shapes including triangles and a rectangle,,4,0.477390348911285,0.52,52.0,abstract doodle/hard to interpret,,,2,0,1,0,5.10552583113059,9.901875,0.555027335393392,1,31,0.1444931030273440,0.3345510363578800,0.3490086405878440,0.6303853411978410,0.2014147216223450,0.065697104,0.2965297,0.08052487,1.829268292682930,3.4545454545454500
0,AI_prompt1,,R,FALSE,Dalle28.png,../data/AI/prompt_1/stimuli_R/Dalle28.png,a black and white drawing of a geometric design with lines,,Overlapping geometric shapes and lines forming an abstract pattern,,4,0.431007146835327,0.41,26.0,abstract doodle/hard to interpret,,,2,0,1,0,4.33159997087053,9.87375,0.465226040488357,1,42,0.1417514597325630,0.3157037496566770,0.3843068113509890,0.5817273732166440,0.2285494385195540,0.05012588,0.23220308,0.09007764,1.829268292682930,6.705882352941180
0,AI_prompt1,,R,FALSE,Dalle29.png,../data/AI/prompt_1/stimuli_R/Dalle29.png,a drawing of a geometric design with a eye and a triangle,,Abstract geometric shapes and lines resembling an eye and arrows,,4,0.661968171596527,0.74,95.0,abstract doodle/hard to interpret,,,2,0,1,0,4.73745991340636,14.1675,0.4046061317295,8,38,0.1010115086429400,0.2729429981989560,0.2917228899946380,0.5448362377465160,0.2422286352768170,0.081374444,0.32470244,0.08639882,1.829268292682930,3.4545454545454500
0,AI_prompt1,,R,FALSE,Dalle30.png,../data/AI/prompt_1/stimuli_R/Dalle30.png,a black and white drawing of a plant with a triangle,,Abstract geometric shapes with leaf-like elements intersecting,,4,0.555493414402008,0.57,65.0,plant(s),,,1,1,2,0.5,4.49170271888791,11.16625,0.502982180101724,1,31,0.1636720895767210,0.3667673875918200,0.3827633857727050,0.5704021073898890,0.2200266924213880,0.08058335,0.4407393,0.13624744,50.0,6.705882352941180
0,AI_prompt1,,R,FALSE,Dalle31.png,../data/AI/prompt_1/stimuli_R/Dalle31.png,a drawing of a picture of a man in a suit and tie,,Abstract geometric shapes with a side profile of a face,,4,0.593214690685272,0.7,91.0,face(s),,,1,1,2,0,5.12075442605017,14.504375,0.458562522918959,2,32,0.1688144005758230,0.3978332281112670,0.3827562788434320,0.61643374653945,0.2556028229203990,0.08198461,0.2856577,0.11182455,21.428571428571400,3.6774193548387100
0,AI_prompt1,,R,FALSE,Dalle32.png,../data/AI/prompt_1/stimuli_R/Dalle32.png,a drawing of a picture of a kite with a string attached to it,,Hard to interpret,,1,0.489181309938431,0.55,61.0,abstract doodle/hard to interpret,,,2,0,1,0,4.70213019527205,10.211875,0.332977303070761,1,29,0.2441710088151080,0.4869130696926430,0.6253225468387480,0.6054574445595420,0.1867323014563930,0.0,0.24202915,0.08472917,1.829268292682930,3.081081081081080
0,AI_prompt1,,R,FALSE,Dalle33.png,../data/AI/prompt_1/stimuli_R/Dalle33.png,a close up of a drawing of a bird with a long tail,,Hard to interpret,,2,0.527937531471252,0.55,59.0,abstract doodle/hard to interpret,,,2,0,1,0,4.4801215691386,10.2775,0.771552836238989,1,41,0.2441710088151080,0.4869130696926430,0.6253225468387480,0.6747326113146320,0.2288367883289140,0.0,0.32980877,0.13355777,1.829268292682930,3.081081081081080
0,AI_prompt1,,R,FALSE,Dalle34.png,../data/AI/prompt_1/stimuli_R/Dalle34.png,a drawing of a person sitting on a chair with a hat on,,Hard to interpret,,2,0.518830835819244,0.63,80.0,abstract doodle/hard to interpret,,,2,0,1,0,4.74693393570869,8.6525,0.292921505324531,1,11,0.2441710088151080,0.4869130696926430,0.6253225468387480,0.7424497694651630,0.2450931968110500,0.0,0.3480249,0.14838012,1.829268292682930,3.081081081081080
0,AI_prompt1,,R,FALSE,Dalle35.png,../data/AI/prompt_1/stimuli_R/Dalle35.png,a drawing of a man ' s face with a square in the middle,,Profile of a face integrated with geometric shapes,,4,0.549460113048554,0.59,70.0,face(s),,,2,2,3,0,4.39173497165935,7.16625,0.375808936825886,1,17,0.205236720726684,0.4210846424102780,0.4509379536472520,0.7236366094957900,0.2806422380921190,0.12236071,0.4750692,0.18784069,21.428571428571400,3.6774193548387100
0,AI_prompt1,,R,FALSE,Dalle36.png,../data/AI/prompt_1/stimuli_R/Dalle36.png,a black and white drawing of a square with a line in the middle,,Abstract overlapping lines and shapes intersecting vertically and diagonally,,5,0.472679257392883,0.5,48.0,abstract doodle/hard to interpret,,,2,0,0,0,4.24447132765866,6.435625,0.306279133534412,3,10,0.1505098849231060,0.3132087588310240,0.3519105524963460,0.5247874481479740,0.2241339626541020,0.072722696,0.37041038,0.15854636,1.829268292682930,6.705882352941180
0,AI_prompt1,,R,FALSE,Dalle37.png,../data/AI/prompt_1/stimuli_R/Dalle37.png,a black and white drawing of a diamond with a line drawing of a diamond,,Geometric outline of a diamond shape composed of triangles,,5,0.320148080587387,0.43,29.0,abstract doodle/hard to interpret,,,2,0,2,1,4.26393387710938,7.335,0.573455529177939,1,25,0.1425599370861080,0.2787883877754210,0.3256832548503880,0.4212861367383690,0.3753942852132380,0.10999353,0.30244893,0.20918079,1.829268292682930,3.4545454545454500
0,AI_prompt1,,R,FALSE,Dalle38.png,../data/AI/prompt_1/stimuli_R/Dalle38.png,a drawing of a picture of a broken window with broken glass,,Hard to interpret,,4,0.529807150363922,0.53,54.0,abstract doodle/hard to interpret,,,2,0,1,0,4.34611544166575,10.685,0.58427523650923,2,36,0.2441710088151080,0.4869130696926430,0.6253225468387480,0.6388629637976830,0.2096671668513310,0.0,0.25226715,0.07679432,1.829268292682930,3.081081081081080
0,AI_prompt1,,R,FALSE,Dalle39.png,../data/AI/prompt_1/stimuli_R/Dalle39.png,a drawing of a rain drop with a line drawing of a square,,"Abstract design with rain, geometric lines, and plant elements",,3,0.69101482629776,0.73,94.0,raindrops,plant(s),,2,2,2,0.5,4.9933449948405700,22.028125,0.46588554421128,12,76,0.1539842394599760,0.4110740668221740,0.419243574142456,0.7550386002457680,0.2937210107823200,0.114926934,0.42806822,0.15518317,150.0,3.4545454545454500
0,AI_prompt1,,R,FALSE,Dalle40.png,../data/AI/prompt_1/stimuli_R/Dalle40.png,a close up of a kite with a triangle on it,,Abstract geometric shape resembling a kite with lines and triangles,,4,0.425109803676605,0.39,21.0,house,,,1,1,1,0,4.34159229205936,4.929375,0.48115411967896,1,21,0.0960599126780069,0.2362767457962040,0.2625225342823570,0.5880414197786790,0.1801684875968600,0.08509246,0.27779865,0.124458626,150.0,3.4545454545454500
0,AI_prompt1,,R,FALSE,Dalle41.png,../data/AI/prompt_1/stimuli_R/Dalle41.png,a drawing of a geometric object with a triangular shape,,Hard to interpret,,2,0.376871824264526,0.5,47.0,abstract doodle/hard to interpret,,,2,0,1,0,4.71031455690255,7.593125,0.319338422391858,13,24,0.2441710088151080,0.4869130696926430,0.6253225468387480,0.7241106836421700,0.1931498611890610,0.0,0.3384705,0.120401725,1.829268292682930,3.081081081081080
0,AI_prompt1,,R,FALSE,Dalle42.png,../data/AI/prompt_1/stimuli_R/Dalle42.png,there is a drawing of a broken umbrella hanging from a pole,,Hard to interpret,,3,0.413492143154144,0.42,28.0,abstract doodle/hard to interpret,,,2,0,0,0,4.61069123866534,6.265625,0.572622312942527,2,25,0.2441710088151080,0.4869130696926430,0.6253225468387480,0.6831841990902380,0.2586033170058640,0.0,0.3642213,0.14726862,1.829268292682930,3.081081081081080
0,AI_prompt1,,R,FALSE,Dalle43.png,../data/AI/prompt_1/stimuli_R/Dalle43.png,a drawing of a geometric structure with a star of david,,"Overlapping geometric shapes, including triangles and rectangles, in a complex arrangement",,5,0.544312179088593,0.47,38.0,abstract doodle/hard to interpret,,,2,0,0,0,4.56621590047813,13.088125,0.264251089988355,1,52,0.1725797447467100,0.300097107887268,0.4104595673632060,0.7564314138160220,0.2278612709099720,0.061710794,0.30299965,0.10467758,1.829268292682930,6.705882352941180
0,AI_prompt1,,R,FALSE,Dalle44.png,../data/AI/prompt_1/stimuli_R/Dalle44.png,a drawing of a geometric face with a pointed head,,Abstract geometric face within layered framework and angles,,4,0.527393817901611,0.57,65.0,face(s),,,1,1,2,0,4.97727001110397,11.388125,0.616817777777778,1,31,0.1730444225019850,0.4181909214371980,0.4270721332473820,0.701194057618726,0.3345606644392700,0.09673661,0.32393402,0.17991263,21.428571428571400,3.6774193548387100
0,AI_prompt1,,R,FALSE,Dalle45.png,../data/AI/prompt_1/stimuli_R/Dalle45.png,a black and white drawing of a star of david,,Interlocking triangles and rectangles forming a symmetrical pattern,,5,0.509905278682709,0.67,87.0,abstract doodle/hard to interpret,,,2,0,1,1,5.14772580777551,18.004375,0.552392935143861,1,52,0.172105589854045,0.3228482604026790,0.3793517351150510,0.717694180069159,0.2613301155426990,0.103343174,0.27329105,0.10114721,1.829268292682930,6.705882352941180
0,AI_prompt1,,R,FALSE,Dalle46.png,../data/AI/prompt_1/stimuli_R/Dalle46.png,a black and white photo of a decorative window with a flower,,Intricate geometric pattern with a central symmetrical floral motif,,5,0.750007271766663,0.79,97.0,abstract doodle/hard to interpret,pattern,,2,1,2,1,5.97351051742337,30.335625,0.324940850854873,3,60,0.1636602184975000,0.4149532666830250,0.4786981344223020,0.6958290222121030,0.2949189135112870,0.11147326,0.51631296,0.17746668,1.829268292682930,3.4545454545454500
0,AI_prompt1,,R,FALSE,Dalle47.png,../data/AI/prompt_1/stimuli_R/Dalle47.png,a drawing of a basket with a heart on it,,Heart shape above a diamond-patterned umbrella,,4,0.447185039520264,0.47,39.0,abstract doodle/hard to interpret,,,2,0,1,1,4.71262634569146,5.0175,0.855647208121827,3,10,0.1813144467694170,0.3702395933723680,0.3994289278643670,0.6113775147678390,0.271501787723104,0.14975746,0.36468974,0.16490647,1.829268292682930,3.4545454545454500
0,AI_prompt1,,R,FALSE,Dalle48.png,../data/AI/prompt_1/stimuli_R/Dalle48.png,a black and white drawing of a geometric design,,Abstract arrangement of overlapping triangles and geometric shapes,,4,0.692060589790344,0.68,89.0,abstract doodle/hard to interpret,pattern,,2,1,1,0,5.56208293402254,24.505,0.342838112725243,5,54,0.1680177202230010,0.3837180137634280,0.3935183159730770,0.6571017142124430,0.2208830091406700,0.06990863,0.30188712,0.08143632,1.829268292682930,6.705882352941180
0,AI_prompt1,,R,FALSE,Dalle49.png,../data/AI/prompt_1/stimuli_R/Dalle49.png,a drawing of a glass box with a ladder inside,,"A simple, rectangular object with a grid pattern at the base",,4,0.486255764961243,0.6,72.0,abstract doodle/hard to interpret,,,2,0,0,0.5,4.73092255786943,10.929375,0.436154013487057,1,57,0.1464385215713300,0.3339590827810490,0.3578342817277540,0.8098455738643690,0.2669542549985450,0.13242911,0.4276774,0.16244204,1.829268292682930,3.4545454545454500
0,AI_prompt1,,R,FALSE,Dalle50.png,../data/AI/prompt_1/stimuli_R/Dalle50.png,a drawing of a picture of a geometric design with a square and a rectangle,,Geometric shapes overlapping and intersecting in an abstract composition,,4,0.48871123790741,0.51,49.0,abstract doodle/hard to interpret,,,2,0,1,0,4.77436417311014,11.086875,0.309639353419684,3,34,0.1692173480987550,0.4502266377075520,0.4154214336354800,0.5301418370655820,0.1935285175686590,0.06944071,0.24098997,0.08453469,1.829268292682930,6.705882352941180
0,AI_prompt2,,G,FALSE,Dalle01.png,../data/AI/prompt_2/stimuli_G/Dalle01.png,a drawing of a bottle of liquid sitting on a shelf,,A bottle displayed under a glass dome on a square base,,4,0.599462747573853,0.77,97.0,container,,,2,2,2,1,4.97778770401549,12.54875,0.523892538056844,2,39,0.2189691532272590,0.3969824910163880,0.5373493432998660,0.8041415236310140,0.3053276910743750,0.16011962,0.4393906,0.17421119,150.0,6.388888888888890
0,AI_prompt2,,G,FALSE,Dalle02.png,../data/AI/prompt_2/stimuli_G/Dalle02.png,there is a drawing of a drink with a straw in it,,A can and straws with abstract elements inside,,3,0.608328461647034,0.65,83.0,can,straw,,2,2,3,1,4.70033984029154,7.205625,0.465748123989442,285,21,0.1522148251533510,0.3024891407039500,0.4171192298602590,0.815934507907902,0.3466195870821570,0.16043188,0.59015286,0.24239612,150.0,6.388888888888890
0,AI_prompt2,,G,FALSE,Dalle03.png,../data/AI/prompt_2/stimuli_G/Dalle03.png,drawing of a door and a road with a mountain in the background,,A door in a tunnel with mountains in the background,,4,0.573911368846893,0.65,83.0,door,path,,2,2,3,1,4.85063387754995,8.38125,0.620440309506264,1,24,0.2253288626670840,0.4449620677519460,0.5316205620765690,0.7093004023239160,0.3199014399326400,0.16282041,0.38837892,0.16804032,12.5,6.052631578947370
0,AI_prompt2,,G,FALSE,Dalle04.png,../data/AI/prompt_2/stimuli_G/Dalle04.png,a black and white drawing of a house with a cactus plant,,"Dome-shaped structure with door, surrounded by plants and trees",,5,0.719839215278626,0.76,96.0,door,house,plant(s),2,3,2,0.5,4.56203489224844,13.06375,0.40290151697568,4,35,0.1876207590103150,0.475882351398468,0.482287049293518,0.7018255865593090,0.3469900038368410,0.10557987,0.36074743,0.17989989,12.5,6.052631578947370
0,AI_prompt2,,G,FALSE,Dalle05.png,../data/AI/prompt_2/stimuli_G/Dalle05.png,a drawing of a shelf with books and a computer on it,,Books and objects neatly arranged on a circular shelf,,5,0.645102143287659,0.79,97.0,bookshelf,books,,2,3,2,0.5,4.28967004560093,14.426875,0.611897869232976,2,56,0.2178703546524050,0.4520430401576470,0.52237771518164,0.787314174634631,0.3108187291228930,0.15265155,0.494821,0.13648151,150.0,6.388888888888890
0,AI_prompt2,,G,FALSE,Dalle06.png,../data/AI/prompt_2/stimuli_G/Dalle06.png,drawing of a building with a clock and a man on a slide,,A house inside a glass dome with people outside it,,4,0.598374605178833,0.67,87.0,house,,,2,2,2,0.5,4.5156791123748,10.013125,0.853128839218484,2,30,0.2200082409376940,0.4994503855705260,0.5450821816921230,0.7300824941208080,0.3449766424975290,0.14070016,0.32357597,0.1718419,50.0,6.052631578947370
0,AI_prompt2,,G,FALSE,Dalle07.png,../data/AI/prompt_2/stimuli_G/Dalle07.png,a drawing of a room with a window and a lamp,,Open arched window with two hanging lamps on either side,,5,0.498275935649872,0.55,59.0,doors,lamps,,1,1,2,0.5,4.174279225016,9.428125,0.52597060847739,3,37,0.2305479049682620,0.4806539702805250,0.5578437447547910,0.669913970147092,0.2794931810239470,0.14688317,0.42428643,0.1462898,150.0,6.052631578947370
0,AI_prompt2,,G,FALSE,Dalle08.png,../data/AI/prompt_2/stimuli_G/Dalle08.png,a coloring page of a globe with a bunch of items,,"Objects in front of a globe, including food and electronics",,4,0.702742397785187,0.82,98.0,globe,food,,2,2,3,1,4.20154796123181,13.4325,0.514345041382739,1,41,0.1848940628893240,0.3557800862658060,0.5129815936088560,0.7203913902296090,0.3620398396878190,0.16152856,0.4405118,0.18809924,150.0,6.388888888888890
0,AI_prompt2,,G,FALSE,Dalle09.png,../data/AI/prompt_2/stimuli_G/Dalle09.png,a black and white illustration of a garbage can with a trash can in the background,,"Trash bin with lid and bag beside, lines suggesting motion",,5,0.669320285320282,0.78,97.0,trash container,trashbag,,2,2,2,0.5,4.22495344739557,11.9,0.635425462050849,8,37,0.1702334779361780,0.4007350206375120,0.4520326689491470,0.7487713726966690,0.3771009886932290,0.17458293,0.5618401,0.26671728,150.0,6.388888888888890
0,AI_prompt2,,G,FALSE,Dalle10.png,../data/AI/prompt_2/stimuli_G/Dalle10.png,a drawing of a pineapple with a basket of fruit on it,,Abstract shape resembling a pineapple with curved lines above it,,3,0.502010226249695,0.72,93.0,pineapple,,,2,2,2,0.5,4.5530051832662,7.14625,0.822925843395347,1,16,0.1158553292837530,0.3006810366701450,0.3707263469696050,0.577798572238666,0.3188746966084580,0.11614393,0.36193323,0.20310548,150.0,4.107142857142860
0,AI_prompt2,,G,FALSE,Dalle11.png,../data/AI/prompt_2/stimuli_G/Dalle11.png,a drawing of a cat sitting in a mirror with a cat on a bike,,A simple cat drawing inside a circular frame with plants and bottles,,4,0.674120664596558,0.9,99.0,cat(s),plant(s),,2,2,3,1,5.74264312181577,16.795,0.222644936429238,3,37,0.148491433352741,0.2778626034732970,0.353308618068695,0.6789771106331220,0.3146134146853490,0.1496608,0.37652522,0.21057072,75.0,6.388888888888890
0,AI_prompt2,,G,FALSE,Dalle12.png,../data/AI/prompt_2/stimuli_G/Dalle12.png,a drawing of a small arch with a door and a window,,A dome-shaped structure with a moon and an arched window,,4,0.447772443294525,0.51,49.0,door,moon,,1,1,2,1,4.58510881228515,5.32125,0.753573907009022,1,12,0.1958296065533570,0.4427590702319690,0.4882610440254210,0.5599702164688770,0.3313476838067600,0.13034785,0.3654495,0.20441313,12.5,6.052631578947370
0,AI_prompt2,,G,FALSE,Dalle13.png,../data/AI/prompt_2/stimuli_G/Dalle13.png,a drawing of a sandwich with a knife and fork on a plate,,Bread and knife on a plate,,5,0.497182428836823,0.62,78.0,toast,knife,plate,2,3,2,0.5,4.31145467832351,7.731875,0.697131226981973,3,24,0.2584894895553590,0.4261635370899300,0.5568643808364870,0.7048926315395390,0.2857897985805660,0.20176327,0.5338814,0.19129919,150.0,6.388888888888890
0,AI_prompt2,,G,FALSE,Dalle14.png,../data/AI/prompt_2/stimuli_G/Dalle14.png,a drawing of a small house with a door and a window,,"A domed structure with plants around it, featuring double doors",,5,0.666463792324066,0.73,94.0,door,building,flowers,2,3,3,1,7.29837190904657,25.373125,0.430659051763213,1,78,0.2019531486090190,0.4747738242149350,0.5102847510406510,0.8721439864366520,0.3446447549938850,0.111982964,0.4894151,0.16662598,12.5,6.052631578947370
0,AI_prompt2,,G,FALSE,Dalle15.png,../data/AI/prompt_2/stimuli_G/Dalle15.png,cartoon drawing of a man sleeping in a hamster wheel,,A person with a smiling face resting on a striped circular object,,3,0.500561237335205,0.6,73.0,face(s),abstract doodle/hard to interpret,,1,1,2,0,3.3827848610956,9.058125,0.822140353570241,4,69,0.1912962198257450,0.406847459281905,0.5380844336177240,0.6927402615667420,0.2701584358226520,0.14789024,0.38215232,0.19311069,75.0,6.388888888888890
0,AI_prompt2,,G,FALSE,Dalle16.png,../data/AI/prompt_2/stimuli_G/Dalle16.png,a drawing of a table with a vase and a chair,,Simple drawing of fruits on a table with a circular background,,4,0.570089817047119,0.71,92.0,fruit,table,,2,2,2,0,4.39510105332391,6.683125,0.729514100504183,1,17,0.1370671987533570,0.2911780861371180,0.3476594090461730,0.5567762334668800,0.3435696290223640,0.14419284,0.31576994,0.16518258,150.0,6.388888888888890
0,AI_prompt2,,G,FALSE,Dalle17.png,../data/AI/prompt_2/stimuli_G/Dalle17.png,a black and white drawing of a house with a cactus plant,,A house facade with a tall flower and cactus in pots,,4,0.643608272075653,0.74,95.0,door,plant(s),window,2,3,2,1,5.02340199853189,13.620625,0.55012853470437,3,54,0.1993210315704350,0.4542147950594060,0.5370027422904970,0.7708073054118220,0.3280311257183210,0.14585553,0.4235878,0.15229315,12.5,6.388888888888890
0,AI_prompt2,,G,FALSE,Dalle18.png,../data/AI/prompt_2/stimuli_G/Dalle18.png,a drawing of a fish in a bowl with a plant in it,,"Plant on ornate table with dish, encircled by lines",,4,0.708796739578247,0.89,99.0,plant(s),,,1,1,1,0.5,5.81455697189868,17.73375,0.421925484652666,2,17,0.1767865419387820,0.3844768450686470,0.463636040687561,0.6334630305713520,0.3190934435364770,0.15862107,0.32258567,0.14140335,50.0,6.388888888888890
0,AI_prompt2,,G,FALSE,Dalle19.png,../data/AI/prompt_2/stimuli_G/Dalle19.png,a cartoon train with a bunch of items on the tracks,,Food items and a bottle in front of a large plate,,4,0.719866991043091,0.86,99.0,trash,,,1,1,2,0.5,4.9068021042686,19.2625,0.39440272187876,4,70,0.2230059371587060,0.4433366060256960,0.548108845949173,0.8361653519659010,0.3129836384987830,0.16708538,0.5351036,0.19825083,150.0,6.388888888888890
0,AI_prompt2,,G,FALSE,Dalle20.png,../data/AI/prompt_2/stimuli_G/Dalle20.png,a drawing of a window with a lamp and a plant in a pot,,A faucet and potted plant under an arched window,,4,0.551821053028107,0.62,78.0,plant(s),abstract doodle/hard to interpret,,1,1,3,1,4.30542339410431,8.318125,0.848043676069154,2,21,0.2157997360348840,0.4193336444497360,0.515702873468399,0.68867531351351,0.335671928673999,0.13510934,0.38524514,0.15775344,50.0,6.052631578947370
0,AI_prompt2,,G,FALSE,Dalle21.png,../data/AI/prompt_2/stimuli_G/Dalle21.png,"a drawing of a kitchen with a refrigerator, coffee cup, and other items",,"Coffee shop items inside a circle: cup, pastry, machine, plants, drinks",,4,0.682743787765503,0.77,96.0,cup(s),digital device,,2,2,2,0.5,5.04209008267672,11.895,0.720372509890418,5,20,0.1917517185211180,0.3352117936376270,0.4534310102462770,0.7127031347951850,0.3438640733962190,0.149923,0.39180586,0.18455566,75.0,6.388888888888890
0,AI_prompt2,,G,FALSE,Dalle22.png,../data/AI/prompt_2/stimuli_G/Dalle22.png,a drawing of a house with a magnifying glass over it,,"House inside a circle with trees, clock, and cup",,4,0.757488250732422,0.99,100.0,house,trees,cup,2,3,3,0.5,4.36049507450396,18.768125,0.443501808872998,3,74,0.1849763393402100,0.4190538602221460,0.435765266418457,0.693680958081714,0.3179592641421390,0.1360774,0.32931185,0.1814156,50.0,6.388888888888890
0,AI_prompt2,,G,FALSE,Dalle23.png,../data/AI/prompt_2/stimuli_G/Dalle23.png,a drawing of a door with a bamboo plant in the corner,,"Circular structure with door and small window, plant growing outside",,4,0.577421426773071,0.74,94.0,door,abstract doodle/hard to interpret,,1,1,1,0.5,4.28268644147807,12.2775,0.668082239925024,1,36,0.1996470689773560,0.4366367887448310,0.4662490924074970,0.6320753228872010,0.3824266342676420,0.118135214,0.3792069,0.25055385,12.5,6.052631578947370
0,AI_prompt2,,G,FALSE,Dalle24.png,../data/AI/prompt_2/stimuli_G/Dalle24.png,a drawing of two beds with a table and chairs in the middle,,"Two beds, sun symbol, surrounding plants and objects",,4,0.632914662361145,0.89,99.0,bed(s),sun,,2,2,2,0.5,4.38422818479769,11.901875,0.822836775610222,2,39,0.1813137043305450,0.3662409593534750,0.4655916094779970,0.665034579813233,0.3675121953504980,0.15691948,0.33070868,0.19272944,150.0,6.388888888888890
0,AI_prompt2,,G,FALSE,Dalle25.png,../data/AI/prompt_2/stimuli_G/Dalle25.png,a drawing of a bird cage with a bird inside of it,,Two differently shaped bottles inside a circle with abstract lines,,4,0.545076251029968,0.73,94.0,vase(s),,,1,1,2,0.5,4.34076676094055,8.518125,0.566428101349128,1,28,0.1508799195289610,0.340855996038198,0.4094798388922160,0.7687618995579330,0.3817865166489310,0.11047463,0.45456567,0.1748552,150.0,6.388888888888890
0,AI_prompt2,,G,FALSE,Dalle26.png,../data/AI/prompt_2/stimuli_G/Dalle26.png,a drawing of a building with a door and windows,,A simple house with a large door and two windows,,5,0.538331151008606,0.53,54.0,door,house,windows,2,2,3,1,4.19453049133952,8.10125,0.357522123893805,1,39,0.2188011873482940,0.4133299660679640,0.4833118011541240,0.6396950909556210,0.2792249119347380,0.14282513,0.43440118,0.16928312,12.5,6.052631578947370
0,AI_prompt2,,G,FALSE,Dalle27.png,../data/AI/prompt_2/stimuli_G/Dalle27.png,a drawing of a tent with a window and a door,,Abstract shapes form a geometric structure with a square and curved lines,,3,0.545108497142792,0.59,72.0,abstract doodle/hard to interpret,mountain,,1,1,1,1,4.77698744553382,7.166875,0.794203825049278,2,24,0.154151439666748,0.3947253227233890,0.4119979388712600,0.5464789648969940,0.2972293099089030,0.08691196,0.3191095,0.16466668,2.380952380952380,4.107142857142860
0,AI_prompt2,,G,FALSE,Dalle28.png,../data/AI/prompt_2/stimuli_G/Dalle28.png,a drawing of a tent with a bed and a chair,,A small dome-shaped structure with a door and steps,,5,0.635795474052429,0.79,97.0,door,building,,2,2,2,1,4.37353372948618,12.673125,0.527769110764431,3,39,0.2019255636974820,0.4423324895600220,0.521714448928833,0.799070425180836,0.3250644651709740,0.11725191,0.43988284,0.1874689,12.5,6.052631578947370
0,AI_prompt2,,G,FALSE,Dalle29.png,../data/AI/prompt_2/stimuli_G/Dalle29.png,a drawing of a small house with a cross on the front,,"A hut with a door, windows, and two potted plants",,5,0.651044964790344,0.74,95.0,door,building,plant(s),2,2,2,1,4.40537626444782,17.099375,0.375782038345106,15,47,0.2099470371039470,0.4261991381645200,0.4839491844177250,0.7229319274806160,0.3661742113854860,0.12361224,0.34938833,0.21931335,12.5,6.052631578947370
0,AI_prompt2,,G,FALSE,Dalle30.png,../data/AI/prompt_2/stimuli_G/Dalle30.png,a drawing of a bed with a rail and a pillow,,Bed with semicircle frame extending above the mattress,,4,0.471272945404053,0.59,71.0,abstract doodle/hard to interpret,,,2,0,3,0.5,4.16409353382597,6.554375,0.640183542998556,1,19,0.2359240651130680,0.4644008874893190,0.5554869771003720,0.7756988809808810,0.369347521130025,0.18899325,0.5924128,0.22279803,2.380952380952380,6.388888888888890
0,AI_prompt2,,G,FALSE,Dalle31.png,../data/AI/prompt_2/stimuli_G/Dalle31.png,there is a drawing of a coffee cup with a cactus in it,,A cactus in a mug on a table under an arch,,4,0.63580846786499,0.71,92.0,cup(s),table,,1,1,2,0.5,4.19154362820707,12.928125,0.473401541394774,2,47,0.2035187361527230,0.3863000090807680,0.4622637078447650,0.8070864048567600,0.2747243365676520,0.16261083,0.4975686,0.1620907,75.0,6.388888888888890
0,AI_prompt2,,G,FALSE,Dalle32.png,../data/AI/prompt_2/stimuli_G/Dalle32.png,a drawing of a bird in a cage with a door open,,Hard to interpret,,2,0.670740067958832,0.83,98.0,abstract doodle/hard to interpret,arch,,1,1,3,0.5,4.42477944729426,17.61625,0.451536643026005,3,64,0.2484450936317440,0.4582867895535690,0.6282052584947720,0.7904694461861860,0.3312824877538030,0.0,0.43951058,0.19512029,2.380952380952380,3.1944444444444400
0,AI_prompt2,,G,FALSE,Dalle33.png,../data/AI/prompt_2/stimuli_G/Dalle33.png,a drawing of a window with a bird flying over it,,"Abstract drawing with arch, windows, plants, and butterflies",,4,0.585039615631104,0.65,83.0,painting(s),arch,,1,1,2,0,4.22681894995857,10.66375,0.526873895415324,3,30,0.1326355259039670,0.3371909264198750,0.3508269593366070,0.6237699165472240,0.3076983112622380,0.117504634,0.41071668,0.15219402,150.0,4.107142857142860
0,AI_prompt2,,G,FALSE,Dalle34.png,../data/AI/prompt_2/stimuli_G/Dalle34.png,a black and white drawing of a bus on a road,,A bus with clouds in the background,,5,0.693459331989288,0.72,93.0,bus,clouds,,2,3,4,1,4.63001920436535,19.579375,0.464093119798132,4,58,0.2169278030672010,0.4502672821442640,0.487243815876359,0.8562176679019640,0.3463849506382950,0.20052806,0.66988504,0.19175431,150.0,6.052631578947370
0,AI_prompt2,,G,FALSE,Dalle35.png,../data/AI/prompt_2/stimuli_G/Dalle35.png,"a drawing of a kitchen with a sink, refrigerator and a trash can",,Hard to interpret,,2,0.507610559463501,0.69,90.0,abstract doodle/hard to interpret,,,2,0,2,0.5,4.28864517960733,6.709375,0.79462285287528,4,19,0.2484450936317440,0.4582867895535690,0.6282052584947720,0.6564815949313950,0.2536912407266340,0.0,0.34056917,0.16895612,2.380952380952380,3.1944444444444400
0,AI_prompt2,,G,FALSE,Dalle36.png,../data/AI/prompt_2/stimuli_G/Dalle36.png,coloring pages of a toaster with a slice of cheese in it,,Toaster with a circular background and slices of bread inside,,5,0.68173623085022,0.88,99.0,car,arch,,1,1,2,0.5,4.68886963885901,12.915625,0.551130610867364,4,48,0.2060012221336360,0.3564693735977820,0.5016141831874850,0.7549126380892650,0.4141585505190920,0.16233614,0.529432,0.30683023,150.0,6.388888888888890
0,AI_prompt2,,G,FALSE,Dalle37.png,../data/AI/prompt_2/stimuli_G/Dalle37.png,a drawing of a clock with a toothbrush and a toothbrush in it,,Various tools and objects arranged inside a circular shape,,3,0.504757404327393,0.7,91.0,tooth brush,,,1,1,2,0.5,4.29744273207419,7.79875,0.892538379150303,2,22,0.1733294518793220,0.4369695018818820,0.4739717088333280,0.4807061708448640,0.2482587418825520,0.12511991,0.3887393,0.14615718,150.0,6.388888888888890
0,AI_prompt2,,G,FALSE,Dalle38.png,../data/AI/prompt_2/stimuli_G/Dalle38.png,"a drawing of a shelf with a book, a vase, and a picture",,"Shelf with books, bottles, and framed picture hanging underneath",,4,0.619408965110779,0.86,99.0,shelf,frame,,1,1,2,0.5,4.62002640665228,9.96875,0.885482380359224,1,30,0.2323174476623540,0.4539553360329670,0.5408079624176030,0.5861336288485010,0.3314769960433390,0.16993153,0.31291083,0.16284995,150.0,6.388888888888890
0,AI_prompt2,,G,FALSE,Dalle39.png,../data/AI/prompt_2/stimuli_G/Dalle39.png,a drawing of a bed with a window and a door,,"Abstract illustration featuring circular and rectangular shapes, potentially a vehicle",,3,0.452116906642914,0.59,71.0,abstract doodle/hard to interpret,,,2,0,1,0,4.24044987081679,8.165,0.801190651183302,2,31,0.1308893483347070,0.351456861241366,0.3746674060821530,0.5964839299733300,0.2528762458578520,0.10843551,0.38967127,0.14057085,2.380952380952380,3.7096774193548400
0,AI_prompt2,,G,FALSE,Dalle40.png,../data/AI/prompt_2/stimuli_G/Dalle40.png,a black and white drawing of a circular object with a square in the middle,,Abstract shapes with overlapping circles and lines around a central rectangle,,4,0.617777585983276,0.58,68.0,abstract doodle/hard to interpret,,,2,0,1,0,4.50927015031973,16.363125,0.480513447432763,3,42,0.1330815474342360,0.3457404581153650,0.386421900582966,0.5679637481034900,0.264847868627136,0.07212159,0.37700236,0.15198204,2.380952380952380,4.107142857142860
0,AI_prompt2,,G,FALSE,Dalle41.png,../data/AI/prompt_2/stimuli_G/Dalle41.png,a drawing of a clock with a box and a cup of coffee,,Hard to interpret,,2,0.681833982467651,0.8,98.0,present,abstract doodle/hard to interpret,,1,1,2,0.5,4.6233179988895,16.114375,0.643915182874245,1,46,0.2484450936317440,0.4582867895535690,0.6282052584947720,0.6813530659049860,0.3248465060579790,0.0,0.37268907,0.16622573,150.0,3.1944444444444400
0,AI_prompt2,,G,FALSE,Dalle42.png,../data/AI/prompt_2/stimuli_G/Dalle42.png,drawing of a wine glass and a wine glass on a stand,,Overlapping outline of two wine glasses and an abstract shape,,4,0.540721654891968,0.7,91.0,wine glasses,,,1,1,2,0.5,5.78205794431106,10.52125,0.607351292853554,1,27,0.1611455678939820,0.3383958142517750,0.4268428937699120,0.750549883529152,0.3033906474603840,0.12818372,0.425677,0.15569468,150.0,6.388888888888890
0,AI_prompt2,,G,FALSE,Dalle43.png,../data/AI/prompt_2/stimuli_G/Dalle43.png,a drawing of a bird in a cage with a piece of paper hanging from it,,A butterfly hanging upside down inside a birdcage,,5,0.563052833080292,0.72,93.0,abstract doodle/hard to interpret,,,2,0,1,0,4.23712683356547,12.628125,0.564787388925147,10,52,0.2087880733248010,0.4032762468837570,0.5333529988912930,0.7853159676755410,0.3472044869441540,0.16048858,0.44968528,0.20424108,2.380952380952380,6.388888888888890
0,AI_prompt2,,G,FALSE,Dalle44.png,../data/AI/prompt_2/stimuli_G/Dalle44.png,a drawing of a tent with a window and a door,,A dome-shaped tent with a window and decorative hanging,,5,0.483481556177139,0.5,48.0,door,,,1,1,2,1,4.29958530782385,8.2025,0.787877442273535,1,31,0.1710500470116740,0.3914054088060900,0.4662697156152040,0.804991538846288,0.3688669158409850,0.124899626,0.52333176,0.21026585,12.5,6.052631578947370
0,AI_prompt2,,G,FALSE,Dalle45.png,../data/AI/prompt_2/stimuli_G/Dalle45.png,a drawing of a handbag with a flower on a table,,Hard to interpret,,2,0.55114096403122,0.7,91.0,bag,flowers,,1,1,1,0.5,4.7141523497897,8.934375,0.671719477673272,2,13,0.2484450936317440,0.4582867895535690,0.6282052584947720,0.4603948933535150,0.3018433751314250,0.0,0.29721242,0.15881282,150.0,3.1944444444444400
0,AI_prompt2,,G,FALSE,Dalle46.png,../data/AI/prompt_2/stimuli_G/Dalle46.png,a drawing of a baseball helmet with a bat and glove,,Abstract outline resembling a person with a life preserver,,2,0.523947954177856,0.68,88.0,abstract doodle/hard to interpret,,,2,0,1,0.5,4.14192272730153,8.45625,0.696267584164453,1,24,0.1548037528991700,0.363158445452405,0.4062161268656290,0.7200676555559090,0.3060438955603370,0.13811654,0.4825434,0.21155098,2.380952380952380,6.388888888888890
0,AI_prompt2,,G,FALSE,Dalle47.png,../data/AI/prompt_2/stimuli_G/Dalle47.png,drawing of a person holding a pair of scissors in front of a mirror,,Hard to interpret,,1,0.509926557540894,0.65,83.0,abstract doodle/hard to interpret,,,2,0,2,0.5,4.48336617378465,7.783125,0.663172265834512,2,18,0.2484450936317440,0.4582867895535690,0.6282052584947720,0.4725892982208550,0.3066826796531890,0.0,0.39175493,0.19468102,2.380952380952380,3.1944444444444400
0,AI_prompt2,,G,FALSE,Dalle48.png,../data/AI/prompt_2/stimuli_G/Dalle48.png,a drawing of a bus with a clock on the front of it,,Abstract drawing of a building encircled by lines and shapes,,4,0.667395889759064,0.79,98.0,building,,,1,1,1,0,4.2201090325184,17.176875,0.52380295928683,2,76,0.1235806272279830,0.3603873658295680,0.3266820116828660,0.7139852350002360,0.2847525084682060,0.09485529,0.42799273,0.1540992,150.0,4.107142857142860
0,AI_prompt2,,G,FALSE,Dalle49.png,../data/AI/prompt_2/stimuli_G/Dalle49.png,drawing of a baby crib with a crib and a crib in the background,,Hard to interpret,,3,0.514052152633667,0.72,93.0,abstract doodle/hard to interpret,,,2,0,1,0,4.31659506871324,10.45875,0.716045803739672,5,40,0.2484450936317440,0.4582867895535690,0.6282052584947720,0.7501605323388040,0.2972694210389040,0.0,0.5089389,0.18772084,2.380952380952380,3.1944444444444400
0,AI_prompt2,,G,FALSE,Dalle50.png,../data/AI/prompt_2/stimuli_G/Dalle50.png,a drawing of a city with a rainbow in the middle,,Abstract city skyline within a circular frame,,4,0.565415620803833,0.66,86.0,city,,,1,1,2,0.5,3.85973983160566,11.495,0.720458721409111,1,71,0.183784222119576,0.4379452466964720,0.4773545265197750,0.754372473990358,0.3281548806785460,0.119892314,0.39478406,0.14878576,75.0,6.052631578947370
0,AI_prompt2,,I,FALSE,Dalle01.png,../data/AI/prompt_2/stimuli_I/Dalle01.png,a drawing of a person sitting on a chair with a phone,,A padlock with a video camera attached on top,,4,0.662637650966644,0.75,96.0,abstract doodle/hard to interpret,,,2,0,1,1,4.85156454380665,10.346875,0.283099872657813,8,35,0.1804673671722410,0.3661236385180720,0.4620288931114130,0.6629420679741700,0.3068258885755050,0.17458892,0.3822158,0.19677342,2.380952380952380,18.166666666666700
0,AI_prompt2,,I,FALSE,Dalle02.png,../data/AI/prompt_2/stimuli_I/Dalle02.png,a black and white drawing of a hand holding a purse,,"Padlock with a plant design inside, lines and shapes around",,4,0.599863529205322,0.79,97.0,abstract doodle/hard to interpret,,,2,0,1,1,8.59448914885136,14.7725,0.426020243698021,1,19,0.1096726590590070,0.2518175021355600,0.3198447632882130,0.6532322852897510,0.3094499957494290,0.13080217,0.3825577,0.16724744,2.380952380952380,18.166666666666700
0,AI_prompt2,,I,FALSE,Dalle03.png,../data/AI/prompt_2/stimuli_I/Dalle03.png,a drawing of a bucket with a watering can and a watering hose,,"Bucket with a spout on a stand, decorated with patterns",,4,0.494350641965866,0.64,81.0,watering can,,,1,2,2,0.5,4.48948071439021,7.029375,0.848515812598989,1,17,0.2230122089385990,0.3898372468303810,0.5181843925604580,0.7764047851737970,0.3199612754678820,0.16582045,0.42341906,0.17154367,150.0,3.0277777777777800
0,AI_prompt2,,I,FALSE,Dalle04.png,../data/AI/prompt_2/stimuli_I/Dalle04.png,a drawing of a hat and a bag with a handle,,Abstract representation of a lock within a square border,,3,0.58343768119812,0.63,79.0,abstract doodle/hard to interpret,,,2,0,2,1,4.35770486474863,12.026875,0.368337260396103,2,33,0.1195781302200620,0.2886021137237550,0.2986869455949080,0.6896044940342690,0.262682383739741,0.13874574,0.35752496,0.11489944,2.380952380952380,18.166666666666700
0,AI_prompt2,,I,FALSE,Dalle05.png,../data/AI/prompt_2/stimuli_I/Dalle05.png,cartoon drawing of a man with a microphone and a speaker,,"Stick figure using a tool, connected to a box, with a coiled cable",,4,0.609364151954651,0.7,91.0,person(s),abstract doodle/hard to interpret,,1,1,3,1,5.24903637544109,7.79875,0.498937462052216,2,12,0.1818817745517610,0.355300526478902,0.4503855436810520,0.6503418345955860,0.3664736148684480,0.15707603,0.36181873,0.19919819,7.142857142857140,3.0277777777777800
0,AI_prompt2,,I,FALSE,Dalle06.png,../data/AI/prompt_2/stimuli_I/Dalle06.png,someone is putting a piece of paper in a bag,,Hand placed over a square object within a circle outline,,4,0.464244484901428,0.5,46.0,hand,bag,,2,2,3,1,4.40499073821018,4.600625,0.621917111619629,1,9,0.1836048255202260,0.2869037177235990,0.4215793954384680,0.6604731555886220,0.2887038008622740,0.14688674,0.4469985,0.17727868,75.0,3.0277777777777800
0,AI_prompt2,,I,FALSE,Dalle07.png,../data/AI/prompt_2/stimuli_I/Dalle07.png,a drawing of a man sitting at a table with a cup of coffee,,Abstract face with a plant and two cups below,,4,0.618448913097382,0.66,86.0,cup(s),abstract doodle/hard to interpret,,1,1,1,1,4.31758415919572,6.981875,0.427368751307258,4,19,0.2008436202500080,0.3875834394320920,0.4917882690682050,0.5773841091063370,0.3118614939399500,0.12984325,0.37606087,0.15658867,150.0,3.0277777777777800
0,AI_prompt2,,I,FALSE,Dalle08.png,../data/AI/prompt_2/stimuli_I/Dalle08.png,a drawing of a purse with a shoe on the ground,,Bag design with detailed side view and a small cartoon character,,4,0.516419172286987,0.56,64.0,bag,,,1,1,2,1,4.66085730148824,6.8625,0.822909467864547,2,24,0.1997729539871220,0.4033977807580760,0.495464026927948,0.755375221784458,0.2798839718602020,0.12586942,0.369125,0.11567155,6.818181818181820,8.384615384615390
0,AI_prompt2,,I,FALSE,Dalle09.png,../data/AI/prompt_2/stimuli_I/Dalle09.png,drawing of a bird in a bird bath with a bird on the top,,"Apple under a dome, possibly on a stand or platform",,4,0.496808648109436,0.61,74.0,abstract doodle/hard to interpret,,,2,0,1,1,4.12596056674078,4.178125,0.871061843640607,1,14,0.2241138219833370,0.4207436442375180,0.5335358957328850,0.5545957487502530,0.2770349689769440,0.1755474,0.34678268,0.1662797,2.380952380952380,3.0277777777777800
0,AI_prompt2,,I,FALSE,Dalle10.png,../data/AI/prompt_2/stimuli_I/Dalle10.png,a drawing of a teapot and a cup on a table,,"Teapot with a handle and spout, next to a small, simple ball",,5,0.542924523353577,0.65,83.0,kettle,,,1,1,2,1,4.24466512722158,6.105,0.717067321418375,4,16,0.2187421787534830,0.4277075358542060,0.4998178780187430,0.7594284020413050,0.3291490324419870,0.16762894,0.41139293,0.15935406,75.0,3.0277777777777800
0,AI_prompt2,,I,FALSE,Dalle11.png,../data/AI/prompt_2/stimuli_I/Dalle11.png,drawing of a bag with scissors and a pair of scissors in it,,Abstract shape with a circular element inside a larger form,,3,0.479062676429749,0.64,81.0,abstract doodle/hard to interpret,,,2,0,2,1,4.31880461781327,8.285625,0.660022251066197,2,25,0.1804102063179020,0.3605719804763790,0.4442174169887640,0.5867930517340050,0.3035189725964420,0.12785049,0.39759815,0.16291408,2.380952380952380,3.0277777777777800
0,AI_prompt2,,I,FALSE,Dalle12.png,../data/AI/prompt_2/stimuli_I/Dalle12.png,"a drawing of a bag, a canister, and a canister of eggs",,Bags and a container with rocks and fish-like objects inside,,4,0.607757806777954,0.65,83.0,bag(s),,,1,1,2,1,4.2832334595876,8.775625,0.289074613319215,2,27,0.2303378582000730,0.473733409456414,0.5449813279520670,0.760408192411649,0.3458056833553780,0.16863325,0.3067298,0.142771,6.818181818181820,3.0277777777777800
0,AI_prompt2,,I,FALSE,Dalle13.png,../data/AI/prompt_2/stimuli_I/Dalle13.png,a drawing of a purse with a handle and a handle,,Padlock illustration with a rectangular body and shackle,,5,0.472652763128281,0.63,79.0,abstract doodle/hard to interpret,,,2,0,2,1,4.88165036360542,4.79375,0.543193717277487,1,9,0.1143634319305420,0.2673342227935790,0.3097389155781900,0.5063520874143610,0.226117048395729,0.13854828,0.29501098,0.099706575,2.380952380952380,18.166666666666700
0,AI_prompt2,,I,FALSE,Dalle14.png,../data/AI/prompt_2/stimuli_I/Dalle14.png,there is a drawing of a bag of apples and a apple,,"Two apples with leaves, one inside a container next to dots",,5,0.583210945129395,0.72,93.0,fruit,container,,2,2,2,0.5,4.95850142440583,8.780625,0.529128483261642,3,16,0.2187472581863400,0.3987933218119540,0.4969789389396940,0.6693686730240820,0.3411052493665780,0.18540582,0.35227835,0.18759905,75.0,3.0277777777777800
0,AI_prompt2,,I,FALSE,Dalle15.png,../data/AI/prompt_2/stimuli_I/Dalle15.png,a drawing of a lock and a vase on a table,,"Bottle, box with handle, and a ball on a shelf",,5,0.585816860198975,0.82,98.0,bag,vase,,1,1,2,1,4.74227995340691,10.5925,0.370010475743236,3,28,0.2318524718284610,0.4713475546642410,0.5174201418507010,0.7239765157242120,0.3071324854243050,0.16879466,0.40243095,0.19089998,6.818181818181820,3.0277777777777800
0,AI_prompt2,,I,FALSE,Dalle16.png,../data/AI/prompt_2/stimuli_I/Dalle16.png,a drawing of a bag with a handle and a handle,,One bag inside another bag with a looped handle,,4,0.523921489715576,0.67,87.0,bag,,,1,1,1,1,4.14760254157595,5.648125,0.502097902097902,1,17,0.2569532837299520,0.5278639793396000,0.574534381953812,0.5661153618293960,0.2585689979375270,0.14526716,0.28681737,0.089272395,6.818181818181820,8.384615384615390
0,AI_prompt2,,I,FALSE,Dalle17.png,../data/AI/prompt_2/stimuli_I/Dalle17.png,a drawing of a person sitting on a box with a lamp,,A simple line drawing of a lock and keyhole shape,,4,0.393098413944244,0.49,46.0,abstract doodle/hard to interpret,,,2,0,0,0.5,4.14755638241165,2.57375,0.448338452946104,20,8,0.0657247900962829,0.127562292072908,0.182448912712995,0.4264383927498260,0.1904544019518710,0.12767997,0.33516687,0.14770396,2.380952380952380,18.166666666666700
0,AI_prompt2,,I,FALSE,Dalle18.png,../data/AI/prompt_2/stimuli_I/Dalle18.png,a drawing of a handbag with a handle and a string,,A simple line drawing of a handbag with two handles,,4,0.426362633705139,0.48,41.0,bag,,,2,2,1,1,4.47602478093091,3.9,0.784201760647157,1,12,0.1493973046900430,0.3016875774171220,0.3607350587844850,0.7278245409426180,0.259837414417132,0.07960452,0.25734797,0.0873286,6.818181818181820,8.384615384615390
0,AI_prompt2,,I,FALSE,Dalle19.png,../data/AI/prompt_2/stimuli_I/Dalle19.png,a drawing of a woman ' s face with a bow in a bag,,Line drawing of a handbag with visible handles and a central pocket,,4,0.524279654026032,0.58,68.0,bag,,,2,2,2,1,4.37709943335006,8.37375,0.437245169296224,2,24,0.1637976169586180,0.3373984497010240,0.3884264595254380,0.7070906704283550,0.3085920622887020,0.081086576,0.28671357,0.1080763,6.818181818181820,8.384615384615390
0,AI_prompt2,,I,FALSE,Dalle20.png,../data/AI/prompt_2/stimuli_I/Dalle20.png,a drawing of a handbag with a straw and a drink,,A bag with plants and a drink with straw,,4,0.628219246864319,0.72,93.0,bag,,,1,1,3,1,4.81801352778711,14.16875,0.391940256446386,1,52,0.267622172832489,0.5013885349449080,0.5945608261489370,0.7585790065438490,0.3395716305563510,0.17202449,0.40423155,0.15582922,6.818181818181820,3.0277777777777800
0,AI_prompt2,,I,FALSE,Dalle21.png,../data/AI/prompt_2/stimuli_I/Dalle21.png,a drawing of a handbag with a handle on a white background,,A simple drawing of a handbag with two handles,,5,0.506397366523743,0.57,66.0,bag,,,2,2,2,1,4.97125743404764,5.33,0.873904680487284,2,10,0.1722206473350530,0.3101481199264530,0.3901685839790940,0.6999471669578230,0.2600464814479590,0.08245841,0.38094237,0.09891274,6.818181818181820,8.384615384615390
0,AI_prompt2,,I,FALSE,Dalle22.png,../data/AI/prompt_2/stimuli_I/Dalle22.png,a drawing of a man holding a bowl and a spoon,,"A bucket hanging inside a simple, stylized well or structure",,4,0.510980844497681,0.62,77.0,abstract doodle/hard to interpret,,,2,0,2,1,4.50588785112343,3.946875,0.748941536798487,1,9,0.1712427735328670,0.3149029800237990,0.3936516046524050,0.6614797414176520,0.2822243421870240,0.16400978,0.36985475,0.14853372,2.380952380952380,3.0277777777777800
0,AI_prompt2,,I,FALSE,Dalle23.png,../data/AI/prompt_2/stimuli_I/Dalle23.png,there is a drawing of a bird in a cage,,Hard to interpret,,1,0.563793301582336,0.74,95.0,abstract doodle/hard to interpret,,,2,0,1,1,5.75202771645517,8.205,0.566785439137134,2,23,0.2403619289398190,0.4900698357862130,0.6021846532821660,0.6246645338984650,0.3046122503382760,0.0,0.37417433,0.16305792,2.380952380952380,2.5952380952381000
0,AI_prompt2,,I,FALSE,Dalle24.png,../data/AI/prompt_2/stimuli_I/Dalle24.png,a drawing of a circular arch with a circular object on it,,"Abstract geometric shapes with arches, a circle, and straight lines",,4,0.538324594497681,0.6,72.0,bag,arch,,1,1,1,0.5,3.91947551755693,9.73625,0.369637999581502,1,31,0.1189223527908330,0.3093920946121220,0.3449502381712050,0.5624489876485780,0.2549408007522710,0.09544471,0.4427123,0.21190755,6.818181818181820,4.739130434782610
0,AI_prompt2,,I,FALSE,Dalle25.png,../data/AI/prompt_2/stimuli_I/Dalle25.png,a drawing of a purse with a handle on a white background,,Drawing of a handbag with a large rectangular pocket,,5,0.512535929679871,0.58,67.0,bag,,,2,1,2,1,4.7870080706889700,9.040625,0.398514228154117,1,22,0.1800959002914470,0.3458718462548210,0.4337766170501710,0.6268734994643890,0.3020668883373610,0.094802655,0.2787915,0.11724202,6.818181818181820,8.384615384615390
0,AI_prompt2,,I,FALSE,Dalle26.png,../data/AI/prompt_2/stimuli_I/Dalle26.png,a drawing of a suitcase with a smile on it,,Smiling square object with a handle and legs on a grid,,4,0.514790952205658,0.66,85.0,bag,smiley face,,1,1,3,1,4.6623586755584,7.2375,0.342611848770863,2,16,0.199771976498124,0.33860119215257,0.4585991228461780,0.6094303411523070,0.3232418911569080,0.14903757,0.3627922,0.19928412,6.818181818181820,3.0277777777777800
0,AI_prompt2,,I,FALSE,Dalle27.png,../data/AI/prompt_2/stimuli_I/Dalle27.png,cartoon drawing of a man in a bathtub with a towel and a fish,,Hard to interpret,,2,0.647562384605408,0.67,87.0,abstract doodle/hard to interpret,,,2,0,1,0.5,4.97071252814965,7.7975,0.780067998300043,3,14,0.2403619289398190,0.4900698357862130,0.6021846532821660,0.6234822774728120,0.3526179043711410,0.0,0.30278188,0.21078193,2.380952380952380,2.5952380952381000
0,AI_prompt2,,I,FALSE,Dalle28.png,../data/AI/prompt_2/stimuli_I/Dalle28.png,a drawing of a hot air balloon with a string tied to it,,Hot air balloon with ropes and basket in outline drawing,,4,0.591772019863129,0.64,82.0,abstract doodle/hard to interpret,,,2,0,1,0.5,4.5298553959813,7.4925,0.764848730142669,1,22,0.1902936697006230,0.3174861466135420,0.4447024199543930,0.7871525073034810,0.3968952633574330,0.16932085,0.47626773,0.2715757,2.380952380952380,3.0277777777777800
0,AI_prompt2,,I,FALSE,Dalle29.png,../data/AI/prompt_2/stimuli_I/Dalle29.png,a drawing of a white bag with a handle and a handle,,Hard to interpret,,2,0.518502950668335,0.44,33.0,bag,writing,,1,1,2,1,4.5744466854482,5.171875,0.611983842010772,3,10,0.2403619289398190,0.4900698357862130,0.6021846532821660,0.6002840851276310,0.4993970170776640,0.0,0.2708651,0.38760957,6.818181818181820,2.5952380952381000
0,AI_prompt2,,I,FALSE,Dalle30.png,../data/AI/prompt_2/stimuli_I/Dalle30.png,there is a clock that is sitting in a box,,Circular object with line and dots on a rectangular base with diagonal lines,,3,0.526103734970093,0.58,67.0,abstract doodle/hard to interpret,,,2,0,1,1,4.46862581950629,3.97125,0.856215457496272,8,11,0.1597072482109070,0.3313308555681010,0.3759243040175030,0.6304669986426070,0.2714304477022850,0.14075293,0.40297365,0.15433352,2.380952380952380,3.0277777777777800
0,AI_prompt2,,I,FALSE,Dalle31.png,../data/AI/prompt_2/stimuli_I/Dalle31.png,a drawing of a bag with a handle and a ball inside,,A rectangular handbag with vertical stripes and a rounded handle,,4,0.545618057250977,0.63,80.0,bag,,,2,2,2,1,4.1556415435405,7.391875,0.638197076340011,1,24,0.2128140330314640,0.447150707244873,0.5196841955184940,0.6124461400471920,0.2752331123316560,0.10014801,0.3662077,0.105702855,6.818181818181820,8.384615384615390
0,AI_prompt2,,I,FALSE,Dalle32.png,../data/AI/prompt_2/stimuli_I/Dalle32.png,a drawing of a umbrella with a chain hanging from it,,"Umbrella with raindrops falling around it; some are inside, others outside",,4,0.582959055900574,0.58,69.0,umbrella,rain,,2,2,3,0.5,4.52871987431315,10.2625,0.422876277758195,2,40,0.2340907314961700,0.406841737235836,0.5002596676194860,0.8139724227559520,0.2857999122463150,0.20061085,0.6084042,0.18151554,150.0,3.0277777777777800
0,AI_prompt2,,I,FALSE,Dalle33.png,../data/AI/prompt_2/stimuli_I/Dalle33.png,a drawing of a bag with a hat on top of it,,A shopping bag and a cupcake with frosting,,5,0.618096172809601,0.7,91.0,bag,pineapple,,2,2,2,1,8.4645249857123,15.36125,0.241587025774689,2,20,0.2551936799056860,0.4690626543201590,0.5760417237256920,0.7453870937519400,0.3871223121863690,0.17938188,0.37403333,0.18462737,6.818181818181820,3.0277777777777800
0,AI_prompt2,,I,FALSE,Dalle34.png,../data/AI/prompt_2/stimuli_I/Dalle34.png,cartoon drawing of a man running with a stick in his hand,,"Person with a book, sitting with legs stretched out",,4,0.465483784675598,0.61,74.0,legs,abstract doodle/hard to interpret,,1,1,1,0.5,4.83344147381856,4.999375,0.633965686645,2,8,0.246654987335205,0.5372346821935170,0.5845722556114200,0.6625019197028500,0.335714172757917,0.14692621,0.31065264,0.16961744,150.0,9.909090909090910
0,AI_prompt2,,I,FALSE,Dalle35.png,../data/AI/prompt_2/stimuli_I/Dalle35.png,a drawing of a lantern and a trash can on a table,,Street lamp post with a trash can and curved pole,,5,0.525282323360443,0.69,90.0,booth,trashcan,,1,1,2,0.5,4.80258207397795,7.479375,0.644914538932264,3,24,0.2001587629223590,0.4159549970573140,0.5237191007304720,0.773453231734181,0.2699064638074680,0.18606758,0.4878139,0.16524516,150.0,3.0277777777777800
0,AI_prompt2,,I,FALSE,Dalle36.png,../data/AI/prompt_2/stimuli_I/Dalle36.png,a drawing of a purse with a handle and a hook,,"Handbag with a clasp and long strap, abstract design elements",,4,0.452618807554245,0.53,56.0,bag,,,2,2,2,1,4.4891445723790500,4.30625,0.721537857983523,2,11,0.2103861570358280,0.4484305381774900,0.5101803237092290,0.5256698806550690,0.230963631191469,0.110461354,0.37703812,0.11477339,6.818181818181820,8.384615384615390
0,AI_prompt2,,I,FALSE,Dalle37.png,../data/AI/prompt_2/stimuli_I/Dalle37.png,a close up of a black and white drawing of a bag,,Minimalist outline of a shopping bag with handle,,5,0.500714898109436,0.5,47.0,bag,,,1,1,1,1,4.12319542326154,4.14,0.450983606557377,2,15,0.1840648651123050,0.3680330922613470,0.4388973116874700,0.6052662856623890,0.2736563273183420,0.115745984,0.2782597,0.113199614,6.818181818181820,8.384615384615390
0,AI_prompt2,,I,FALSE,Dalle38.png,../data/AI/prompt_2/stimuli_I/Dalle38.png,a drawing of a toaster with a toaster on top of it,,"A box, possibly with a handle, featuring a central oval shape",,4,0.52013111114502,0.57,64.0,abstract doodle/hard to interpret,,,2,0,1,1,4.59155228943487,5.311875,0.643499636851221,5,16,0.1850491166114810,0.3705668449401860,0.4602129781119230,0.668445706772246,0.2598923996788790,0.14584418,0.38672256,0.17636189,2.380952380952380,3.0277777777777800
0,AI_prompt2,,I,FALSE,Dalle39.png,../data/AI/prompt_2/stimuli_I/Dalle39.png,a drawing of a bird cage with gloves and a glove,,Hands near a birdcage or dome-like structure,,3,0.592199742794037,0.66,86.0,hand(s),platter with lid,,1,1,3,1,4.22012814657186,12.268125,0.416880335434829,1,34,0.1901888847351070,0.3915588674413820,0.4982209504711050,0.7153872062645000,0.3429612247933980,0.15894745,0.44931784,0.2128013,75.0,3.0277777777777800
0,AI_prompt2,,I,FALSE,Dalle40.png,../data/AI/prompt_2/stimuli_I/Dalle40.png,a drawing of a light bulb with a fist in it,,"Lightbulb with hand inside, surrounded by stylized lines",,5,0.692302227020264,0.76,96.0,light bulb,,,2,3,3,0.5,4.53812113870998,8.975625,0.567643849912243,12,22,0.154223084449768,0.3478847742080690,0.3992940545502860,0.7280212698615550,0.3068589311395570,0.15446116,0.45430574,0.16368051,150.0,3.0277777777777800
0,AI_prompt2,,I,FALSE,Dalle41.png,../data/AI/prompt_2/stimuli_I/Dalle41.png,a drawing of a lock with a spoon on it,,A padlock with an inserted key shown in a simple drawing,,5,0.534238219261169,0.59,72.0,lock,,,1,1,2,1,4.52106287965185,5.503125,0.6740294057863,2,11,0.0993184388090094,0.2441532386587030,0.2591551542282100,0.5932341756140350,0.2759457538407650,0.14041086,0.42955464,0.16855113,150.0,18.166666666666700
0,AI_prompt2,,I,FALSE,Dalle42.png,../data/AI/prompt_2/stimuli_I/Dalle42.png,a drawing of a handbag with a handle and a strap,,A handbag with vertical stripes and two handles,,5,0.575827240943909,0.6,73.0,bag,,,2,2,2,1,4.91514861878292,8.8825,0.735059847660501,1,25,0.2215075492858890,0.4573355751435630,0.5570312108378870,0.7669142681014240,0.3230206171337770,0.09389887,0.3061815,0.11788906,6.818181818181820,8.384615384615390
0,AI_prompt2,,I,FALSE,Dalle43.png,../data/AI/prompt_2/stimuli_I/Dalle43.png,a drawing of a bird cage with a bird inside of it,,A lantern with a geometric dome and vertical bars,,5,0.512034177780151,0.57,67.0,abstract doodle/hard to interpret,,,2,0,1,1,4.10975716567107,6.938125,0.715985565200429,1,22,0.1837486624717710,0.3701472690745370,0.429593597078704,0.660150187627561,0.2975487480636920,0.1626434,0.40486655,0.18786585,2.380952380952380,3.0277777777777800
0,AI_prompt2,,I,FALSE,Dalle44.png,../data/AI/prompt_2/stimuli_I/Dalle44.png,a drawing of a teapot with a handle and a handle,,Abstract lines and shapes resembling a teapot or kettle,,4,0.550089478492737,0.64,82.0,kettle,,,1,0,1,1,4.19776371368299,10.105625,0.415102770330652,3,28,0.1481173038482670,0.2964715538305960,0.4137754440307620,0.7371432126823120,0.3078383713657330,0.123664856,0.48695225,0.1745958,75.0,3.0277777777777800
0,AI_prompt2,,I,FALSE,Dalle45.png,../data/AI/prompt_2/stimuli_I/Dalle45.png,a drawing of a car with a steering wheel and a steering wheel,,Line drawing of a camera with overlapping shapes,,4,0.616397142410278,0.7,92.0,abstract doodle/hard to interpret,,,2,0,1,1,3.92372039323314,10.794375,0.441192411924119,1,46,0.1796661508282320,0.3438894553151560,0.3192783999873150,0.7076037377930970,0.2961094090027300,0.16433565,0.47747225,0.17902462,2.380952380952380,4.739130434782610
0,AI_prompt2,,I,FALSE,Dalle46.png,../data/AI/prompt_2/stimuli_I/Dalle46.png,a drawing of a table with a vase on it and a candle on top,,"Structural design with vase, circular object, and columns",,4,0.546887636184692,0.65,83.0,table,,,1,1,2,0.5,4.10662370772008,6.39375,0.476624743197875,1,25,0.1629354260602320,0.4631379682760820,0.4521940946578980,0.840127050836403,0.2881788649614860,0.14881705,0.61034226,0.19773419,150.0,3.0277777777777800
0,AI_prompt2,,I,FALSE,Dalle47.png,../data/AI/prompt_2/stimuli_I/Dalle47.png,a drawing of a bag with a handle and a handle,,"Tote bag with handles and open top, minimal empty design",,5,0.490728735923767,0.54,58.0,bag,,,1,1,2,1,4.32096380869356,7.694375,0.654810718031849,1,41,0.2405606508255010,0.4707356533627410,0.4985861182212830,0.7166128042449440,0.3041230656151150,0.14568524,0.34673595,0.14121142,6.818181818181820,8.384615384615390
0,AI_prompt2,,I,FALSE,Dalle48.png,../data/AI/prompt_2/stimuli_I/Dalle48.png,"there is a drawing of a kitchen set with a kettle, a basket, and a bottle",,Containers and shapes possibly representing bottles and boxes of personal care products,,4,0.623989284038544,0.75,95.0,bag,,,1,1,2,1,5.17332670802779,12.04125,0.394262212183528,5,40,0.1969698071479800,0.3831693942299300,0.4846285888774030,0.7377313163298640,0.3484805267770320,0.16150203,0.37410653,0.19134411,6.818181818181820,3.0277777777777800
0,AI_prompt2,,I,FALSE,Dalle49.png,../data/AI/prompt_2/stimuli_I/Dalle49.png,a drawing of a handbag with a handle and a handle,,Basket with a handle and a rectangular base,,4,0.606025338172913,0.71,92.0,bag,,,2,2,2,1,5.30166194433399,14.58375,0.451503491520593,1,39,0.2290870547294620,0.3716601763659850,0.5343433022499080,0.706884615754634,0.3230508132455830,0.15872017,0.32215983,0.14414838,6.818181818181820,3.0277777777777800
0,AI_prompt2,,I,FALSE,Dalle50.png,../data/AI/prompt_2/stimuli_I/Dalle50.png,cartoon of a man in a crib with a cat in it,,Object resembling a sundae in a cup and an arrow below,,4,0.507065534591675,0.57,67.0,bag,,,1,1,1,1,4.1052204816716,5.81,0.771546391752577,4,22,0.2067128296665640,0.3690009117126470,0.4500445455286170,0.6685306263433810,0.2728198897853470,0.16912186,0.36768275,0.15612161,6.818181818181820,3.0277777777777800
0,AI_prompt2,,R,FALSE,Dalle01.png,../data/AI/prompt_2/stimuli_R/Dalle01.png,a drawing of a chair with a straw and a glass,,Swing seat under a simple frame next to a tall cylinder,,4,0.533534407615662,0.670000016689301,87.0,abstract doodle/hard to interpret,,,2,0,1,0,4.44236176295411,10.299375,0.533845632274833,1,33,0.2247038349685750,0.4556817683983890,0.5487837522497020,0.7414445417129640,0.2940533623596310,0.1802565,0.37828824,0.1625733,1.829268292682930,5.181818181818180
0,AI_prompt2,,R,FALSE,Dalle02.png,../data/AI/prompt_2/stimuli_R/Dalle02.png,there is a drawing of a vase with a plant on it,,"Two overhead shower heads with water flowing, and a cup on top",,4,0.547843873500824,0.670000016689301,88.0,abstract doodle/hard to interpret,,,2,0,2,1,4.51308747023662,8.9,0.488418495705734,1,24,0.2670515457330240,0.5138203501701360,0.5415902137756350,0.8639263312491230,0.2850770370585900,0.21144748,0.58725226,0.16243365,1.829268292682930,5.181818181818180
0,AI_prompt2,,R,FALSE,Dalle03.png,../data/AI/prompt_2/stimuli_R/Dalle03.png,a drawing of a desk with drawers and a shelf,,A desk or cabinet with multiple drawers and a flat top,,5,0.63437807559967,0.810000002384186,98.0,dresser,,,2,3,1,0.5,4.321618677486,17.96625,0.221123976277888,1,80,0.2480100841516190,0.4555603265762330,0.5139845771179700,0.8760096224411440,0.3087438312975910,0.1720222,0.68804085,0.16491799,150.0,5.181818181818180
0,AI_prompt2,,R,FALSE,Dalle04.png,../data/AI/prompt_2/stimuli_R/Dalle04.png,cartoon of a man sitting at a desk with a computer and a wheel chair,,"Person at desk with computer, drink, and bowl",,4,0.715389311313629,0.879999995231628,99.0,desk,display,plant,2,3,1,0.5,4.59046665691317,21.65,0.333478671608168,4,83,0.2711871104724920,0.492701753756456,0.5485101073092280,0.863260208315786,0.3006008561808390,0.16836926,0.45114994,0.13345182,75.0,5.181818181818180
0,AI_prompt2,,R,FALSE,Dalle05.png,../data/AI/prompt_2/stimuli_R/Dalle05.png,someone holding a book with a picture of a person in it,,Person holding paper with a drawing of a potted plant and flower,,4,0.580084323883057,0.699999988079071,91.0,mobile phone,hand,,2,2,2,1,6.47979708707197,12.050625,0.547423474298916,1,30,0.1867300868034360,0.3737877607345580,0.4571578775142350,0.7498470744768770,0.3305525361697230,0.15463607,0.41565666,0.18406379,150.0,5.181818181818180
0,AI_prompt2,,R,FALSE,Dalle06.png,../data/AI/prompt_2/stimuli_R/Dalle06.png,a drawing of a trash can with a broom and a trash can,,"A shredder with paper being shredded, hanging cord above",,4,0.456678807735443,0.5799999833107,68.0,abstract doodle/hard to interpret,,,2,0,1,0.5,5.89344563529214,19.145625,0.796898265869471,1,83,0.2274614165792190,0.4367175698280330,0.5336368402026190,0.7467441471203940,0.2747452680210430,0.19936451,0.42941976,0.1428659,1.829268292682930,11.4
0,AI_prompt2,,R,FALSE,Dalle07.png,../data/AI/prompt_2/stimuli_R/Dalle07.png,a drawing of a table and chair with a vase on top,,"Chair, table with vase, and a cube-like frame structure",,5,0.655848324298859,0.680000007152557,89.0,chair,abstract doodle/hard to interpret,,2,1,3,1,4.92885677452986,9.799375,0.449024516574586,3,32,0.2031205650424230,0.4156502311125460,0.4783522771806870,0.8739275749916710,0.3257035519190390,0.123001635,0.43664104,0.15805872,37.5,5.181818181818180
0,AI_prompt2,,R,FALSE,Dalle08.png,../data/AI/prompt_2/stimuli_R/Dalle08.png,a black and white drawing of a boat with a sail in the water,,"Umbrella and paper boat with raindrops, sitting on a wavy surface",,5,0.599616527557373,0.740000009536743,95.0,abstract doodle/hard to interpret,,,2,0,3,1,5.83981133807608,14.234375,0.329882409263637,8,37,0.2181523908285850,0.4161790957344110,0.4828002452850340,0.7938953961678480,0.3068618671221800,0.17815197,0.5277412,0.20048106,1.829268292682930,11.4
0,AI_prompt2,,R,FALSE,Dalle09.png,../data/AI/prompt_2/stimuli_R/Dalle09.png,a drawing of a roll of paper with a pair of scissors,,Hard to interpret,,2,0.482119232416153,0.620000004768372,78.0,abstract doodle/hard to interpret,,,2,0,1,0.5,4.54018281241906,19.49,0.734182194616977,2,79,0.2441710088151080,0.4869130696926430,0.6253225468387480,0.6905080186430020,0.2775422946676630,0.0,0.480728,0.16127296,1.829268292682930,3.081081081081080
0,AI_prompt2,,R,FALSE,Dalle10.png,../data/AI/prompt_2/stimuli_R/Dalle10.png,there is a drawing of a person standing in a box,,Hard to interpret,,2,0.494247615337372,0.5799999833107,67.0,abstract doodle/hard to interpret,,,2,0,2,0,4.14916145419577,5.961875,0.222225006107148,1,15,0.2441710088151080,0.4869130696926430,0.6253225468387480,0.6068220134157280,0.2621239538438900,0.0,0.31050828,0.17973132,1.829268292682930,3.081081081081080
0,AI_prompt2,,R,FALSE,Dalle11.png,../data/AI/prompt_2/stimuli_R/Dalle11.png,a drawing of a bag hanging from a pole with a handle,,Hard to interpret,,1,0.431711167097092,0.569999992847443,66.0,abstract doodle/hard to interpret,,,2,0,1,0,4.29149692637623,6.129375,0.478384739254304,1,13,0.2441710088151080,0.4869130696926430,0.6253225468387480,0.6952358743232040,0.2956458273390750,0.0,0.38605747,0.18233834,1.829268292682930,3.081081081081080
0,AI_prompt2,,R,FALSE,Dalle12.png,../data/AI/prompt_2/stimuli_R/Dalle12.png,a drawing of a machine with a bunch of sticks on it,,"Many vertical lines resembling sticks or poles, with decorative top design",,4,0.68871009349823,0.740000009536743,95.0,abstract doodle/hard to interpret,,,2,0,1,0.5,5.4380113867003,17.281875,0.490966400950184,1,72,0.1332390904426570,0.280424909617,0.3704153299331670,0.7305498484554440,0.3720338471736770,0.13776729,0.51686835,0.25052768,1.829268292682930,3.4545454545454500
0,AI_prompt2,,R,FALSE,Dalle13.png,../data/AI/prompt_2/stimuli_R/Dalle13.png,a drawing of a television and a remote control on a bed,,"Abstract shapes resembling a TV, gaming console, and drink container",,3,0.566004991531372,0.730000019073486,94.0,abstract doodle/hard to interpret,,,2,0,2,1,4.11435786551011,10.62125,0.500162813415826,1,50,0.1756681695182210,0.3331984877586370,0.3771751972645710,0.7817538030152260,0.2879118956279090,0.11637284,0.47413892,0.1393158,1.829268292682930,3.4545454545454500
0,AI_prompt2,,R,FALSE,Dalle14.png,../data/AI/prompt_2/stimuli_R/Dalle14.png,a drawing of a chair with a ladder and a chair in front of it,,Hard to interpret,,2,0.499419152736664,0.759999990463257,96.0,bottle,arch,,1,0,2,0.5,4.20235032804139,31.06625,0.46007352331463,3,173,0.2441710088151080,0.4869130696926430,0.6253225468387480,0.8494890672266570,0.3022476408167400,0.0,0.48802415,0.15758441,75.0,3.081081081081080
0,AI_prompt2,,R,FALSE,Dalle15.png,../data/AI/prompt_2/stimuli_R/Dalle15.png,there is a drawing of a cup and a mug on a table,,"A frame, a bowl with handles, and a mug",,5,0.347210049629211,0.509999990463257,50.0,frame,bowl,cup,2,1,3,1,4.14601961808474,4.786875,0.221882498887893,1,14,0.2486165761947630,0.4537266763285790,0.4807694686147080,0.6942801023452980,0.2619864446396350,0.1561662,0.44208097,0.1626058,37.5,5.181818181818180
0,AI_prompt2,,R,FALSE,Dalle16.png,../data/AI/prompt_2/stimuli_R/Dalle16.png,a drawing of a table and chairs with a vase on it,,Chairs and a table with bags or containers on top,,4,0.707455396652222,0.800000011920929,98.0,chair(s),window,plant(s),2,3,3,1,4.35206964088306,14.33375,0.386064030131827,2,58,0.2336575249637630,0.4558285474777220,0.5608941316604610,0.8750313042920090,0.2953150157146380,0.14189127,0.4962326,0.14283796,37.5,5.181818181818180
0,AI_prompt2,,R,FALSE,Dalle17.png,../data/AI/prompt_2/stimuli_R/Dalle17.png,a drawing of a glass of wine with a stem,,Glass or cup with a spiral base design,,4,0.536370933055878,0.490000009536743,45.0,glass,,,1,1,3,1,4.41738881181844,5.8225,0.289473684210526,8,18,0.2236135931475590,0.4629542667554100,0.5129840679755240,0.7763996376724010,0.2970770679552930,0.17179435,0.4460004,0.18709561,150.0,3.4545454545454500
0,AI_prompt2,,R,FALSE,Dalle18.png,../data/AI/prompt_2/stimuli_R/Dalle18.png,a drawing of a basketball hoop with a net and a ball,,Geometric shapes resembling a basketball net and scattered cubes,,4,0.514039397239685,0.540000021457672,58.0,abstract doodle/hard to interpret,,,2,0,1,1,4.65568014588411,10.134375,0.415367777484243,1,30,0.1621688411034480,0.3310610452610560,0.4173100839442050,0.8121785917763880,0.3013326134295470,0.118774675,0.42801923,0.20616154,1.829268292682930,3.4545454545454500
0,AI_prompt2,,R,FALSE,Dalle19.png,../data/AI/prompt_2/stimuli_R/Dalle19.png,a line drawing of a bed with a person on it,,Hard to interpret,,2,0.590287327766419,0.689999997615814,90.0,bed,painting,,1,1,1,0.5,4.66434620391736,10.145625,0.582919204873357,3,36,0.2441710088151080,0.4869130696926430,0.6253225468387480,0.5499295461769260,0.2900677177796560,0.0,0.4352606,0.19449545,150.0,3.081081081081080
0,AI_prompt2,,R,FALSE,Dalle20.png,../data/AI/prompt_2/stimuli_R/Dalle20.png,a drawing of a book with a tree in it,,A book with a small plant growing from it,,5,0.602123618125916,0.689999997615814,90.0,book,tree,,1,1,2,0.5,4.13887571525542,14.606875,0.460937291616655,1,69,0.2222206592559810,0.4266510009765630,0.5611259544902390,0.751515686248619,0.3194937334729290,0.16336074,0.38245314,0.15468985,150.0,5.181818181818180
0,AI_prompt2,,R,FALSE,Dalle21.png,../data/AI/prompt_2/stimuli_R/Dalle21.png,there is a drawing of a hanging basket with a monkey on it,,"Boat suspended between branches, suggesting an imaginative flying contraption",,4,0.553201735019684,0.709999978542328,92.0,abstract doodle/hard to interpret,,,2,0,1,0.5,4.6511312269622,10.080625,0.222772933622089,1,34,0.1930529360143570,0.4236347079277040,0.5178667604923250,0.7621444813583460,0.236691227329657,0.17504735,0.47037444,0.16745575,1.829268292682930,11.4
0,AI_prompt2,,R,FALSE,Dalle22.png,../data/AI/prompt_2/stimuli_R/Dalle22.png,a drawing of a window with a bird flying out of it,,"A window frame showing sky, clouds, and lines suggesting fields",,5,0.60516345500946,0.610000014305115,76.0,window,,,2,2,2,0.5,4.17767544752123,14.661875,0.494074131958011,2,60,0.1666221519337790,0.3859641782024000,0.3979215263081500,0.743912767669993,0.2966121434532140,0.15537402,0.48674107,0.16848318,75.0,11.4
0,AI_prompt2,,R,FALSE,Dalle23.png,../data/AI/prompt_2/stimuli_R/Dalle23.png,drawing of a chair with a shelf and a chair seat,,A simple sketch of a rectangular chair with a circular element,,4,0.547360301017761,0.600000023841858,74.0,abstract doodle/hard to interpret,,,2,0,0,0,4.67982760004379,7.724375,0.556663065894137,2,27,0.1778338339526790,0.3555057048797610,0.3566760633394740,0.7569755361155490,0.2388092664617370,0.13842666,0.406598,0.14345022,1.829268292682930,5.181818181818180
0,AI_prompt2,,R,FALSE,Dalle24.png,../data/AI/prompt_2/stimuli_R/Dalle24.png,a drawing of a table with utensils and a computer,,Hard to interpret,,2,0.653174877166748,0.769999980926514,96.0,table,frame,,1,2,1,0.5,5.49536443504532,18.374375,0.340199185151652,3,66,0.2441710088151080,0.4869130696926430,0.6253225468387480,0.8392313220551300,0.3360600158996200,0.0,0.48457432,0.1815106,75.0,3.081081081081080
0,AI_prompt2,,R,FALSE,Dalle25.png,../data/AI/prompt_2/stimuli_R/Dalle25.png,a black and white drawing of a desk with a computer and a lamp,,"Workspace with monitor, lamp, books, and desk accessories",,5,0.667377650737763,0.930000007152557,99.0,desk,display,lamp,2,3,1,0.5,4.66232059692364,19.4475,0.324340188703857,2,66,0.2514720559120180,0.50241084404024,0.585193102669304,0.7721102469415180,0.302216088521689,0.16453281,0.45650873,0.12170605,75.0,5.181818181818180
0,AI_prompt2,,R,FALSE,Dalle26.png,../data/AI/prompt_2/stimuli_R/Dalle26.png,there are two pencils and a sign on a white background,,Tablet and stylus with geometric design and pattern,,4,0.477932453155518,0.490000009536743,44.0,pen,abstract doodle/hard to interpret,,1,1,2,1,4.69231575009892,10.56375,0.676669893514037,2,49,0.1770243644714360,0.323733110650366,0.4372496865540550,0.5954534168361910,0.3126138282144760,0.15045944,0.5358378,0.22122045,150.0,3.4545454545454500
0,AI_prompt2,,R,FALSE,Dalle27.png,../data/AI/prompt_2/stimuli_R/Dalle27.png,a drawing of a window with a clock on it and a window sill,,Hard to interpret,,2,0.586284756660461,0.699999988079071,91.0,abstract doodle/hard to interpret,,,1,1,1,0.5,4.26467857419621,13.181875,0.550065240823736,2,46,0.2441710088151080,0.4869130696926430,0.6253225468387480,0.7299725727582220,0.3320891446327720,0.0,0.41532364,0.18782087,1.829268292682930,3.081081081081080
0,AI_prompt2,,R,FALSE,Dalle28.png,../data/AI/prompt_2/stimuli_R/Dalle28.png,a drawing of a picture frame and a chair with a table,,Abstract shapes resembling furniture and geometric forms,,3,0.498508214950562,0.689999997615814,90.0,abstract doodle/hard to interpret,,,2,0,1,0.5,4.31052843084425,9.471875,0.478972725788012,2,36,0.1460693478584290,0.3968982100486760,0.394799517965255,0.7384890978425740,0.3207066440275070,0.07724279,0.41642532,0.16611283,1.829268292682930,3.4545454545454500
0,AI_prompt2,,R,FALSE,Dalle29.png,../data/AI/prompt_2/stimuli_R/Dalle29.png,a drawing of a chair and a table with a plant on it,,Chair with table and plant near it,,5,0.639304399490356,0.699999988079071,91.0,chair,plant,table,2,2,1,0.5,4.56607598522163,14.393125,0.323780217487678,1,51,0.2331110100083930,0.4858243465423580,0.5700712883557400,0.8966700561050010,0.2731885180234260,0.12262535,0.5234227,0.12968013,37.5,5.181818181818180
0,AI_prompt2,,R,FALSE,Dalle30.png,../data/AI/prompt_2/stimuli_R/Dalle30.png,there is a drawing of a glass with a liquid inside,,Geometric shapes with a small detached oval above,,4,0.544856309890747,0.550000011920929,60.0,abstract doodle/hard to interpret,,,2,0,2,0,5.52964599454665,9.7325,0.528407340580029,2,25,0.1569132115296580,0.34918389623261,0.3459473458497120,0.7032699823110760,0.248414316883476,0.10854043,0.38616794,0.16521381,1.829268292682930,3.4545454545454500
0,AI_prompt2,,R,FALSE,Dalle31.png,../data/AI/prompt_2/stimuli_R/Dalle31.png,a drawing of a window with a pair of scissors in it,,"Open window with curtains tied back, object hanging in the middle",,5,0.585538625717163,0.779999971389771,97.0,window,curtains,,2,2,3,1,4.08792251565183,16.321875,0.35437176893684,1,65,0.221934768922947,0.4854323863983150,0.49464145270833,0.8194493223095010,0.294279614794023,0.15630472,0.4932402,0.1471787,75.0,11.4
0,AI_prompt2,,R,FALSE,Dalle32.png,../data/AI/prompt_2/stimuli_R/Dalle32.png,a drawing of a drawing of a person with a hat on,,Hard to interpret,,2,0.506663024425507,0.569999992847443,65.0,abstract doodle/hard to interpret,,,2,0,2,1,4.32601224673719,5.825625,0.413133402275078,5,21,0.2441710088151080,0.4869130696926430,0.6253225468387480,0.7130587672887850,0.1955432685496830,0.0,0.38704142,0.1514915,1.829268292682930,3.081081081081080
0,AI_prompt2,,R,FALSE,Dalle33.png,../data/AI/prompt_2/stimuli_R/Dalle33.png,a drawing of a table and a chair with a bag on it,,Hard to interpret,,2,0.557386338710785,0.839999973773956,98.0,abstract doodle/hard to interpret,,,2,0,1,0.5,4.30268193636379,11.78875,0.387898895235489,3,29,0.2441710088151080,0.4869130696926430,0.6253225468387480,0.7388449424794400,0.3244486804354670,0.0,0.47788543,0.19914876,1.829268292682930,3.081081081081080
0,AI_prompt2,,R,FALSE,Dalle34.png,../data/AI/prompt_2/stimuli_R/Dalle34.png,there is a drawing of a crib with birds on it,,Hard to interpret,,2,0.68682861328125,0.709999978542328,92.0,abstract doodle/hard to interpret,,,2,0,1,0,4.94821463973411,12.950625,0.518306539853548,2,39,0.2441710088151080,0.4869130696926430,0.6253225468387480,0.8170422824254960,0.3051171181087030,0.0,0.5387214,0.19939789,1.829268292682930,3.081081081081080
0,AI_prompt2,,R,FALSE,Dalle35.png,../data/AI/prompt_2/stimuli_R/Dalle35.png,there is a drawing of a basket of fruit and a shopping cart,,Basket with fruit and vegetables on a table or counter,,3,0.59593790769577,0.759999990463257,96.0,abstract doodle/hard to interpret,,,2,0,2,0.5,4.37744316627465,13.47625,0.52137076747787,1,71,0.2496018708226780,0.4176053404808040,0.5645930805559800,0.7922917229799640,0.3157693609884570,0.16112907,0.49147883,0.16358776,1.829268292682930,5.181818181818180
0,AI_prompt2,,R,FALSE,Dalle36.png,../data/AI/prompt_2/stimuli_R/Dalle36.png,a drawing of a chair and a table with a sign,,"Chair, stack of books, cup, and easel with blank canvas",,5,0.645841300487518,0.759999990463257,96.0,frame,cup,abstract doodle/hard to interpret,1,1,4,1,4.75899382452171,12.99125,0.296532178454288,1,31,0.1892865783401370,0.3502986237495720,0.4782325910468440,0.7470986070309210,0.30234427019143,0.13969818,0.40237802,0.13506408,37.5,5.181818181818180
0,AI_prompt2,,R,FALSE,Dalle37.png,../data/AI/prompt_2/stimuli_R/Dalle37.png,a drawing of a kitchen sink with a window and a sink,,Window with slatted shutters and a hanging object above,,5,0.709780633449554,0.839999973773956,99.0,abstract doodle/hard to interpret,,,2,0,1,0,5.25930648939386,15.558125,0.398534659889694,2,52,0.2206570374574030,0.4318998456001280,0.5060098178398360,0.821627606329223,0.2809416158704390,0.15036818,0.4366994,0.14135572,1.829268292682930,11.4
0,AI_prompt2,,R,FALSE,Dalle38.png,../data/AI/prompt_2/stimuli_R/Dalle38.png,a drawing of a bench with a table and a bookcase,,Abstract geometric shapes resembling shelves and a table with wheels,,3,0.615451574325562,0.72000002861023,93.0,abstract doodle/hard to interpret,,,2,0,1,0.5,4.45477559826762,17.63625,0.438981069292684,1,77,0.1713958774333090,0.4069158434867860,0.405523503155916,0.8278544921351440,0.2772755287805810,0.10001631,0.49548537,0.15188733,1.829268292682930,3.4545454545454500
0,AI_prompt2,,R,FALSE,Dalle39.png,../data/AI/prompt_2/stimuli_R/Dalle39.png,a drawing of a man standing on a platform with a machine,,"Table with glass, containers, and background objects, possibly kitchen setting",,4,0.609831809997559,0.8299999833107,98.0,table,lamp,glass,1,1,1,0.5,4.27830927438902,17.255,0.389492051182629,1,62,0.2115995035648880,0.4717899560928350,0.524038614275372,0.8245266238562440,0.28489200554489,0.12853198,0.48479518,0.16022737,75.0,5.181818181818180
0,AI_prompt2,,R,FALSE,Dalle40.png,../data/AI/prompt_2/stimuli_R/Dalle40.png,a drawing of a computer with a keyboard and a monitor,,A computer with wings and a drink icon on the screen,,4,0.759143948554993,1.0,100.0,display,desk,,2,2,1,0.5,5.68357424186187,26.54625,0.32677203373463,1,73,0.222398267841441,0.4519558548927310,0.4799479973269680,0.8394955405843590,0.3675362841006550,0.1805232,0.46839246,0.21422653,75.0,5.181818181818180
0,AI_prompt2,,R,FALSE,Dalle41.png,../data/AI/prompt_2/stimuli_R/Dalle41.png,there is a computer monitor and keyboard on a desk,,"A computer monitor, keyboard, and mouse with connected wires",,5,0.567168235778809,0.730000019073486,94.0,display,keyboard,computer mouse,2,2,1,0.5,5.76716739832457,11.93375,0.549618320610687,1,39,0.2293447715434550,0.4621679186820980,0.5439411590046710,0.8154523527518230,0.2973504661159310,0.19538452,0.45534477,0.15619914,75.0,5.181818181818180
0,AI_prompt2,,R,FALSE,Dalle42.png,../data/AI/prompt_2/stimuli_R/Dalle42.png,there is a drawing of a desk with a mirror and a vase,,"Various objects, including bottles and candles, placed on a sill with a mirror",,4,0.555535554885864,0.72000002861023,93.0,plant,candle,vase,2,2,2,1,4.71994677616755,11.155,0.457998295475599,1,35,0.2098737233952430,0.5115078091621400,0.5185208927703430,0.7677155137693840,0.2877520755389730,0.15738262,0.41760093,0.13128544,50.0,5.181818181818180
0,AI_prompt2,,R,FALSE,Dalle43.png,../data/AI/prompt_2/stimuli_R/Dalle43.png,a drawing of a bench and a lamp in a room,,"Bench with cushions, potted plant, floor lamp, and window backdrop",,5,0.637213110923767,0.740000009536743,95.0,bench,plant,lamp,2,2,1,0.5,5.30412201350945,14.528125,0.436697018834976,4,45,0.2360999443471450,0.4550608234125620,0.552354534180866,0.8255476116384930,0.2685922770514710,0.14558691,0.4935049,0.148531,150.0,5.181818181818180
0,AI_prompt2,,R,FALSE,Dalle44.png,../data/AI/prompt_2/stimuli_R/Dalle44.png,"a drawing of a desk with a computer, pen, and glasses",,"A table with a mirror, plant, and small items",,5,0.601162433624268,0.839999973773956,98.0,frame,plant,,2,2,1,0.5,4.8404696067158,15.2175,0.217821003512819,2,34,0.2099148976904220,0.5289588570594790,0.5342480540275570,0.8250018718969860,0.2907485104199530,0.12593508,0.4640971,0.16263205,37.5,5.181818181818180
0,AI_prompt2,,R,FALSE,Dalle45.png,../data/AI/prompt_2/stimuli_R/Dalle45.png,drawing of a bed with a pillow and a headphone in a box,,"Person lying in bed, view from the foot, blanket covering body",,4,0.597064852714539,0.689999997615814,90.0,abstract doodle/hard to interpret,,,2,0,1,0.5,4.14339588865301,10.451875,0.512687427912342,1,38,0.2614007436394240,0.4851109981536870,0.5649940708276070,0.8362789711994140,0.2643309417763850,0.21165106,0.50805414,0.1613082,1.829268292682930,11.4
0,AI_prompt2,,R,FALSE,Dalle46.png,../data/AI/prompt_2/stimuli_R/Dalle46.png,a drawing of a chair in a room with a window,,Chair in front of a rectangular frame or window,,4,0.57549262046814,0.639999985694885,81.0,chair,,,1,1,3,0.5,4.43881182713235,10.224375,0.474306149420819,1,38,0.2313645068351190,0.3914260864257810,0.5192204725277700,0.8257314429623640,0.2340807866379320,0.14046487,0.4183086,0.12238886,37.5,5.181818181818180
0,AI_prompt2,,R,FALSE,Dalle47.png,../data/AI/prompt_2/stimuli_R/Dalle47.png,a drawing of a potted plant on a table with a watering can,,Potted plant on a table with two pots on a shelf,,5,0.690044522285461,0.860000014305115,99.0,plant(s),shelf,,2,2,3,1,4.84156238125948,17.504375,0.436974789915966,4,77,0.2655271133466280,0.4919193093824790,0.5694272004875150,0.7790134156984540,0.3098231572640870,0.15514724,0.44223872,0.15341444,50.0,5.181818181818180
0,AI_prompt2,,R,FALSE,Dalle48.png,../data/AI/prompt_2/stimuli_R/Dalle48.png,a drawing of a tall tower with a door and a window,,"Tall, open framework structure resembling a tower with multiple levels",,4,0.552029609680176,0.649999976158142,83.0,abstract doodle/hard to interpret,,,2,0,1,0.5,6.01447261316872,24.03625,0.533157819837769,1,94,0.2061011072336950,0.5248949527740480,0.5021462143746730,0.8626437941150820,0.2942369036465110,0.17892006,0.544521,0.16567521,1.829268292682930,3.4545454545454500
0,AI_prompt2,,R,FALSE,Dalle49.png,../data/AI/prompt_2/stimuli_R/Dalle49.png,a drawing of a bottle of water on a block,,"A bottle with an abstract pattern, placed on a block",,5,0.534698307514191,0.670000016689301,88.0,bottle,,,1,1,2,1,4.24852538351332,9.82125,0.528846535636292,2,53,0.1741188064742780,0.3573246598243710,0.479350209236145,0.8304289678008620,0.304364422947734,0.14510337,0.6559987,0.17254767,75.0,3.4545454545454500
0,AI_prompt2,,R,FALSE,Dalle50.png,../data/AI/prompt_2/stimuli_R/Dalle50.png,a drawing of a picture frame with a sun in the background,,A painting on an easel with a sun in the background,,4,0.58497542142868,0.699999988079071,91.0,frame,sun,,2,2,1,0.5,5.38278376983589,11.36,0.472863053081832,1,38,0.1909155618052950,0.4701260363905350,0.5039875807754740,0.6852465562069040,0.298365978483057,0.17423499,0.4508791,0.16840173,37.5,11.4
0,AI_prompt3,,G,FALSE,Dalle01.png,../data/AI/prompt_3/stimuli_G/Dalle01.png,a drawing of a person in a helmet with a microphone,,Person with short hair inside a circular shape,,4,0.608577907085419,0.63,81.0,person(s),,,2,2,2,0,4.37525541978361,8.808125,0.677355676434462,1,17,0.1867905855178830,0.3568288492211350,0.5104968997984200,0.6660347916845290,0.2891132494449000,0.1340899,0.29866475,0.16694942,5.555555555555560,6.388888888888890
0,AI_prompt3,,G,FALSE,Dalle02.png,../data/AI/prompt_3/stimuli_G/Dalle02.png,a drawing of a man with a halo and a pair of scissors,,Human figure with circular elements and lines above and around it,,4,0.703879594802856,0.76,96.0,person(s),,,2,1,2,0.5,4.87647512003592,13.04375,0.635250533718448,2,36,0.1623597145080570,0.319018820494974,0.4066584817578180,0.7207803796594510,0.2687939043363540,0.106121086,0.3325534,0.14074187,5.555555555555560,3.7096774193548400
0,AI_prompt3,,G,FALSE,Dalle03.png,../data/AI/prompt_3/stimuli_G/Dalle03.png,a black and white drawing of a clock with a face on it,,Hard to interpret,,3,0.623185098171234,0.85,99.0,person(s),,,2,1,1,0,5.42529337535546,13.835,0.554652213188799,4,23,0.2484450936317440,0.4582867895535690,0.6282052584947720,0.5383927100925920,0.2976712333360730,0.0,0.28467804,0.16184992,5.555555555555560,3.1944444444444400
0,AI_prompt3,,G,FALSE,Dalle04.png,../data/AI/prompt_3/stimuli_G/Dalle04.png,a drawing of a man with a knife and fork in his hand,,A person resting their head on crossed arms with a circular line above,,4,0.646853625774384,0.78,97.0,person(s),,,2,3,2,0.5,4.91662457445028,13.243125,0.634276445082197,1,30,0.1728804111480710,0.4430333209941780,0.4697979530631880,0.7560502455693280,0.3136728583295910,0.14226732,0.35473964,0.17227308,5.555555555555560,6.388888888888890
0,AI_prompt3,,G,FALSE,Dalle05.png,../data/AI/prompt_3/stimuli_G/Dalle05.png,a drawing of a man and woman in a circle with a cross,,Three abstract figures inside concentric circles with a horizontal line,,4,0.550272941589356,0.74,95.0,person(s),,,2,1,2,0.5,4.26862792255577,10.4975,0.83044783010157,1,20,0.1388411521911620,0.3565966891228160,0.3891424536705020,0.5007990652482890,0.3388607635715850,0.09273267,0.32735544,0.16608073,5.555555555555560,3.7096774193548400
0,AI_prompt3,,G,FALSE,Dalle06.png,../data/AI/prompt_3/stimuli_G/Dalle06.png,a close up of a bird in a cage with a plant inside,,Bird sitting on a branch inside a glass bell jar,,5,0.553906917572022,0.73,94.0,bird,cage,,2,2,2,0.5,6.02359184910162,12.156875,0.488595926390348,2,13,0.2276427515638690,0.4252756237983700,0.546451720383865,0.6906647667824380,0.3292397611538470,0.1775172,0.48291856,0.18522456,75.0,6.388888888888890
0,AI_prompt3,,G,FALSE,Dalle07.png,../data/AI/prompt_3/stimuli_G/Dalle07.png,a drawing of a man with a nose and a nose ring,,Overlapping outlines of two faces in profile view,,5,0.53583037853241,0.69,89.0,person(s),,,2,3,3,1,4.60308215602889,6.859375,0.758353851565248,2,13,0.2251354455947880,0.5685987215398970,0.5022464096546170,0.7349973967618520,0.2957245252217790,0.17267546,0.48915067,0.18483727,5.555555555555560,3.7096774193548400
0,AI_prompt3,,G,FALSE,Dalle08.png,../data/AI/prompt_3/stimuli_G/Dalle08.png,a drawing of a man and woman standing in a doorway,,Silhouettes of two figures inside an arch-like structure,,4,0.51779979467392,0.58,68.0,person(s),arch,,1,1,1,0.5,4.22414474772015,6.695625,0.629897073880476,1,18,0.1764942407608030,0.3837855136074820,0.5147847831249240,0.6294034514208070,0.3067507235717970,0.124573305,0.40049466,0.1701614,5.555555555555560,6.052631578947370
0,AI_prompt3,,G,FALSE,Dalle09.png,../data/AI/prompt_3/stimuli_G/Dalle09.png,a close up of a bird in a circle with a person in it,,Abstract bird-like figure within a circle with minimalistic lines,,4,0.508225023746491,0.65,83.0,bird,,,1,1,2,0,5.30545571628647,8.261875,0.871996749123787,1,10,0.1318407654762270,0.3452819791604260,0.3628548383712770,0.523398144587216,0.2899166528810550,0.09007658,0.25517315,0.16375525,75.0,3.7096774193548400
0,AI_prompt3,,G,FALSE,Dalle10.png,../data/AI/prompt_3/stimuli_G/Dalle10.png,a drawing of a man in a suit with a tie and a hat,,Abstract figures in a protective embrace within a circular shape,,4,0.540406882762909,0.61,74.0,person(s),arch,,2,2,1,0.5,4.18382485703265,8.493125,0.809387092747472,1,24,0.1665220260620120,0.3771710210195490,0.4575349526862780,0.5757740541206790,0.2880043456951790,0.09329611,0.29002577,0.14307417,5.555555555555560,3.7096774193548400
0,AI_prompt3,,G,FALSE,Dalle11.png,../data/AI/prompt_3/stimuli_G/Dalle11.png,a drawing of a man and woman standing in front of a mannequin,,Three abstract human-like figures standing inside a circular frame,,4,0.604195296764374,0.77,96.0,creature(s),,,2,2,2,0.5,4.45997541693426,10.16375,0.839530859450106,1,29,0.1921912431716920,0.4163191144561500,0.4930993612467850,0.6264505820600320,0.3286664495907590,0.11418424,0.27687865,0.15704927,150.0,3.7096774193548400
0,AI_prompt3,,G,FALSE,Dalle12.png,../data/AI/prompt_3/stimuli_G/Dalle12.png,a drawing of a man falling off a building with a hammer,,Abstract geometric shapes and lines within a circle,,4,0.528463125228882,0.71,92.0,abstract doodle/hard to interpret,,,2,0,1,0,4.79988688219549,11.144375,0.756316573962991,1,28,0.1372366886507470,0.3378145102692680,0.3932900247958310,0.5769236071709560,0.3359815899885610,0.058012325,0.271308,0.18281093,2.380952380952380,4.107142857142860
0,AI_prompt3,,G,FALSE,Dalle13.png,../data/AI/prompt_3/stimuli_G/Dalle13.png,a drawing of a woman with a cup of coffee in her hand,,"Two abstract faces facing each other, surrounded by swirls and curves",,4,0.621922612190247,0.72,93.0,person(s),kissing,,2,2,3,0.5,4.28014468922331,11.33,0.61407133904678,1,37,0.1800079345703130,0.3860622461456730,0.4843846405859180,0.6515848169423000,0.365370302961558,0.10687636,0.28273782,0.18879953,5.555555555555560,3.7096774193548400
0,AI_prompt3,,G,FALSE,Dalle14.png,../data/AI/prompt_3/stimuli_G/Dalle14.png,a drawing of a person with a light bulb above their head,,Abstract figure with a circular head and radiating lines above,,4,0.543693363666534,0.67,87.0,person(s),,,2,1,2,0,4.35273483667315,7.94625,0.584940883634101,4,15,0.158533682910579,0.3998152315341210,0.3900627908129330,0.4969514971412310,0.2755303422715710,0.0971228,0.2882394,0.14952996,5.555555555555560,3.7096774193548400
0,AI_prompt3,,G,FALSE,Dalle15.png,../data/AI/prompt_3/stimuli_G/Dalle15.png,drawing of a couple of birds with a heart in a circle,,Abstract figures with heart symbol and circular elements,,4,0.541910171508789,0.67,86.0,abstract doodle/hard to interpret,,,2,0,1,0,4.02337276796484,8.359375,0.906869891760548,1,27,0.1633045576033250,0.3504271909721850,0.4272940158843990,0.634933617796112,0.3545564291873520,0.08826868,0.28175023,0.14018463,2.380952380952380,3.7096774193548400
0,AI_prompt3,,G,FALSE,Dalle16.png,../data/AI/prompt_3/stimuli_G/Dalle16.png,a drawing of a man and a woman in a circle,,Hard to interpret,,2,0.609859585762024,0.88,99.0,person(s),,,1,1,1,0.5,4.37383329602876,10.99125,0.653444371393089,1,29,0.2484450936317440,0.4582867895535690,0.6282052584947720,0.579363344984517,0.2901449325810700,0.0,0.2588851,0.11902028,5.555555555555560,3.1944444444444400
0,AI_prompt3,,G,FALSE,Dalle17.png,../data/AI/prompt_3/stimuli_G/Dalle17.png,a drawing of a man standing next to a woman on a surfboard,,Two abstract human figures stretching or exercising within a circle,,4,0.507966279983521,0.65,83.0,person(s),,,2,1,2,0.5,4.28237174002928,5.7475,0.849848923968675,1,12,0.1830178499221800,0.4461052252681620,0.482195302313426,0.6079289157691800,0.3334338925842600,0.10501907,0.26298928,0.20712996,5.555555555555560,3.7096774193548400
0,AI_prompt3,,G,FALSE,Dalle18.png,../data/AI/prompt_3/stimuli_G/Dalle18.png,a black and white image of a person holding a dog in a circle,,Abstract labyrinth with horse and two human figures intertwined,,3,0.617464542388916,0.93,99.0,abstract doodle/hard to interpret,,,2,0,1,0.5,4.8217569636915,24.26375,0.525290875688916,1,78,0.1942101005190540,0.4824876035001160,0.4925488829612730,0.6130704511840170,0.3137926348625510,0.12832025,0.34192693,0.15422618,2.380952380952380,3.7096774193548400
0,AI_prompt3,,G,FALSE,Dalle19.png,../data/AI/prompt_3/stimuli_G/Dalle19.png,a drawing of a man playing a game of basketball with a bat,,Hard to interpret,,1,0.569509863853455,0.55,60.0,abstract doodle/hard to interpret,,,2,0,2,0.5,4.47957999563674,9.02875,0.535411584735602,2,26,0.2484450936317440,0.4582867895535690,0.6282052584947720,0.5356607731293480,0.2567715573728370,0.0,0.30165988,0.15382469,2.380952380952380,3.1944444444444400
0,AI_prompt3,,G,FALSE,Dalle20.png,../data/AI/prompt_3/stimuli_G/Dalle20.png,there is a drawing of a man and a woman standing in a doorway,,Two people walking and one bent over within archway,,4,0.55028909444809,0.71,92.0,person(s),animal,arch,2,2,2,0.5,4.33628889843202,8.075,0.5394879022786,2,18,0.2402852630445190,0.524324611554283,0.603340530196396,0.6615275722011990,0.3521226556534200,0.15852077,0.33855903,0.21629548,5.555555555555560,6.052631578947370
0,AI_prompt3,,G,FALSE,Dalle21.png,../data/AI/prompt_3/stimuli_G/Dalle21.png,drawing of a man and a woman sitting in a chair,,Abstract figures of two people inside a circular shape,,4,0.620831489562988,0.69,90.0,person(s),painting,,1,2,2,0,4.68877282930613,10.568125,0.670682013154132,1,27,0.1694447297188790,0.4303078481646730,0.4697444438934330,0.6630052825506400,0.3592199745925340,0.07968463,0.28357667,0.18032405,5.555555555555560,3.7096774193548400
0,AI_prompt3,,G,FALSE,Dalle22.png,../data/AI/prompt_3/stimuli_G/Dalle22.png,a drawing of a woman holding a candle in her hand,,Abstract shapes forming a figure with flowing elements inside a circle,,3,0.560912489891052,0.74,95.0,abstract doodle/hard to interpret,,,2,0,2,0,4.30758932318704,7.21375,0.642653093024464,1,18,0.1535803584110510,0.3654254892722050,0.401780366897583,0.5797260609677660,0.2559386715513150,0.08436882,0.36027795,0.13965885,2.380952380952380,3.7096774193548400
0,AI_prompt3,,G,FALSE,Dalle23.png,../data/AI/prompt_3/stimuli_G/Dalle23.png,a black and white drawing of a bird in a cage,,Abstract geometric figure with two flowers inside a circle,,4,0.623868107795715,0.83,98.0,abstract doodle/hard to interpret,flowers,,1,1,2,0.5,4.4685495518766,12.85625,0.622406511083023,4,28,0.1610911392515200,0.3936203537470210,0.4321556091308590,0.5975301015077120,0.3326673524271030,0.09220513,0.27148795,0.16932759,2.380952380952380,4.107142857142860
0,AI_prompt3,,G,FALSE,Dalle24.png,../data/AI/prompt_3/stimuli_G/Dalle24.png,a drawing of a black and white image of a clock,,Hard to interpret,,2,0.520354092121124,0.66,85.0,abstract doodle/hard to interpret,,,2,0,1,0.5,4.52107130213875,7.03875,0.660374501589865,2,20,0.2484450936317440,0.4582867895535690,0.6282052584947720,0.503822661998858,0.2485736719999900,0.0,0.30198234,0.15011844,2.380952380952380,3.1944444444444400
0,AI_prompt3,,G,FALSE,Dalle25.png,../data/AI/prompt_3/stimuli_G/Dalle25.png,a drawing of a man and a woman in a circle,,Hard to interpret,,3,0.571984469890595,0.66,86.0,abstract doodle/hard to interpret,,,2,0,1,0,4.27920317465932,9.545,0.623267007898037,13,21,0.2484450936317440,0.4582867895535690,0.6282052584947720,0.5241937590864720,0.2880686390659700,0.0,0.23014311,0.14104803,2.380952380952380,3.1944444444444400
0,AI_prompt3,,G,FALSE,Dalle26.png,../data/AI/prompt_3/stimuli_G/Dalle26.png,drawing of a man standing in a circle with a baby in it,,"Abstract figures arranged around central small figure, encircled by a border",,3,0.634359955787659,0.75,95.0,person(s),,,2,1,1,0,4.78311313567201,9.0325,0.665835622226917,3,10,0.1524588374818050,0.3608326125393090,0.407031774520874,0.5887966235018830,0.3446338650601710,0.098605745,0.35541677,0.19172867,5.555555555555560,3.7096774193548400
0,AI_prompt3,,G,FALSE,Dalle27.png,../data/AI/prompt_3/stimuli_G/Dalle27.png,a drawing of a man holding a microphone in a circle,,"Person with halo and flute, standing within a circle",,3,0.546428442001343,0.7,91.0,person(s),,,2,2,2,0.5,4.66807602144485,7.8225,0.724587450209508,2,11,0.2033997774124150,0.4665563543604720,0.5586771965026860,0.5541562254413650,0.321613116282767,0.14684318,0.24958429,0.21619749,5.555555555555560,6.388888888888890
0,AI_prompt3,,G,FALSE,Dalle28.png,../data/AI/prompt_3/stimuli_G/Dalle28.png,a black and white image of a monkey with a knife and fork,,Abstract depiction of a monkey inside a circle,,5,0.687829375267029,0.94,99.0,person(s),,,1,1,2,0.5,8.21319782385888,24.0325,0.528236859077717,1,26,0.164754678919631,0.3800699979171090,0.4399245643570750,0.6091585504170750,0.3568449846676350,0.107029416,0.26568684,0.19800289,5.555555555555560,3.7096774193548400
0,AI_prompt3,,G,FALSE,Dalle29.png,../data/AI/prompt_3/stimuli_G/Dalle29.png,a black and white logo of two people holding hands,,Two abstract figures facing each other with a book below,,3,0.52934056520462,0.66,84.0,person(s),silhouette,,2,1,2,0.5,5.30464782029448,9.09625,0.811741160773849,1,13,0.2030946966296740,0.4420305324205910,0.4967104792594910,0.4688890200926530,0.3030489708327410,0.13048819,0.24011476,0.13308486,5.555555555555560,3.7096774193548400
0,AI_prompt3,,G,FALSE,Dalle30.png,../data/AI/prompt_3/stimuli_G/Dalle30.png,a drawing of a man with a bucket and a cane,,Abstract figure with a hat and pipe standing by a cylindrical object,,3,0.609580099582672,0.66,85.0,person(s),,,2,1,3,0.5,4.405193793195390,8.858125,0.484119049450127,2,21,0.1659891605377200,0.3978361903976260,0.4767675995826720,0.6505467261319770,0.2990985259657260,0.1377906,0.3640033,0.2372056,5.555555555555560,6.388888888888890
0,AI_prompt3,,G,FALSE,Dalle31.png,../data/AI/prompt_3/stimuli_G/Dalle31.png,a black and white drawing of a no dogs allowed sign,,Two figures inside a circle engaged in a sport activity,,4,0.517360091209412,0.78,97.0,abstract doodle/hard to interpret,person(s),,1,1,1,0.5,4.41762877182601,9.655625,0.708698501105742,1,19,0.2026128052107790,0.52287957072258,0.5608852970863970,0.5784349998917860,0.3586560197458750,0.12133732,0.23388405,0.19358036,2.380952380952380,3.7096774193548400
0,AI_prompt3,,G,FALSE,Dalle32.png,../data/AI/prompt_3/stimuli_G/Dalle32.png,a drawing of a person sitting on a chair with a laptop,,Hard to interpret,,1,0.561048686504364,0.67,87.0,abstract doodle/hard to interpret,person(s),,1,1,1,0,4.33786681088181,6.908125,0.660940226876091,1,13,0.2484450936317440,0.4582867895535690,0.6282052584947720,0.6747063557855520,0.2982795171300620,0.0,0.35019732,0.17534342,2.380952380952380,3.1944444444444400
0,AI_prompt3,,G,FALSE,Dalle33.png,../data/AI/prompt_3/stimuli_G/Dalle33.png,a black and white logo with a stylized image of a person in a circle,,"Abstract symbol featuring circles, lines, and a sun-like motif in a circle",,3,0.6451336145401,0.8,98.0,abstract doodle/hard to interpret,pattern,,2,0,1,0,4.07378653159741,8.825,0.539675174013921,1,30,0.1464035336490170,0.3773416095179800,0.3973762392997740,0.576447166624438,0.293025053358527,0.08764039,0.36361474,0.13496199,2.380952380952380,3.7096774193548400
0,AI_prompt3,,G,FALSE,Dalle34.png,../data/AI/prompt_3/stimuli_G/Dalle34.png,a drawing of two faces with a cross and a cross on the other side,,Two abstract human faces connected with geometric lines and shapes,,4,0.679896593093872,0.76,96.0,person(s),,,2,2,2,0.5,4.31210028645084,12.983125,0.647313821040988,1,53,0.1627258062362670,0.3748786263131680,0.4659368436411770,0.6805985020489840,0.3208000768661780,0.09620874,0.33045614,0.17244938,5.555555555555560,3.7096774193548400
0,AI_prompt3,,G,FALSE,Dalle35.png,../data/AI/prompt_3/stimuli_G/Dalle35.png,a drawing of a drawing of a person holding a pair of scissors,,Hard to interpret,,1,0.675966143608093,0.88,99.0,playing card,,,1,2,4,1,4.76120309865984,9.754375,0.50218839951106,1,21,0.2484450936317440,0.4582867895535690,0.6282052584947720,0.6834225282443850,0.2689610182389610,0.0,0.37896568,0.19054607,150.0,3.1944444444444400
0,AI_prompt3,,G,FALSE,Dalle36.png,../data/AI/prompt_3/stimuli_G/Dalle36.png,a drawing of a tall tower with a clock on top,,Hard to interpret,,2,0.62833845615387,0.81,98.0,abstract doodle/hard to interpret,,,2,0,1,0,7.40883676485424,13.21625,0.461447628773856,1,17,0.2484450936317440,0.4582867895535690,0.6282052584947720,0.5884778457418020,0.2672508195695460,0.0,0.3353994,0.13048112,2.380952380952380,3.1944444444444400
0,AI_prompt3,,G,FALSE,Dalle37.png,../data/AI/prompt_3/stimuli_G/Dalle37.png,a drawing of two cats with glasses and a cane,,"Two stylized cats sitting with a circle and letters ""AL"" above",,5,0.668764710426331,0.84,98.0,cat(s),,,2,2,2,0.5,4.73890640336651,12.095625,0.46491741448823,2,29,0.2035634517669680,0.4029825747901970,0.4791565227005780,0.5766619747549060,0.3682855521435510,0.16773319,0.32642594,0.23516484,75.0,6.388888888888890
0,AI_prompt3,,G,FALSE,Dalle38.png,../data/AI/prompt_3/stimuli_G/Dalle38.png,a drawing of a group of people standing around a circle,,"Abstract figures, possibly people, overlapping within a circular shape",,3,0.627448081970215,0.7,91.0,abstract doodle/hard to interpret,person(s),,1,1,1,0,4.19237978374611,13.306875,0.494430600174138,3,49,0.1561939623240240,0.3583884644028080,0.4337108135223390,0.6395658861578460,0.2643156761592130,0.083791964,0.30684534,0.13809815,2.380952380952380,3.7096774193548400
0,AI_prompt3,,G,FALSE,Dalle39.png,../data/AI/prompt_3/stimuli_G/Dalle39.png,a line drawing of a man walking with a cane and a woman walking with a cane,,Abstract figures walking in a circular path or doorway suggestion,,3,0.561066329479218,0.68,89.0,person(s),,,2,2,2,0.5,4.54591056361606,7.865625,0.656709535276938,2,13,0.1708468198776250,0.3261849284172060,0.4424527883529660,0.5117576585685560,0.2951258952573760,0.1130981,0.30906066,0.17534694,5.555555555555560,4.107142857142860
0,AI_prompt3,,G,FALSE,Dalle40.png,../data/AI/prompt_3/stimuli_G/Dalle40.png,a drawing of a woman holding a baby in a circle,,"Two figures resembling pencils, embracing in a circular shape",,5,0.568342328071594,0.82,98.0,person(s),,,1,1,1,0,4.26409450107343,13.5725,0.608747514910537,2,37,0.1564610945123760,0.3293177881633570,0.4375242926165870,0.6107831951412330,0.3429478617942440,0.10984464,0.25724077,0.15379865,5.555555555555560,3.7096774193548400
0,AI_prompt3,,G,FALSE,Dalle41.png,../data/AI/prompt_3/stimuli_G/Dalle41.png,a drawing of a man standing in a circle with a surfboard,,"Abstract figure surrounded by overlapping, swirling lines and shapes",,3,0.665135741233826,0.76,96.0,abstract doodle/hard to interpret,person(s),,1,0,1,0,4.67133323333722,20.260625,0.623419869347586,2,79,0.1283324284355370,0.3578700040501350,0.3861965767262320,0.75036534263098,0.2866992206312810,0.088640764,0.37666917,0.13352689,2.380952380952380,3.7096774193548400
0,AI_prompt3,,G,FALSE,Dalle42.png,../data/AI/prompt_3/stimuli_G/Dalle42.png,a drawing of a gas pump with a hose attached to it,,Hard to interpret,,2,0.580197930335999,0.71,92.0,abstract doodle/hard to interpret,,,2,0,1,0,4.3297377343444,7.225625,0.730950958561886,1,12,0.2484450936317440,0.4582867895535690,0.6282052584947720,0.6212068198707300,0.3093255278920030,0.0,0.3507402,0.17633884,2.380952380952380,3.1944444444444400
0,AI_prompt3,,G,FALSE,Dalle43.png,../data/AI/prompt_3/stimuli_G/Dalle43.png,drawing of a man with a sign and a person with a hat,,Hard to interpret,,2,0.663188576698303,0.62,77.0,face(s),,,1,1,2,0,5.22952278228074,8.61,0.57147808005545,2,12,0.2484450936317440,0.4582867895535690,0.6282052584947720,0.5220307390640010,0.2675993002920290,0.0,0.29653496,0.14434044,75.0,3.1944444444444400
0,AI_prompt3,,G,FALSE,Dalle44.png,../data/AI/prompt_3/stimuli_G/Dalle44.png,a drawing of a man standing on a scale with a woman standing behind him,,Hard to interpret,,1,0.601159393787384,0.68,89.0,abstract doodle/hard to interpret,,,2,0,1,0,4.4143848316035,9.113125,0.703500960006536,1,17,0.2484450936317440,0.4582867895535690,0.6282052584947720,0.658529651795153,0.3362810571391650,0.0,0.28055432,0.15357956,2.380952380952380,3.1944444444444400
0,AI_prompt3,,G,FALSE,Dalle45.png,../data/AI/prompt_3/stimuli_G/Dalle45.png,a drawing of a man in a cage with a monkey on it,,Group of people interacting around a central figure or object,,3,0.70123690366745,0.87,99.0,person(s),,,2,1,1,0,4.35923455561228,12.781875,0.678368915192266,1,20,0.1998614072799680,0.4955606159901980,0.5777049660682680,0.5920428577856140,0.3599337701799510,0.15283388,0.2580381,0.19964202,5.555555555555560,3.7096774193548400
0,AI_prompt3,,G,FALSE,Dalle46.png,../data/AI/prompt_3/stimuli_G/Dalle46.png,a drawing of a man in a wheelchair with a cane,,"Abstract shapes within a circle, possibly a person with a wheelchair",,3,0.607495367527008,0.73,94.0,abstract doodle/hard to interpret,,,2,0,1,0.5,4.19260019565925,11.54125,0.764334305150632,1,45,0.1404138636095630,0.3387028382662300,0.4188938736915590,0.6919752766855530,0.3482611322218910,0.09623358,0.35784572,0.17883506,2.380952380952380,3.7096774193548400
0,AI_prompt3,,G,FALSE,Dalle47.png,../data/AI/prompt_3/stimuli_G/Dalle47.png,drawing of a man on a bicycle with a bird on top,,A person sitting inside a round cage suspended by a hook,,4,0.610653936862946,0.81,98.0,person(s),bed,,1,1,2,0.5,4.08741858359145,12.215,0.644103413143148,1,68,0.2160182466496070,0.4831630433548400,0.6013347208499910,0.7150936973752000,0.3452187319852080,0.15583782,0.39306927,0.19995382,5.555555555555560,6.388888888888890
0,AI_prompt3,,G,FALSE,Dalle48.png,../data/AI/prompt_3/stimuli_G/Dalle48.png,a drawing of a goat with a fork and knife in it,,Hard to interpret,,2,0.638008236885071,0.75,96.0,animal,,,1,1,1,0.5,4.737219027635,10.62125,0.652099336266687,1,24,0.2484450936317440,0.4582867895535690,0.6282052584947720,0.6616743041849570,0.3387770207516830,0.0,0.3404612,0.15365249,150.0,3.1944444444444400
0,AI_prompt3,,G,FALSE,Dalle49.png,../data/AI/prompt_3/stimuli_G/Dalle49.png,a drawing of a woman sitting on a horse in a circle,,"A person interacting with two abstract, horse-like figures in a circle",,3,0.551805436611176,0.71,92.0,horse,person(s),,2,2,2,0.5,5.09145867833529,6.513125,0.944910479529235,1,12,0.1804315936308140,0.3920374927531920,0.4855094994756430,0.6829326310407320,0.3268358646120540,0.10832338,0.36592594,0.16910204,150.0,3.7096774193548400
0,AI_prompt3,,G,FALSE,Dalle50.png,../data/AI/prompt_3/stimuli_G/Dalle50.png,a drawing of a man and a woman standing in a circle,,"Abstract figures in front of a circle, possibly two people",,3,0.594396471977234,0.66,85.0,person(s),,,1,1,2,0.5,4.29991899120946,6.935625,0.54888122124634,4,19,0.1761498942285820,0.4122281670570370,0.4718154668807980,0.6145948847107570,0.2867633556188020,0.086022645,0.3765802,0.16150662,5.555555555555560,3.7096774193548400
0,AI_prompt3,,I,FALSE,Dalle01.png,../data/AI/prompt_3/stimuli_I/Dalle01.png,a cartoon drawing of a man sitting on a laptop computer,,A stylized figure in a crouching or seated position,,4,0.442322641611099,0.53,56.0,person(s),,,1,1,2,1,4.54722963080814,4.71625,0.673610035620257,2,12,0.2029380081332900,0.3391853773108340,0.4555003643035890,0.6139907235635130,0.3462231526065740,0.11757455,0.35343796,0.16986379,7.142857142857140,9.909090909090910
0,AI_prompt3,,I,FALSE,Dalle02.png,../data/AI/prompt_3/stimuli_I/Dalle02.png,a drawing of a man sitting on a chair talking on a phone,,"A person sitting on a box, hand on chin, thoughtful pose",,5,0.55880618095398,0.6,74.0,abstract doodle/hard to interpret,,,2,0,3,1,4.28517016197132,4.799375,0.778232975187447,1,12,0.2382096052169800,0.4478845102683740,0.5459461212158200,0.5778208425352490,0.2868283055395760,0.13929339,0.25508243,0.14221594,2.380952380952380,9.909090909090910
0,AI_prompt3,,I,FALSE,Dalle03.png,../data/AI/prompt_3/stimuli_I/Dalle03.png,a close up of a drawing of a person with a hat on,,"Two faces with bird on head, abstract style",,4,0.545051038265228,0.6,72.0,abstract doodle/hard to interpret,,,2,0,1,0,5.33401196684238,5.324375,0.664843398771167,1,14,0.2050205469131470,0.3985791027122470,0.5004510581224520,0.6171864484390460,0.3159188082971630,0.124293566,0.35463792,0.14616847,2.380952380952380,4.739130434782610
0,AI_prompt3,,I,FALSE,Dalle04.png,../data/AI/prompt_3/stimuli_I/Dalle04.png,drawing of a dolphin and a bird with a long nose,,Hard to interpret,,1,0.504215896129608,0.57,65.0,abstract doodle/hard to interpret,,,2,0,3,0.5,4.23480983613468,3.345,0.641316310807836,3,5,0.2403619289398190,0.4900698357862130,0.6021846532821660,0.5740896914701390,0.3282098845463270,0.0,0.39103293,0.2004251,2.380952380952380,2.5952380952381000
0,AI_prompt3,,I,FALSE,Dalle05.png,../data/AI/prompt_3/stimuli_I/Dalle05.png,a drawing of a woman sitting in a chair with a cat,,"Person sitting on a throne with hands folded, abstract style",,4,0.676720142364502,0.76,96.0,person(s),,,2,2,2,1,5.62746828151285,11.67875,0.483456354889648,1,22,0.2160024642944340,0.4729014635086060,0.502537190914154,0.7610565996076860,0.2932862074394080,0.12176059,0.40986267,0.18107405,7.142857142857140,9.909090909090910
0,AI_prompt3,,I,FALSE,Dalle06.png,../data/AI/prompt_3/stimuli_I/Dalle06.png,a drawing of a person sitting in a chair with a laptop,,Hard to interpret,,2,0.534906387329102,0.56,63.0,abstract doodle/hard to interpret,,,2,0,1,0,4.31931998874469,5.780625,0.811773022299338,2,15,0.2403619289398190,0.4900698357862130,0.6021846532821660,0.6505219422468810,0.2795983186934730,0.0,0.31633717,0.12510486,2.380952380952380,2.5952380952381000
0,AI_prompt3,,I,FALSE,Dalle07.png,../data/AI/prompt_3/stimuli_I/Dalle07.png,a drawing of a man with a hat and a cane,,Hard to interpret,,3,0.534892916679382,0.54,57.0,abstract doodle/hard to interpret,,,2,0,1,0,5.142836829894,6.325,0.477222883639326,1,6,0.2403619289398190,0.4900698357862130,0.6021846532821660,0.5331789228075180,0.3140739578313290,0.0,0.30824825,0.1597524,2.380952380952380,2.5952380952381000
0,AI_prompt3,,I,FALSE,Dalle08.png,../data/AI/prompt_3/stimuli_I/Dalle08.png,cartoon of a man standing next to a stool with a knife in his hand,,"Two abstract figures, one standing, another upside down, with a stool",,4,0.612021207809448,0.69,90.0,person(s),stool,,2,0,0,0,5.18822236887243,9.08125,0.367235105869975,6,29,0.2168279886245730,0.4405971598803150,0.4655803760540250,0.7452971107763770,0.362216362560818,0.13506359,0.44800076,0.20717785,7.142857142857140,5.7368421052631600
0,AI_prompt3,,I,FALSE,Dalle09.png,../data/AI/prompt_3/stimuli_I/Dalle09.png,a close up of a drawing of a person sitting on a chair,,Abstract lines forming a stylized letter and geometric shapes,,3,0.564669489860535,0.52,53.0,abstract doodle/hard to interpret,,,2,0,1,0,4.77355676200913,5.518125,0.812177790163021,1,14,0.1269574685718120,0.3010586291867080,0.3931432962417600,0.5808264081873980,0.3168462180585630,0.09095211,0.29984757,0.16160882,2.380952380952380,4.739130434782610
0,AI_prompt3,,I,FALSE,Dalle10.png,../data/AI/prompt_3/stimuli_I/Dalle10.png,a close up of a black and white drawing of a person,,Hard to interpret,,2,0.563617706298828,0.52,51.0,abstract doodle/hard to interpret,,,2,0,1,0,7.50269875731077,7.52,0.713473160327053,2,4,0.2403619289398190,0.4900698357862130,0.6021846532821660,0.5526531853238550,0.2487522492399790,0.0,0.2890209,0.107768334,2.380952380952380,2.5952380952381000
0,AI_prompt3,,I,FALSE,Dalle11.png,../data/AI/prompt_3/stimuli_I/Dalle11.png,a drawing of a man sitting in a chair with a dog on his lap,,"Person sitting on a chair, raising both hands",,4,0.641413927078247,0.65,83.0,person(s),,,2,1,4,0.5,7.08183879615057,10.425,0.68049449353589,2,23,0.2687528569249580,0.5143949840782580,0.5768541945901990,0.6417917003406560,0.3041564365550450,0.15417929,0.24416056,0.15540768,7.142857142857140,9.909090909090910
0,AI_prompt3,,I,FALSE,Dalle12.png,../data/AI/prompt_3/stimuli_I/Dalle12.png,a drawing of a man in a white shirt and a hat,,Hard to interpret,,2,0.538234114646912,0.57,65.0,abstract doodle/hard to interpret,,,2,0,2,0.5,5.65551801555831,8.775625,0.411799463660743,4,12,0.2403619289398190,0.4900698357862130,0.6021846532821660,0.5857313283676380,0.2778459404521290,0.0,0.30796334,0.14273837,2.380952380952380,2.5952380952381000
0,AI_prompt3,,I,FALSE,Dalle13.png,../data/AI/prompt_3/stimuli_I/Dalle13.png,a close up of a person with a hair style on a white background,,Hard to interpret,,2,0.523214876651764,0.58,68.0,abstract doodle/hard to interpret,,,2,0,2,0,4.97108767955116,3.961875,0.833968905837489,1,6,0.2403619289398190,0.4900698357862130,0.6021846532821660,0.5256833157573130,0.2596982251395180,0.0,0.30218887,0.13209996,2.380952380952380,2.5952380952381000
0,AI_prompt3,,I,FALSE,Dalle14.png,../data/AI/prompt_3/stimuli_I/Dalle14.png,a drawing of a person leaning over a pole with a head on it,,"Abstract figure leaning over or peering, minimalistic lines",,4,0.433453232049942,0.6,72.0,person(s),,,2,1,2,0.5,5.27075182622356,5.1575,0.723005410348244,1,10,0.1617466710956870,0.3400014442205860,0.4029877897515510,0.5960673742866160,0.3034534421487690,0.09964229,0.40677318,0.16533516,7.142857142857140,5.7368421052631600
0,AI_prompt3,,I,FALSE,Dalle15.png,../data/AI/prompt_3/stimuli_I/Dalle15.png,a drawing of a man sitting on a chair with his arms crossed,,Abstract figure sitting with crossed legs,,4,0.611650168895721,0.64,82.0,person(s),,,1,1,2,0,4.717674502592150,6.8675,0.619645197056748,3,12,0.2070726628856250,0.4823316181400900,0.4939906898742490,0.6738136610071250,0.3418566063261560,0.10067053,0.34007907,0.1625832,7.142857142857140,9.909090909090910
0,AI_prompt3,,I,FALSE,Dalle16.png,../data/AI/prompt_3/stimuli_I/Dalle16.png,a drawing of a man sitting on a chair with a book,,Hard to interpret,,3,0.452893912792206,0.49,46.0,abstract doodle/hard to interpret,,,2,0,1,0,5.29060648662798,4.325625,0.593327247074446,3,7,0.2403619289398190,0.4900698357862130,0.6021846532821660,0.6098484207283370,0.3031632629985650,0.0,0.29148683,0.17213735,2.380952380952380,2.5952380952381000
0,AI_prompt3,,I,FALSE,Dalle17.png,../data/AI/prompt_3/stimuli_I/Dalle17.png,a drawing of a man sitting on a chair with a skateboard,,"Abstract human figure sitting on a chair, minimalist design",,4,0.546793758869171,0.67,87.0,person(s),,,2,2,3,1,4.19675690720887,5.315,0.782085288716588,2,13,0.2009332180023190,0.4327422380447390,0.4751866176613190,0.5936601374000210,0.3560473003884350,0.11142476,0.4210488,0.21796808,7.142857142857140,9.909090909090910
0,AI_prompt3,,I,FALSE,Dalle18.png,../data/AI/prompt_3/stimuli_I/Dalle18.png,a drawing of a man with a nose ring and a nose ring,,Abstract line drawing of a face in profile,,4,0.549930036067963,0.57,66.0,person(s),,,2,2,2,1,4.72965024110322,4.849375,0.783467558121866,1,11,0.1385104573660800,0.3466627999145620,0.3748189583528650,0.6772421917866790,0.2990968898873040,0.088712454,0.3460241,0.12946156,7.142857142857140,4.739130434782610
0,AI_prompt3,,I,FALSE,Dalle19.png,../data/AI/prompt_3/stimuli_I/Dalle19.png,a drawing of a man with a large arm and a small arm,,"Abstract figure with arms extended, one leg forward, over geometric shapes",,3,0.551747262477875,0.56,63.0,person(s),,,2,1,1,0,4.71638628972876,6.115625,0.516802906448683,1,14,0.190066397190094,0.3841569240140000,0.4428809021186280,0.6512993653262170,0.2626622538575830,0.111223936,0.40724438,0.15728655,7.142857142857140,5.7368421052631600
0,AI_prompt3,,I,FALSE,Dalle20.png,../data/AI/prompt_3/stimuli_I/Dalle20.png,a drawing of a woman holding a baby in her arms,,Hard to interpret,,3,0.64299863576889,0.77,96.0,face(s),arm(s),,1,1,3,0.5,5.36692781750993,14.188125,0.49922679273627,5,27,0.2403619289398190,0.4900698357862130,0.6021846532821660,0.7046001762455370,0.3276482393073120,0.0,0.46692315,0.19596398,8.823529411764710,2.5952380952381000
0,AI_prompt3,,I,FALSE,Dalle21.png,../data/AI/prompt_3/stimuli_I/Dalle21.png,a drawing of a man with a mustache and a face,,Abstract face made of minimal lines within a geometric shape,,4,0.465541958808899,0.49,44.0,face(s),,,1,1,1,0,5.05260857966861,4.5575,0.677153243847875,1,6,0.1397980451583860,0.3287077942105470,0.4240803213023720,0.6335457312866440,0.2447246262035,0.07878162,0.31635064,0.13776535,8.823529411764710,4.739130434782610
0,AI_prompt3,,I,FALSE,Dalle22.png,../data/AI/prompt_3/stimuli_I/Dalle22.png,a drawing of a man standing on a block with his legs bent,,"Person in running start position on blocks, viewed from behind",,5,0.58971905708313,0.71,92.0,runner,,,2,3,3,1,4.29340169785217,6.625,0.702864447155889,1,16,0.231278657913208,0.4874346990079890,0.5590557718839770,0.7296009320483310,0.357139664626432,0.18677095,0.36904055,0.23379855,150.0,5.7368421052631600
0,AI_prompt3,,I,FALSE,Dalle23.png,../data/AI/prompt_3/stimuli_I/Dalle23.png,a drawing of a man sitting in a chair with a bird on his shoulder,,Hard to interpret,,2,0.570248782634735,0.61,75.0,abstract doodle/hard to interpret,,,2,0,1,0,4.44076825250775,6.36,0.706941024739125,1,18,0.2403619289398190,0.4900698357862130,0.6021846532821660,0.5796779608780410,0.2816608408548230,0.0,0.3366727,0.12102085,2.380952380952380,2.5952380952381000
0,AI_prompt3,,I,FALSE,Dalle24.png,../data/AI/prompt_3/stimuli_I/Dalle24.png,a drawing of a face with a long nose and a nose ring,,Abstract drawing of a face with long hair and hand,,4,0.604480087757111,0.66,85.0,face(s),,,2,1,2,0.5,5.93974321783218,8.439375,0.504906600249066,4,11,0.1779139041900630,0.399259191729402,0.4575666189193730,0.6068803113940810,0.3017615694667830,0.11418064,0.2931245,0.16546384,8.823529411764710,4.739130434782610
0,AI_prompt3,,I,FALSE,Dalle25.png,../data/AI/prompt_3/stimuli_I/Dalle25.png,cartoon of a man holding a pair of scissors and a rabbit,,Person holding a rabbit-like creature on a stick or staff,,4,0.65786212682724,0.8,98.0,person(s),rabbit,,2,1,1,0.5,5.88674972412018,12.281875,0.416253123570197,7,17,0.2348040342330930,0.3829725796870160,0.5840071389670880,0.7424792971443180,0.4849273826598250,0.16845286,0.34549454,0.3175157,7.142857142857140,3.0277777777777800
0,AI_prompt3,,I,FALSE,Dalle26.png,../data/AI/prompt_3/stimuli_I/Dalle26.png,a drawing of a man standing in front of a door,,A humanoid figure wearing sunglasses with a neutral expression,,5,0.611613988876343,0.59,71.0,person(s),,,2,1,2,0,7.37683792903374,9.35625,0.718789965568126,2,13,0.226369023323059,0.4811297500470200,0.52526533453075,0.6228530246929610,0.33060765012122,0.14198689,0.24561653,0.18017511,7.142857142857140,5.7368421052631600
0,AI_prompt3,,I,FALSE,Dalle27.png,../data/AI/prompt_3/stimuli_I/Dalle27.png,a drawing of a man with a sad face and eyes,,"Person with closed eyes resting on arm, minimalistic style",,4,0.509037971496582,0.53,55.0,face(s),,,2,1,2,0.5,4.55512840816148,3.4975,0.847218133647336,3,4,0.1929409503936770,0.428199836152775,0.4765900685435480,0.6387433305904440,0.3213391676366130,0.14392427,0.29433697,0.14479163,8.823529411764710,5.7368421052631600
0,AI_prompt3,,I,FALSE,Dalle28.png,../data/AI/prompt_3/stimuli_I/Dalle28.png,a drawing of a man is throwing a frisbee in the air,,"Abstract human figure in dynamic, playful motion",,4,0.483127325773239,0.55,60.0,person(s),,,2,1,2,0.5,4.94113451903918,5.379375,0.634730538922156,2,9,0.2184473276138310,0.5048150125035640,0.5341931581497190,0.6859415131079910,0.3071726739578410,0.12364938,0.33711395,0.17540348,7.142857142857140,5.7368421052631600
0,AI_prompt3,,I,FALSE,Dalle29.png,../data/AI/prompt_3/stimuli_I/Dalle29.png,a drawing of a person standing in front of a fountain,,Abstract figure resembling a seated person in meditation pose,,3,0.586237132549286,0.7,91.0,abstract doodle/hard to interpret,,,2,0,1,0,4.95413193464359,10.77125,0.541317709643794,1,28,0.2094541067210360,0.4481291441994390,0.483927161459495,0.6401369466074890,0.2702882378372260,0.10029622,0.39941543,0.15831856,2.380952380952380,9.909090909090910
0,AI_prompt3,,I,FALSE,Dalle30.png,../data/AI/prompt_3/stimuli_I/Dalle30.png,a drawing of a couple of faces with a man and a woman,,Abstract faces consisting of geometric shapes and lines,,4,0.684104859828949,0.8,98.0,face(s),,,2,1,2,1,5.62997304479525,10.05,0.468618708737032,3,18,0.1416326761245730,0.3427456421478280,0.4370434023712030,0.5857499831277180,0.3571016166907230,0.069892295,0.313129,0.19126436,8.823529411764710,4.739130434782610
0,AI_prompt3,,I,FALSE,Dalle31.png,../data/AI/prompt_3/stimuli_I/Dalle31.png,a cartoon drawing of a man with a rope around his neck,,"Oval shape with legs, arms, and eyes, depicting a simple character",,5,0.509361624717712,0.56,64.0,creature(s),,,1,1,2,1,4.48086859969819,4.716875,0.56727017324801,3,9,0.1560808327149830,0.2884547498361690,0.3659248133942590,0.7198036700713080,0.4047158296132680,0.12293557,0.42115897,0.25553837,75.0,5.7368421052631600
0,AI_prompt3,,I,FALSE,Dalle32.png,../data/AI/prompt_3/stimuli_I/Dalle32.png,a drawing of a man with a broken leg and a crutch,,"A person with a hole in their chest, with straight arms and bags",,3,0.64405745267868,0.6,73.0,person(s),,,2,2,3,1,4.35392744180361,5.733125,0.665434979904058,2,14,0.2093585729599000,0.4241801328712740,0.50729039311409,0.6556459286886430,0.3505901510040990,0.1672386,0.24794304,0.19404146,7.142857142857140,3.0277777777777800
0,AI_prompt3,,I,FALSE,Dalle33.png,../data/AI/prompt_3/stimuli_I/Dalle33.png,a drawing of a woman with a head in a line,,"Two faces, abstract lines, and geometric shapes with mirrored elements",,3,0.653790473937988,0.73,94.0,abstract doodle/hard to interpret,,,2,0,2,1,4.89145873891642,8.879375,0.604047415153018,3,18,0.1494953632354740,0.3505620375778090,0.4235982389928970,0.5744323204065380,0.2908282681458650,0.09226697,0.27982625,0.14293496,2.380952380952380,4.739130434782610
0,AI_prompt3,,I,FALSE,Dalle34.png,../data/AI/prompt_3/stimuli_I/Dalle34.png,a drawing of a woman ' s face with a line drawing of her face,,Hard to interpret,,2,0.457432985305786,0.46,36.0,face(s),,,1,1,1,0,4.57711007358986,3.875,0.651495568685377,1,4,0.2403619289398190,0.4900698357862130,0.6021846532821660,0.6691710079281840,0.2311370460277100,0.0,0.4901124,0.14761458,8.823529411764710,2.5952380952381000
0,AI_prompt3,,I,FALSE,Dalle35.png,../data/AI/prompt_3/stimuli_I/Dalle35.png,there is a black and white picture of a man and a woman,,Hard to interpret,,2,0.619551718235016,0.74,95.0,abstract doodle/hard to interpret,,,2,0,0,0,10.2876254311815,14.165,0.419396433470508,6,18,0.2403619289398190,0.4900698357862130,0.6021846532821660,0.7001300455503190,0.246671817715395,0.0,0.47029138,0.12558413,2.380952380952380,2.5952380952381000
0,AI_prompt3,,I,FALSE,Dalle36.png,../data/AI/prompt_3/stimuli_I/Dalle36.png,a drawing of a man with a tennis ball in his hand,,Profile of a face with geometric lines and an isolated circle,,4,0.496556609869003,0.57,65.0,face(s),,,2,2,3,1,4.74484145013969,5.14375,0.538261290713161,5,8,0.1683236260221210,0.4192191785341250,0.4016489147157110,0.5817948099330780,0.2705222614872470,0.11153115,0.2822926,0.16384171,8.823529411764710,4.739130434782610
0,AI_prompt3,,I,FALSE,Dalle37.png,../data/AI/prompt_3/stimuli_I/Dalle37.png,a drawing of a ghost with eyes and a nose,,A stylized ghost with exaggerated eyes and a wide mouth,,5,0.67103898525238,0.66,84.0,ghost,,,2,1,3,1,7.58700647391177,17.3975,0.460507683432108,2,22,0.1895696890867070,0.348602633136589,0.4465260505676270,0.6561005979985440,0.3082601301121990,0.15191832,0.3283948,0.20332637,150.0,5.7368421052631600
0,AI_prompt3,,I,FALSE,Dalle38.png,../data/AI/prompt_3/stimuli_I/Dalle38.png,a drawing of a man with a beard and a mustache,,"Oval-headed figure with glasses, arms, and large hands",,5,0.524653136730194,0.54,58.0,creature(s),,,1,1,1,1,4.44223456644906,3.854375,0.445895691609977,1,2,0.2218012081503130,0.4227261371232910,0.5005529522895810,0.550814789643441,0.3383630683566190,0.13615291,0.31737316,0.18580964,75.0,5.7368421052631600
0,AI_prompt3,,I,FALSE,Dalle39.png,../data/AI/prompt_3/stimuli_I/Dalle39.png,a close up of a black and white drawing of a bird,,Abstract figure with an ovular head and elongated arms,,4,0.538576364517212,0.67,87.0,abstract doodle/hard to interpret,,,2,0,1,1,5.84598852260755,4.779375,0.638922722966572,1,7,0.1972853541374210,0.4275865980263530,0.4859233208940420,0.5725213118244030,0.2431807787252460,0.1276194,0.4398932,0.15875241,2.380952380952380,5.7368421052631600
0,AI_prompt3,,I,FALSE,Dalle40.png,../data/AI/prompt_3/stimuli_I/Dalle40.png,a drawing of a man holding a pole with a stick in his hand,,Person leaning back with legs crossed in archway,,4,0.576301336288452,0.59,70.0,person(s),,,2,1,1,0,5.42480574373018,5.471875,0.816329554715863,1,11,0.1945784803973710,0.3972547707487410,0.4635247035593110,0.547762391520804,0.3436614276946310,0.14370811,0.24779487,0.19742775,7.142857142857140,9.909090909090910
0,AI_prompt3,,I,FALSE,Dalle41.png,../data/AI/prompt_3/stimuli_I/Dalle41.png,there is a black and white drawing of a woman with a headband,,Hard to interpret,,1,0.500037908554077,0.64,82.0,abstract doodle/hard to interpret,,,2,0,1,0,5.25635553855464,7.18625,0.828568212516884,2,12,0.2403619289398190,0.4900698357862130,0.6021846532821660,0.607938617736651,0.2527862496937650,0.0,0.29301962,0.1415617,2.380952380952380,2.5952380952381000
0,AI_prompt3,,I,FALSE,Dalle42.png,../data/AI/prompt_3/stimuli_I/Dalle42.png,there is a black and white drawing of a woman in a dress,,Abstract figures resembling a person and a smaller shape beneath an arch,,3,0.57772821187973,0.61,74.0,abstract doodle/hard to interpret,,,2,0,0,0,5.65936749385266,8.9025,0.741726420297849,1,22,0.1369409561157230,0.3579461383207480,0.3762838616201950,0.615922518219143,0.3167487456157020,0.101422034,0.3555206,0.18486011,2.380952380952380,4.739130434782610
0,AI_prompt3,,I,FALSE,Dalle43.png,../data/AI/prompt_3/stimuli_I/Dalle43.png,arafed drawing of a man sitting in a chair with a bird on his shoulder,,Abstract geometric figure with a hat and a box-shaped body,,3,0.530443787574768,0.61,75.0,person(s),,,1,1,3,1,4.51240559328813,6.730625,0.746514429973033,2,16,0.1826999078571840,0.4089779677682510,0.4535629153251650,0.6157791242209600,0.2780948137000530,0.10484549,0.3090724,0.12611035,7.142857142857140,5.7368421052631600
0,AI_prompt3,,I,FALSE,Dalle44.png,../data/AI/prompt_3/stimuli_I/Dalle44.png,cartoon drawing of a man holding a flag with a bird on it,,Hard to interpret,,2,0.552484035491943,0.59,70.0,abstract doodle/hard to interpret,,,2,0,1,0,4.35263163886225,6.80625,0.749279538904899,2,23,0.2403619289398190,0.4900698357862130,0.6021846532821660,0.7604986528527640,0.3122353673852390,0.0,0.4026401,0.14543249,2.380952380952380,2.5952380952381000
0,AI_prompt3,,I,FALSE,Dalle45.png,../data/AI/prompt_3/stimuli_I/Dalle45.png,a drawing of a person with a knife and a knife in their hand,,"Abstract lines forming a figure, possibly a person standing or posing",,3,0.53611570596695,0.52,53.0,abstract doodle/hard to interpret,,,2,0,1,0,4.98588771673196,5.295,0.63855421686747,1,12,0.1622633934021000,0.3551671120624000,0.4014077543373240,0.5646716053393070,0.2363402188115330,0.09598104,0.28566867,0.117567085,2.380952380952380,5.7368421052631600
0,AI_prompt3,,I,FALSE,Dalle46.png,../data/AI/prompt_3/stimuli_I/Dalle46.png,a drawing of a man with a hat and a face,,Hard to interpret,,3,0.626032471656799,0.56,62.0,face(s),,,1,1,2,0.5,4.53401939260282,8.0425,0.510025297479621,1,20,0.2403619289398190,0.4900698357862130,0.6021846532821660,0.6440552337767340,0.2821971253751320,0.0,0.30611497,0.12097907,8.823529411764710,2.5952380952381000
0,AI_prompt3,,I,FALSE,Dalle47.png,../data/AI/prompt_3/stimuli_I/Dalle47.png,a drawing of a woman with a snake in her arms,,"Abstract figure seated on a chair, composed of continuous lines",,4,0.613530874252319,0.47,40.0,abstract doodle/hard to interpret,,,2,0,1,0,6.43678724418534,6.920625,0.825167517059077,1,6,0.1747068166732790,0.4155111138674950,0.43276459780161,0.6498491622238220,0.3530522970574110,0.09862477,0.28828174,0.20664577,2.380952380952380,9.909090909090910
0,AI_prompt3,,I,FALSE,Dalle48.png,../data/AI/prompt_3/stimuli_I/Dalle48.png,cartoon of a man with a crown on his head and a bird in his hand,,"Abstract figure with long hair and a crown, holding a cup",,4,0.600528299808502,0.65,83.0,abstract doodle/hard to interpret,,,2,0,2,1,4.26790260458299,8.485,0.822749769314655,2,34,0.2260883315748960,0.4774958931653470,0.5214698016643520,0.6778684164629640,0.3365282804441770,0.12481518,0.40268534,0.19098009,2.380952380952380,3.0277777777777800
0,AI_prompt3,,I,FALSE,Dalle49.png,../data/AI/prompt_3/stimuli_I/Dalle49.png,a drawing of a man sitting on the ground with his legs crossed,,Seated person with legs crossed and one hand supporting on the floor,,4,0.615775585174561,0.63,80.0,person(s),,,2,2,3,1,4.64666031086103,8.104375,0.577478895407068,2,15,0.2464563846588130,0.445435149831627,0.521461546421051,0.7073335230013100,0.3103047136554860,0.1399059,0.3199068,0.1576687,7.142857142857140,9.909090909090910
0,AI_prompt3,,I,FALSE,Dalle50.png,../data/AI/prompt_3/stimuli_I/Dalle50.png,there is a black and white drawing of a man and a woman,,"Abstract faces using minimal lines and shapes, featuring two human-like figures",,4,0.57458484172821,0.66,84.0,face(s),,,1,1,1,1,5.87802223735763,5.1475,0.784041286224692,11,8,0.153334379196167,0.3591544437156450,0.4377976395012350,0.5257346574623980,0.2714071896966720,0.089114405,0.31508225,0.13739595,8.823529411764710,4.739130434782610
0,AI_prompt3,,R,FALSE,Dalle01.png,../data/AI/prompt_3/stimuli_R/Dalle01.png,there is a drawing of a man with a box on his head,,Abstract geometric shapes forming a figure-like structure,,3,0.519569456577301,0.53,53.0,abstract doodle/hard to interpret,,,2,0,1,1,4.37994552976464,5.918125,0.221819093273177,1,18,0.1476948085194990,0.387734591960907,0.3623848393422130,0.7341840798751710,0.1808725523859650,0.06590622,0.41880804,0.1120759,1.829268292682930,3.4545454545454500
0,AI_prompt3,,R,FALSE,Dalle02.png,../data/AI/prompt_3/stimuli_R/Dalle02.png,a drawing of a man with a hat and a tie holding a kite,,Abstract geometric shapes resembling a person with hat and patterned clothing,,4,0.52817040681839,0.58,67.0,abstract doodle/hard to interpret,,,2,0,2,0.5,4.29453381894189,7.145,0.595305303818155,1,18,0.1636730931000040,0.3559731245040890,0.4029211046052630,0.553374342900536,0.2862283656218130,0.08736991,0.31296313,0.1449719,1.829268292682930,3.6774193548387100
0,AI_prompt3,,R,FALSE,Dalle03.png,../data/AI/prompt_3/stimuli_R/Dalle03.png,a drawing of a man sitting on a toilet with a cat on top,,Hard to interpret,,1,0.592461943626404,0.62,78.0,creature(s),,,1,1,2,1,5.23506949659761,11.441875,0.481445375966725,5,29,0.2441710088151080,0.4869130696926430,0.6253225468387480,0.7694710510805610,0.2461692242490680,0.0,0.35861248,0.15088527,25.0,3.081081081081080
0,AI_prompt3,,R,FALSE,Dalle04.png,../data/AI/prompt_3/stimuli_R/Dalle04.png,a drawing of a man with a box on his head,,Abstract figure resembling an hourglass with a cube head and curvy lines,,3,0.642989933490753,0.71,92.0,person(s),,,2,2,3,1,5.36934483694834,16.45625,0.544046600226376,1,59,0.1782402289962620,0.4078918695449830,0.4091363793096760,0.6600480973025150,0.2367139951676900,0.10241711,0.32204247,0.12487756,9.375,3.6774193548387100
0,AI_prompt3,,R,FALSE,Dalle05.png,../data/AI/prompt_3/stimuli_R/Dalle05.png,a drawing of a man holding a kite in his hands,,Hard to interpret,,3,0.565397381782532,0.48,41.0,abstract doodle/hard to interpret,,,2,0,2,1,4.71341506764619,10.47,0.588354392411233,1,31,0.2441710088151080,0.4869130696926430,0.6253225468387480,0.7607929324897680,0.2874892932130760,0.0,0.3647005,0.15648563,1.829268292682930,3.081081081081080
0,AI_prompt3,,R,FALSE,Dalle06.png,../data/AI/prompt_3/stimuli_R/Dalle06.png,drawing of a man with a tie and a paper bag,,Abstract human figure with a rectangular torso and oval head,,4,0.430536419153214,0.42,28.0,stick figure,,,2,1,2,1,4.32336010086371,4.734375,0.214632463081617,3,18,0.2030635355077050,0.4427812099456790,0.4623331107099710,0.5963995298400120,0.2306601303333640,0.093112975,0.31652638,0.15072386,150.0,3.6774193548387100
0,AI_prompt3,,R,FALSE,Dalle07.png,../data/AI/prompt_3/stimuli_R/Dalle07.png,a drawing of two kites with faces and a box on the bottom,,Two abstract kite-like shapes with circular and triangular patterns,,4,0.634219586849213,0.7,91.0,abstract doodle/hard to interpret,,,2,0,1,1,4.28308292234109,9.570625,0.225070422535211,11,23,0.1290749234512480,0.2922965288162230,0.3099603837704880,0.482587045903736,0.2076584772599860,0.098384656,0.3377834,0.14667995,1.829268292682930,3.4545454545454500
0,AI_prompt3,,R,FALSE,Dalle08.png,../data/AI/prompt_3/stimuli_R/Dalle08.png,a drawing of a person with a hand on a pole above their head,,Hard to interpret,,2,0.654994368553162,0.65,83.0,face(s),hand,,2,1,1,1,4.89837837369628,7.20625,0.220048438335483,1,19,0.2441710088151080,0.4869130696926430,0.6253225468387480,0.6644465219374330,0.2602515393898030,0.0,0.3267179,0.16693725,21.428571428571400,3.081081081081080
0,AI_prompt3,,R,FALSE,Dalle09.png,../data/AI/prompt_3/stimuli_R/Dalle09.png,a black and white image of a robot with a face,,"Abstract figure with circular head, stick body, and layered arc design",,4,0.673426449298859,0.72,93.0,abstract doodle/hard to interpret,,,2,0,1,0,5.9193785020124,16.561875,0.663414200130494,1,58,0.171430328913882,0.4172497218027630,0.3934640522875810,0.7946750561454320,0.2893026666858210,0.091277905,0.62626106,0.1702205,1.829268292682930,3.6774193548387100
0,AI_prompt3,,R,FALSE,Dalle10.png,../data/AI/prompt_3/stimuli_R/Dalle10.png,drawing of a man with a knife and fork in his hand,,A simplistic drawing of a standing stick figure with crossed legs,,4,0.553784966468811,0.52,52.0,abstract doodle/hard to interpret,,,2,0,2,1,5.64399952513064,7.75375,0.512829332049254,6,21,0.1581377292789370,0.2964344024658200,0.362108826637268,0.7194726477226850,0.2562807259483840,0.12383653,0.33123922,0.13389938,1.829268292682930,3.6774193548387100
0,AI_prompt3,,R,FALSE,Dalle11.png,../data/AI/prompt_3/stimuli_R/Dalle11.png,a cartoon character is running with a shield in his hand,,"Anthropomorphic goat-like creature with arms raised, standing in a shield shape",,4,0.61022025346756,0.6,73.0,creature(s),,,2,1,2,0,4.41405323909892,8.8175,0.180696833830413,23,23,0.1980625154897500,0.3756858930400540,0.4556194653170800,0.7591900809128090,0.3098033331089040,0.15666851,0.37174457,0.17477821,25.0,3.6774193548387100
0,AI_prompt3,,R,FALSE,Dalle12.png,../data/AI/prompt_3/stimuli_R/Dalle12.png,a drawing of a person holding a picture of a person,,Abstract depiction of a parent holding a child in their arms,,3,0.643800735473633,0.68,88.0,person(s),,,1,1,2,1,4.95074749186338,10.984375,0.694870906922159,1,25,0.1960424780845640,0.4745375231184040,0.4911038572254090,0.688247454061072,0.348980208659115,0.15995035,0.30275497,0.22783403,9.375,11.4
0,AI_prompt3,,R,FALSE,Dalle13.png,../data/AI/prompt_3/stimuli_R/Dalle13.png,there is a drawing of a man sitting on a chair,,"Abstract figure sitting or squatting, composed of geometric shapes and lines",,4,0.657534718513489,0.65,83.0,person(s),,,2,1,3,1,4.48090728912051,12.310625,0.221464884202598,1,31,0.173011590658926,0.3725274801254270,0.4177864442936440,0.6355461039678200,0.2707289324493040,0.1020567,0.30859774,0.13584146,9.375,3.6774193548387100
0,AI_prompt3,,R,FALSE,Dalle14.png,../data/AI/prompt_3/stimuli_R/Dalle14.png,a drawing of a stick figure holding a barbell in his hands,,A stick figure with outstretched arms and large hands,,5,0.630459785461426,0.61,76.0,person(s),,,2,1,1,0.5,4.80838659868155,9.095625,0.221018261127185,1,25,0.20426640459699,0.3739973529575670,0.4758035228135290,0.7562133148864060,0.3449009489527760,0.12665386,0.4253598,0.19397476,9.375,3.6774193548387100
0,AI_prompt3,,R,FALSE,Dalle15.png,../data/AI/prompt_3/stimuli_R/Dalle15.png,a drawing of a bird with a heart on its head,,Abstract bird with geometric shapes and a heart symbol on its body,,4,0.601586580276489,0.64,82.0,creature(s),,,1,0,2,0,4.44092146556809,9.01625,0.391522862264085,3,33,0.1702626043088420,0.3420839309692380,0.3881778352366580,0.604166978865933,0.3253281047058690,0.12204329,0.3165597,0.18959731,25.0,3.4545454545454500
0,AI_prompt3,,R,FALSE,Dalle16.png,../data/AI/prompt_3/stimuli_R/Dalle16.png,cartoon drawing of a man with a hat on his head,,Anthropomorphic rabbit figure standing upright with simple lines,,4,0.518855452537537,0.59,72.0,creature(s),,,1,1,3,1,5.19022963664705,7.205625,0.424785328103467,2,20,0.1799119603686340,0.3997628092765810,0.3940003153085890,0.774062090337205,0.2893424666627130,0.13870022,0.4068467,0.18524869,25.0,3.6774193548387100
0,AI_prompt3,,R,FALSE,Dalle17.png,../data/AI/prompt_3/stimuli_R/Dalle17.png,there is a metal stand with a glass top and a metal base,,Hard to interpret,,1,0.569951713085175,0.63,81.0,abstract doodle/hard to interpret,,,2,0,2,1,5.76089483747721,13.79125,0.201471335865307,1,35,0.2441710088151080,0.4869130696926430,0.6253225468387480,0.89580102557842,0.2494636642202660,0.0,0.50076693,0.16738193,1.829268292682930,3.081081081081080
0,AI_prompt3,,R,FALSE,Dalle18.png,../data/AI/prompt_3/stimuli_R/Dalle18.png,a drawing of a man with a beard and a face mask,,Abstract line drawing resembling a stylized insect or beetle,,3,0.647998213768005,0.74,95.0,bug,,,1,1,2,1,6.09665420906291,14.72125,0.408861650343088,2,20,0.1223275515642640,0.287150587183162,0.3228212787402430,0.738516325482965,0.2660446483407060,0.10525711,0.37232167,0.15794702,75.0,3.6774193548387100
0,AI_prompt3,,R,FALSE,Dalle19.png,../data/AI/prompt_3/stimuli_R/Dalle19.png,a drawing of a man standing on a stool with a knife in his hand,,"Stylized figure sitting cross-legged, arms crossed",,4,0.536805868148804,0.51,50.0,person(s),,,2,1,3,1,4.9550886752846,6.49125,0.381670295362116,10,21,0.2143751127272650,0.3626102209091190,0.4985469876853810,0.6344298355007000,0.2442217243647880,0.1409603,0.3297053,0.13973904,9.375,3.6774193548387100
0,AI_prompt3,,R,FALSE,Dalle20.png,../data/AI/prompt_3/stimuli_R/Dalle20.png,a drawing of a man standing in a bathtub with a towel on his head,,Abstract figure with elongated arms and head above body,,3,0.524163603782654,0.6,72.0,abstract doodle/hard to interpret,,,2,0,2,1,4.47229718761431,8.750625,0.493828816742688,1,33,0.1947209718989730,0.4690347630360860,0.4927749331459350,0.7546312149968720,0.2398253728131450,0.09058826,0.33617797,0.15177958,1.829268292682930,3.6774193548387100
0,AI_prompt3,,R,FALSE,Dalle21.png,../data/AI/prompt_3/stimuli_R/Dalle21.png,a close up of a drawing of a person with a kite,,Abstract geometric shapes resembling three figures,,4,0.552220821380615,0.62,77.0,abstract doodle/hard to interpret,,,2,0,2,1,4.68991268940089,11.65,0.289749379928183,2,25,0.1544835567474370,0.3944733503774780,0.3732971175490080,0.5749487285517780,0.2926713286225060,0.08137579,0.25631776,0.13716438,1.829268292682930,3.4545454545454500
0,AI_prompt3,,R,FALSE,Dalle22.png,../data/AI/prompt_3/stimuli_R/Dalle22.png,a drawing of a face with a cross and a fish on it,,Abstract line drawing resembling a face with geometric shapes,,4,0.601300835609436,0.61,75.0,face(s),,,2,1,2,1,4.79575230433498,8.705625,0.221235162739341,1,19,0.1161759426488900,0.3189729452133180,0.3222034169556730,0.7003577710681240,0.2666424857464810,0.07188965,0.33675092,0.14775462,21.428571428571400,3.6774193548387100
0,AI_prompt3,,R,FALSE,Dalle23.png,../data/AI/prompt_3/stimuli_R/Dalle23.png,there are many black and white pictures of a group of people,,Eleven abstract stick figures arranged in two rows,,5,0.665536403656006,0.79,97.0,abstract doodle/hard to interpret,,,2,0,3,1,4.14307551162575,20.505625,0.222415617428108,1,70,0.1844257602437860,0.3853758986406290,0.4514443220429770,0.652300981197979,0.2455603796251250,0.13605621,0.4802459,0.18281637,1.829268292682930,3.6774193548387100
0,AI_prompt3,,R,FALSE,Dalle24.png,../data/AI/prompt_3/stimuli_R/Dalle24.png,a drawing of a man with a hat and a tie,,Abstract figure with geometric shapes resembling a human form,,4,0.465566456317902,0.48,42.0,abstract doodle/hard to interpret,,,2,0,2,1,4.35257337721817,4.518125,0.216149982403942,1,12,0.1655168434669450,0.4470680787285590,0.4069982413648500,0.5407787526868940,0.256810039455223,0.06405652,0.29990393,0.18282089,1.829268292682930,3.6774193548387100
0,AI_prompt3,,R,FALSE,Dalle25.png,../data/AI/prompt_3/stimuli_R/Dalle25.png,a drawing of two people standing in front of a door,,Two seated figures back-to-back with a striped panel between them,,5,0.603875517845154,0.71,93.0,person(s),,,2,1,1,0.5,4.39886854188226,17.200625,0.651444059766764,3,48,0.2135206675194370,0.3884530067443850,0.5469867317072580,0.6429843647123290,0.3675098590775560,0.16529034,0.36191893,0.25613773,9.375,3.6774193548387100
0,AI_prompt3,,R,FALSE,Dalle26.png,../data/AI/prompt_3/stimuli_R/Dalle26.png,a drawing of a man with a hat and a tie on his head,,"Abstract figure with geometric body, simplified eyes, mouth, and arms",,3,0.527137279510498,0.53,56.0,person(s),,,1,1,3,1,4.10240412055667,5.38125,0.221775911768392,1,10,0.1635245583340770,0.417576874350122,0.3803770172820690,0.7415208843400020,0.2680197808708460,0.0778441,0.3371178,0.14775212,9.375,3.6774193548387100
0,AI_prompt3,,R,FALSE,Dalle27.png,../data/AI/prompt_3/stimuli_R/Dalle27.png,a drawing of a group of people doing different poses,,Abstract humanoid figures in varied dynamic and static poses,,5,0.744409441947937,0.9,99.0,person(s),,,2,0,3,0.5,4.42092451951813,18.708125,0.222016199252053,1,101,0.2209757303028370,0.474528758199736,0.5008415281772610,0.6849106697525590,0.2883630777060070,0.12613331,0.44431758,0.18861486,9.375,3.6774193548387100
0,AI_prompt3,,R,FALSE,Dalle28.png,../data/AI/prompt_3/stimuli_R/Dalle28.png,a drawing of a man with a tie and a suit on,,Abstract humanoid figure with elongated limbs and geometric shapes,,4,0.601742625236511,0.54,57.0,person(s),,,2,2,2,1,4.38151944305014,5.42625,0.618486696230599,1,17,0.1990373015977550,0.4623294152217750,0.4514504017174680,0.5842216679842850,0.2805383997377950,0.094229616,0.3305311,0.14317259,9.375,3.6774193548387100
0,AI_prompt3,,R,FALSE,Dalle29.png,../data/AI/prompt_3/stimuli_R/Dalle29.png,a drawing of a basketball hoop with a basketball on it,,Hard to interpret,,2,0.558734059333801,0.5,48.0,abstract doodle/hard to interpret,,,2,0,0,0,5.05628197200962,12.08625,0.369856254728463,3,37,0.2441710088151080,0.4869130696926430,0.6253225468387480,0.7351926630488400,0.2291218180380290,0.0,0.31779927,0.14972895,1.829268292682930,3.081081081081080
0,AI_prompt3,,R,FALSE,Dalle30.png,../data/AI/prompt_3/stimuli_R/Dalle30.png,a drawing of a cartoon character with a tie around his neck,,Abstract face with spiral neck and exaggerated eyes,,4,0.620882034301758,0.65,83.0,face(s),,,1,1,2,1,5.13215660141107,12.229375,0.534347416530021,3,25,0.1877564452129870,0.4373664520601290,0.521376879297308,0.7806736718741440,0.2546608604730240,0.101386525,0.34699872,0.13093972,21.428571428571400,3.6774193548387100
0,AI_prompt3,,R,FALSE,Dalle31.png,../data/AI/prompt_3/stimuli_R/Dalle31.png,a close up of a drawing of a person with a triangle,,Hard to interpret,,3,0.398480474948883,0.45,34.0,abstract doodle/hard to interpret,,,2,0,1,1,4.61874610749759,3.76,0.476528099111874,4,8,0.2441710088151080,0.4869130696926430,0.6253225468387480,0.2695294517226750,0.1899091548129450,0.0,0.36153206,0.1657783,1.829268292682930,3.081081081081080
0,AI_prompt3,,R,FALSE,Dalle32.png,../data/AI/prompt_3/stimuli_R/Dalle32.png,a black and white drawing of a cat standing on a mop,,A person standing in front of paneled windows or shutters,,4,0.60710883140564,0.67,87.0,person(s),,,2,0,1,0.5,4.33580264150559,14.9175,0.810460239424492,1,74,0.2332412461494640,0.4359690638752910,0.562548704451165,0.6309598306861020,0.3728791289759520,0.16517535,0.4834083,0.22609787,9.375,11.4
0,AI_prompt3,,R,FALSE,Dalle33.png,../data/AI/prompt_3/stimuli_R/Dalle33.png,a drawing of a man sitting on a toilet with his legs crossed,,Hard to interpret,,2,0.565854787826538,0.67,86.0,abstract doodle/hard to interpret,,,2,0,2,1,4.53639403252344,10.45375,0.339930024054231,2,34,0.2441710088151080,0.4869130696926430,0.6253225468387480,0.749408431172321,0.2529951004242840,0.0,0.32495043,0.16348672,1.829268292682930,3.081081081081080
0,AI_prompt3,,R,FALSE,Dalle34.png,../data/AI/prompt_3/stimuli_R/Dalle34.png,a drawing of a glass of wine with a handle and a rope,,Hard to interpret,,2,0.548324108123779,0.52,52.0,abstract doodle/hard to interpret,,,2,0,1,1,5.68360580583195,11.813125,0.493445294784581,1,20,0.2441710088151080,0.4869130696926430,0.6253225468387480,0.7109879203224000,0.2433226164369190,0.0,0.34008822,0.14604416,1.829268292682930,3.081081081081080
0,AI_prompt3,,R,FALSE,Dalle35.png,../data/AI/prompt_3/stimuli_R/Dalle35.png,a drawing of a man with a striped shirt on,,A stylized person with short hair and a striped shirt,,5,0.694259583950043,0.71,92.0,person(s),,,2,2,3,1,5.091702633307870,15.955625,0.394422621679977,4,60,0.2011344312945330,0.370460033416748,0.4783850597372680,0.8397606711552090,0.2864401492468890,0.14704427,0.38098225,0.15525113,9.375,3.6774193548387100
0,AI_prompt3,,R,FALSE,Dalle36.png,../data/AI/prompt_3/stimuli_R/Dalle36.png,a drawing of three people on a pole with one holding a pair of scissors,,Hard to interpret,,2,0.550942659378052,0.61,75.0,abstract doodle/hard to interpret,,,2,0,1,0,4.56113075335214,7.02125,0.330091160670682,11,23,0.2441710088151080,0.4869130696926430,0.6253225468387480,0.5972509438893280,0.2234668087189200,0.0,0.30932146,0.16610955,1.829268292682930,3.081081081081080
0,AI_prompt3,,R,FALSE,Dalle37.png,../data/AI/prompt_3/stimuli_R/Dalle37.png,a drawing of a dog with a hat on its head,,Stylized line drawing of a dog with geometric patterns,,4,0.655338764190674,0.76,96.0,animal,,,2,2,3,1,4.86423177266495,17.608125,0.31091556672952,1,42,0.1314718566570390,0.2861803599488510,0.3088650703430180,0.8147769483628920,0.3407048932305590,0.120908186,0.4563443,0.19443066,150.0,3.6774193548387100
0,AI_prompt3,,R,FALSE,Dalle38.png,../data/AI/prompt_3/stimuli_R/Dalle38.png,a drawing of a woman with a suitcase and a bag,,Abstract outline of a standing person wearing a dress,,4,0.590914368629456,0.59,70.0,person(s),,,2,2,4,1,4.66859105058752,8.10125,0.505939835217475,1,23,0.1894248498171690,0.41014164686203,0.4673611800289850,0.7454753813492770,0.300437460621433,0.14654899,0.2887103,0.15166473,9.375,3.6774193548387100
0,AI_prompt3,,R,FALSE,Dalle39.png,../data/AI/prompt_3/stimuli_R/Dalle39.png,a black and white drawing of a person holding a mirror,,Hard to interpret,,1,0.625108182430267,0.69,90.0,abstract doodle/hard to interpret,,,2,0,1,0.5,6.54324019792336,13.21125,0.422153395277584,1,22,0.2441710088151080,0.4869130696926430,0.6253225468387480,0.6758726159456400,0.2458576372283080,0.0,0.37215772,0.13802516,1.829268292682930,3.081081081081080
0,AI_prompt3,,R,FALSE,Dalle40.png,../data/AI/prompt_3/stimuli_R/Dalle40.png,a drawing of a man with a hat and a tie,,Hard to interpret,,2,0.598734378814697,0.63,79.0,person(s),,,2,2,3,1,4.51150176292017,9.128125,0.545789889712802,2,30,0.2441710088151080,0.4869130696926430,0.6253225468387480,0.716521679044578,0.2387282845151340,0.0,0.3306554,0.122767545,9.375,3.081081081081080
0,AI_prompt3,,R,FALSE,Dalle41.png,../data/AI/prompt_3/stimuli_R/Dalle41.png,there is a drawing of a suit hanger with a pair of scissors,,Hard to interpret,,1,0.5953528881073,0.66,85.0,abstract doodle/hard to interpret,,,2,0,1,0.5,5.288956114769850,8.5775,0.580995775784328,1,21,0.2441710088151080,0.4869130696926430,0.6253225468387480,0.6781114329782700,0.2251403740649360,0.0,0.31716597,0.1370811,1.829268292682930,3.081081081081080
0,AI_prompt3,,R,FALSE,Dalle42.png,../data/AI/prompt_3/stimuli_R/Dalle42.png,a drawing of a pair of scissors on a stand,,Hard to interpret,,3,0.479724496603012,0.54,58.0,abstract doodle/hard to interpret,,,2,0,0,1,5.05977370556591,12.383125,0.378000139948219,1,40,0.2441710088151080,0.4869130696926430,0.6253225468387480,0.667415320648561,0.2321423778258550,0.0,0.3870562,0.1586914,1.829268292682930,3.081081081081080
0,AI_prompt3,,R,FALSE,Dalle43.png,../data/AI/prompt_3/stimuli_R/Dalle43.png,a black and white drawing of a horse with a sword,,Hard to interpret,,3,0.49014937877655,0.58,68.0,abstract doodle/hard to interpret,,,2,0,1,0,5.12293559100283,9.00875,0.675908453089466,1,21,0.2441710088151080,0.4869130696926430,0.6253225468387480,0.5150810502812940,0.2839273186266070,0.0,0.29229477,0.14400774,1.829268292682930,3.081081081081080
0,AI_prompt3,,R,FALSE,Dalle44.png,../data/AI/prompt_3/stimuli_R/Dalle44.png,a drawing of a man with a hat and glasses on,,Abstract line drawing resembling a human face,,4,0.618761956691742,0.63,80.0,face(s),,,2,1,3,1,4.93719490300796,9.5125,0.221695097953198,1,18,0.1141413978253950,0.3558700468617640,0.3479802815902390,0.7313953288118670,0.2378652385618910,0.08379167,0.32609767,0.16017741,21.428571428571400,3.6774193548387100
0,AI_prompt3,,R,FALSE,Dalle45.png,../data/AI/prompt_3/stimuli_R/Dalle45.png,a drawing of a man with a hat on his head,,Abstract geometric figure resembling a person with angular features,,3,0.721415340900421,0.8,98.0,person(s),,,2,1,4,1,5.42446176589256,19.89625,0.434272244004522,1,78,0.1654821634292600,0.3903124463185690,0.3981543183326720,0.7024058264185340,0.2770462910091240,0.074898794,0.342022,0.1619547,9.375,3.6774193548387100
0,AI_prompt3,,R,FALSE,Dalle46.png,../data/AI/prompt_3/stimuli_R/Dalle46.png,a drawing of a man with a knife and a knife holder,,"Abstract figure with sharp lines, holding sticks in each hand",,4,0.535707771778107,0.57,67.0,person(s),,,2,2,4,1,4.11336471241734,6.856875,0.473705066515709,1,24,0.1572747639090040,0.3657609820365910,0.4149103237608340,0.7587982688544090,0.2807422858513420,0.10737383,0.38958046,0.14162102,9.375,3.6774193548387100
0,AI_prompt3,,R,FALSE,Dalle47.png,../data/AI/prompt_3/stimuli_R/Dalle47.png,a drawing of a chair with a geometric design on it,,"Abstract geometric shapes and lines, including triangles and rectangles",,3,0.585520684719086,0.6,74.0,abstract doodle/hard to interpret,,,2,0,1,0,4.29650625968482,17.046875,0.659397331236558,1,67,0.126537971106887,0.2856091048004950,0.3201297926825400,0.5013804996046590,0.2131492865427370,0.061751615,0.35156366,0.10480945,1.829268292682930,3.4545454545454500
0,AI_prompt3,,R,FALSE,Dalle48.png,../data/AI/prompt_3/stimuli_R/Dalle48.png,a drawing of a picture of a person sitting on a chair,,Hard to interpret,,2,0.611005425453186,0.54,57.0,person(s),,,1,1,2,1,4.49042081963699,7.061875,0.336592848240821,31,19,0.2441710088151080,0.4869130696926430,0.6253225468387480,0.592583028097859,0.2430610457818640,0.0,0.3042689,0.15931055,9.375,3.081081081081080
0,AI_prompt3,,R,FALSE,Dalle49.png,../data/AI/prompt_3/stimuli_R/Dalle49.png,coloring pages robot with a box and a wrench,,Hard to interpret,,3,0.709097862243652,0.7,91.0,creature(s),,,2,2,1,1,4.61346576640386,10.649375,0.64983278848683,1,27,0.2441710088151080,0.4869130696926430,0.6253225468387480,0.6084018757900030,0.2664374805535600,0.0,0.3293814,0.14334853,25.0,3.081081081081080
0,AI_prompt3,,R,FALSE,Dalle50.png,../data/AI/prompt_3/stimuli_R/Dalle50.png,a drawing of a man with a sword and a shield,,Abstract face with angular features and a swirl above,,4,0.603051662445068,0.52,51.0,creature(s),,,1,1,1,1,4.8584130636419,9.373125,0.483965770593828,2,24,0.1749368205704180,0.3769159317016600,0.4580475960998290,0.5629377264190790,0.2462978547041170,0.10066123,0.30539292,0.12486334,25.0,3.6774193548387100