pid,creator,age,stimuli,inverted,filename,filepath,blip_caption,blip_caption_correct,gpt_caption,gpt_caption_correct,gpt_caption_confidence,originality_audra,originality_ocs,percentile_ocs,category1,category2,category3,confidence,creativity,creativity2,used_stimulus,line_thickness,ink_density,ink_fraction_inside_stimulus,number_of_components,number_of_lines,dist_from_base_caption_gtelarge,dist_from_base_caption_gte,dist_from_base_caption_stella,dist_from_base_shape_dino,dist_from_base_shape_clip,text_10NN_gtelarge,image_10NN_dino,image_10NN_clip,inverse_category_frequency,inverse_cluster_frequency_gtelarge,gpt_hard_to_interpret,category_hard_to_interpret,mean_creativity,mean_originality,subgroup
1001,children,5.0,G,True,1001.png,../data/children/stimuli_G/1001.png,drawing of a person with a crown on their head,,"Child's drawing of person wearing a crown, with a heart shape nearby",,5,0.664583921432495,0.72,93.0,princess,heart,writing,2.0,3.0,3,0.5,10.5561591731363,42.17,0.542837559972584,5,148,0.166164611761707,0.329615215349651,0.405906045788886,0.837171469656183,0.528231594609869,0.15164076,0.26069576,0.33617306,49.33333333333329,9.81818181818182,0,0,0.75,0.6922919607162474,pre-schematic
1002,children,5.0,G,False,1002.png,../data/children/stimuli_G/1002.png,drawing of a mushroom with a man and a woman on it,,Crying mushroom with a sad face and teardrops,,5,0.614554762840271,0.58,68.0,creature/monster,circles,frown,2.0,2.0,2,1.0,5.38461925530236,6.4575,0.898378901524316,9,5,0.190082836742231,0.267895140287135,0.459976673126221,0.73949560281299,0.341619546529742,0.12107836,0.13501963,0.13988134,7.4,6.35294117647059,0,0,0.5,0.5972773814201355,pre-schematic
1003,children,5.0,G,True,1003.png,../data/children/stimuli_G/1003.png,drawing of a boat with a tower on top of it,,"A ship with a face and chimney, alongside a person with antennae",,4,0.67158979177475,0.74,95.0,princess,house,flowers,2.0,4.0,4,1.0,5.16322593524914,13.264375,0.378151862464183,14,24,0.207584631895102,0.401707273772575,0.461711168289185,0.759324371925619,0.371121390117231,0.15759096,0.22743157,0.17685068,49.33333333333329,10.8,0,0,1.0,0.705794895887375,pre-schematic
1004,children,4.0,G,True,1004.png,../data/children/stimuli_G/1004.png,drawing of a man with a face drawn on it,,Cartoonish face with large eyes and a smiling mouth,,4,0.428384363651276,0.52,51.0,(smiley) face,,,2.0,1.0,1,1.0,3.8688979901967,2.755,0.843478260869565,4,6,0.206149816513062,0.303782284259796,0.504666328430176,0.549452495824325,0.28118388049338,0.08096619,0.24104539,0.17937297,16.4444444444444,4.15384615384615,0,0,0.25,0.47419218182563805,pre-schematic
1005,children,4.0,G,True,1005.png,../data/children/stimuli_G/1005.png,drawing of a bird on a vase with a bird on top,,Abstract face with a rectangular head and curvy body shape,,3,0.533170938491821,0.55,60.0,(smiley) face,,,2.0,1.0,1,1.0,4.31418264011988,4.128125,0.845591397849462,3,5,0.19006222486496,0.343736113047846,0.492203712463379,0.590634354262403,0.314299955420246,0.1050989,0.21995282,0.17112996,16.4444444444444,4.15384615384615,1,0,0.25,0.5415854692459106,pre-schematic
1006,children,5.0,G,False,1006.png,../data/children/stimuli_G/1006.png,there is a drawing of a bunch of flowers on a white paper,,Hard to interpret,,2,0.766997575759888,0.53,55.0,abstract doodle/hard to interpret,,,2.0,0.0,2,0.5,4.54138606666413,27.289375,0.589267794880517,3,163,0.248445093631744,0.458286789553569,0.628205180168152,0.836481942780671,0.311913663939019,0.0,0.37502366,0.14027278,3.21739130434783,2.63414634146341,1,1,0.25,0.648498787879944,pre-schematic
1007,children,5.0,G,True,1007.png,../data/children/stimuli_G/1007.png,drawing of a bird flying over a house with a kite,,House-like shape with windows and a cloud or tree nearby,,4,0.663845598697662,0.62,78.0,house,flower,door,1.0,2.0,4,1.0,4.46958835076133,9.184375,0.738247566063978,3,22,0.165136267832739,0.346572638741667,0.386850714683533,0.742220080742281,0.328936454905529,0.12219809,0.24738844,0.15271589,37.0,15.4285714285714,0,0,0.75,0.641922799348831,pre-schematic
1008,children,7.0,G,True,1008.png,../data/children/stimuli_G/1008.png,a drawing of a man with a sad face and a tie,,"Smiling face with large eyes and curly hair, simple line drawing",,4,0.559856295585632,0.54,58.0,(smiley) face,ears,hair,2.0,3.0,4,1.0,4.78093463693626,10.65625,0.357106684672519,8,18,0.150172820676992,0.260230139507658,0.391617655754089,0.765321667647411,0.288917300777409,0.105744496,0.2208477,0.13128024,16.4444444444444,4.15384615384615,0,0,0.875,0.549928147792816,schematic
1009,children,6.0,G,True,1009.png,../data/children/stimuli_G/1009.png,drawing of a boat with a flag and a flag pole,,A person on a boat with an anchor in the sea,,5,0.702921867370606,0.75,95.0,person(s),boat,music,2.0,3.0,3,1.0,4.92121498075725,14.695625,0.4874632934267,11,57,0.222247229680583,0.46157108132753,0.562552511692047,0.777009273245386,0.351791302914216,0.18627426,0.32570276,0.2025909,8.70588235294118,10.8,0,0,0.75,0.726460933685303,pre-schematic
1010,children,4.0,G,True,1010.png,../data/children/stimuli_G/1010.png,a drawing of a girl in a dress with a bow,,"Smiling person with long hair, wearing a dress with heart and patterns",,5,0.636944949626923,0.65,83.0,person,heart,hair,2.0,3.0,4,1.0,7.92149478068286,13.54875,0.692044658674247,3,15,0.222550915327612,0.478257878966864,0.592865305926362,0.733563496589432,0.381406949401908,0.1512973,0.22182484,0.18431719,8.70588235294118,10.8,0,0,0.875,0.6434724748134615,pre-schematic
1011,children,5.0,G,True,1011.png,../data/children/stimuli_G/1011.png,a drawing of a bird with a face and a beak,,"A figure with a round body, rectangle arms, and a face with spikes",,4,0.687405347824097,0.67,87.0,creature/monster,,,2.0,2.0,3,1.0,6.89491620779888,11.216875,0.788644672112651,5,27,0.188881445593746,0.334483722879997,0.47725460068854,0.707850114516171,0.336454594872726,0.10824418,0.23482342,0.13684328,7.4,4.15384615384615,0,0,0.625,0.6787026739120485,pre-schematic
1012,children,6.0,G,True,1012.png,../data/children/stimuli_G/1012.png,drawing of a hand with a finger on it,,Hard to interpret,,2,0.499893456697464,0.54,56.0,person(s),,,1.0,2.0,2,1.0,4.08165393015744,4.010625,0.443552371541502,3,11,0.248445093631744,0.458286789553569,0.628205180168152,0.670755814186823,0.275114524648038,0.0,0.25277707,0.14490472,8.70588235294118,2.63414634146341,1,0,0.5,0.519946728348732,pre-schematic
1013,children,5.0,G,False,1013.png,../data/children/stimuli_G/1013.png,drawing of a man and a woman in a window with a cat,,A house with two figures and a cat in a window,,5,0.613351762294769,0.66,86.0,house,person(s),,2.0,3.0,4,1.0,4.6756090403229,10.878125,0.64940655299231,2,29,0.222400426864624,0.457182212387985,0.514813408697051,0.763115418728534,0.327677092530598,0.17313483,0.2791803,0.16979225,37.0,15.4285714285714,0,0,0.875,0.6366758811473845,pre-schematic
1014,children,5.0,G,False,1014.png,../data/children/stimuli_G/1014.png,drawing of a man with a cell phone in his hand,,"Humanoid figure with a round body, smiling face, and extended arms",,4,0.497870206832886,0.48,40.0,person,hands,(smiley) face,2.0,2.0,2,1.0,3.98488619518255,3.323125,0.498392696412498,1,3,0.195265054702759,0.355523090229126,0.511247962713242,0.556190138249538,0.27187491873222,0.085638046,0.24873105,0.13741484,8.70588235294118,4.15384615384615,0,0,0.5,0.488935103416443,pre-schematic
1015,children,6.0,G,True,1015.png,../data/children/stimuli_G/1015.png,drawing of a bird with a flower in its beak,,Abstract sketch resembling a crab-like creature with geometric patterns,,3,0.771166443824768,0.78,97.0,creature/monster,frown,,2.0,3.0,4,1.0,5.01769396638314,18.70375,0.512822650106971,1,49,0.121876649744709,0.37507842108841,0.38753604888916,0.753295654157947,0.308047037680558,0.11290139,0.37127513,0.14864069,7.4,5.68421052631579,1,0,0.875,0.7755832219123839,pre-schematic
1016,children,5.0,G,False,1016.png,../data/children/stimuli_G/1016.png,drawing of a mushroom with a stick sticking out of it,,Drawing of a mushroom with a textured cap and straight stem,,5,0.578412294387817,0.48,41.0,mushroom,circles,,2.0,2.0,2,1.0,4.94262260529508,8.396875,0.957423643344221,2,15,0.132747888565063,0.220538294927427,0.305089574748898,0.764786264412528,0.289266060697221,0.05264809,0.16712299,0.0886453,7.04761904761905,5.68421052631579,0,0,0.5,0.5292061471939085,pre-schematic
1017,children,5.0,G,False,1017.png,../data/children/stimuli_G/1017.png,drawing of a person with a hat and a dress on,,A simple stick figure with a smiley face and outstretched arms,,4,0.490552067756653,0.48,40.0,person,hands,,2.0,2.0,3,1.0,3.87815707944156,3.14625,0.585088919288646,3,7,0.164946784678292,0.280087525852397,0.414515018463135,0.651086518309753,0.267191550173918,0.100160405,0.23561004,0.12406695,8.70588235294118,4.15384615384615,0,0,0.625,0.4852760338783265,pre-schematic
1018,children,6.0,G,False,1018.png,../data/children/stimuli_G/1018.png,drawing of a tie on a white paper with a pencil,,Hard to interpret,,2,0.484408617019653,0.48,40.0,abstract doodle/hard to interpret,,,2.0,0.0,1,1.0,3.68455153115497,6.11875,0.448173263216164,3,14,0.248445093631744,0.458286789553569,0.628205180168152,0.637464778331518,0.224085173550522,0.0,0.31732598,0.122609496,3.21739130434783,2.63414634146341,1,1,0.125,0.4822043085098265,pre-schematic
1019,children,6.0,G,False,1019.png,../data/children/stimuli_G/1019.png,drawing of a black and white picture of a clock with a number 11,,Hard to interpret,,1,0.375310122966766,0.37,14.0,completing,,,2.0,0.0,2,1.0,4.03889399813618,1.7175,0.909862671660424,4,5,0.248445093631744,0.458286789553569,0.628205180168152,0.208101090573558,0.131547317787811,0.0,0.21378092,0.09573607,12.3333333333333,2.63414634146341,1,0,0.25,0.372655061483383,pre-schematic
1020,children,6.0,G,False,1020.png,../data/children/stimuli_G/1020.png,a drawing of a mushroom with a face drawn on it,,A simple mushroom drawing with three spots on its cap,,5,0.326551139354706,0.34,9.0,abstract doodle/hard to interpret,circles,,1.0,1.0,2,1.0,3.92638036865164,2.99,0.831634850007177,5,4,0.116399155092334,0.22091368499141,0.292884328749309,0.586485116683557,0.286868289824345,0.04976833,0.16307151,0.12342181,3.21739130434783,5.68421052631579,0,1,0.375,0.333275569677353,pre-schematic
1022,children,5.0,G,False,1022.png,../data/children/stimuli_G/1022.png,drawing of a cartoon cat with a clock on its head,,Hard to interpret,,1,0.549336791038513,0.66,85.0,creature/monster,,,1.0,2.0,2,1.0,2.8868915430989,3.51875,0.754267277268943,5,10,0.248445093631744,0.458286789553569,0.628205180168152,0.653783168679459,0.302634567295919,0.0,0.21669802,0.13807657,7.4,2.63414634146341,1,0,0.5,0.6046683955192564,pre-schematic
1023,children,6.0,G,False,1023.png,../data/children/stimuli_G/1023.png,drawing of a drawing of a person holding an umbrella,,Umbrella over abstract face with squiggly lines above,,3,0.52531760931015,0.48,41.0,umbrella,rain,,1.0,2.0,3,1.0,3.06042468242892,5.1825,0.44556871187657,6,36,0.117848455905914,0.258023359120588,0.305830419063568,0.736712398780051,0.2419166137785,0.13229223,0.3647545,0.13582781,148.0,10.8,1,0,0.625,0.5026588046550751,pre-schematic
1024,children,5.0,G,False,1024.png,../data/children/stimuli_G/1024.png,drawing of a person holding an umbrella with a string attached to it,,Hard to interpret,,3,0.569675624370575,0.58,67.0,abstract doodle/hard to interpret,,,2.0,0.0,1,1.0,5.54835627637531,12.69875,0.872186368644735,3,42,0.248445093631744,0.458286789553569,0.628205180168152,0.785563545389227,0.271093466713624,0.0,0.38891238,0.13405679,3.21739130434783,2.63414634146341,1,1,0.125,0.5748378121852875,pre-schematic
1025,children,6.0,G,True,1025.png,../data/children/stimuli_G/1025.png,drawing of a basket of fruit with two forks and a spoon,,Balls in a net with two parallel vertical lines above,,4,0.562494039535523,0.54,58.0,abstract doodle/hard to interpret,circles,lines,1.0,1.0,3,1.0,4.6222546816941,10.180625,0.89757845885218,1,53,0.186575531959534,0.430850710323494,0.446032762527466,0.671723664608523,0.368331830579006,0.19605358,0.33388212,0.23931238,3.21739130434783,6.35294117647059,0,1,0.5,0.5512470197677615,pre-schematic
1026,children,6.0,G,False,1026.png,../data/children/stimuli_G/1026.png,drawing of a scarecrow with a number on it,,Abstract shape with spiral text beneath; possibly a robot or figure,,2,0.62013977766037,0.75,95.0,creature/monster,writing,,1.0,2.0,3,1.0,4.16711365164224,8.60375,0.56957492084912,7,33,0.1534362526796,0.364253621228147,0.438223702854624,0.779194237287573,0.354197817745626,0.11869605,0.4048973,0.21018958,7.4,9.81818181818182,1,0,0.625,0.6850698888301849,pre-schematic
1027,children,6.0,G,True,1027.png,../data/children/stimuli_G/1027.png,drawing of a clock with a clock face and a clock face on it,,Hard to interpret,,2,0.562702894210815,0.64,81.0,submarine,,,2.0,3.0,1,1.0,3.9213417759238496,4.33,0.385205587251623,12,8,0.248445093631744,0.458286789553569,0.628205180168152,0.59570741428058,0.244285087746367,0.0,0.35286897,0.14235958,148.0,2.63414634146341,1,0,0.5,0.6013514471054076,pre-schematic
1028,children,6.0,G,True,1028.png,../data/children/stimuli_G/1028.png,drawing of a smiling face with a striped face and a square nose,,"Face with big eyes and a wide, striped, semi-circular shape",,4,0.567424058914185,0.53,55.0,(smiley) face,lines ,,1.0,1.0,2,1.0,4.67284243214848,6.174375,0.87326747836741,2,13,0.203241026015154,0.381389581047866,0.501959800720215,0.659915730352799,0.287484759332874,0.11438916,0.270233,0.17502326,16.4444444444444,4.15384615384615,0,0,0.375,0.5487120294570925,pre-schematic
1029,children,5.0,G,False,1029.png,../data/children/stimuli_G/1029.png,drawing of a t - shirt with a tie on it,,Hard to interpret,,1,0.259839713573456,0.24,0.0,completing,,,2.0,0.0,0,1.0,3.40762745411491,1.466875,0.864452423698384,2,3,0.248445093631744,0.458286789553569,0.628205180168152,0.386190867448999,0.190022145310558,0.0,0.1904684,0.100722,12.3333333333333,2.63414634146341,1,0,0.0,0.24991985678672798,pre-schematic
2001,children,4.0,G,False,2001.png,../data/children/stimuli_G/2001.png,drawing of a door in a hole with a arrow pointing to it,,Hard to interpret,,3,0.484661161899567,0.54,57.0,abstract doodle/hard to interpret,encircled,,2.0,0.0,1,0.5,3.35877883935035,4.875,0.494567901234568,14,9,0.248445093631744,0.458286789553569,0.628205180168152,0.635238937765645,0.196637665223433,0.0,0.41052967,0.11913904,3.21739130434783,2.63414634146341,1,1,0.125,0.5123305809497836,pre-schematic
2002,children,4.0,G,False,2002.png,../data/children/stimuli_G/2002.png,drawing of a cartoon elephant with a big nose and a big nose,,Simple drawing resembling a mushroom with a stem and spots,,4,0.316790997982025,0.45,34.0,creature/monster,cricles,,1.0,1.0,2,1.0,3.47127195384722,2.51625,0.807898894154818,6,4,0.0988272310701269,0.190988993376165,0.239971339702606,0.591400444284592,0.307877970154605,0.04572022,0.2162935,0.1313978,7.4,5.68421052631579,0,0,0.375,0.3833954989910125,pre-schematic
2003,children,5.0,G,False,2003.png,../data/children/stimuli_G/2003.png,drawing of a man with a tie and a heart in his chest,,Abstract drawing with heart shape in mushroom-like outline,,3,0.528679609298706,0.6,73.0,abstract doodle/hard to interpret,,,1.0,0.0,2,1.0,5.7808489862169,4.926875,0.978359578784658,7,7,0.108383390557271,0.24810907984105,0.304698526859283,0.605739889840515,0.270172177615319,0.08778003,0.21048804,0.1262811,3.21739130434783,5.68421052631579,1,1,0.25,0.5643398046493531,pre-schematic
2004,children,4.0,G,False,2004.png,../data/children/stimuli_G/2004.png,arafed drawing of a clock with a number four on it,,Hard to interpret,,2,0.314893275499344,0.27,1.0,abstract doodle/hard to interpret,,,1.0,0.0,0,0.0,3.71714427428646,1.416875,0.914577530176416,7,3,0.248445093631744,0.458286789553569,0.628205180168152,0.145028294749718,0.0922121688899326,0.0,0.22950459,0.09831412,3.21739130434783,2.63414634146341,1,1,0.0,0.292446637749672,pre-schematic
2009,children,5.0,G,False,2009.png,../data/children/stimuli_G/2009.png,drawing of a mushroom with a long stem on a white background,,Simple line drawing of a mushroom,,5,0.334580004215241,0.37,14.0,mushroom,,,1.0,2.0,2,1.0,4.07955312398729,4.201875,0.944707242720488,16,10,0.0792132568828294,0.184577440755887,0.210936201270591,0.767190323847262,0.296976391919055,0.047991443,0.16072154,0.08397515,7.04761904761905,5.68421052631579,0,0,0.5,0.3522900021076205,pre-schematic
2010,children,5.0,G,False,2010.png,../data/children/stimuli_G/2010.png,drawing of a umbrella with a line drawing of a person holding a umbrella,,Simple mushroom shape with lines on the cap,,5,0.384293884038925,0.42,26.0,abstract doodle/hard to interpret,lines,,1.0,1.0,2,1.0,5.23926073370084,5.32,0.989421456656057,2,13,0.114490866661072,0.253167785798543,0.298704266548157,0.712623910289551,0.231297888330899,0.05708438,0.2518164,0.11959344,3.21739130434783,6.35294117647059,0,1,0.375,0.4021469420194625,pre-schematic
2011,children,6.0,G,False,2011.png,../data/children/stimuli_G/2011.png,drawing of a bird sitting on top of a dress on a white background,,Hard to interpret,,2,0.385366022586823,0.45,34.0,bird,wings,,1.0,2.0,3,1.0,3.6617635299204094,2.874375,0.662966252220249,1,4,0.248445093631744,0.458286789553569,0.628205180168152,0.570732162341259,0.239520521066369,0.0,0.20489821,0.13427918,148.0,2.63414634146341,1,0,0.625,0.4176830112934115,pre-schematic
2012,children,5.0,G,False,2012.png,../data/children/stimuli_G/2012.png,a drawing of a mushroom with a face drawn on it,,Hard to interpret,,2,0.346539080142975,0.42,27.0,abstract doodle/hard to interpret,lines,,2.0,0.0,1,0.5,3.87088629392902,3.45875,0.956832726816414,2,11,0.248445093631744,0.458286789553569,0.628205180168152,0.579948523992201,0.199450500934566,0.0,0.29519966,0.11406287,3.21739130434783,2.63414634146341,1,1,0.125,0.3832695400714875,pre-schematic
2013,children,5.0,G,True,2013.png,../data/children/stimuli_G/2013.png,drawing of a cartoon character with a baseball bat and a baseball cap,,"Smiling figure with a round body, arms, and legs",,4,0.620426177978516,0.7,91.0,pregancy,creature/monster,,1.0,2.0,4,1.0,4.58809303952079,9.995625,0.561323618700668,6,17,0.186580657958984,0.322047153772329,0.503165587877201,0.761902537391293,0.359233449069722,0.08924884,0.2985971,0.20367575,148.0,4.15384615384615,0,0,0.75,0.6602130889892579,pre-schematic
2014,children,6.0,G,False,2014.png,../data/children/stimuli_G/2014.png,there is a drawing of a fan with a bunch of fruit on it,,Mushroom with spots and a rectangular base,,4,0.584895849227905,0.52,52.0,mushroom,circles,,1.0,1.0,2,1.0,9.6586429387532,11.375625,0.95580219998018,1,8,0.16032950158959,0.363424143995292,0.430244607634681,0.718447927312693,0.281320220157402,0.06933603,0.31239593,0.1322792,7.04761904761905,6.35294117647059,0,0,0.375,0.5524479246139525,pre-schematic
2015,children,4.0,G,False,2015.png,../data/children/stimuli_G/2015.png,drawing of a cartoon character with a knife and fork in his hand,,Hard to interpret,,2,0.66976398229599,0.56,63.0,abstract doodle/hard to interpret,lines,,2.0,0.0,2,1.0,5.25196377561666,10.759375,0.687215332581736,1,19,0.248445093631744,0.458286789553569,0.628205180168152,0.685033577946781,0.294349299418229,0.0,0.2573045,0.15958408,3.21739130434783,2.63414634146341,1,1,0.25,0.614881991147995,pre-schematic
2016,children,4.0,G,False,2016.png,../data/children/stimuli_G/2016.png,drawing of a person ' s foot with a shoe on it,,Hard to interpret,,2,0.456742972135544,0.48,41.0,abstract doodle/hard to interpret,,,2.0,0.0,1,0.0,3.37193482029983,4.381875,0.535748422863697,2,11,0.248445093631744,0.458286789553569,0.628205180168152,0.714510842055746,0.213676194048718,0.0,0.4028245,0.12285966,3.21739130434783,2.63414634146341,1,1,0.125,0.468371486067772,pre-schematic
2017,children,4.0,G,True,2017.png,../data/children/stimuli_G/2017.png,drawing of a sink with a toothbrush and a toothbrush holder,,"Boat with chimneys, rainbow, and smiley face above water",,4,0.540966033935547,0.62,77.0,boat,(smiley) face,rainbow,1.0,2.0,3,1.0,3.81260366089745,5.32875,0.384007367047809,2,14,0.175065447386177,0.343564748764038,0.422850489616394,0.670735335689675,0.304335540190012,0.16346148,0.36294907,0.17607675,74.0,10.8,0,0,0.625,0.5804830169677735,pre-schematic
2018,children,5.0,G,False,2018.png,../data/children/stimuli_G/2018.png,drawing of a man with a hat and a tie on,,Abstract shape with a semicircular top and straight lines below,,4,0.352732181549072,0.42,28.0,completing,,,2.0,0.0,1,1.0,4.26850902561815,2.704375,0.651088240256454,3,3,0.132212434178961,0.353859862915268,0.375891070839496,0.527957586353008,0.192021347143491,0.09764911,0.20543142,0.10007737,12.3333333333333,6.35294117647059,1,0,0.125,0.386366090774536,pre-schematic
3001,children,4.0,G,False,3001.png,../data/children/stimuli_G/3001.png,drawing of a clock with a pencil and a pencil on a paper,,Hard to interpret,,1,0.335710644721985,0.33,5.0,blank,,,1.0,0.0,0,0.0,3.07523242329706,1.82,0.427101200686106,39,3,0.248445093631744,0.458286789553569,0.628205180168152,0.464951330420779,0.13805009956142,0.0,0.34945312,0.112793945,49.33333333333329,2.63414634146341,1,1,0.0,0.33285532236099247,pre-schematic
3002,children,6.0,G,False,3002.png,../data/children/stimuli_G/3002.png,drawing of a t - shirt with a line drawing of a water drop,,Hard to interpret,,2,0.458424150943756,0.56,63.0,abstract doodle/hard to interpret,,,2.0,0.0,1,1.0,4.2514532840715,3.8675,0.80486674391657,8,4,0.248445093631744,0.458286789553569,0.628205180168152,0.536635407841065,0.253236028039215,0.0,0.26279432,0.14767241,3.21739130434783,2.63414634146341,1,1,0.125,0.5092120754718781,pre-schematic
3005,children,6.0,G,False,3005.png,../data/children/stimuli_G/3005.png,drawing of a man with a tie and a umbrella,,Stick figure holding an umbrella and appearing to be surprised,,4,0.456116199493408,0.63,80.0,person(s),parachute,,1.0,3.0,3,1.0,4.21487721320837,3.50625,0.658619817997978,4,5,0.167340328255871,0.277964603597604,0.371531009674072,0.562108820663277,0.209680867094622,0.13386197,0.22202449,0.11129756,8.70588235294118,10.8,0,0,0.75,0.543058099746704,pre-schematic
3007,children,4.0,G,False,3007.png,../data/children/stimuli_G/3007.png,drawing of a man standing in the water with a umbrella,,Mushroom-like shape with sketchy background and foreground elements,,3,0.637240707874298,0.7,91.0,abstract doodle/hard to interpret,,,2.0,0.0,1,1.0,7.42707700230764,31.734375,0.522318791663151,8,127,0.128586411476135,0.228575458697268,0.306373834609985,0.830578525450605,0.282524378454097,0.085846215,0.32684213,0.14738736,3.21739130434783,5.68421052631579,0,1,0.125,0.6686203539371489,pre-schematic
3008,children,6.0,G,False,3008.png,../data/children/stimuli_G/3008.png,a drawing of a man with a bird on his head,,"Humanoid figure with round body, long neck, and smiling face",,4,0.519883751869202,0.59,72.0,person(s),hands,,2.0,3.0,3,1.0,4.40216679870508,5.0125,0.394873218582269,6,7,0.207450198683129,0.413078409823132,0.525217741727829,0.699454537029655,0.360082206121287,0.09525209,0.2528024,0.16383679,8.70588235294118,4.15384615384615,0,0,0.75,0.554941875934601,pre-schematic
3009,children,6.0,G,True,3009.png,../data/children/stimuli_G/3009.png,there is a drawing of a smiling face with a book in the background,,"A rectangle and a large, curved, sharp-toothed smile",,3,0.590520083904266,0.47,39.0,creature/monster,teeth,,1.0,2.0,2,1.0,5.58014636371038,5.381875,0.857041880190847,3,6,0.210388541221619,0.350238522901446,0.509908616542816,0.62719360744652,0.307622791748225,0.13268673,0.29019985,0.19435182,7.4,4.15384615384615,0,0,0.5,0.530260041952133,pre-schematic
3010,children,4.0,G,True,3010.png,../data/children/stimuli_G/3010.png,drawing of a man with a hat and a cell phone,,"Three faces in a boat shape with ""LOL"" written below",,4,0.55765175819397,0.53,55.0,faces,,,1.0,1.0,2,1.0,4.30147885506761,4.4525,0.812763395544853,6,3,0.18113927953605,0.363060574622767,0.503326892852783,0.535285727613932,0.424426417214804,0.15421073,0.23508242,0.28980595,148.0,4.15384615384615,0,0,0.375,0.543825879096985,pre-schematic
3011,children,5.0,G,True,3011.png,../data/children/stimuli_G/3011.png,drawing of a couple in a boat with a city in the background,,Three people on a boat under the moon,,4,0.622513651847839,0.65,83.0,person(s),boat,,2.0,2.0,3,1.0,4.50716821370242,6.710625,0.740545587941039,2,11,0.241546974089921,0.597923493261545,0.557051420211792,0.600599761851582,0.366140065671275,0.21569932,0.2262676,0.2361432,8.70588235294118,10.8,0,0,0.625,0.6362568259239195,pre-schematic
3013,children,5.0,G,False,3013.png,../data/children/stimuli_G/3013.png,drawing of a man with a hat and tie on his head,,"Cartoonish figure with large hat, smiling face, and outstretched arms",,3,0.549193739891052,0.62,77.0,person(s),encircled,hair ,2.0,2.0,3,1.0,5.22912993512043,9.2,0.594080670508119,7,14,0.180483509273318,0.30522948252226,0.465662630458912,0.77975042463189,0.308994914164295,0.0877067,0.2693316,0.1259226,8.70588235294118,4.15384615384615,0,0,0.625,0.584596869945526,pre-schematic
3016,children,4.0,G,False,3016.png,../data/children/stimuli_G/3016.png,drawing of a toilet with a seat and a toilet paper roll,,Circle with a square inside it,,5,0.373236685991287,0.36,14.0,completing,,,2.0,0.0,1,1.0,3.30907500150721,2.298125,0.711166341203622,2,4,0.204985499382019,0.335014323443601,0.463704466819763,0.480080710814185,0.209227675577738,0.1580981,0.27957192,0.14387432,12.3333333333333,6.35294117647059,0,0,0.125,0.3666183429956435,pre-schematic
3017,children,4.0,G,False,3017.png,../data/children/stimuli_G/3017.png,a close up of a drawing of a mushroom on a white background,,Outline of an abstract shape resembling a mushroom with geometric features,,3,0.245482176542282,0.27,1.0,completing,,,2.0,0.0,0,1.0,3.38542125079882,1.713125,0.918740849194729,1,3,0.105237782001495,0.285346486727788,0.30564296245575,0.370339765363221,0.164611066638226,0.06549367,0.21699688,0.13148686,12.3333333333333,5.68421052631579,1,0,0.0,0.257741088271141,pre-schematic
3018,children,5.0,G,False,3018.png,../data/children/stimuli_G/3018.png,drawing of a mushroom with dots on it ' s head,,A simple drawing of a mushroom,,5,0.447715610265732,0.43,31.0,mushroom,circles,,1.0,1.0,2,1.0,4.16491268461534,3.57375,0.96842906047927,18,3,0.0996131837598556,0.196593749218617,0.247422873973846,0.644529887249231,0.300227650164191,0.036162633,0.2093081,0.1125587,7.04761904761905,5.68421052631579,0,0,0.375,0.438857805132866,pre-schematic
3020,children,7.0,G,False,3020.png,../data/children/stimuli_G/3020.png,drawing of a person holding an umbrella with a pencil in it,,Hard to interpret,,2,0.312962979078293,0.32,4.0,abstract doodle/hard to interpret,,,2.0,0.0,1,1.0,3.69683318619093,2.188125,0.787250838760608,2,6,0.248445093631744,0.458286789553569,0.628205180168152,0.588073388201303,0.267184086963661,0.0,0.24661532,0.13431393,3.21739130434783,2.63414634146341,1,1,0.125,0.3164814895391465,schematic
3022,children,4.0,G,False,3022.png,../data/children/stimuli_G/3022.png,drawing of a person holding an umbrella with a heart on it,,"An umbrella, parachute, and heart shape are depicted",,3,0.580688714981079,0.69,89.0,abstract doodle/hard to interpret,heart,,2.0,0.0,1,1.0,4.28457448952755,7.02,0.627309926082365,2,16,0.134030520915985,0.293708362987887,0.325348496437073,0.747689867112144,0.233099449689272,0.15226217,0.37656045,0.120380476,3.21739130434783,10.8,0,1,0.125,0.6353443574905395,pre-schematic
3023,children,4.0,G,False,3023.png,../data/children/stimuli_G/3023.png,drawing of a person holding an umbrella in the rain,,Hard to interpret,,1,0.283443033695221,0.25,0.0,tracing,,,2.0,0.0,0,0.0,3.67256140191313,1.428125,0.93364789147744,5,3,0.248445093631744,0.458286789553569,0.628205180168152,0.478691467275864,0.106185240376946,0.0,0.25850353,0.09458759,148.0,2.63414634146341,1,1,0.0,0.2667215168476105,pre-schematic
3024,children,4.0,G,False,3024.png,../data/children/stimuli_G/3024.png,drawing of a person holding an umbrella with a white background,,Semi-circle with two vertical rectangular shapes below it,,4,0.310801714658737,0.26,0.0,completing,,,1.0,0.0,2,0.5,3.8509928016347,1.495625,0.961383285302594,3,4,0.168668011585705,0.357111077222558,0.425481174857545,0.329620538472981,0.119923744545549,0.13517995,0.2502523,0.10916581,12.3333333333333,6.35294117647059,0,0,0.25,0.2854008573293685,pre-schematic
3025,children,4.0,G,False,3025.png,../data/children/stimuli_G/3025.png,a drawing of a person standing in front of a light bulb,,Hard to interpret,,1,0.559618234634399,0.77,97.0,abstract doodle/hard to interpret,eye,lines,2.0,0.0,2,0.0,4.35020788232547,7.494375,0.154092307692308,18,13,0.248445093631744,0.458286789553569,0.628205180168152,0.566159747188565,0.253499465533092,0.0,0.3632092,0.14777172,3.21739130434783,2.63414634146341,1,1,0.25,0.6648091173171995,pre-schematic
3026,children,5.0,G,False,3026.png,../data/children/stimuli_G/3026.png,there is a drawing of a bird with a nest on it,,Hard to interpret,,2,0.440022647380829,0.5,47.0,abstract doodle/hard to interpret,,,2.0,0.0,2,0.5,22.1490627682238,19.1,0.928033602986932,2,12,0.248445093631744,0.458286789553569,0.628205180168152,0.701598840198262,0.279306073371958,0.0,0.30388322,0.16278261,3.21739130434783,2.63414634146341,1,1,0.25,0.47001132369041454,pre-schematic
3028,children,4.0,G,False,3028.png,../data/children/stimuli_G/3028.png,a drawing of a mushroom on a white background with a black outline,,Abstract shape resembling a mushroom or umbrella,,3,0.210730850696564,0.23,0.0,completing,,,2.0,0.0,0,1.0,4.02024672105196,2.04625,0.77431421446384,1,5,0.0872713327407836,0.199876165386324,0.271522045135498,0.439561968900392,0.1784957108615,0.07760481,0.1846458,0.09490261,12.3333333333333,5.68421052631579,1,0,0.0,0.22036542534828202,pre-schematic
4001,children,6.0,G,False,4001.png,../data/children/stimuli_G/4001.png,a drawing of a mushroom with a letter n on it,,Mushroom with spots and a heart inside a rectangle below,,4,0.37116014957428,0.43,29.0,mushroom,circles,heart,1.0,1.0,2,1.0,4.00750018250914,4.305625,0.899641219852502,6,7,0.16039514541626,0.272043802501076,0.395308357337366,0.749600610639002,0.324722863186392,0.08565189,0.10368755,0.12175834,7.04761904761905,6.35294117647059,0,0,0.375,0.40058007478714,pre-schematic
4002,children,6.0,G,False,4002.png,../data/children/stimuli_G/4002.png,a drawing of a mushroom on a white background with a black outline,,A simple drawing of a mushroom with a pointed top,,5,0.2760089635849,0.22,0.0,completing,,,2.0,0.0,0,1.0,3.77860261277815,1.7475,0.886127314227745,1,4,0.116749167442322,0.189235996558426,0.266528010368347,0.459048215687603,0.225021002687893,0.04733967,0.19008593,0.097644195,12.3333333333333,5.68421052631579,0,0,0.0,0.24800448179245,pre-schematic
4003,children,6.0,G,False,4003.png,../data/children/stimuli_G/4003.png,a drawing of a mushroom head with a long tail,,A simple line drawing of a mushroom,,5,0.206515073776245,0.21,0.0,completing,,,2.0,0.0,0,1.0,3.7317210324717,1.631875,0.913008989952406,1,2,0.0797910094261169,0.175740669711867,0.213912785053253,0.474696296446178,0.196096766266394,0.04380388,0.18631113,0.099777766,12.3333333333333,5.68421052631579,0,0,0.0,0.20825753688812249,pre-schematic
4004,children,5.0,G,True,4004.png,../data/children/stimuli_G/4004.png,drawing of a smiling face with a computer mouse in it,,"Simple face with two eyes, mouth, and a rectangular top",,4,0.431649297475815,0.37,15.0,(smiley) face,,,2.0,2.0,2,0.5,4.07374745186474,3.68,0.723436945987472,3,6,0.17909472113283,0.307976841926575,0.42921165910994,0.552362542421778,0.239189131048926,0.103743434,0.25957516,0.13991319,16.4444444444444,4.15384615384615,0,0,0.5,0.40082464873790746,pre-schematic
4005,children,7.0,G,False,4005.png,../data/children/stimuli_G/4005.png,drawing of a mushroom with a long tail and a long tail,,Mushroom shape with additional abstract lines and scribbles,,3,0.542752683162689,0.5,47.0,abstract doodle/hard to interpret,,,2.0,0.0,1,1.0,4.56318147569781,10.62375,0.608253855067297,1,36,0.0922592768359982,0.218571520405159,0.285963671562889,0.813985209501785,0.255712484262049,0.06436641,0.28524166,0.12127864,3.21739130434783,5.68421052631579,1,1,0.125,0.5213763415813445,schematic
4006,children,6.0,G,False,4006.png,../data/children/stimuli_G/4006.png,drawing of a clock with a face on it on a white background,,Hard to interpret,,2,0.56630665063858,0.56,62.0,abstract doodle/hard to interpret,tic/tac/toe,,2.0,1.0,3,1.0,5.24251602319922,7.990625,0.957929596467558,3,15,0.248445093631744,0.458286789553569,0.628205180168152,0.606037361796534,0.247959151205741,0.0,0.21793456,0.14597368,3.21739130434783,2.63414634146341,1,1,0.5,0.56315332531929,pre-schematic
4007,children,9.0,G,True,4007.png,../data/children/stimuli_G/4007.png,drawing of a woman with a crown on her head,,"Cartoon face with glasses, smile, and hair; simple black and white drawing",,5,0.619928061962128,0.58,67.0,(smiley) face,glasses,,2.0,4.0,4,1.0,8.20127471395825,20.16875,0.261664236617371,16,22,0.164029359817505,0.324119070891114,0.407135641149541,0.827405141575567,0.276844983436059,0.09476013,0.2561792,0.14748147,16.4444444444444,4.15384615384615,0,0,1.0,0.599964030981064,schematic
4008,children,7.0,G,False,4008.png,../data/children/stimuli_G/4008.png,drawing of a mushroom and an elephant under a tree,,Mushroom with door and animal-like shape beside it,,4,0.462102770805359,0.54,58.0,mushroom,door,copying,2.0,2.0,2,1.0,4.58302723716851,5.10625,0.815963175264895,16,6,0.176159059290858,0.29894147214119,0.38164883852005,0.676704430017103,0.280445293194225,0.101618886,0.18651552,0.14347628,7.04761904761905,6.35294117647059,0,0,0.5,0.5010513854026795,schematic
4009,children,5.0,G,False,4009.png,../data/children/stimuli_G/4009.png,drawing of a person holding a umbrella in the rain,,Hard to interpret,,2,0.531026661396027,0.45,34.0,abstract doodle/hard to interpret,,,1.0,0.0,1,1.0,5.49594823328085,11.89375,0.928708976932847,4,47,0.248445093631744,0.458286789553569,0.628205180168152,0.711714946508457,0.189624597802308,0.0,0.2722863,0.11894719,3.21739130434783,2.63414634146341,1,1,0.125,0.4905133306980135,pre-schematic
4010,children,4.0,G,True,4010.png,../data/children/stimuli_G/4010.png,drawing of a candle with a candle on it and a handwritten date,,Hard to interpret,,2,0.600579619407654,0.69,90.0,(smiley) face,numbers,ears,1.0,1.0,3,0.5,4.85386016576993,7.276875,0.686934673366834,6,11,0.248445093631744,0.458286789553569,0.628205180168152,0.694065705277569,0.297599419314775,0.0,0.3056433,0.17255676,16.4444444444444,2.63414634146341,1,0,0.5,0.645289809703827,pre-schematic
4011,children,4.0,G,False,4011.png,../data/children/stimuli_G/4011.png,drawing of a person holding a knife and a knife in their hand,,Hard to interpret,,1,0.476725518703461,0.57,65.0,creature/monster,,,1.0,1.0,2,1.0,3.41066472196291,2.541875,0.811709601873536,5,7,0.248445093631744,0.458286789553569,0.628205180168152,0.471230100435791,0.253602951845621,0.0,0.21184078,0.13096592,7.4,2.63414634146341,1,0,0.375,0.5233627593517305,pre-schematic
4012,children,6.0,G,False,4012.png,../data/children/stimuli_G/4012.png,drawing of a person with an umbrella in the rain,,Hard to interpret,,1,0.364609062671661,0.47,39.0,abstract doodle/hard to interpret,,,2.0,0.0,1,1.0,3.7139066854690497,2.341875,0.773090277777778,2,5,0.248445093631744,0.458286789553569,0.628205180168152,0.478900249039472,0.192831098279209,0.0,0.2433052,0.117796026,3.21739130434783,2.63414634146341,1,1,0.125,0.41730453133583045,pre-schematic
4013,children,7.0,G,False,4013.png,../data/children/stimuli_G/4013.png,drawing of a person holding a umbrella over a house,,Mushroom house with a square base and a pathway,,4,0.518535256385803,0.62,78.0,mushroom,,,1.0,2.0,3,1.0,4.44019803758121,9.135625,0.714020043392913,1,15,0.162677109241486,0.366113784859814,0.451921685097268,0.802724915410339,0.292913940433447,0.10940043,0.2621568,0.11822667,7.04761904761905,15.4285714285714,0,0,0.625,0.5692676281929014,schematic
4014,children,8.0,G,False,4014.png,../data/children/stimuli_G/4014.png,drawing of a person holding an umbrella with a bird flying by,,Hard to interpret,,1,0.550970017910004,0.47,38.0,abstract doodle/hard to interpret,,,1.0,1.0,3,1.0,5.32338366911197,9.11875,0.546136412691561,2,23,0.248445093631744,0.458286789553569,0.628205180168152,0.740417610483729,0.28887366154655,0.0,0.27129397,0.13402578,3.21739130434783,2.63414634146341,1,1,0.5,0.5104850089550019,schematic
4015,children,8.0,G,False,4015.png,../data/children/stimuli_G/4015.png,drawing of a person with a hat and a tie on,,Semi-circle object with textured rim and rectangular base,,4,0.484111666679382,0.5,46.0,abstract doodle/hard to interpret,,,1.0,0.0,2,1.0,4.06187443667661,3.47625,0.886883438963902,4,10,0.168003439903259,0.395617192591771,0.482853889465332,0.576450163404267,0.221016899707336,0.13454832,0.29553127,0.12212195,3.21739130434783,6.35294117647059,0,1,0.25,0.492055833339691,schematic
4016,children,9.0,G,False,4016.png,../data/children/stimuli_G/4016.png,a drawing of a mushroom with a lot of dots on it,,Mushroom with a spotted cap and textured stem drawn in black lines,,5,0.407194077968597,0.37,15.0,mushroom,circles,,2.0,2.0,2,1.0,3.86907874124416,5.56875,0.983609153535514,3,12,0.13286965293469,0.303887424220508,0.320163369178772,0.772044032246402,0.291306894642661,0.060556225,0.1133979,0.10336294,7.04761904761905,5.68421052631579,0,0,0.5,0.38859703898429854,schematic
4017,children,7.0,G,True,4017.png,../data/children/stimuli_G/4017.png,drawing of a face with a smile on it,,Simple stick figure with a round head and facial features,,5,0.611027479171753,0.6,73.0,creature/monster,hands,,2.0,3.0,4,1.0,12.0707876202443,16.308125,0.293828563787109,6,7,0.161910753022337,0.305900931358337,0.394001281618995,0.720056461045419,0.262119384155753,0.09848125,0.26760718,0.12672155,7.4,4.15384615384615,0,0,0.875,0.6055137395858765,schematic
4018,children,5.0,G,False,4018.png,../data/children/stimuli_G/4018.png,drawing of a person with a umbrella on a white background,,Abstract geometric design with symmetrical curved and angular lines,,3,0.56038111448288,0.61,75.0,abstract doodle/hard to interpret,lines,,2.0,0.0,1,1.0,4.24871078641492,9.893125,0.43844696969697,1,30,0.155387332714357,0.437272531904951,0.422718167304993,0.724192041297976,0.242545538839738,0.13553385,0.30440268,0.1487177,3.21739130434783,6.35294117647059,1,1,0.125,0.58519055724144,pre-schematic
4019,children,5.0,G,False,4019.png,../data/children/stimuli_G/4019.png,a drawing of a mushroom with a house in the middle,,A simple drawing of a mushroom with spots,,5,0.265396744012833,0.34,7.0,mushroom,circles,,2.0,2.0,2,1.0,3.5893356973232,3.69125,0.876233080981877,7,8,0.111292481422424,0.202244734830997,0.26270854473114,0.594110088088736,0.252950670316703,0.04548181,0.23037057,0.098235086,7.04761904761905,5.68421052631579,0,0,0.5,0.30269837200641647,pre-schematic
4020,children,6.0,G,False,4020.png,../data/children/stimuli_G/4020.png,a drawing of a circle with a small triangle on it,,Abstract drawing with overlapping lines and a triangular shape at the top,,3,0.535709142684937,0.49,43.0,abstract doodle/hard to interpret,lines,,2.0,0.0,2,0.5,4.60791591193133,10.73875,0.828343313373254,3,30,0.126260511501995,0.371629740540638,0.336024463176727,0.710464041875548,0.294860958066606,0.11865704,0.36735195,0.18357897,3.21739130434783,6.35294117647059,1,1,0.25,0.5128545713424685,pre-schematic
4021,children,5.0,G,False,4021.png,../data/children/stimuli_G/4021.png,drawing of a horse head with a long mane and a short tail,,Simple smiling figure with a horn and wide arms,,3,0.358178436756134,0.43,30.0,(smiley) face,,,2.0,1.0,3,1.0,3.89531497659718,2.36625,0.839333588663347,4,4,0.18336546421051,0.32161706581268,0.446139964691402,0.482205988941384,0.301049721594799,0.10963104,0.21195373,0.20687862,16.4444444444444,4.15384615384615,0,0,0.5,0.394089218378067,pre-schematic
4022,children,8.0,G,False,4022.png,../data/children/stimuli_G/4022.png,drawing of a man with a dog in a house,,"Robot with antennae arms under a wavy line, possibly symbolizing water",,4,0.604069292545319,0.77,97.0,person(s),boat,hands,2.0,3.0,4,1.0,5.4324100886512,10.09625,0.694523645659227,7,24,0.165302028339979,0.400129300359764,0.41649738451854,0.684599947310806,0.284827399138584,0.15316422,0.2778384,0.15502894,8.70588235294118,9.81818181818182,0,0,0.875,0.6870346462726595,schematic
4023,children,9.0,G,True,4023.png,../data/children/stimuli_G/4023.png,a drawing of a boat with a sail on it ' s side,,Simple outline of a bottle with a stopper at the top,,4,0.407057404518127,0.44,31.0,completing,abstract doodle/hard to interpret,,2.0,0.0,1,1.0,4.79448340527563,2.6925,0.828342245989305,2,5,0.16843292619088,0.315392770217983,0.370800595605391,0.537324564310012,0.205018337616166,0.17148435,0.31820294,0.14110096,12.3333333333333,6.35294117647059,0,0,0.125,0.42352870225906347,schematic
4024,children,9.0,G,True,4024.png,../data/children/stimuli_G/4024.png,drawing of a cup with a heart on it and a spoon in it,,"Dress with heart design on top, two straps",,5,0.505243539810181,0.6,73.0,abstract doodle/hard to interpret,heart,,2.0,1.0,2,1.0,4.93628329822519,3.6525,0.767836181035607,2,2,0.242853507825522,0.539192410659337,0.558906518351252,0.497608694121536,0.303205968800164,0.19786064,0.2229763,0.1952145,3.21739130434783,10.8,0,1,0.375,0.5526217699050905,schematic
4025,children,6.0,G,False,4025.png,../data/children/stimuli_G/4025.png,drawing of a bird with a crown on its head,,"A figure with a crown, wings, and stick-like arms and legs",,4,0.591239094734192,0.68,88.0,princess,hands,,2.0,3.0,4,1.0,6.10703338969189,8.499375,0.944797030295773,3,15,0.180163001422971,0.363219263841441,0.470199227333069,0.657227540948527,0.31219242835762,0.128253,0.21460564,0.13908124,49.33333333333329,4.15384615384615,0,0,0.875,0.635619547367096,pre-schematic
4026,children,7.0,G,False,4026.png,../data/children/stimuli_G/4026.png,drawing of a cartoon character with two horns and a nose,,"Character with large oval head, two antennas, and a smiling face",,4,0.582506537437439,0.59,70.0,creature/monster,feelers,hands,2.0,3.0,4,1.0,4.25791868843804,6.036875,0.682679960722109,5,12,0.207846688756543,0.394200288903729,0.493849128118105,0.702097440524813,0.337732770008054,0.11049254,0.17781834,0.16524948,7.4,4.15384615384615,0,0,0.875,0.5862532687187194,schematic
5001,children,9.0,G,False,5001.png,../data/children/stimuli_G/5001.png,drawing of a tie with a knot on it,,Hard to interpret,,2,0.530781507492065,0.54,58.0,abstract doodle/hard to interpret,lines,,2.0,0.0,1,1.0,4.44439372035772,4.741875,0.982026768642447,1,16,0.248445093631744,0.458286789553569,0.628205180168152,0.591047303545673,0.239922399957616,0.0,0.24109486,0.1368695,3.21739130434783,2.63414634146341,1,1,0.125,0.5353907537460325,schematic
5002,children,6.0,G,False,5002.png,../data/children/stimuli_G/5002.png,drawing of a child ' s drawing of a tree with a bird on it,,Hard to interpret,,2,0.681609749794006,0.62,78.0,abstract doodle/hard to interpret,lines,,2.0,1.0,2,1.0,4.59004137186124,19.7775,0.404448143524298,2,92,0.248445093631744,0.458286789553569,0.628205180168152,0.811545242872632,0.319446555331534,0.0,0.26994422,0.16098806,3.21739130434783,2.63414634146341,1,1,0.375,0.650804874897003,pre-schematic
5003,children,8.0,G,False,5003.png,../data/children/stimuli_G/5003.png,drawing of a cartoon character with a key in his mouth,,"Mushroom-shaped house with circular windows, scribbles in front",,5,0.53560084104538,0.48,40.0,abstract doodle/hard to interpret,circles,,1.0,2.0,2,1.0,6.11098615605521,5.7925,0.758067255434783,9,4,0.145061194896698,0.355459849699135,0.38263127907328,0.666886560723573,0.232544924502648,0.108450316,0.28844464,0.10762061,3.21739130434783,15.4285714285714,0,1,0.5,0.50780042052269,schematic
5004,children,8.0,G,True,5004.png,../data/children/stimuli_G/5004.png,drawing of a person with a large head and a small body,,Hard to interpret,,1,0.429498136043549,0.43,30.0,person,,,1.0,1.0,1,1.0,4.49944983628602,2.870625,0.639389511284299,1,4,0.248445093631744,0.458286789553569,0.628205180168152,0.575642531475158,0.244819163591495,0.0,0.2875129,0.15546577,8.70588235294118,2.63414634146341,1,0,0.25,0.4297490680217745,schematic
5009,children,7.0,G,False,5009.png,../data/children/stimuli_G/5009.png,drawing of a man with a hat and a tie on,,Hard to interpret,,2,0.494705736637116,0.51,49.0,person(s),boat,,1.0,1.0,1,0.5,3.94738008434505,2.3925,0.764716981132075,5,3,0.248445093631744,0.458286789553569,0.628205180168152,0.479549401809365,0.197850546295444,0.0,0.21078019,0.10303295,8.70588235294118,2.63414634146341,1,0,0.25,0.502352868318558,schematic
5010,children,7.0,G,False,5010.png,../data/children/stimuli_G/5010.png,there is a drawing of a clock on a white wall,,Hard to interpret,,1,0.29514667391777,0.17,0.0,blank,,,2.0,0.0,0,0.0,3.86164287484681,0.841875,0.927986200948685,9,2,0.248445093631744,0.458286789553569,0.628205180168152,0.0875161494993449,0.0594726414641905,0.0,0.25831145,0.10180211,49.33333333333329,2.63414634146341,1,1,0.0,0.232573336958885,schematic
5011,children,8.0,G,False,5011.png,../data/children/stimuli_G/5011.png,drawing of a person holding an umbrella with a face drawn on it,,Mushroom with a grid-patterned cap and textured stem,,4,0.581765294075012,0.5,47.0,abstract doodle/hard to interpret,lines,,2.0,1.0,2,1.0,3.9136461585626097,5.196875,0.98404665923321,1,12,0.171667386790072,0.332880596306342,0.461696565151215,0.697229682482265,0.288006192203461,0.069786854,0.21134469,0.15209298,3.21739130434783,6.35294117647059,0,1,0.375,0.540882647037506,schematic
5012,children,6.0,G,False,5012.png,../data/children/stimuli_G/5012.png,drawing of a mushroom with a face drawn on it,,Simple drawing of a three-eyed creature with a vertical body,,3,0.473093777894974,0.44,33.0,abstract doodle/hard to interpret,circles,,2.0,0.0,1,1.0,3.30049454651794,2.109375,0.800452659373821,6,4,0.151834896097486,0.304964918194109,0.356564721856398,0.622034107416394,0.211724915454295,0.12743475,0.23439817,0.09915034,3.21739130434783,9.81818181818182,0,1,0.125,0.45654688894748696,pre-schematic
5018,children,9.0,G,False,5018.png,../data/children/stimuli_G/5018.png,drawing of a helmet with a pair of scissors on it,,Hard to interpret,,3,0.508137881755829,0.56,63.0,creature/monster,,,1.0,2.0,1,1.0,3.67212918130487,3.730625,0.703108748410956,1,7,0.248445093631744,0.458286789553569,0.628205180168152,0.668880162289156,0.233809347613345,0.0,0.26746303,0.12636946,7.4,2.63414634146341,1,0,0.375,0.5340689408779145,schematic
5019,children,6.0,G,True,5019.png,../data/children/stimuli_G/5019.png,drawing of a cartoon character with a face and arms,,Cartoonish face with a rectangular head and simplistic features,,5,0.444195449352264,0.48,41.0,person,,,2.0,3.0,4,1.0,3.84956850900674,4.186875,0.410684474123539,7,10,0.176840424537659,0.28858957154626,0.447376310825348,0.639842703562883,0.293723583462083,0.09427448,0.2993937,0.15982461,8.70588235294118,4.15384615384615,0,0,0.875,0.46209772467613197,pre-schematic
5020,children,9.0,G,True,5020.png,../data/children/stimuli_G/5020.png,drawing of a smiley face with a speech bubble above it,,"A smiling face saying ""BOO"" in a speech bubble",,5,0.412721931934357,0.47,40.0,(smiley) face,writing,,2.0,2.0,4,1.0,5.92329609133413,7.709375,0.230031152647975,11,9,0.221327198822926,0.343997777461804,0.475237011909485,0.629322366454819,0.229144249524558,0.15116742,0.2559846,0.12866375,16.4444444444444,4.15384615384615,0,0,0.75,0.4413609659671785,schematic
5021,children,6.0,G,True,5021.png,../data/children/stimuli_G/5021.png,drawing of a boat with a flag on top of it,,Stick figure standing on a ship holding a square object,,5,0.521334290504456,0.63,80.0,boat,,,1.0,2.0,3,1.0,5.08446787058779,5.734375,0.765033313654381,1,14,0.192684292793274,0.374332111308935,0.451505124568939,0.659928322804086,0.270585424525488,0.14474256,0.28456873,0.17590936,74.0,10.8,0,0,0.625,0.575667145252228,pre-schematic
5027,children,7.0,G,False,5027.png,../data/children/stimuli_G/5027.png,there is a drawing of a vase with flowers in it,,"Abstract shape inside arch-like structure, possibly tree or plant",,2,0.586082100868225,0.61,75.0,abstract doodle/hard to interpret,arc,,1.0,1.0,1,1.0,10.4926131936419,12.544375,0.920529801324503,2,12,0.15100508928299,0.321361322484094,0.396455985202073,0.707476679719554,0.2382975200739,0.11211555,0.3075326,0.11284325,3.21739130434783,6.35294117647059,1,1,0.25,0.5980410504341125,schematic
5028,children,8.0,G,False,5028.png,../data/children/stimuli_G/5028.png,a drawing of a mushroom with a door in the middle of it,,Mushroom with circular spots and a square stem,,4,0.359328210353851,0.37,15.0,mushroom,door,,2.0,2.0,2,1.0,4.30114745738379,3.5025,0.936847962164418,7,4,0.183614064239616,0.392085158353158,0.463326692581177,0.630939856347007,0.27048783874272,0.07511317,0.15987794,0.07920398,7.04761904761905,6.35294117647059,0,0,0.5,0.3646641051769255,schematic
5029,children,8.0,G,False,5029.png,../data/children/stimuli_G/5029.png,drawing of a mushroom on a white background with a black outline,,Simple drawing of a mushroom with a rounded cap,,5,0.380701184272766,0.34,7.0,mushroom,,,2.0,2.0,1,1.0,3.49527348957691,3.5775,1.0,3,10,0.120433568954468,0.204746103428188,0.268170909176522,0.720540662989629,0.236990837157259,0.043295003,0.2543109,0.09172414,7.04761904761905,5.68421052631579,0,0,0.375,0.360350592136383,schematic
6001,children,7.0,G,False,6001.png,../data/children/stimuli_G/6001.png,a drawing of a mushroom house with a man standing under it,,Simple mushroom-shaped house with windows and a door,,5,0.502435266971588,0.48,42.0,mushroom,house,cricles,2.0,2.0,2,1.0,4.98084065575353,4.535,0.958711534204118,3,7,0.162692596751891,0.334054986657351,0.381059229373932,0.572982499465759,0.307328544052507,0.10729264,0.2097846,0.1086293,7.04761904761905,15.4285714285714,0,0,0.5,0.491217633485794,schematic
6002,children,9.0,G,False,6002.png,../data/children/stimuli_G/6002.png,drawing of a cartoon alien with a big eye and a small nose,,"Human-like figure with a large head and straight body, minimal detail",,4,0.507963478565216,0.6,73.0,creature/monster,,,2.0,2.0,3,1.0,4.52305276534235,4.645,0.914567698159762,11,4,0.179682710208564,0.373198069739456,0.480538608963652,0.715445645833078,0.272737467016438,0.11663494,0.1937085,0.14618726,7.4,4.15384615384615,0,0,0.625,0.553981739282608,schematic
6003,children,8.0,G,False,6003.png,../data/children/stimuli_G/6003.png,drawing of a man with a face and a smile on his face,,"Cartoonish figure with large head, big eyes, and sharp teeth, smiling",,4,0.605067610740662,0.66,85.0,person,teeth,hands,2.0,3.0,3,1.0,4.87806143536464,7.69375,0.692131492601994,7,7,0.216778086615913,0.389122050676407,0.499390602111816,0.79506291875015,0.330475651884207,0.086221986,0.19103737,0.14262755,8.70588235294118,4.15384615384615,0,0,0.75,0.632533805370331,schematic
6004,children,7.0,G,False,6004.png,../data/children/stimuli_G/6004.png,a drawing of a mushroom with a large white dot on it,,A mushroom with a spotted cap,,5,0.532625675201416,0.46,37.0,mushroom,circles,,2.0,2.0,2,1.0,4.37059452566446,4.750625,0.997843210802701,8,3,0.192526030985948,0.337387939535851,0.489508956045445,0.77093320052244,0.296010175503376,0.07598316,0.12230197,0.08186811,7.04761904761905,6.35294117647059,0,0,0.5,0.496312837600708,schematic
6005,children,7.0,G,False,6005.png,../data/children/stimuli_G/6005.png,drawing of a bird on a swing with a white background,,Hard to interpret,,3,0.527547240257263,0.49,44.0,abstract doodle/hard to interpret,,,2.0,1.0,1,1.0,6.14348552603275,5.8875,0.987239873255117,1,6,0.248445093631744,0.458286789553569,0.628205180168152,0.553371917005524,0.216983785205939,0.0,0.23928781,0.11875179,3.21739130434783,2.63414634146341,1,1,0.25,0.5087736201286315,schematic
6006,children,8.0,G,False,6006.png,../data/children/stimuli_G/6006.png,drawing of a large ice cream cone with a mushroom on top,,Ice cream cone with detailed patterns on top and the cone,,5,0.40549498796463,0.43,31.0,abstract doodle/hard to interpret,circles,lines,2.0,1.0,2,1.0,4.75230931356747,8.48625,0.907184937045166,1,35,0.163079142570496,0.302892643385686,0.456212103366852,0.73601081379356,0.334292115304172,0.16969998,0.2972942,0.19997784,3.21739130434783,6.35294117647059,0,1,0.375,0.41774749398231503,schematic
6007,children,6.0,G,False,6007.png,../data/children/stimuli_G/6007.png,drawing of a house with a tower and a door,,Four people sitting in a domed structure with separated booths,,4,0.535148024559021,0.57,66.0,house,person(s),,1.0,2.0,3,1.0,4.5064654101266,4.87375,0.820721324021812,3,5,0.22946310043335,0.53227886749976,0.590889066457748,0.705987729257824,0.301243860972421,0.21082518,0.3488555,0.17076442,37.0,6.35294117647059,0,0,0.625,0.5525740122795104,pre-schematic
6008,children,8.0,G,False,6008.png,../data/children/stimuli_G/6008.png,a close up of a drawing of a bird with a long tail,,"Abstract shapes, including arcs and lines, with a small dome-like structure in center",,3,0.55251407623291,0.63,79.0,abstract doodle/hard to interpret,lines,,1.0,1.0,3,1.0,4.44651353552383,3.84875,1.0,1,4,0.123564004898071,0.319042026996613,0.352684936087425,0.552639771276753,0.203426200538327,0.10812949,0.3071376,0.17315805,3.21739130434783,6.35294117647059,1,1,0.5,0.591257038116455,schematic
6009,children,7.0,G,False,6009.png,../data/children/stimuli_G/6009.png,a drawing of a mushroom with hearts on it,,A mushroom with a spotted cap and a thick stem,,5,0.471981078386307,0.33,6.0,mushroom,circles,,2.0,2.0,2,1.0,4.41034210914022,5.171875,0.971922054915855,5,8,0.208302510279565,0.370089154544149,0.493553131434507,0.762262815396279,0.297785141547459,0.079635054,0.12332781,0.07237294,7.04761904761905,6.35294117647059,0,0,0.5,0.40099053919315353,schematic
6010,children,8.0,G,False,6010.png,../data/children/stimuli_G/6010.png,drawing of a cartoon dog with a flower on its head,,Abstract shape resembling a mushroom with petals and a circle,,3,0.602900505065918,0.59,69.0,eye,,,1.0,1.0,3,1.0,4.35892154028199,6.2425,0.82838967379244,4,8,0.119074866881976,0.256315209159708,0.336508810520172,0.591709465937641,0.398683478473912,0.07670235,0.20568728,0.19653878,74.0,5.68421052631579,1,0,0.5,0.5964502525329589,schematic
6011,children,6.0,G,False,6011.png,../data/children/stimuli_G/6011.png,there is a drawing of a lamp that is on a table,,Simple drawing of a tree with a round canopy,,4,0.599378347396851,0.54,57.0,mushroom,circles,,2.0,2.0,2,1.0,6.66652312501767,10.40875,1.0,1,22,0.124675989151001,0.277429418410623,0.325892567634583,0.747475571939846,0.274753325373165,0.12608345,0.25744098,0.12613809,7.04761904761905,6.35294117647059,0,0,0.5,0.5696891736984255,pre-schematic
6012,children,8.0,G,True,6012.png,../data/children/stimuli_G/6012.png,drawing of a man holding a knife and a knife in his hand,,Hard to interpret,,1,0.603488683700562,0.6,73.0,person,flower,,2.0,3.0,4,1.0,5.14734002686955,5.5375,0.671999315595859,2,8,0.248445093631744,0.458286789553569,0.628205180168152,0.693525775502945,0.271396273253511,0.0,0.26549324,0.1548842,8.70588235294118,2.63414634146341,1,0,0.875,0.601744341850281,schematic
6013,children,8.0,G,False,6013.png,../data/children/stimuli_G/6013.png,there is a drawing of a clock on a white wall,,Hard to interpret,,1,0.328073263168335,0.13,0.0,blank,,,2.0,0.0,0,0.0,3.56587951991473,0.84125,1.0,4,2,0.248445093631744,0.458286789553569,0.628205180168152,0.0464830667696096,0.0184964777113288,0.0,0.27628535,0.13114853,49.33333333333329,2.63414634146341,1,1,0.0,0.2290366315841675,schematic
6014,children,7.0,G,False,6014.png,../data/children/stimuli_G/6014.png,drawing of a mushroom with a leaf on it,,Mushroom with spots and a thick stem,,5,0.486254185438156,0.37,15.0,mushroom,circles,,2.0,2.0,2,1.0,4.72046839876689,4.24375,0.999441090990387,7,3,0.199656426906586,0.415755093097687,0.490297287124233,0.735676682154174,0.291315294989531,0.07899421,0.13017651,0.070268646,7.04761904761905,6.35294117647059,0,0,0.5,0.428127092719078,schematic
6015,children,8.0,G,False,6015.png,../data/children/stimuli_G/6015.png,drawing of a person holding an umbrella in the rain,,Hard to interpret,,1,0.420420706272125,0.43,29.0,abstract doodle/hard to interpret,,,2.0,1.0,1,1.0,4.37326888658403,2.808125,0.962746408286001,3,6,0.248445093631744,0.458286789553569,0.628205180168152,0.587364547322082,0.225550609267834,0.0,0.20573726,0.120826624,3.21739130434783,2.63414634146341,1,1,0.25,0.4252103531360625,schematic
6016,children,8.0,G,False,6016.png,../data/children/stimuli_G/6016.png,drawing of a house with a roof and a tree on top,,"House with arched roof, clouds, and person wearing a hat",,4,0.796644926071167,0.78,97.0,mushroom,house,dwarf,2.0,3.0,4,1.0,4.65631138802849,14.725,0.5504835220766,12,36,0.187439560890198,0.347909888500564,0.463569641113281,0.805267730590785,0.376120060162303,0.14417975,0.27961144,0.17408106,7.04761904761905,15.4285714285714,0,0,0.875,0.7883224630355835,schematic
6017,children,6.0,G,False,6017.png,../data/children/stimuli_G/6017.png,drawing of a bird sitting on a swing with an umbrella,,Simple mushroom with a striped cap and rectangular stem,,4,0.46893721818924,0.46,37.0,abstract doodle/hard to interpret,lines,,2.0,1.0,2,1.0,6.47823930861466,5.163125,0.961909497762307,2,5,0.149753749370575,0.35179541563378,0.422370885469264,0.653071626846784,0.261079742246278,0.068277515,0.21860027,0.12111063,3.21739130434783,6.35294117647059,0,1,0.375,0.46446860909462,pre-schematic
6018,children,9.0,G,False,6018.png,../data/children/stimuli_G/6018.png,there is a drawing of a mushroom with a face on it,,Mushroom with spots growing in grass,,5,0.610088109970093,0.51,50.0,mushroom,(smiley) face,circles,2.0,2.0,2,1.0,4.07138745326176,7.654375,0.980541505504314,3,15,0.220512390136719,0.454603406512533,0.491398811340332,0.815666057947577,0.319262818998979,0.11338365,0.20628779,0.101944685,7.04761904761905,6.35294117647059,0,0,0.5,0.5600440549850465,schematic
6019,children,7.0,G,False,6019.png,../data/children/stimuli_G/6019.png,drawing of a man with a hat and a umbrella on a white background,,Hard to interpret,,2,0.626653611660004,0.66,85.0,abstract doodle/hard to interpret,writing,,2.0,0.0,2,0.5,3.13995734077886,7.385625,0.71838410743022,2,25,0.248445093631744,0.458286789553569,0.628205180168152,0.697386695455466,0.297605756934132,0.0,0.36811182,0.17467591,3.21739130434783,2.63414634146341,1,1,0.25,0.643326805830002,schematic
6020,children,8.0,G,False,6020.png,../data/children/stimuli_G/6020.png,drawing of a plane with a large propeller on a white background,,Drawing of a helmet with a pointed top and side guards,,4,0.578052878379822,0.68,89.0,plane,,,2.0,3.0,4,1.0,4.4714608793489,6.796875,0.589733143206356,17,18,0.184003114700317,0.409769577079104,0.42188036441803,0.793598874583692,0.323768747628913,0.15779777,0.40006098,0.18841551,148.0,9.81818181818182,0,0,0.875,0.629026439189911,schematic
7001,children,9.0,G,True,7001.png,../data/children/stimuli_G/7001.png,drawing of a dog with words written on it,,"Abstract creature with large eye, speech bubble, and Dutch text",,3,0.675899982452393,0.67,87.0,creature/monster,writing,,2.0,3.0,3,1.0,3.95099827447848,9.665625,0.424026115342764,17,18,0.181963682174683,0.328076541423798,0.430882973399251,0.76447224977959,0.457293580009098,0.13352463,0.23772494,0.29949182,7.4,9.81818181818182,1,0,0.75,0.6729499912261965,schematic
7002,children,8.0,G,False,7002.png,../data/children/stimuli_G/7002.png,drawing of a house with a flag on the roof,,"Simple house with rounded roof, circular windows, and door in the center",,4,0.620201230049133,0.62,79.0,house,door,,2.0,2.0,3,1.0,4.4417753114844,5.9725,0.986758515116724,3,14,0.194041777012241,0.498876079883458,0.444545388221741,0.603945589069918,0.307891899959906,0.13549533,0.25846016,0.14615695,37.0,15.4285714285714,0,0,0.625,0.6201006150245665,schematic
7003,children,9.0,G,False,7003.png,../data/children/stimuli_G/7003.png,drawing of a girl standing on a mushroom in a field,,A person standing on mushroom stems with sun and field,,4,0.606997787952423,0.76,96.0,person,sun,mushroom,2.0,4.0,4,1.0,4.600525448455,8.85375,0.504797860626082,18,15,0.173244465992183,0.398842197622126,0.488865494728088,0.755440703813946,0.370446386023027,0.14125217,0.24974212,0.18428394,8.70588235294118,6.35294117647059,0,0,1.0,0.6834988939762114,schematic
7004,children,7.0,G,False,7004.png,../data/children/stimuli_G/7004.png,drawing of a cartoon character with a face and a cross on it,,Circle with geometric shapes and a number 14 in the center,,4,0.643684983253479,0.75,95.0,abstract doodle/hard to interpret,circles,numbers,2.0,1.0,2,1.0,3.97494569879094,5.17125,0.83080315494869,13,7,0.174053251743317,0.409600001859665,0.471218137217648,0.668877318608681,0.293977537664521,0.14922045,0.25875753,0.1629422,3.21739130434783,6.35294117647059,0,1,0.375,0.6968424916267395,schematic
7005,children,6.0,G,False,7005.png,../data/children/stimuli_G/7005.png,drawing of a man with a head in a headdress,,Abstract figure with a face and a keyhole shape on the body,,3,0.462366998195648,0.58,69.0,person,tongue,,2.0,2.0,4,1.0,3.6318353770645,3.02875,0.617587209302326,4,7,0.181275308132172,0.400425839474893,0.467320783952498,0.573486526338309,0.266449986407988,0.112513736,0.3328081,0.15353037,8.70588235294118,4.15384615384615,1,0,0.75,0.521183499097824,pre-schematic
7006,children,9.0,G,False,7006.png,../data/children/stimuli_G/7006.png,drawing of a cartoon eye with a toothbrush in it,,An eye with lashes on robotic-like legs,,5,0.54783046245575,0.55,60.0,eye,lines,,2.0,2.0,3,0.5,3.31903559129903,4.58375,0.916725352112676,1,10,0.213405847549438,0.436148371466896,0.548369526863098,0.593713299822241,0.266828021700131,0.15456472,0.37031147,0.17158839,74.0,9.81818181818182,0,0,0.625,0.548915231227875,schematic
7007,children,9.0,G,False,7007.png,../data/children/stimuli_G/7007.png,there is a drawing of a face with two eyes,,Two eyes with a rectangular scribble beneath them,,4,0.595101714134216,0.53,56.0,creature/monster,teeth,,2.0,3.0,3,1.0,4.96911791736772,4.093125,0.998456973293769,4,5,0.17890653547366,0.341471711309449,0.435707194677209,0.537956789332943,0.263586092599538,0.137288,0.34894803,0.15997192,7.4,9.81818181818182,0,0,0.75,0.5625508570671081,schematic
7009,children,8.0,G,False,7009.png,../data/children/stimuli_G/7009.png,drawing of a man with a hat and a suitcase on his head,,"Character with large hat, bird-like beak mask, and robe",,4,0.550601840019226,0.64,81.0,creature/monster,hat,,1.0,2.0,3,1.0,6.01083479010867,6.88875,0.58609966008534,9,8,0.198312973925858,0.447515471205576,0.563965946435928,0.694160969915066,0.301746718591716,0.13275485,0.18444467,0.17793758,7.4,4.15384615384615,0,0,0.625,0.595300920009613,schematic
7010,children,7.0,G,False,7010.png,../data/children/stimuli_G/7010.png,drawing of a person holding an umbrella with hearts on it,,A smiling mushroom figure with heart shapes on its cap,,5,0.579886794090271,0.64,82.0,creature/monster,heart(s),,2.0,2.0,3,1.0,4.4638205106392,4.4675,0.723622294259124,10,8,0.166367461301834,0.268394865643825,0.41496878862381,0.595467800716002,0.302818457909781,0.09869503,0.19035967,0.15692958,7.4,6.35294117647059,0,0,0.625,0.6099433970451356,schematic
7011,children,9.0,G,False,7011.png,../data/children/stimuli_G/7011.png,drawing of a mushroom on a tree with a cloud coming out of it,,Tree with a rectangular trunk and scribbled foliage on grass,,4,0.572290062904358,0.61,75.0,tree,,,2.0,2.0,2,1.0,5.85240226887916,16.91,0.832620139765416,1,85,0.189033616242788,0.348942439226581,0.454912006855011,0.820801608192371,0.29696650569613,0.16169152,0.2694807,0.13484758,148.0,6.35294117647059,0,0,0.5,0.591145031452179,schematic
7012,children,9.0,G,False,7012.png,../data/children/stimuli_G/7012.png,a drawing of a mushroom with a heart on it,,A simple drawing of a spotted mushroom with a straight stem,,5,0.402348041534424,0.41,26.0,mushroom,circles,,2.0,2.0,2,1.0,4.04117145824355,3.15625,1.0,4,7,0.129084501537218,0.19348130206708,0.277162210772168,0.758771658535945,0.26570339256718,0.053173352,0.13506402,0.072580546,7.04761904761905,5.68421052631579,0,0,0.5,0.406174020767212,schematic
7013,children,7.0,G,False,7013.png,../data/children/stimuli_G/7013.png,there is a drawing of a mushroom on a white background,,Mushroom with a patterned dome and a rectangular stem,,5,0.521770119667053,0.36,14.0,mushroom,cricles,,2.0,2.0,2,1.0,4.02912753678022,6.93875,0.996232787737075,1,28,0.159425427947911,0.353470008178651,0.418085336685181,0.728850028396329,0.245614546798416,0.072454244,0.16655478,0.10149293,7.04761904761905,6.35294117647059,0,0,0.5,0.4408850598335265,schematic
7014,children,7.0,G,False,7014.png,../data/children/stimuli_G/7014.png,a drawing of a plane with a propeller and a window,,Hard to interpret,,3,0.732121109962463,0.75,95.0,abstract doodle/hard to interpret,,,1.0,0.0,1,1.0,4.23024925273762,14.50375,0.397538152358224,2,47,0.248445093631744,0.458286789553569,0.628205180168152,0.76486067730767,0.247890492239508,0.0,0.3820086,0.13558117,3.21739130434783,2.63414634146341,1,1,0.125,0.7410605549812315,schematic
7015,children,8.0,G,False,7015.png,../data/children/stimuli_G/7015.png,there is a drawing of a baseball field with a ball in it,,Hard to interpret,,1,0.498212933540344,0.35,10.0,completing,,,1.0,0.0,0,0.5,4.08239790430272,1.519375,1.0,3,5,0.248445093631744,0.458286789553569,0.628205180168152,0.274971757580099,0.128093234556354,0.0,0.24717622,0.11653106,12.3333333333333,2.63414634146341,1,0,0.0,0.424106466770172,schematic
7016,children,6.0,G,False,7016.png,../data/children/stimuli_G/7016.png,drawing of a bug with a book in its hands,,Childlike drawing of a smiling insect with antennae and wings,,4,0.582156538963318,0.57,64.0,bug,wings,feelers,2.0,2.0,3,1.0,3.93775557039376,5.775625,0.724224452554745,22,9,0.147063365753687,0.293805360794067,0.380295157432556,0.702911374945082,0.363379941752245,0.13669407,0.23101258,0.16420463,148.0,9.81818181818182,0,0,0.625,0.576078269481659,pre-schematic
7017,children,6.0,G,False,7017.png,../data/children/stimuli_G/7017.png,drawing of a cartoon character holding a knife and fork,,Abstract figure resembling a robot with shield and sword,,4,0.541662216186523,0.56,64.0,creature/monster,knife,,2.0,2.0,3,1.0,4.42931715546502,4.52,0.743759398496241,10,8,0.18608558177948,0.457171662365545,0.478702454489615,0.612831306851417,0.330107631634474,0.13199233,0.24401903,0.22122976,7.4,9.81818181818182,1,0,0.625,0.5508311080932615,pre-schematic
7018,children,8.0,G,False,7018.png,../data/children/stimuli_G/7018.png,drawing of a clock with a man on it and a bird on top,,Hard to interpret,,3,0.669473886489868,0.68,88.0,abstract doodle/hard to interpret,,,2.0,1.0,2,1.0,3.8523225911146097,7.07,0.678736472652822,15,8,0.248445093631744,0.458286789553569,0.628205180168152,0.676836202289998,0.328100787552541,0.0,0.24834791,0.16788559,3.21739130434783,2.63414634146341,1,1,0.375,0.674736943244934,schematic
7019,children,8.0,G,False,7019.png,../data/children/stimuli_G/7019.png,drawing of a cartoon character with a cat on his head,,"Cartoon creature with a mushroom-like head, horn, ears, and a square body",,3,0.646362602710724,0.61,76.0,creature/monster,ears,,2.0,2.0,3,1.0,5.42181320848055,6.6675,0.933299240210403,8,6,0.184667205353594,0.343356053333165,0.422178302873473,0.654061387237819,0.36494043338286,0.13345435,0.191789,0.17631972,7.4,6.35294117647059,0,0,0.625,0.628181301355362,schematic
7020,children,6.0,G,False,7020.png,../data/children/stimuli_G/7020.png,drawing of a umbrella with a skull on it,,Cute cartoon character with big eyes and a party hat,,4,0.498805165290833,0.55,59.0,creature/monster,,,2.0,2.0,4,1.0,6.25586874988359,5.159375,0.875590086546027,3,5,0.214828789234161,0.363577685569386,0.49233877658844,0.628571958841119,0.368856521006068,0.121526435,0.19348674,0.19552353,7.4,4.15384615384615,0,0,0.75,0.5244025826454165,pre-schematic
7021,children,9.0,G,False,7021.png,../data/children/stimuli_G/7021.png,drawing of a house with a door and a window in the middle,,"Square with abstract shapes inside, partial curve above",,3,0.505397200584412,0.43,30.0,completing,,,2.0,0.0,2,0.5,4.01852533977918,1.795,0.908056872037915,4,5,0.150580167770386,0.329899171885823,0.404230320705789,0.401396815922195,0.194431138968717,0.11524314,0.23760471,0.12525362,12.3333333333333,6.35294117647059,1,0,0.25,0.467698600292206,schematic
7023,children,7.0,G,False,7023.png,../data/children/stimuli_G/7023.png,drawing of a tree with a bunch of leaves on it,,Tree with spiral shapes in the canopy,,4,0.62875771522522,0.54,58.0,abstract doodle/hard to interpret,cricles,,1.0,1.0,2,1.0,3.6641078712375,6.255,0.903081914030819,2,5,0.174943089485168,0.452772113515608,0.500274747610092,0.606418683341903,0.262354370380327,0.1390182,0.25873005,0.1445527,3.21739130434783,6.35294117647059,0,1,0.375,0.58437885761261,schematic
7024,children,7.0,G,False,7024.png,../data/children/stimuli_G/7024.png,drawing of a umbrella with a fish on it,,A simple helicopter drawing with rotors and a tail rudder,,5,0.515830755233765,0.52,52.0,abstract doodle/hard to interpret,,,1.0,0.0,4,1.0,4.58882330624074,3.850625,1.0,1,8,0.162208726274446,0.357328534126282,0.366170465946198,0.597423828242686,0.267978011850983,0.1739358,0.2529618,0.16905883,3.21739130434783,9.81818181818182,0,1,0.5,0.5179153776168826,schematic
7025,children,9.0,G,False,7025.png,../data/children/stimuli_G/7025.png,drawing of a man with an umbrella on his head,,"Mushroom with a large, textured umbrella on top",,3,0.471022427082062,0.57,66.0,abstract doodle/hard to interpret,,,2.0,1.0,3,1.0,4.04879321368312,5.7875,0.472507926687805,1,7,0.137492179870605,0.248392477535752,0.339258790016174,0.626370177312532,0.250062004470081,0.09715284,0.23883705,0.11595178,3.21739130434783,6.35294117647059,0,1,0.5,0.520511213541031,schematic
7026,children,7.0,G,False,7026.png,../data/children/stimuli_G/7026.png,drawing of a mushroom with dots on it,,A simple drawing of a mushroom with a textured cap,,5,0.440798699855804,0.38,17.0,mushroom,circles,,2.0,2.0,2,1.0,4.5316074849774095,4.14,1.0,2,6,0.11651223897934,0.196423637547219,0.26963198184967,0.724835732053239,0.315420255365401,0.04183058,0.13393499,0.07969566,7.04761904761905,5.68421052631579,0,0,0.5,0.410399349927902,schematic
7027,children,8.0,G,False,7027.png,../data/children/stimuli_G/7027.png,drawing of a person holding a fan in their hand,,Hard to interpret,,1,0.57474410533905,0.52,51.0,abstract doodle/hard to interpret,lines,,1.0,1.0,2,1.0,6.39264780644602,7.885625,0.934253415632152,5,21,0.248445093631744,0.458286789553569,0.628205180168152,0.74655806013887,0.274562828627329,0.0,0.30454615,0.14869688,3.21739130434783,2.63414634146341,1,1,0.375,0.5473720526695249,schematic
7028,children,8.0,G,False,7028.png,../data/children/stimuli_G/7028.png,drawing of a cartoon character with a big smile on his face,,"Cartoon character with big eyes, wide smile, and simple body outline",,4,0.519652187824249,0.47,39.0,creature/monster,teeth,,2.0,2.0,3,1.0,5.81551001904002,5.281875,0.999404407385348,1,6,0.187889814376831,0.356405100608175,0.426645338535309,0.586602684440206,0.314759548958023,0.091002785,0.21778846,0.14011042,7.4,4.15384615384615,0,0,0.625,0.4948260939121245,schematic
1001,children,5.0,I,False,1001.png,../data/children/stimuli_I/1001.png,a drawing of a person with a hat and a face mask,,Two masked figures and large grid-patterned object or structure,,4,0.698619723320007,0.79,97.0,ninja(s),house,door,2.0,3.0,4,1.0,5.08142273966216,36.78,0.223456448630785,1,217,0.179382849968501,0.31548535823822,0.466302665096362,0.798527928859869,0.366131389574347,0.15261345,0.3495779,0.17018458,148.0,7.125,0,0,0.875,0.7443098616600035,pre-schematic
1002,children,5.0,I,True,1002.png,../data/children/stimuli_I/1002.png,drawing of a cartoon character with a toothbrush and a tooth,,Abstract figure with multiple arms and a simple face,,4,0.64752072095871,0.68,88.0,creature/monster,hands,,2.0,3.0,4,1.0,4.04945717341705,8.07875,0.17559800755378,5,14,0.177933156490326,0.388714950940458,0.444996840358153,0.726262282949575,0.406325161970876,0.10473722,0.26331457,0.21314046,8.22222222222222,7.125,1,0,0.875,0.663760360479355,pre-schematic
1003,children,5.0,I,False,1003.png,../data/children/stimuli_I/1003.png,drawing of a cow with a head in a cage,,"Pig with large eyes and snout under an arch, surrounded by flowers",,4,0.734822988510132,0.79,97.0,creature/monster,flowers,arc,2.0,3.0,4,1.0,5.42198767161689,24.701875,0.245801557276967,10,92,0.202360928058624,0.391863786689268,0.487932145595551,0.795017491741862,0.380633337560928,0.17747013,0.36274925,0.15616891,8.22222222222222,8.14285714285714,0,0,0.875,0.7624114942550659,pre-schematic
1004,children,4.0,I,False,1004.png,../data/children/stimuli_I/1004.png,drawing of a face with a hole in the middle of it,,Hard to interpret,,2,0.465149402618408,0.41,25.0,abstract doodle/hard to interpret,completing,,2.0,0.0,1,1.0,6.69903735232961,5.57875,0.809782117349245,6,8,0.240361928939819,0.490069835786213,0.602184587586844,0.568967557353922,0.207128500845709,0.0,0.2506341,0.101637915,5.28571428571429,3.25714285714286,1,1,0.125,0.43757470130920395,pre-schematic
1005,children,4.0,I,False,1005.png,../data/children/stimuli_I/1005.png,drawing of a child ' s drawing of a man with a cell phone,,Hard to interpret,,1,0.660976946353912,0.6,74.0,creature/monster,lines,,2.0,2.0,2,1.0,3.60000514425601,8.109375,0.4177475808112,3,24,0.240361928939819,0.490069835786213,0.602184587586844,0.694319998429903,0.416580939944769,0.0,0.23990843,0.14880235,8.22222222222222,3.25714285714286,1,0,0.5,0.630488473176956,pre-schematic
1006,children,5.0,I,True,1006.png,../data/children/stimuli_I/1006.png,a drawing of a house with a door and a window,,Hard to interpret,,1,0.680906057357788,0.62,78.0,house,door,,2.0,2.0,2,1.0,3.68212068950932,24.75875,0.292657937693189,7,158,0.240361928939819,0.490069835786213,0.602184587586844,0.801317557183861,0.372695876353953,0.0,0.3019047,0.1356194,6.43478260869565,3.25714285714286,1,0,0.5,0.650453028678894,pre-schematic
1007,children,5.0,I,False,1007.png,../data/children/stimuli_I/1007.png,there is a drawing of a bird cage with a bird inside,,A bee skep with multiple bee-like elements inside and around it,,4,0.62676990032196,0.64,81.0,door,lines,,1.0,1.0,2,1.0,5.20607383228944,9.243125,0.86393811091945,2,16,0.203579783439636,0.337107718328329,0.465654106995218,0.680378486258108,0.327899015448907,0.18931194,0.25035647,0.15616532,49.33333333333329,8.14285714285714,0,0,0.375,0.6333849501609801,pre-schematic
1008,children,7.0,I,False,1008.png,../data/children/stimuli_I/1008.png,drawing of a bird cage with a bird inside of it,,Hard to interpret,,1,0.471401214599609,0.5,48.0,abstract doodle/hard to interpret,lines,,1.0,0.0,1,1.0,5.02220954650177,7.29,0.854423575539113,1,15,0.240361928939819,0.490069835786213,0.602184587586844,0.599191230117989,0.260752943917075,0.0,0.27204528,0.14670041,5.28571428571429,3.25714285714286,1,1,0.125,0.48570060729980447,schematic
1009,children,6.0,I,False,1009.png,../data/children/stimuli_I/1009.png,drawing of a man with a spider on his back and a dog on his back,,Hard to interpret,,3,0.610311388969421,0.66,85.0,person,house,music,2.0,2.0,3,1.0,6.41808724593851,8.885,0.735873445771267,3,15,0.240361928939819,0.490069835786213,0.602184587586844,0.674949564587397,0.264288988985914,0.0,0.30267185,0.11627178,11.3846153846154,3.25714285714286,1,0,0.625,0.6351556944847105,pre-schematic
1010,children,4.0,I,True,1010.png,../data/children/stimuli_I/1010.png,drawing of a bird with a hat on its head,,"Face with a crown, big eyes, and wavy lines",,3,0.627328753471375,0.62,77.0,(smiley) face,crown,hair,2.0,2.0,4,1.0,5.83219489650109,15.476875,0.510988296488947,1,35,0.199120759963989,0.380817990923464,0.473745584487915,0.807289418804924,0.373638736752576,0.14062865,0.27231938,0.15134805,21.1428571428571,2.92307692307692,0,0,0.75,0.6236643767356875,pre-schematic
1011,children,5.0,I,False,1011.png,../data/children/stimuli_I/1011.png,drawing of a person with a hat and a scarf on,,Hard to interpret,,2,0.497755527496338,0.41,25.0,abstract doodle/hard to interpret,,,2.0,0.0,1,1.0,7.71547138132396,10.009375,0.851551886299509,6,15,0.240361928939819,0.490069835786213,0.602184587586844,0.69746457508665,0.250005476679928,0.0,0.3074922,0.14631194,5.28571428571429,3.25714285714286,1,1,0.125,0.453877763748169,pre-schematic
1012,children,6.0,I,False,1012.png,../data/children/stimuli_I/1012.png,drawing of a door with a window and a window sill,,Simple architectural drawing with a dome and a rectangular base,,4,0.344410359859467,0.32,5.0,completing,,,2.0,0.0,1,1.0,3.9566945648534,2.181875,0.5625,5,7,0.130002856254578,0.35580978857904,0.285725057125092,0.452715466358208,0.188558182615514,0.10540853,0.21249218,0.12149276,13.4545454545455,7.125,0,0,0.125,0.33220517992973353,pre-schematic
1013,children,5.0,I,False,1013.png,../data/children/stimuli_I/1013.png,drawing of a ghost with a black dot on it,,Hard to interpret,,1,0.373039245605469,0.39,21.0,completing,,,2.0,0.0,1,1.0,3.91405858463018,2.105625,0.575164744645799,3,4,0.240361928939819,0.490069835786213,0.602184587586844,0.411418401991661,0.222753034375007,0.0,0.1876722,0.11832068,13.4545454545455,3.25714285714286,1,0,0.125,0.38151962280273455,pre-schematic
1014,children,5.0,I,False,1014.png,../data/children/stimuli_I/1014.png,drawing of a person with a kite and a star in the sky,,"Character with butterfly on shirt, sun in sky",,4,0.642999768257141,0.72,93.0,person,sun,butterfly,2.0,3.0,3,1.0,4.24057060371533,10.704375,0.355280123112756,4,28,0.234304904937744,0.471279768424019,0.52274694903213,0.700738545346871,0.413372038205287,0.16200802,0.2318264,0.14729437,11.3846153846154,2.92307692307692,0,0,0.75,0.6814998841285704,pre-schematic
1015,children,6.0,I,False,1015.png,../data/children/stimuli_I/1015.png,drawing of a man with a geometric face and a triangle,,Geometric shapes and abstract lines arranged in a symmetrical pattern,,3,0.649190425872803,0.62,79.0,abstract doodle/hard to interpret,,,2.0,0.0,1,1.0,4.62919972773035,8.748125,0.598920669185105,2,21,0.143941164016724,0.330578804016113,0.427038584528053,0.726988856152308,0.269948948472525,0.12095531,0.31946483,0.13483003,5.28571428571429,7.125,1,1,0.125,0.6345952129364014,pre-schematic
1016,children,5.0,I,False,1016.png,../data/children/stimuli_I/1016.png,there is a drawing of a clock tower with a cross on it,,Building with rounded windows and a zigzag antenna on top,,4,0.61654543876648,0.58,67.0,house,circles,,1.0,2.0,2,1.0,4.64626408119156,6.478125,0.776014734008642,4,7,0.198537349700928,0.458788617217201,0.49533620504521,0.587422040095165,0.23390528513305,0.12819974,0.30777928,0.13237356,6.43478260869565,7.125,0,0,0.5,0.59827271938324,pre-schematic
1017,children,5.0,I,False,1017.png,../data/children/stimuli_I/1017.png,drawing of a leaf with a long stem and a long blade,,Rectangle with an arched top and protruding line from the bottom,,3,0.44232451915741,0.4,24.0,popsicle,lines,,2.0,2.0,2,1.0,4.2256073006755,3.311875,0.571753986332574,23,5,0.148088097572327,0.300897616201496,0.343777555969048,0.71566224931904,0.259716445752112,0.13438754,0.3817917,0.12766024,24.6666666666667,7.125,0,0,0.5,0.421162259578705,pre-schematic
1018,children,6.0,I,False,1018.png,../data/children/stimuli_I/1018.png,a drawing of a ghost with a face drawn on it,,Cartoonish blob with eyes and jagged mouth in the center,,5,0.485213458538055,0.46,37.0,creature/monster,teeth,,2.0,2.0,2,1.0,4.47824609257156,3.651875,0.719096774193548,3,7,0.208756268024445,0.339934210179275,0.465989708900452,0.515465522622641,0.354066471818543,0.13442624,0.18375397,0.15543768,8.22222222222222,2.92307692307692,0,0,0.5,0.47260672926902747,pre-schematic
1019,children,6.0,I,False,1019.png,../data/children/stimuli_I/1019.png,drawing of a person holding a umbrella with a drawing of a person on it,,Popsicle on a stick with wavy lines on top,,4,0.465649127960205,0.47,39.0,popsicle,lines,,2.0,2.0,2,1.0,3.4872143024713,4.164375,0.748888459307945,11,10,0.19501720696585,0.39697961202203,0.493130952529254,0.697712547536891,0.282903274843565,0.1340613,0.34471494,0.1479775,24.6666666666667,14.25,0,0,0.5,0.4678245639801025,pre-schematic
1020,children,6.0,I,False,1020.png,../data/children/stimuli_I/1020.png,drawing of a bag with a hole in it on a white surface,,An arch-shaped structure with a star-like pattern inside,,4,0.495109856128693,0.5,47.0,abstract doodle/hard to interpret,star,,2.0,1.0,1,1.0,4.37066450944116,4.418125,0.773023255813954,1,12,0.162264466285706,0.37175464630127,0.405808543812718,0.65375797779054,0.230610412289018,0.13451476,0.3110289,0.13974714,5.28571428571429,8.14285714285714,0,1,0.25,0.49755492806434654,pre-schematic
1022,children,5.0,I,False,1022.png,../data/children/stimuli_I/1022.png,drawing of a person holding a cell phone in their hand,,Hard to interpret,,2,0.451059699058533,0.52,52.0,abstract doodle/hard to interpret,,,2.0,0.0,0,0.0,2.72290616064911,3.524375,0.477431363424849,19,8,0.240361928939819,0.490069835786213,0.602184587586844,0.659067846663663,0.215248920019144,0.0,0.29695743,0.13273752,5.28571428571429,3.25714285714286,1,1,0.0,0.4855298495292665,pre-schematic
1023,children,6.0,I,False,1023.png,../data/children/stimuli_I/1023.png,drawing of a man with a beard and a tie on,,Hard to interpret,,2,0.455613017082214,0.52,52.0,abstract doodle/hard to interpret,,,1.0,1.0,1,1.0,4.20881620805565,4.329375,0.427511183407889,3,6,0.240361928939819,0.490069835786213,0.602184587586844,0.57655247490078,0.29218104225736,0.0,0.21327272,0.09937126,5.28571428571429,3.25714285714286,1,1,0.25,0.487806508541107,pre-schematic
1024,children,5.0,I,False,1024.png,../data/children/stimuli_I/1024.png,drawing of a tombstone with a cross on it,,Sketch of a building with windows and a rounded top shape,,4,0.633746922016144,0.56,62.0,house,door,,2.0,2.0,1,1.0,5.28338765756619,6.83875,0.492115686421045,7,10,0.142396032810211,0.358827750647895,0.360832371662117,0.687427474608955,0.248479638824406,0.09637126,0.31708834,0.119253635,6.43478260869565,7.125,0,0,0.375,0.596873461008072,pre-schematic
1025,children,6.0,I,False,1025.png,../data/children/stimuli_I/1025.png,drawing of a woman and a house with a woman standing in front of it,,"A stick figure woman standing beside a large, simple house",,5,0.545049130916596,0.54,56.0,house,person,door,2.0,3.0,3,1.0,4.46316137470183,4.52625,0.434463794683776,4,7,0.200611531734467,0.437955720363728,0.42827844619751,0.530523182858696,0.369055219674852,0.15427081,0.19233818,0.12235431,6.43478260869565,7.125,0,0,0.75,0.542524565458298,pre-schematic
1026,children,6.0,I,False,1026.png,../data/children/stimuli_I/1026.png,there is a drawing of a man holding a book in his hand,,Stick figure holding a flag inside an arched frame,,4,0.516333997249603,0.57,66.0,creature/monster,,,1.0,1.0,2,0.0,3.82781232736318,3.09875,0.710234451775937,5,10,0.176746666431427,0.371037483215332,0.409675871749169,0.454116814264795,0.191669396662709,0.14132765,0.25352988,0.14357366,8.22222222222222,7.125,0,0,0.375,0.5431669986248016,pre-schematic
1027,children,6.0,I,False,1027.png,../data/children/stimuli_I/1027.png,drawing of a cartoon figure with a face and a name on it,,Smiling popsicle with eyes and musical notes around it,,5,0.534172475337982,0.57,64.0,(smiley) face,music,,2.0,2.0,4,1.0,4.43772694504595,4.634375,0.371064768397834,9,8,0.227236665106912,0.425791144371033,0.512636720380978,0.552733700226345,0.33873169451399,0.1329982,0.21478876,0.18778367,21.1428571428571,14.25,0,0,0.75,0.552086237668991,pre-schematic
1028,children,6.0,I,False,1028.png,../data/children/stimuli_I/1028.png,a drawing of a ghost with arms outstretched and eyes closed,,Simple humanoid figure with arms raised and a smiling face,,5,0.444166421890259,0.52,53.0,robot,(smiley) face,,1.0,2.0,3,1.0,3.56014453309239,3.6025,0.359048305695746,1,9,0.217090700019509,0.385907017344654,0.455263560382892,0.571809286791126,0.388614704726561,0.09051375,0.23969665,0.1758245,74.0,2.92307692307692,0,0,0.625,0.4820832109451295,pre-schematic
1029,children,5.0,I,False,1029.png,../data/children/stimuli_I/1029.png,drawing of a tombstone with a long neck and a long neck,,Simple outline of a symmetrical object with rounded top,,3,0.213096782565117,0.24,0.0,completing,,,2.0,0.0,0,1.0,3.92202484633293,1.6825,0.454117647058824,1,3,0.153886020183563,0.283160307501563,0.345300475043029,0.309493002812138,0.168716226218713,0.12814808,0.17132038,0.09086364,13.4545454545455,7.125,0,0,0.0,0.2265483912825585,pre-schematic
2001,children,4.0,I,False,2001.png,../data/children/stimuli_I/2001.png,drawing of a person with a hat and a hood on,,Hard to interpret,,1,0.591458201408386,0.68,89.0,abstract doodle/hard to interpret,encircled,,2.0,0.0,1,0.0,4.32487536743829,8.5925,0.368829006918795,5,6,0.240361928939819,0.490069835786213,0.602184587586844,0.685272054564353,0.293278836906913,0.0,0.26155803,0.13499987,5.28571428571429,3.25714285714286,1,1,0.125,0.635729100704193,pre-schematic
2002,children,4.0,I,False,2002.png,../data/children/stimuli_I/2002.png,drawing of a person with a sign in their hand,,Cartoon character with rectangle body and round head holding a spoon,,4,0.434890925884247,0.49,42.0,creature/monster,,,1.0,1.0,2,1.0,3.7045625621809504,2.761875,0.459199266503668,2,6,0.245994448661804,0.412106335163116,0.509859977977275,0.572321323967727,0.373949492935134,0.14159746,0.17301437,0.17348881,8.22222222222222,8.14285714285714,0,0,0.375,0.4624454629421235,pre-schematic
2003,children,5.0,I,False,2003.png,../data/children/stimuli_I/2003.png,there is a drawing of a bug on a white sheet,,Hard to interpret,,2,0.536413908004761,0.59,70.0,abstract doodle/hard to interpret,,,2.0,0.0,1,0.0,5.58467948012592,4.965,0.798554913294798,3,15,0.240361928939819,0.490069835786213,0.602184587586844,0.753580548137127,0.205286697613758,0.0,0.54069537,0.12766488,5.28571428571429,3.25714285714286,1,1,0.125,0.5632069540023805,pre-schematic
2004,children,4.0,I,False,2004.png,../data/children/stimuli_I/2004.png,drawing of a paper bag with a paper horse on it,,Simple geometric shape with two triangular protrusions and intersecting lines,,4,0.417913109064102,0.48,41.0,abstract doodle/hard to interpret,lines,,2.0,0.0,1,1.0,3.32384638836167,3.711875,0.579007238883144,1,9,0.143843276042542,0.327302177387605,0.365133263758821,0.584186339698077,0.292683212526047,0.12952395,0.29003018,0.16315225,5.28571428571429,7.125,0,1,0.125,0.44895655453205097,pre-schematic
2009,children,5.0,I,False,2009.png,../data/children/stimuli_I/2009.png,there is a drawing of a door with a window on it,,"Simple arched outline, possibly representing a door or window",,4,0.185057818889618,0.13,0.0,blank,,,2.0,0.0,0,0.0,3.9883318450683105,1.113125,0.521438450899032,4,3,0.0704095363616943,0.194123816139924,0.188467968197585,0.0638602742175851,0.0694415223096681,0.102779314,0.24809298,0.13448101,37.0,7.125,0,1,0.0,0.15752890944480902,pre-schematic
2010,children,5.0,I,False,2010.png,../data/children/stimuli_I/2010.png,a drawing of a face with a nose and a nose ring,,Hard to interpret,,2,0.493588000535965,0.51,49.0,(smiley) face,,,1.0,2.0,2,1.0,4.33830010383453,3.275625,0.695652173913044,4,4,0.240361928939819,0.490069835786213,0.602184587586844,0.419789943318709,0.367242443401164,0.0,0.20770231,0.18294223,21.1428571428571,3.25714285714286,1,0,0.5,0.5017940002679825,pre-schematic
2011,children,6.0,I,False,2011.png,../data/children/stimuli_I/2011.png,drawing of a cartoon character with a face and arms,,"Cartoon character with a smiling face, triangle head, and simple limbs",,5,0.441295921802521,0.5,47.0,person(s),,,2.0,2.0,2,1.0,4.02079182507973,3.26,0.27331231941161,4,8,0.214782523227778,0.374352555702703,0.4761479809196,0.568675630468114,0.446408256843954,0.10187491,0.16458449,0.20775911,11.3846153846154,2.92307692307692,0,0,0.5,0.4706479609012605,pre-schematic
2012,children,5.0,I,False,2012.png,../data/children/stimuli_I/2012.png,drawing of a man with a hat and a cane in his hand,,Child-like drawing of a happy figure with a pointed hat and outstretched arms,,5,0.508538067340851,0.54,57.0,person(s),,,2.0,2.0,2,1.0,4.16932115183068,5.299375,0.467883761828993,2,9,0.199675023555756,0.358879887890792,0.409175669600029,0.680143010597686,0.331611040992457,0.10199585,0.19830689,0.1271331,11.3846153846154,2.92307692307692,0,0,0.5,0.5242690336704255,pre-schematic
2013,children,5.0,I,True,2013.png,../data/children/stimuli_I/2013.png,a drawing of a paper doll with a face and arms,,"Smiling figure with arms, legs, and a bird with egg inside",,3,0.592353641986847,0.61,75.0,pregnancy,baby,,2.0,3.0,4,1.0,4.47153043018885,5.93375,0.501664473174886,5,13,0.221736669540405,0.37695795687657,0.491869926452637,0.650618014090576,0.367031090009478,0.10944764,0.24091227,0.14036782,148.0,2.92307692307692,0,0,0.875,0.6011768209934235,pre-schematic
2014,children,6.0,I,False,2014.png,../data/children/stimuli_I/2014.png,drawing of a cartoon character with a surprised expression,,Cartoonish figure with large eyes and outstretched arms and legs,,4,0.57713121175766,0.58,67.0,creature/monster,hands,,2.0,2.0,3,1.0,4.41458605760036,5.865,0.544259489732421,4,4,0.211185372209113,0.4133423217143,0.481530578045214,0.689923921165034,0.391284703823342,0.10959172,0.19440296,0.13261627,8.22222222222222,2.92307692307692,0,0,0.625,0.57856560587883,pre-schematic
2015,children,4.0,I,False,2015.png,../data/children/stimuli_I/2015.png,there is a drawing of a butterfly on a white sheet,,Abstract shapes resembling a turtle with a geometric pattern,,4,0.592391848564148,0.51,49.0,abstract doodle/hard to interpret,lines,,2.0,0.0,1,1.0,4.7964544505609,8.77625,0.57505162280934,1,17,0.161245584487915,0.340361813913638,0.442583236540362,0.670784168455142,0.276678583467732,0.118088484,0.3117072,0.13466759,5.28571428571429,7.125,1,1,0.125,0.551195924282074,pre-schematic
2016,children,4.0,I,False,2016.png,../data/children/stimuli_I/2016.png,drawing of a person holding a cell phone in their hand,,Hard to interpret,,2,0.544045805931091,0.55,59.0,abstract doodle/hard to interpret,,,1.0,0.0,1,0.0,4.66842422277454,5.5675,0.694717330861909,3,6,0.240361928939819,0.490069835786213,0.602184587586844,0.598089342510667,0.303202820844375,0.0,0.28206834,0.122655034,5.28571428571429,3.25714285714286,1,1,0.125,0.5470229029655456,pre-schematic
2017,children,4.0,I,False,2017.png,../data/children/stimuli_I/2017.png,drawing of a man with a tie and a bird on a stick,,Building with flag and stick figure with long neck,,4,0.416685253381729,0.55,60.0,person,,,1.0,1.0,1,1.0,3.66528698128985,3.79875,0.190945317688731,2,9,0.19172558883123,0.412933230400085,0.487712413804982,0.572338019499551,0.296639079003752,0.13904026,0.23011506,0.13265121,11.3846153846154,7.125,0,0,0.25,0.48334262669086453,pre-schematic
2018,children,5.0,I,False,2018.png,../data/children/stimuli_I/2018.png,there is a drawing of a door with a window on it,,Hard to interpret,,1,0.191413447260857,0.13,0.0,blank,,,2.0,0.0,0,0.0,4.02219710750295,1.11875,0.588163761653831,4,4,0.240361928939819,0.490069835786213,0.602184587586844,0.0903200473213197,0.0277204111731452,0.0,0.2614499,0.12914313,37.0,3.25714285714286,1,1,0.0,0.16070672363042848,pre-schematic
3001,children,4.0,I,False,3001.png,../data/children/stimuli_I/3001.png,drawing of a man with a beard and a top hat,,Hard to interpret,,2,0.33706471323967,0.33,5.0,blank,,,1.0,0.0,0,0.0,3.14241817061325,2.545625,0.242846553002224,22,6,0.240361928939819,0.490069835786213,0.602184587586844,0.46756161394367,0.150170736783446,0.0,0.31691402,0.12332611,37.0,3.25714285714286,1,1,0.0,0.33353235661983505,pre-schematic
3002,children,6.0,I,False,3002.png,../data/children/stimuli_I/3002.png,drawing of a man with a beard and a shirt on,,Simple stick figure with a smiling face and dark clothing,,4,0.569872379302979,0.5,48.0,baby,diaper,(smiley) face,2.0,2.0,3,1.0,12.8082221237181,15.12375,0.498751816386602,6,23,0.192504644393921,0.358128409329903,0.414341807365418,0.683755016666499,0.404525675918404,0.085427314,0.21109752,0.16185501,148.0,2.92307692307692,0,0,0.625,0.5349361896514895,pre-schematic
3005,children,6.0,I,False,3005.png,../data/children/stimuli_I/3005.png,drawing of a house with a flag and a window,,"Drawing of a house with windows, door, and chimney",,5,0.586149871349335,0.59,71.0,house,door,,2.0,2.0,2,1.0,5.19464678156068,6.8725,0.546113602391629,6,13,0.120500445365906,0.244550444023324,0.292095882171637,0.676920032899206,0.325012852593966,0.084592625,0.2567318,0.08663322,6.43478260869565,7.6,0,0,0.5,0.5880749356746675,pre-schematic
3007,children,4.0,I,False,3007.png,../data/children/stimuli_I/3007.png,drawing of a drawing of a person with a cat on a chair,,"House, sun, tree, and possibly a cloud or path",,4,0.567562818527222,0.61,75.0,house,sun,person(s),2.0,2.0,2,1.0,3.52723363188518,5.91125,0.329118873826903,10,8,0.160875951077817,0.321619272232056,0.405273675918579,0.681004829508138,0.325214826276955,0.13046005,0.26645797,0.09117142,6.43478260869565,7.6,0,0,0.5,0.588781409263611,pre-schematic
3008,children,6.0,I,False,3008.png,../data/children/stimuli_I/3008.png,drawing of a house with a chimney and a door,,"Simple house with pointed roof, two windows, and a door",,4,0.548018455505371,0.43,29.0,house,door,,2.0,2.0,2,1.0,4.51662227676859,4.198125,0.660739609468747,2,7,0.154803276062012,0.375203710055462,0.357623615406535,0.519848636621261,0.301584014327527,0.07249431,0.2011338,0.09159528,6.43478260869565,7.6,0,0,0.5,0.4890092277526855,pre-schematic
3009,children,6.0,I,False,3009.png,../data/children/stimuli_I/3009.png,a drawing of a padlock with a face drawn on it,,Lock with a keyhole on a rectangular base,,5,0.543578922748566,0.51,49.0,lock,,,2.0,2.0,3,1.0,6.65749876558321,6.14875,0.763475058587211,2,8,0.149530640272458,0.299656608690518,0.373539604333662,0.602137740274332,0.228670678090445,0.16722107,0.29856133,0.1592184,74.0,22.8,0,0,0.625,0.526789461374283,pre-schematic
3010,children,4.0,I,False,3010.png,../data/children/stimuli_I/3010.png,a drawing of a house with a window and a door,,Simple house with a rounded roof and three windows,,5,0.470113545656204,0.43,30.0,house,door,,2.0,2.0,2,1.0,4.47315275404486,4.02,0.713818860877684,4,7,0.173438896331851,0.413328416347062,0.422975574554468,0.590187107251096,0.261540017197843,0.07022008,0.19493684,0.07575521,6.43478260869565,7.6,0,0,0.5,0.45005677282810197,pre-schematic
3011,children,5.0,I,False,3011.png,../data/children/stimuli_I/3011.png,drawing of a man with a beard and a tie holding a piece of paper,,"Stick figure with large hair, holding square object, standing",,4,0.597975373268127,0.58,68.0,person(s),chair,,2.0,4.0,4,1.0,4.3550573039956,5.765625,0.619051434065054,3,15,0.229491055011749,0.412789351891517,0.484845907399301,0.60415581232522,0.326503792993335,0.11583465,0.17388421,0.11882927,11.3846153846154,2.92307692307692,0,0,1.0,0.5889876866340635,pre-schematic
3013,children,5.0,I,False,3013.png,../data/children/stimuli_I/3013.png,drawing of a man with a beard and a mustache on a white background,,A person with a hat inside a rounded rectangular frame,,4,0.586986422538757,0.64,81.0,person(s),encircled,,2.0,2.0,2,1.0,5.71431155812136,4.86125,0.782830301818909,1,5,0.193523406982422,0.368610959309666,0.499861150988271,0.549000088068665,0.313097874880671,0.14579318,0.19009343,0.13034567,11.3846153846154,8.14285714285714,0,0,0.5,0.6134932112693785,pre-schematic
3016,children,4.0,I,False,3016.png,../data/children/stimuli_I/3016.png,drawing of a small grave with a cross on it,,Simple outline of an arch or dome-like structure,,4,0.228465124964714,0.23,0.0,completing,,,2.0,0.0,0,1.0,3.9687208395933906,1.799375,0.384694401643554,1,3,0.120762705802917,0.268379032611847,0.271855381506035,0.361548608873257,0.14957671138284,0.103260756,0.2395742,0.11009264,13.4545454545455,7.125,0,0,0.0,0.22923256248235702,pre-schematic
3017,children,4.0,I,False,3017.png,../data/children/stimuli_I/3017.png,drawing of a tombstone with a cross on it,,Hard to interpret,,1,0.212917387485504,0.24,0.0,completing,,,2.0,0.0,0,1.0,3.64105706305106,1.544375,0.506482281763181,1,3,0.240361928939819,0.490069835786213,0.602184587586844,0.35068425246817,0.176332980658228,0.0,0.19373919,0.09141343,13.4545454545455,3.25714285714286,1,0,0.0,0.22645869374275202,pre-schematic
3018,children,5.0,I,False,3018.png,../data/children/stimuli_I/3018.png,there is a drawing of a ghost face on a white sheet,,"Simple cartoonish creature, oval head, rectangular body with one spot",,4,0.416908442974091,0.46,35.0,(smiley) face ,door,tongue,1.0,2.0,1,1.0,4.16164554206557,2.315,0.516884113584037,5,4,0.182858049869537,0.370494585349994,0.417773365974426,0.539848403193562,0.342444024254219,0.121575795,0.21303491,0.15377806,148.0,2.92307692307692,0,0,0.375,0.4384542214870455,pre-schematic
3020,children,7.0,I,False,3020.png,../data/children/stimuli_I/3020.png,drawing of a person with a hat and a dress on,,Abstract human figure with geometric shapes and minimal detail,,4,0.455588936805725,0.54,57.0,abstract doodle/hard to interpret,,,2.0,0.0,1,1.0,3.92181579533379,2.796875,0.290362565850635,3,11,0.158405542373657,0.421688241412885,0.443938288453918,0.490002289048656,0.272213718392905,0.120338224,0.2851393,0.12611352,5.28571428571429,7.125,1,1,0.125,0.4977944684028625,schematic
3022,children,4.0,I,False,3022.png,../data/children/stimuli_I/3022.png,drawing of a fish with a long tail and a long tail,,Hard to interpret,,2,0.577295541763306,0.64,82.0,abstract doodle/hard to interpret,lines,,2.0,0.0,1,1.0,4.24891136416942,10.11625,0.28641592920354,1,29,0.240361928939819,0.490069835786213,0.602184587586844,0.746407552995911,0.292004962015381,0.0,0.3626666,0.1589161,5.28571428571429,3.25714285714286,1,1,0.125,0.608647770881653,pre-schematic
3023,children,4.0,I,False,3023.png,../data/children/stimuli_I/3023.png,drawing of a door with a window and a window sill,,Hard to interpret,,2,0.209869176149368,0.29,1.0,tracing,,,2.0,0.0,0,0.0,3.60712458177721,1.60375,0.551052631578947,4,3,0.240361928939819,0.490069835786213,0.602184587586844,0.392470893889292,0.117168610719752,0.0,0.20052359,0.12599687,148.0,3.25714285714286,1,1,0.0,0.249934588074684,pre-schematic
3024,children,4.0,I,False,3024.png,../data/children/stimuli_I/3024.png,drawing of a house with a window and a door in the middle,,"Domed shape with horizontal lines, resembling a folded or textured object",,4,0.5424844622612,0.44,33.0,abstract doodle/hard to interpret,lines,,2.0,0.0,0,1.0,3.79662315055319,6.401875,0.799690356826895,3,24,0.15861027487455,0.326679567297684,0.378360487320393,0.654816865185929,0.248691822192578,0.124565385,0.2809514,0.14879248,5.28571428571429,8.14285714285714,0,1,0.0,0.49124223113059995,pre-schematic
3025,children,4.0,I,False,3025.png,../data/children/stimuli_I/3025.png,drawing of a castle with a tower and a clock on it,,Geometric shapes and abstract patterns; possibly a ship and archway,,3,0.577498853206635,0.6,73.0,abstract doodle/hard to interpret,boat,,2.0,0.0,1,0.0,4.30716726038488,6.903125,0.182240278583865,16,10,0.133960962295532,0.282992818444753,0.3754563703861,0.649894462609474,0.217971444110404,0.122604534,0.31527716,0.14866406,5.28571428571429,7.125,1,1,0.125,0.5887494266033175,pre-schematic
3026,children,5.0,I,True,3026.png,../data/children/stimuli_I/3026.png,there is a drawing of a cat with a kite in the background,,Cartoonish dog face with spots inside a five-pointed star shape,,4,0.615639090538025,0.64,82.0,(smiley) face,circles,tongue,2.0,2.0,2,1.0,4.25670539787797,4.613125,0.836566598027528,3,3,0.201005744874134,0.354281129325727,0.480306565761566,0.587330514876849,0.373219443351274,0.14756776,0.37601805,0.22953038,21.1428571428571,2.92307692307692,0,0,0.5,0.6278195452690125,pre-schematic
3028,children,4.0,I,False,3028.png,../data/children/stimuli_I/3028.png,drawing of a person with a hand out and a finger in the air,,"Ice cream cone with a face, extending a hand",,5,0.390570431947708,0.5,47.0,creature/monster,,,2.0,2.0,2,1.0,3.60520094584234,2.638125,0.444586190400255,5,5,0.247833714018241,0.334335645099618,0.542397022247315,0.48918746401092,0.331072871981,0.14299886,0.23461828,0.13854186,8.22222222222222,14.25,0,0,0.5,0.445285215973854,pre-schematic
4001,children,6.0,I,False,4001.png,../data/children/stimuli_I/4001.png,drawing of a house with a heart drawn on it,,A box with a heart and a textured dome on top,,4,0.457052707672119,0.45,35.0,abstract doodle/hard to interpret,heart,,1.0,1.0,1,1.0,6.01999610189065,9.693125,0.823475146516171,1,46,0.18535977602005,0.3770785146081,0.462588131427765,0.643345134510012,0.287362067126939,0.14700326,0.24248847,0.1498037,5.28571428571429,8.14285714285714,0,1,0.25,0.4535263538360595,pre-schematic
4002,children,6.0,I,False,4002.png,../data/children/stimuli_I/4002.png,drawing of a house with a heart in the middle of it,,House with a round roof and a central oval shape beneath,,3,0.433726161718369,0.46,37.0,completing,,,1.0,1.0,1,1.0,3.97198878553757,2.711875,0.662258224499917,3,7,0.195865679033655,0.481375484548537,0.502609044157919,0.495702112025262,0.316371675497425,0.120652355,0.22410206,0.13236482,13.4545454545455,7.6,0,0,0.25,0.44686308085918447,pre-schematic
4003,children,6.0,I,False,4003.png,../data/children/stimuli_I/4003.png,drawing of a man with a hat and a tie holding a cell phone,,"Abstract figure with raised arms, straight legs, and oval head",,4,0.523639857769013,0.56,64.0,abstract doodle/hard to interpret,,,1.0,1.0,2,1.0,5.23957404076904,7.08625,0.587227066100306,2,11,0.191348552703857,0.441575391339522,0.462570428848267,0.661346043371861,0.294944266230025,0.108412124,0.19492085,0.1295847,5.28571428571429,7.125,1,1,0.375,0.5418199288845065,pre-schematic
4004,children,5.0,I,False,4004.png,../data/children/stimuli_I/4004.png,drawing of a bird in a cage with a bird inside,,Hard to interpret,,3,0.509054899215698,0.51,49.0,house,door,,2.0,2.0,1,1.0,9.44334875435764,20.340625,0.904694286668894,1,68,0.240361928939819,0.490069835786213,0.602184587586844,0.696750458448575,0.267300717252188,0.0,0.33932346,0.1470894,6.43478260869565,3.25714285714286,1,0,0.375,0.509527449607849,pre-schematic
4005,children,7.0,I,False,4005.png,../data/children/stimuli_I/4005.png,drawing of a house with a window and a door on a white background,,House with a rounded roof and three windows,,4,0.556248545646668,0.42,28.0,house,door,,2.0,2.0,2,1.0,4.31770136829766,3.45125,0.808128793877012,5,7,0.19192163992395,0.451308949330716,0.475775630725882,0.525977155544072,0.245407036453322,0.08479148,0.16923995,0.12228592,6.43478260869565,7.6,0,0,0.5,0.48812427282333404,schematic
4006,children,6.0,I,False,4006.png,../data/children/stimuli_I/4006.png,there is a drawing of a clock with a bunch of wires on it,,Hard to interpret,,3,0.642226457595825,0.54,59.0,abstract doodle/hard to interpret,,,2.0,1.0,1,1.0,4.81082547583805,11.359375,0.82434819175778,3,55,0.240361928939819,0.490069835786213,0.602184587586844,0.689218505031503,0.266952591172361,0.0,0.37644368,0.14886111,5.28571428571429,3.25714285714286,1,1,0.25,0.5911132287979125,pre-schematic
4007,children,9.0,I,True,4007.png,../data/children/stimuli_I/4007.png,a drawing of a person with a angel on a white background,,"Smiling figure with wings, resembling a child’s drawing of an angel",,4,0.707834601402283,0.71,92.0,angel,wings,,2.0,3.0,4,1.0,4.82605622547821,18.3275,0.359469367302266,10,97,0.197605240487739,0.358732342720032,0.41863901392948,0.776170614356073,0.352222116427091,0.111225426,0.26898962,0.20720157,148.0,2.92307692307692,0,0,0.875,0.7089173007011416,schematic
4008,children,7.0,I,False,4008.png,../data/children/stimuli_I/4008.png,a drawing of a house and a house with a cat on the roof,,One simple house with windows drawn beside another outline,,5,0.459955453872681,0.5,47.0,house,door,copying,2.0,2.0,2,1.0,5.1135486885639,5.92875,0.616678799644099,9,11,0.107833319435516,0.308037281036377,0.297453105449677,0.629722371732377,0.296740882435443,0.08416921,0.19301373,0.088943794,6.43478260869565,7.6,0,0,0.5,0.4799777269363405,schematic
4009,children,5.0,I,False,4009.png,../data/children/stimuli_I/4009.png,drawing of a tall tower with a clock on top of it,,Hard to interpret,,1,0.653323888778687,0.38,19.0,abstract doodle/hard to interpret,,,1.0,0.0,1,0.0,5.55287295210199,15.77625,0.830788639451381,1,89,0.240361928939819,0.490069835786213,0.602184587586844,0.721522439839919,0.263813687134637,0.0,0.38924655,0.15094411,5.28571428571429,3.25714285714286,1,1,0.125,0.5166619443893434,pre-schematic
4010,children,4.0,I,False,4010.png,../data/children/stimuli_I/4010.png,drawing of a cat with a paw and a paw print on it,,"Spotted oval shape with lines extending outward, possible abstract representation",,3,0.695686101913452,0.66,86.0,abstract doodle/hard to interpret,circles,lines,1.0,1.0,2,1.0,5.26470155835249,14.54625,0.5443818718155,8,26,0.13698935508728,0.313584862373903,0.390424407099222,0.74195972323163,0.363875316094014,0.119029365,0.38145036,0.20178676,5.28571428571429,7.125,1,1,0.375,0.677843050956726,pre-schematic
4011,children,4.0,I,False,4011.png,../data/children/stimuli_I/4011.png,drawing of a cartoon character with a glass of water,,"Abstract face with multiple eyes and a smile, on a rectangular base",,4,0.595203697681427,0.62,78.0,creature/monster,circles,,1.0,1.0,2,1.0,4.40197581359137,8.17375,0.266173177407315,6,37,0.184237003326416,0.361456236926092,0.492645382881165,0.683072594869706,0.319016515588349,0.11423783,0.2208951,0.16344842,8.22222222222222,2.92307692307692,1,0,0.375,0.6076018488407136,pre-schematic
4012,children,6.0,I,False,4012.png,../data/children/stimuli_I/4012.png,drawing of a man with a beard and a hat on,,"Simple face with a round head, smiling, with eyes and a topknot",,4,0.472541868686676,0.52,52.0,(smiley) face,,,2.0,1.0,2,1.0,4.52047879541014,3.66,0.609154481881755,2,6,0.194032240269645,0.377458915407524,0.458406957482876,0.645356979057434,0.282719603065353,0.09873072,0.26466924,0.11097331,21.1428571428571,2.92307692307692,0,0,0.375,0.496270934343338,pre-schematic
4013,children,7.0,I,False,4013.png,../data/children/stimuli_I/4013.png,drawing of a person holding a piece of paper with a hat on it,,Hard to interpret,,2,0.545419156551361,0.64,82.0,abstract doodle/hard to interpret,,,1.0,1.0,1,1.0,4.43689067510035,5.009375,0.660745838370687,2,17,0.240361928939819,0.490069835786213,0.602184587586844,0.592921864269598,0.22837306793151,0.0,0.2641706,0.11770569,5.28571428571429,3.25714285714286,1,1,0.25,0.5927095782756805,schematic
4014,children,8.0,I,True,4014.png,../data/children/stimuli_I/4014.png,drawing of a face with a smile drawn on it,,Simple face with rectangular eyes and a curved smile,,4,0.378893405199051,0.33,6.0,(smiley) face,,,2.0,2.0,2,1.0,8.28802420615358,6.556875,0.819400127632419,5,8,0.17881977558136,0.311923244950868,0.439355526008872,0.611634264063136,0.318279195275752,0.098977715,0.24145582,0.17827456,21.1428571428571,2.92307692307692,0,0,0.5,0.3544467025995255,schematic
4015,children,8.0,I,False,4015.png,../data/children/stimuli_I/4015.png,drawing of a person in a hat with a bag on his back,,Beanie hat on top of a rectangular shape,,4,0.411046326160431,0.44,31.0,hat,,,1.0,2.0,1,1.0,4.56876598861306,2.986875,0.606811667509695,2,7,0.214226365089417,0.372427169003529,0.509044051170349,0.535927086290722,0.252254951042571,0.1485897,0.22691926,0.18339321,148.0,8.14285714285714,0,0,0.375,0.42552316308021554,schematic
4016,children,9.0,I,False,4016.png,../data/children/stimuli_I/4016.png,a drawing of a bottle of milk with a cap on top,,"Milk bottle with a black cap, labeled ""milk""",,5,0.511776447296143,0.54,58.0,milk karton,writing,,2.0,3.0,3,1.0,8.43758029026083,5.910625,0.544121615543762,6,6,0.236209273338318,0.413942319570253,0.554822620462022,0.662289690676741,0.34682987757019,0.2098281,0.3833529,0.25228146,148.0,8.14285714285714,0,0,0.75,0.5258882236480715,schematic
4017,children,7.0,I,False,4017.png,../data/children/stimuli_I/4017.png,a drawing of a bird in a cage on a white background,,A cage with a small bird inside,,4,0.642368733882904,0.61,76.0,door,lines,,2.0,2.0,2,1.0,11.1364811620958,20.1725,0.662572703145293,18,30,0.223090648651123,0.429398647475077,0.53328850666949,0.797809691501153,0.307582432383705,0.18592796,0.40975648,0.18521123,49.33333333333329,8.14285714285714,0,0,0.5,0.626184366941452,schematic
4018,children,5.0,I,False,4018.png,../data/children/stimuli_I/4018.png,drawing of a cat with a spider on its head,,Hard to interpret,,2,0.668860793113709,0.65,83.0,bug,lines,,1.0,3.0,3,0.5,3.70127928286375,11.600625,0.528768037986423,1,51,0.240361928939819,0.490069835786213,0.602184587586844,0.739469650824744,0.384440820010262,0.0,0.29539353,0.17044428,148.0,3.25714285714286,1,0,0.75,0.6594303965568545,pre-schematic
4019,children,5.0,I,False,4019.png,../data/children/stimuli_I/4019.png,drawing of a bird with a long beak and a long tail,,A simple drawing of a bird with outstretched wings,,5,0.461093127727509,0.58,69.0,bird,wings,,2.0,2.0,2,1.0,4.106431802769871,4.1575,0.305650319829424,4,10,0.177932669047553,0.319224396920931,0.359938898090189,0.631439992761286,0.378753180949555,0.1420756,0.22258143,0.14381611,74.0,2.92307692307692,0,0,0.5,0.5205465638637545,pre-schematic
4020,children,6.0,I,False,4020.png,../data/children/stimuli_I/4020.png,a drawing of a ghost with a big nose and a big tail,,"Simple ghost-like figure with arms outstretched, two eyes, and a mouth",,5,0.503954529762268,0.51,49.0,bird,wings,,2.0,2.0,2,1.0,4.53905257135315,3.97625,0.40612315899339,2,8,0.176928281784058,0.306080439867986,0.365310706775741,0.620384091315175,0.409254743218826,0.11205063,0.2029223,0.16786201,74.0,2.92307692307692,0,0,0.5,0.5069772648811339,pre-schematic
4021,children,5.0,I,False,4021.png,../data/children/stimuli_I/4021.png,drawing of a small white bird with a long tail and a long nose,,"Cartoonish animal with ears and wings, standing inside a box",,5,0.562295198440552,0.58,67.0,creature/monster,wings,teeth,2.0,2.0,3,1.0,4.51337595459218,5.3,0.489146673697161,4,9,0.236968338489532,0.390185713768005,0.492270559533204,0.629213171965379,0.365721061615639,0.14131397,0.23449072,0.14523458,8.22222222222222,2.92307692307692,0,0,0.625,0.5711475992202759,pre-schematic
4022,children,8.0,I,False,4022.png,../data/children/stimuli_I/4022.png,drawing of a backpack with a handle and a handlebar,,Hard to interpret,,2,0.669186413288117,0.71,92.0,octopus,writing,,2.0,2.0,4,1.0,7.09860938334782,10.5025,0.549939657253198,8,17,0.240361928939819,0.490069835786213,0.602184587586844,0.69973715098729,0.338175856108987,0.0,0.28050494,0.17273743,8.22222222222222,3.25714285714286,1,0,0.75,0.6895932066440584,schematic
4023,children,9.0,I,True,4023.png,../data/children/stimuli_I/4023.png,drawing of a face with eyes in a pocket,,Abstract shape with two small oval forms near the center,,3,0.405261427164078,0.42,28.0,completing,eye(s),,1.0,0.0,1,1.0,4.60500832283133,2.54,0.743350107836089,4,5,0.16671097278595,0.396795493268832,0.454207008575554,0.457310792070919,0.248455203345616,0.12066901,0.21390076,0.13312674,13.4545454545455,7.125,1,0,0.125,0.41263071358203895,schematic
4024,children,9.0,I,True,4024.png,../data/children/stimuli_I/4024.png,drawing of a toilet with a seat and a tank on it,,"A toilet bowl with a tank, viewed from the front",,5,0.574944138526917,0.7,92.0,toilet,,,2.0,4.0,4,1.0,5.1162304270387,6.33,0.558641975308642,1,17,0.244399800562845,0.445717795065575,0.499940752983093,0.674108458502371,0.292927858230422,0.21633415,0.40127915,0.19564427,148.0,8.14285714285714,0,0,1.0,0.6374720692634585,schematic
4025,children,6.0,I,False,4025.png,../data/children/stimuli_I/4025.png,a drawing of a padlock with a number on it,,A hand holding a large padlock with a keyhole,,5,0.54552686214447,0.56,63.0,lock,,,2.0,2.0,3,1.0,4.72416182518307,4.174375,0.674604066045153,1,6,0.153284480972021,0.310747623443604,0.399660027047393,0.56204276474463,0.225494497489542,0.16588303,0.2871214,0.16718233,74.0,22.8,0,0,0.625,0.552763431072235,pre-schematic
4026,children,7.0,I,False,4026.png,../data/children/stimuli_I/4026.png,drawing of a person with a hoodie on standing in front of a white background,,"Abstract creature with circular pattern, round head, and three legs",,5,0.698830008506775,0.64,81.0,creature/monster,circles,,1.0,2.0,2,1.0,4.3673990035578,7.481875,0.646537396121884,3,11,0.194313037734445,0.410632831175113,0.465030137892941,0.653203508718076,0.312568327730409,0.12335332,0.1980944,0.16848831,8.22222222222222,2.92307692307692,1,0,0.5,0.6694150042533875,schematic
5001,children,9.0,I,False,5001.png,../data/children/stimuli_I/5001.png,drawing of a robot with a letter a on it,,A simple robot with square torso and triangular chest symbol,,5,0.625653982162476,0.64,82.0,robot,hands,,2.0,2.0,4,1.0,4.29663625372544,5.2375,0.636511607984237,4,10,0.197834610939026,0.421641034532816,0.427415881906992,0.669552414568296,0.41807710028465,0.1513782,0.17195323,0.1890152,74.0,2.92307692307692,0,0,0.75,0.6328269910812381,schematic
5002,children,6.0,I,True,5002.png,../data/children/stimuli_I/5002.png,a drawing of a person with a toothbrush in their mouth,,"A stick figure with a round head, smiling face, and a striped body",,4,0.630557298660278,0.53,55.0,person,,,2.0,2.0,4,1.0,5.25232190829116,13.2375,0.618039475135076,3,26,0.206788169933069,0.385635458566871,0.479445040225983,0.772651344022612,0.433901057364282,0.08851946,0.21625392,0.16363885,11.3846153846154,2.92307692307692,0,0,0.75,0.5802786493301391,pre-schematic
5003,children,8.0,I,False,5003.png,../data/children/stimuli_I/5003.png,there is a drawing of a man holding a sign with a picture of a man,,"Building with Euro sign and circular top labeled ""Das 064""",,4,0.595194458961487,0.67,86.0,bank,writing,door,2.0,3.0,3,1.0,9.88923996853957,8.360625,0.9740644917019,12,8,0.213787006510077,0.470356197931992,0.499771595028445,0.578671372537199,0.377261238218367,0.14579006,0.21710107,0.25592393,74.0,7.125,0,0,0.75,0.6325972294807436,schematic
5004,children,8.0,I,True,5004.png,../data/children/stimuli_I/5004.png,drawing of a man with a smile on his face and arms,,Simple drawing of a stick figure with a smiling face,,5,0.475718319416046,0.48,42.0,person,,,2.0,2.0,2,1.0,4.30752013027509,2.713125,0.589276418532015,3,4,0.175121237330361,0.315368233505029,0.374442018601773,0.567472586454625,0.378947586566377,0.0848387,0.20048246,0.1782817,11.3846153846154,2.92307692307692,0,0,0.5,0.47785915970802295,schematic
5009,children,7.0,I,False,5009.png,../data/children/stimuli_I/5009.png,drawing of a person in a coat and hat with a knife,,"Penguin-like figure with a beak, flippers, and a tail",,4,0.427784860134125,0.48,41.0,abstract doodle/hard to interpret,,,2.0,1.0,1,0.5,4.89658557867021,4.794375,0.455699912083618,2,7,0.227349996566772,0.431524242849602,0.496076256270631,0.608860275788377,0.343083977554329,0.14199173,0.23536742,0.16654813,5.28571428571429,2.92307692307692,0,1,0.25,0.4538924300670625,schematic
5010,children,7.0,I,False,5010.png,../data/children/stimuli_I/5010.png,drawing of a bottle with a cat on it sitting on a table,,Salt shaker with some text orientation issue,,4,0.537414848804474,0.59,72.0,salt shaker,writing,,2.0,2.0,3,1.0,4.7340583247054,3.001875,0.934237386993292,16,6,0.232283637983581,0.44529507891223,0.505511999130249,0.548707662353319,0.320430295745531,0.20988539,0.22832529,0.1839561,148.0,8.14285714285714,0,0,0.625,0.563707424402237,schematic
5011,children,8.0,I,True,5011.png,../data/children/stimuli_I/5011.png,drawing of a toilet with a sign on the tank,,Hard to interpret,,1,0.451875865459442,0.41,25.0,abstract doodle/hard to interpret,,,2.0,1.0,0,1.0,3.52166429716862,2.76875,0.910283839680502,3,8,0.240361928939819,0.490069835786213,0.602184587586844,0.632301983551073,0.239526726117519,0.0,0.27436846,0.12590668,5.28571428571429,3.25714285714286,1,1,0.125,0.43093793272972103,schematic
5012,children,6.0,I,False,5012.png,../data/children/stimuli_I/5012.png,drawing of a popsicle with a long handle on a white background,,Outline of a popsicle stick with missing ice cream shape above,,4,0.289053678512573,0.33,6.0,completing,,,2.0,0.0,1,1.0,3.68891278138094,1.413125,0.77466820542412,3,4,0.203315115073773,0.370916724205017,0.427603244781494,0.429639876332395,0.170454408416725,0.13406721,0.2416174,0.09466406,13.4545454545455,14.25,0,0,0.125,0.30952683925628655,pre-schematic
5018,children,9.0,I,False,5018.png,../data/children/stimuli_I/5018.png,drawing of a bug in a bag with a handle,,Hard to interpret,,1,0.489836692810059,0.45,35.0,abstract doodle/hard to interpret,,,2.0,1.0,1,1.0,6.18884589821388,4.173125,0.918735632183908,1,5,0.240361928939819,0.490069835786213,0.602184587586844,0.561426573963271,0.250218855447245,0.0,0.27631873,0.11559987,5.28571428571429,3.25714285714286,1,1,0.25,0.4699183464050295,schematic
5019,children,6.0,I,True,5019.png,../data/children/stimuli_I/5019.png,drawing of a dog with a collar and a tie on,,Simple stick figure with a large round head and smiling face,,4,0.48406994342804,0.57,65.0,person,hair,,2.0,2.0,3,1.0,5.1942892602361,5.694375,0.503418586984047,6,6,0.205644369125366,0.37445924802003,0.443620476506919,0.670793429890393,0.325604305789344,0.07442061,0.18843576,0.1263363,11.3846153846154,2.92307692307692,0,0,0.625,0.5270349717140199,pre-schematic
5020,children,9.0,I,False,5020.png,../data/children/stimuli_I/5020.png,there is a drawing of a person standing in a doorway,,Hard to interpret,,2,0.48258376121521,0.55,59.0,abstract doodle/hard to interpret,,,1.0,1.0,1,1.0,6.38678887159167,3.999375,0.796220014538406,1,4,0.240361928939819,0.490069835786213,0.602184587586844,0.518081582151777,0.264215097936787,0.0,0.2838276,0.1395618,5.28571428571429,3.25714285714286,1,1,0.25,0.516291880607605,schematic
5021,children,6.0,I,True,5021.png,../data/children/stimuli_I/5021.png,drawing of a man with a face drawn on it,,Stick figure with a large head and exaggerated eyes,,4,0.519897520542145,0.52,52.0,person(s),,,2.0,2.0,2,1.0,4.4911027249903,2.9675,0.663346613545817,7,4,0.213801311623971,0.438290221640176,0.505675702948826,0.633710522376866,0.334612343275741,0.10431,0.21315868,0.1266085,11.3846153846154,2.92307692307692,0,0,0.5,0.5199487602710725,pre-schematic
5027,children,7.0,I,True,5027.png,../data/children/stimuli_I/5027.png,drawing of a man with a beard and a face with a toothbrush,,"Simple face with spiky hair, uneven eyes, and a smile",,4,0.563155889511108,0.58,69.0,(smiley) face,arc,hair,2.0,2.0,2,1.0,4.28219357682023,6.595625,0.660124651902931,6,12,0.204703259187741,0.389665126800537,0.491988391161656,0.727972939248862,0.357029574726323,0.1112807,0.23644356,0.16224015,21.1428571428571,2.92307692307692,0,0,0.5,0.571577944755554,schematic
5028,children,8.0,I,False,5028.png,../data/children/stimuli_I/5028.png,there is a drawing of a bag with a handle on it,,Semi-circle atop a rectangle with a horizontal line and dot below,,4,0.360198348760605,0.36,12.0,completing,,,2.0,0.0,0,1.0,4.79857610750451,2.1575,0.931533903884134,2,7,0.173909306526184,0.30925104943666,0.363420047556158,0.470075910671514,0.188913831345716,0.14844802,0.23679313,0.12032139,13.4545454545455,7.125,0,0,0.0,0.3600991743803025,schematic
5029,children,8.0,I,False,5029.png,../data/children/stimuli_I/5029.png,drawing of a person with a face and a head in a suit,,Building with a Euro symbol on top,,5,0.567232728004456,0.56,62.0,bank,,,2.0,2.0,2,1.0,4.71115203237911,4.351875,0.960452664881966,8,6,0.219708621501923,0.48861289024353,0.504876285500747,0.615621555944487,0.295915467954008,0.14039892,0.18984208,0.15933974,74.0,7.125,0,0,0.5,0.563616364002228,schematic
6001,children,7.0,I,False,6001.png,../data/children/stimuli_I/6001.png,a drawing of a padlock with the word prami written on it,,Drawing of a padlock with illegible text on it,,4,0.527920484542847,0.52,51.0,shopping bag,writing,,1.0,1.0,2,1.0,4.5773172407585,2.9575,0.912957317073171,4,6,0.0951497554779052,0.186283564158784,0.278457744213476,0.492527799538611,0.325539754411706,0.14790764,0.2919992,0.24695277,148.0,22.8,0,0,0.375,0.5239602422714236,schematic
6002,children,9.0,I,False,6002.png,../data/children/stimuli_I/6002.png,drawing of a building with a bird on top of it,,"Small building with decorative roof and ""Winkel"" written on it",,4,0.603991270065308,0.64,81.0,store,writing,,2.0,2.0,2,1.0,5.83998593523712,7.4,0.812636453853788,6,9,0.170716335134723,0.477791143458288,0.469443948898079,0.673446633766469,0.372304256593672,0.13137944,0.24552265,0.18442316,148.0,7.125,0,0,0.5,0.621995635032654,schematic
6003,children,8.0,I,False,6003.png,../data/children/stimuli_I/6003.png,drawing of a house with a clock on the top of it,,A simple drawing of a building with windows and a dome,,4,0.595597207546234,0.54,58.0,house,door,,2.0,2.0,2,1.0,4.89568407616232,4.53375,0.962962962962963,7,8,0.126771613744299,0.287228086210134,0.2807735633389,0.587099468949119,0.259240134576002,0.081560686,0.17246799,0.091225296,6.43478260869565,7.125,0,0,0.5,0.5677986037731171,schematic
6004,children,7.0,I,False,6004.png,../data/children/stimuli_I/6004.png,drawing of a padlock with a key and a small piece of paper,,A lock and a key drawn simply,,4,0.382979989051819,0.51,50.0,door,key,,2.0,2.0,1,1.0,5.1590448031636,4.326875,0.714969926486968,3,3,0.0911770408644039,0.170149659220864,0.250780746294214,0.600216064068185,0.238068186660816,0.12862976,0.23629895,0.1291395,49.33333333333329,22.8,0,0,0.375,0.44648999452590954,schematic
6005,children,7.0,I,False,6005.png,../data/children/stimuli_I/6005.png,drawing of a house with a chimney and a chimney top,,House with chimney emitting swirling smoke,,4,0.60733687877655,0.67,86.0,house,smoke,door,2.0,2.0,2,1.0,8.23423267053418,10.33,0.58405715166778,1,13,0.234800554358975,0.52736233256347,0.549582004547119,0.668028987188583,0.302771152910122,0.16036995,0.28912824,0.13236378,6.43478260869565,7.6,0,0,0.5,0.638668439388275,schematic
6006,children,8.0,I,False,6006.png,../data/children/stimuli_I/6006.png,drawing of a jet plane with a jet engine and a jet engine,,"Flying house with wings and a central door, abstract interpretation",,4,0.645716071128845,0.73,94.0,house,plane,,2.0,3.0,4,1.0,4.96824089101653,9.826875,0.420950439299063,1,28,0.155569553375244,0.410526598127281,0.396804392337799,0.729939874452394,0.297822654733767,0.12222829,0.4445088,0.15583447,6.43478260869565,7.6,1,0,0.875,0.6878580355644225,schematic
6007,children,6.0,I,False,6007.png,../data/children/stimuli_I/6007.png,drawing of a person with a hat and a shirt on,,Hard to interpret,,2,0.602697730064392,0.69,90.0,rocket,sun,stars,2.0,2.0,4,1.0,5.03579154483745,7.623125,0.4003498687992,8,12,0.240361928939819,0.490069835786213,0.602184587586844,0.648315348326733,0.382392666729712,0.0,0.19132535,0.1539903,74.0,3.25714285714286,1,0,0.75,0.646348865032196,pre-schematic
6008,children,8.0,I,False,6008.png,../data/children/stimuli_I/6008.png,drawing of a man sitting in a chair with a box in his hand,,A person standing on a roof with windows and door visible,,5,0.55918025970459,0.48,42.0,house,door,,2.0,2.0,2,1.0,4.53984382049965,3.591875,0.961533642400702,2,6,0.209753798857103,0.47464981524049,0.490740239620209,0.482578104243387,0.30416821079818,0.15270314,0.15615962,0.09081258,6.43478260869565,7.125,0,0,0.5,0.5195901298522949,schematic
6009,children,7.0,I,False,6009.png,../data/children/stimuli_I/6009.png,drawing of a man with a hat and a tie on,,Simple drawing of a house with a door and window,,4,0.476155370473862,0.38,17.0,house,door,,2.0,2.0,2,1.0,4.90529959389784,2.91375,0.997253634894992,4,3,0.0871801376342773,0.195195293283322,0.229982495307922,0.483356585053401,0.258657744994124,0.071533725,0.20249543,0.096456714,6.43478260869565,7.6,0,0,0.5,0.428077685236931,schematic
6010,children,8.0,I,False,6010.png,../data/children/stimuli_I/6010.png,there is a drawing of a bird on a window sill,,Hard to interpret,,3,0.574175298213959,0.54,58.0,swimming pool,,,2.0,3.0,0,1.0,4.49430684781076,4.44625,0.995943616266099,4,4,0.240361928939819,0.490069835786213,0.602184587586844,0.551553861037201,0.217586038850354,0.0,0.2122081,0.11243387,148.0,3.25714285714286,1,0,0.375,0.5570876491069795,schematic
6011,children,6.0,I,False,6011.png,../data/children/stimuli_I/6011.png,a drawing of a house with a face drawn on it,,Simple drawing of a house with windows and a door,,5,0.559693098068237,0.5,47.0,house,door,,2.0,2.0,2,1.0,4.9325317671923,3.770625,0.887838998650141,3,7,0.0901805108678019,0.198812818491841,0.239279196305321,0.502031783510974,0.277913803711892,0.069430605,0.15552083,0.065908045,6.43478260869565,7.6,0,0,0.5,0.5298465490341184,pre-schematic
6012,children,8.0,I,True,6012.png,../data/children/stimuli_I/6012.png,drawing of a bird perched on a piece of paper with stars,,Hard to interpret,,4,0.590351939201355,0.65,83.0,rocket,star(s),writing,2.0,3.0,2,1.0,9.02516590099648,7.77125,0.246991556412473,18,7,0.240361928939819,0.490069835786213,0.602184587586844,0.640503115058264,0.334676728088286,0.0,0.29791695,0.17575282,74.0,3.25714285714286,1,0,0.625,0.6201759696006774,schematic
6013,children,8.0,I,False,6013.png,../data/children/stimuli_I/6013.png,there is a drawing of a door with a window on it,,Simple outline of a lock shape on a plain background,,5,0.209863841533661,0.17,0.0,blank,,,2.0,0.0,0,0.0,3.96919336815414,0.9175,1.0,5,3,0.0969200076508501,0.216285778062687,0.248646006068824,0.0644432375366389,0.0471714276267309,0.12735459,0.27623916,0.1072286,37.0,22.8,0,1,0.0,0.18993192076683052,schematic
6014,children,7.0,I,False,6014.png,../data/children/stimuli_I/6014.png,drawing of a house with a chimney and a chimney top,,A simple house with a chimney and window,,5,0.545398771762848,0.52,51.0,house,smoke,door,2.0,2.0,2,1.0,5.03754930960467,4.200625,0.830533824206167,5,7,0.166466583820188,0.331250290013858,0.379427850246429,0.510365664041315,0.286707326153372,0.08382197,0.16943586,0.08877615,6.43478260869565,7.6,0,0,0.5,0.532699385881424,schematic
6015,children,8.0,I,False,6015.png,../data/children/stimuli_I/6015.png,drawing of a person in a snow suit with arms outstretched,,"A smiling figure wearing a coat, with buttons and extended arms",,4,0.63213324546814,0.61,75.0,person,hands,buttons,2.0,3.0,4,1.0,4.53515469060886,5.38625,0.309760620364127,6,7,0.220781266689301,0.427669567694353,0.52258974313736,0.647446682852742,0.394899566870407,0.12033866,0.2007926,0.16630487,11.3846153846154,2.92307692307692,0,0,0.875,0.62106662273407,schematic
6016,children,8.0,I,False,6016.png,../data/children/stimuli_I/6016.png,drawing of a man with a tie and a shirt on,,"Smiling figure with spiky hair, wearing a shirt with shapes",,4,0.684976577758789,0.65,83.0,person,hands,,2.0,3.0,4,1.0,4.09367743371844,6.3625,0.716545334215751,5,15,0.220556199550629,0.439195020174832,0.531327752391829,0.66728588756509,0.393464610216192,0.108122304,0.17884353,0.18851174,11.3846153846154,2.92307692307692,0,0,0.875,0.6674882888793945,schematic
6017,children,6.0,I,False,6017.png,../data/children/stimuli_I/6017.png,there is a drawing of a door with a face on it,,Hard to interpret,,2,0.439942926168442,0.38,19.0,completing,circles,,2.0,0.0,1,1.0,6.25106172747404,3.07625,0.999502652519894,3,5,0.240361928939819,0.490069835786213,0.602184587586844,0.462011406358513,0.185367132931751,0.0,0.23852535,0.09327653,13.4545454545455,3.25714285714286,1,0,0.125,0.409971463084221,pre-schematic
6018,children,9.0,I,False,6018.png,../data/children/stimuli_I/6018.png,drawing of a small church with a heart on the top,,"Building with hearts, crosses, and fish-like symbols, small door at bottom",,4,0.607768893241882,0.59,72.0,house,hearts,,2.0,2.0,2,1.0,5.41432884051293,4.7775,0.90247209763221,6,6,0.142012051223989,0.31981799959594,0.335201422262106,0.577759795457934,0.256841150905392,0.14211676,0.2078722,0.13153663,6.43478260869565,7.125,0,0,0.5,0.598884446620941,schematic
6019,children,7.0,I,False,6019.png,../data/children/stimuli_I/6019.png,drawing of a bird with a beak and a piece of paper in its beak,,Hard to interpret,,1,0.468429088592529,0.55,61.0,abstract doodle/hard to interpret,,,2.0,0.0,1,1.0,3.66254780719571,3.93125,0.826818035771661,1,6,0.240361928939819,0.490069835786213,0.602184587586844,0.612882239820648,0.276260114594715,0.0,0.2856756,0.13839978,5.28571428571429,3.25714285714286,1,1,0.125,0.5092145442962646,schematic
6020,children,8.0,I,False,6020.png,../data/children/stimuli_I/6020.png,drawing of a man with a kite in his hands,,Cross-section of a cylindrical object with lines and a central dot,,4,0.532859206199646,0.56,63.0,helicopter,,,2.0,2.0,1,1.0,5.08898147322959,5.2725,0.579266055045872,1,14,0.195964980365932,0.405236906281431,0.394653499126434,0.623514210865952,0.248573429238378,0.16693659,0.2530726,0.15158945,148.0,7.125,0,0,0.375,0.546429603099823,schematic
7001,children,9.0,I,False,7001.png,../data/children/stimuli_I/7001.png,drawing of a person holding a knife and a paper bag,,"A character with a long arm, words ""super stekker"" and ""extra benef.",,4,0.619253635406494,0.74,95.0,creature/monster,writing,,2.0,3.0,2,1.0,4.25217394295381,7.536875,0.327149005467023,20,16,0.213073538954642,0.464211642742157,0.584519262044473,0.667327455027252,0.385761984962919,0.15877143,0.25092408,0.21763071,8.22222222222222,2.92307692307692,0,0,0.625,0.679626817703247,schematic
7002,children,8.0,I,False,7002.png,../data/children/stimuli_I/7002.png,drawing of a person with a backpack on a white background,,Hard to interpret,,2,0.530944645404816,0.46,37.0,ice cream cone,lines,,2.0,1.0,1,1.0,4.88956640835865,7.225625,0.83977936831046,5,21,0.240361928939819,0.490069835786213,0.602184587586844,0.655006977654914,0.287903958349822,0.0,0.290577,0.13963844,148.0,3.25714285714286,1,0,0.25,0.49547232270240804,schematic
7003,children,9.0,I,False,7003.png,../data/children/stimuli_I/7003.png,drawing of a cartoon character holding a sign with a knife,,"Ice cream figure holding cone, wearing ""Random ijs winkel"" shirt, with sparkles around",,5,0.672105193138123,0.67,87.0,alien,star(s),planets,2.0,3.0,4,1.0,4.31668973300415,6.28375,0.591735800893427,16,8,0.241455719384209,0.458637459833546,0.560685843229294,0.708026026629841,0.565160271377664,0.14607869,0.2319072,0.35020837,37.0,14.25,0,0,0.875,0.6710525965690615,schematic
7004,children,7.0,I,False,7004.png,../data/children/stimuli_I/7004.png,drawing of a cartoon character with a headphone on a white background,,A building with facial features and hair-like lines on top,,5,0.592184007167816,0.61,75.0,house,(smiley) face,,2.0,2.0,3,1.0,6.13950068700453,5.72,0.923483314255525,6,3,0.165066003799438,0.403974753736697,0.449282824993134,0.59876661809205,0.3698497677097,0.1388559,0.19749448,0.15637383,6.43478260869565,2.92307692307692,0,0,0.625,0.601092003583908,schematic
7005,children,6.0,I,False,7005.png,../data/children/stimuli_I/7005.png,drawing of a man standing in front of a door with a cloud coming out of it,,Abstract figure with teardrops and clouds; another figure visible in a window,,4,0.695644497871399,0.77,96.0,person,cloud(s),water,2.0,4.0,4,1.0,3.92413459339988,7.52625,0.292934047184797,14,19,0.176228929982844,0.435013864337571,0.42889628238104,0.645846581029133,0.352269614644292,0.13959537,0.28074807,0.18509673,148.0,7.125,1,0,1.0,0.7328222489356995,pre-schematic
7006,children,9.0,I,False,7006.png,../data/children/stimuli_I/7006.png,drawing of a ice cream cone with the words ice cream on it,,Ice cream cone with waves on top,,4,0.541557788848877,0.49,46.0,popsicle,,,2.0,2.0,1,1.0,3.86324988530596,3.99375,0.864013992129427,1,6,0.250098466873169,0.406248331069946,0.570778608322144,0.513941814076258,0.293433451678294,0.15073651,0.21095996,0.15895228,24.6666666666667,14.25,0,0,0.375,0.5157788944244385,schematic
7007,children,9.0,I,False,7007.png,../data/children/stimuli_I/7007.png,drawing of a house with a clock tower and a sun on top,,A building with a dome on top and six windows,,5,0.546246767044067,0.54,58.0,house,,,2.0,2.0,2,1.0,4.30690574011546,4.1475,0.924075704225352,8,8,0.19906048780319,0.436225993520796,0.457021626411579,0.617762120022962,0.262724308573629,0.12532458,0.23555605,0.10331378,6.43478260869565,7.125,0,0,0.5,0.5431233835220335,schematic
7009,children,8.0,I,True,7009.png,../data/children/stimuli_I/7009.png,drawing of a computer mouse with a black handle,,"Abstract shape with a rectangle, dark rectangle, and teardrop shape. Hard to interpret",,2,0.448962956666946,0.46,36.0,popsicle,,,2.0,2.0,1,1.0,8.55669549857002,4.58,0.652229299363057,5,3,0.153201937675476,0.324989894777235,0.435155510902405,0.616605291936728,0.264804763308101,0.12600347,0.25374708,0.1359447,24.6666666666667,7.125,1,0,0.375,0.454481478333473,schematic
7010,children,7.0,I,False,7010.png,../data/children/stimuli_I/7010.png,drawing of a bird with wings and a house on its back,,"House with roof, wings, and smiling face on legs",,4,0.68956446647644,0.76,96.0,house ,wings,(smiley) face,2.0,3.0,2,1.0,5.64570492927696,12.89,0.628294036061026,10,28,0.204131162289713,0.380886774685585,0.461293371838725,0.756562003673048,0.370582425242644,0.1241229,0.33523792,0.14920036,148.0,7.6,0,0,0.625,0.72478223323822,schematic
7011,children,9.0,I,False,7011.png,../data/children/stimuli_I/7011.png,drawing of a robot with a head and arms,,"A humanoid figure with antennae, facial features, and textured body",,5,0.720167577266693,0.71,92.0,alien,feelers,hands,2.0,3.0,4,1.0,4.63975043290771,8.841875,0.381928703894498,23,14,0.226009534239199,0.46133254353203,0.524030591720825,0.758235610972631,0.433905220844065,0.13060021,0.24217525,0.19549619,37.0,2.92307692307692,0,0,0.875,0.7150837886333465,schematic
7012,children,9.0,I,False,7012.png,../data/children/stimuli_I/7012.png,drawing of a small house with a steeple on top,,Simple house with a pointed roof and three circular windows,,4,0.561847269535065,0.55,60.0,house,door,,2.0,2.0,2,1.0,4.62355090319038,4.0875,0.918548030101815,5,5,0.171437084674835,0.427392806255388,0.411627566121365,0.569550598003484,0.290481328717039,0.07965651,0.22632189,0.07355404,6.43478260869565,7.6,0,0,0.5,0.5559236347675325,schematic
7013,children,7.0,I,False,7013.png,../data/children/stimuli_I/7013.png,drawing of a robot with a head and arms,,"Robot-like figure with a square body, antennae, stick arms, and legs",,5,0.580400466918945,0.61,74.0,alien,feelers,,2.0,2.0,3,1.0,4.4066772279323,4.9375,0.642654202181285,1,14,0.221129894256592,0.443563292345101,0.499440014429087,0.593681546052182,0.365099544727824,0.11998169,0.22252874,0.15615161,37.0,2.92307692307692,0,0,0.625,0.5952002334594725,schematic
7014,children,7.0,I,True,7014.png,../data/children/stimuli_I/7014.png,drawing of a castle with a cat and a dog on it,,Hard to interpret,,1,0.724687695503235,0.74,95.0,abstract doodle/hard to interpret,,,2.0,1.0,4,1.0,4.43696015204202,13.05375,0.274119127516779,5,31,0.240361928939819,0.490069835786213,0.602184587586844,0.749745959875358,0.335493322015405,0.0,0.25268435,0.14455095,5.28571428571429,3.25714285714286,1,1,0.625,0.7323438477516175,schematic
7015,children,8.0,I,True,7015.png,../data/children/stimuli_I/7015.png,there is a drawing of a cake on a plate on a table,,Hard to interpret,,3,0.607538521289825,0.62,78.0,alien,feelers,,1.0,2.0,1,1.0,5.30195030467769,4.236875,0.926398663962782,3,6,0.240361928939819,0.490069835786213,0.602184587586844,0.552610670386194,0.275647691395372,0.0,0.2312291,0.14835756,37.0,3.25714285714286,1,0,0.375,0.6137692606449126,schematic
7016,children,6.0,I,False,7016.png,../data/children/stimuli_I/7016.png,a drawing of a sheep with a bunch of hair on its head,,"Cartoon insect with antennae, heart, and butterfly. Abstract scribbles on body",,5,0.635382354259491,0.6,73.0,feelers,heart(s),wings,1.0,0.0,2,0.5,8.14087038831043,25.72125,0.524450566652057,8,102,0.193615913391113,0.372590284722754,0.476977439106855,0.762087970936708,0.429818226984522,0.1415073,0.26986971,0.19913304,148.0,2.92307692307692,1,0,0.25,0.6176911771297455,pre-schematic
7017,children,6.0,I,False,7017.png,../data/children/stimuli_I/7017.png,there is a drawing of a box with a bird on top,,Simple house with a window and black roof,,4,0.473420709371567,0.41,24.0,house,,,1.0,1.0,1,1.0,11.5862223657395,6.5625,0.941041785918718,2,6,0.167515923528913,0.396294516214565,0.398754274919373,0.585011288229094,0.282253599767641,0.0874278,0.22094259,0.0990739,6.43478260869565,7.6,0,0,0.25,0.44171035468578346,pre-schematic
7018,children,8.0,I,False,7018.png,../data/children/stimuli_I/7018.png,drawing of a man holding a sign with his arms out,,"A smiling figure with a square body, wings, and a long antenna",,5,0.57733154296875,0.56,64.0,creature/monster,,,2.0,2.0,2,1.0,4.63742145973587,3.94,0.626261285183218,3,4,0.234115660190582,0.428552576472093,0.494708240032196,0.590711055709379,0.352002865062242,0.10840932,0.19929889,0.117077805,8.22222222222222,2.92307692307692,0,0,0.5,0.568665771484375,schematic
7019,children,8.0,I,False,7019.png,../data/children/stimuli_I/7019.png,drawing of a cat with a box in its mouth,,Cartoon cat with a hat and an apron or bib,,4,0.619626462459564,0.68,88.0,creature/monster,ears,,2.0,2.0,3,1.0,4.51903182944308,4.75375,0.836866269414868,5,4,0.257306754589081,0.420110889087099,0.556592669690091,0.601712944324053,0.379889507851624,0.1673632,0.24437353,0.18444327,8.22222222222222,8.14285714285714,0,0,0.625,0.649813231229782,schematic
7020,children,6.0,I,False,7020.png,../data/children/stimuli_I/7020.png,drawing of a robot with a heart and a speech bubble,,"Cute robot with big eyes says ""Hola"" in speech bubble",,5,0.667702794075012,0.72,93.0,creature/monster,writing,,2.0,2.0,3,1.0,6.64826672697,9.420625,0.627808168251102,5,10,0.256224140153875,0.458245618887115,0.610567629337311,0.647459892511599,0.459681800336975,0.17216714,0.21544543,0.19690087,8.22222222222222,2.92307692307692,0,0,0.625,0.693851397037506,pre-schematic
7021,children,9.0,I,False,7021.png,../data/children/stimuli_I/7021.png,drawing of a man with a tree on his head,,A face with a party hat and branches on its head,,5,0.560848116874695,0.6,72.0,(smiley) face,hat,,2.0,2.0,3,1.0,5.11594826675899,6.00125,0.472741679873217,4,10,0.224790586518679,0.367719869843717,0.539378046989441,0.604987430789354,0.36500131024592,0.14053757,0.26133266,0.16798362,74.0,8.14285714285714,0,0,0.625,0.5804240584373475,schematic
7023,children,7.0,I,False,7023.png,../data/children/stimuli_I/7023.png,there is a drawing of a ghost with a hat on,,Simple smiling face with a hat on top,,4,0.531583726406097,0.48,41.0,(smiley) face,hat,,2.0,2.0,2,1.0,5.56191721093043,3.98,0.898345153664303,6,4,0.211586356163025,0.37308333435903,0.480024785994005,0.623447243385789,0.344162150792809,0.0919302,0.20415044,0.15108107,74.0,2.92307692307692,0,0,0.5,0.5057918632030485,schematic
7024,children,7.0,I,False,7024.png,../data/children/stimuli_I/7024.png,drawing of a bird cage with a bird on top of it,,Simple architectural outline resembling a building with a dome structure,,4,0.472284525632858,0.43,30.0,completing,,,2.0,0.0,0,1.0,4.13098602563177,1.774375,0.799856011519079,8,3,0.127176642417908,0.335816363567601,0.302699625492096,0.41754716250607,0.244213854736547,0.0925121,0.23741646,0.17606086,13.4545454545455,7.125,0,0,0.0,0.451142262816429,schematic
7025,children,9.0,I,False,7025.png,../data/children/stimuli_I/7025.png,a drawing of a cartoon character with a crown on his head,,"Smiling creature with wings, box-shaped body, winking eye, and spiky hair",,5,0.54370391368866,0.62,77.0,creature/monster,wings,,2.0,2.0,3,1.0,4.43020415457934,5.46375,0.313210702341137,4,12,0.240188479423523,0.45691506436214,0.5126387767411,0.691857222468695,0.371298673397301,0.12275305,0.39328396,0.17675571,8.22222222222222,2.92307692307692,0,0,0.625,0.58185195684433,schematic
7026,children,7.0,I,False,7026.png,../data/children/stimuli_I/7026.png,drawing of a ice cream cone with a strawberry on top,,A popsicle with heart-shaped decorations on the ice cream,,5,0.540968000888825,0.53,54.0,popsicle,(smiley) face,heart(s),2.0,2.0,2,1.0,3.8326972556711,3.255625,0.8131159969674,5,6,0.241908476238936,0.423727375976067,0.545855760574341,0.609918802297593,0.331265018301039,0.13609204,0.30240783,0.18320428,24.6666666666667,14.25,0,0,0.5,0.5354840004444126,schematic
7027,children,8.0,I,False,7027.png,../data/children/stimuli_I/7027.png,drawing of a ice cream cone with a face on it,,Popsicle with wavy patterns and writing on top,,4,0.65185284614563,0.55,59.0,popsicle,writing,,2.0,2.0,2,1.0,8.39496457941732,9.365625,0.551049187725632,5,6,0.199625444389905,0.408913892773208,0.496761232807562,0.695213867539569,0.345059832688347,0.13271025,0.2786936,0.17593203,24.6666666666667,14.25,0,0,0.5,0.6009264230728151,schematic
7028,children,8.0,I,False,7028.png,../data/children/stimuli_I/7028.png,there is a drawing of a bird with a hat on,,A ghost-like figure with eyes and a pointed top,,4,0.513704299926758,0.44,31.0,creature/monster,,,2.0,1.0,2,1.0,4.26679105862487,2.79625,0.775474683544304,3,6,0.207509147673299,0.398852652208742,0.459770977497101,0.562553067073996,0.327993974368206,0.13688752,0.2320369,0.15785995,8.22222222222222,2.92307692307692,0,0,0.375,0.476852149963379,schematic
1001,children,5.0,R,False,1001.png,../data/children/stimuli_R/1001.png,a drawing of three people with a house in the background,,Two ninja-like figures near a house with a window and door,,4,0.6533442735672,0.82,98.0,ninja(s),house,door,2.0,3.0,4,1.0,9.30899761666401,24.725,0.143321480770489,9,51,0.206977533878234,0.449356111922495,0.460336565971375,0.833481477449053,0.404291043885254,0.1344475,0.30993184,0.20199041,74.0,3.02564102564103,0,0,0.875,0.7366721367836,pre-schematic
1002,children,5.0,R,False,1002.png,../data/children/stimuli_R/1002.png,drawing of a man standing in front of a house with a face drawn on it,,A house with a person wearing a mask nearby,,4,0.583089947700501,0.58,67.0,ninja(s),house,hands,2.0,3.0,4,1.0,5.64628751047246,10.49375,0.41895924647953,6,19,0.217616617679596,0.489359378814697,0.462507215887737,0.790379831120975,0.381701984992825,0.14406586,0.20887545,0.19242093,74.0,8.42857142857143,0,0,0.875,0.5815449738502505,pre-schematic
1003,children,5.0,R,False,1003.png,../data/children/stimuli_R/1003.png,drawing of a basket with a plant in it on a white surface,,Hard to interpret,,3,0.58474326133728,0.62,78.0,abstract doodle/hard to interpret,,,2.0,0.0,1,0.0,9.47968542606463,45.4025,0.416462376369148,2,136,0.244171008815108,0.486913069692643,0.625322468598035,0.834205005495557,0.261920971094291,0.0,0.36792064,0.15159678,3.89473684210526,3.93333333333333,1,1,0.125,0.60237163066864,pre-schematic
1004,children,4.0,R,False,1004.png,../data/children/stimuli_R/1004.png,drawing of a house with a chimney and a door,,Simple house with door and chimney in a line drawing,,5,0.409744769334793,0.42,27.0,house,door,,2.0,1.0,1,1.0,3.98354195306334,2.414375,0.52882703777336,5,7,0.0952671709497453,0.250406607961259,0.218786885033862,0.564070136310062,0.249653366771521,0.076344475,0.21442361,0.08906416,4.48484848484848,3.02564102564103,0,0,0.25,0.4148723846673965,pre-schematic
1005,children,4.0,R,False,1005.png,../data/children/stimuli_R/1005.png,drawing of a man and a woman standing in front of a house,,Person sitting near a house with a series of circles above,,3,0.581428647041321,0.64,82.0,house,person,smoke,1.0,2.0,2,1.0,3.962630089971,6.604375,0.192865514210372,12,11,0.172883489980276,0.408604979515076,0.422509618625903,0.688446622140268,0.254699457846404,0.15129769,0.25140864,0.13139169,4.48484848484848,8.42857142857143,0,0,0.5,0.6107143235206605,pre-schematic
1006,children,5.0,R,False,1006.png,../data/children/stimuli_R/1006.png,drawing of a bottle with a knot on it and a string,,Abstract sketch featuring overlapping lines within a roughly pyramid-shaped outline,,3,0.604769706726074,0.47,38.0,abstract doodle/hard to interpret,,,1.0,0.0,1,1.0,4.89119880569572,8.309375,0.699793554306687,1,27,0.113588087940924,0.349056005477905,0.338875135116286,0.833683732732094,0.299181450847182,0.111018226,0.42121,0.15677658,3.89473684210526,5.9,1,1,0.125,0.537384853363037,pre-schematic
1007,children,5.0,R,True,1007.png,../data/children/stimuli_R/1007.png,drawing of a baseball glove with a man in it,,Person in a box or structure with vertical lines above,,3,0.511592864990234,0.56,62.0,baby,lines,,1.0,1.0,1,1.0,5.10341646785638,5.509375,0.931608788093551,2,10,0.188326574763462,0.41116601228714,0.43331721027596,0.627663941269472,0.257493165358132,0.155665,0.21452585,0.15893582,74.0,8.42857142857143,0,0,0.25,0.535796432495117,pre-schematic
1008,children,7.0,R,False,1008.png,../data/children/stimuli_R/1008.png,drawing of a house with a chimney and a chimney top,,House on fire with visible windows and flames on roof,,4,0.601457178592682,0.53,56.0,house,fire,,2.0,2.0,2,1.0,4.06215697396716,5.583125,0.543249136834454,5,13,0.220829831312308,0.499040633382834,0.518286943435669,0.713231044618235,0.296908193286841,0.14677434,0.23359224,0.098328725,4.48484848484848,3.02564102564103,0,0,0.5,0.5657285892963411,schematic
1009,children,6.0,R,False,1009.png,../data/children/stimuli_R/1009.png,drawing of a house with a bird inside and a bird inside,,Simple house shape with a tree inside and short lines outside,,4,0.569441556930542,0.56,62.0,abstract doodle/hard to interpret,,,1.0,1.0,1,1.0,5.1671264695273,5.654375,0.725146198830409,3,7,0.10933940299279,0.359150290489197,0.241618588067208,0.736448559311571,0.335616295775706,0.1030419,0.28061634,0.15231565,3.89473684210526,3.02564102564103,0,1,0.25,0.564720778465271,pre-schematic
1010,children,4.0,R,False,1010.png,../data/children/stimuli_R/1010.png,drawing of a man in a medieval costume standing in front of a house,,House with a window and person or object inside,,3,0.530816733837128,0.46,37.0,house,,,2.0,1.0,1,1.0,5.26498990820968,5.3175,0.763424848766868,3,20,0.19532558973722,0.400017499923706,0.432596921920776,0.712429211910136,0.346758952814613,0.092557535,0.17961514,0.11134194,4.48484848484848,3.02564102564103,0,0,0.25,0.49540836691856405,pre-schematic
1011,children,5.0,R,False,1011.png,../data/children/stimuli_R/1011.png,drawing of a coat and a hat on a white background,,Hard to interpret,,2,0.57457560300827,0.6,73.0,abstract doodle/hard to interpret,lines,,2.0,0.0,2,1.0,4.36656264128211,9.90125,0.23690393918452,2,26,0.244171008815108,0.486913069692643,0.625322468598035,0.747348321442342,0.296217173571901,0.0,0.28064668,0.1724891,3.89473684210526,3.93333333333333,1,1,0.25,0.587287801504135,pre-schematic
1012,children,6.0,R,False,1012.png,../data/children/stimuli_R/1012.png,drawing of a house with a window and a door,,Simple drawing of a house with two windows and a door,,5,0.460385739803314,0.39,21.0,house,door,,2.0,2.0,2,1.0,4.20940406763978,3.29375,0.700992182802165,5,10,0.131628565095151,0.266468107700348,0.268672466278076,0.648669648710764,0.283805606427575,0.051095616,0.11399156,0.05386024,4.48484848484848,3.02564102564103,0,0,0.5,0.425192869901657,pre-schematic
1013,children,5.0,R,True,1013.png,../data/children/stimuli_R/1013.png,drawing of a black cat sitting on a white surface with a flag,,Hard to interpret,,1,0.368631899356842,0.48,40.0,completing,,,2.0,0.0,1,1.0,7.09270230891134,5.314375,0.235070368961582,2,14,0.244171008815108,0.486913069692643,0.625322468598035,0.526223158284039,0.221958155451102,0.0,0.34504336,0.13055594,11.3846153846154,3.93333333333333,1,0,0.125,0.424315949678421,pre-schematic
1014,children,5.0,R,True,1014.png,../data/children/stimuli_R/1014.png,drawing of a cup with a lot of bubbles on it,,Hard to interpret,,2,0.567582607269287,0.58,68.0,abstract doodle/hard to interpret,,,1.0,0.0,1,1.0,4.17431680707446,5.344375,0.846137959520859,7,9,0.244171008815108,0.486913069692643,0.625322468598035,0.580769771844788,0.382155064058575,0.0,0.23282428,0.29151267,3.89473684210526,3.93333333333333,1,1,0.125,0.5737913036346435,pre-schematic
1015,children,6.0,R,False,1015.png,../data/children/stimuli_R/1015.png,drawing of a person with a large bird on their arm,,Figure resembling a bird with large wings and a human face,,4,0.574759364128113,0.66,85.0,creature/monster,(smiley) face,,2.0,2.0,2,1.0,4.66152053073453,6.21625,0.353800689541947,1,16,0.214504884808963,0.424873930957136,0.469674404820725,0.69997532735992,0.281631843329619,0.145667,0.28960067,0.17076401,9.25,8.42857142857143,0,0,0.5,0.6173796820640565,pre-schematic
1016,children,5.0,R,False,1016.png,../data/children/stimuli_R/1016.png,there is a drawing of a vase with a pattern on it,,Shape filled with overlapping leaf-like patterns inside,,4,0.604244530200958,0.56,61.0,abstract doodle/hard to interpret,,,2.0,0.0,1,1.0,4.81706089078702,8.821875,0.848380952380952,3,15,0.178871859379299,0.35657926539059,0.408624852217724,0.664154640356959,0.299686990887421,0.12602563,0.3319464,0.17811728,3.89473684210526,5.9,0,1,0.125,0.582122265100479,pre-schematic
1017,children,5.0,R,False,1017.png,../data/children/stimuli_R/1017.png,drawing of a house with a door and a window in the middle,,House-like structure with a pointed roof and an entrance,,4,0.402462512254715,0.39,21.0,house,door,,2.0,1.0,1,1.0,3.92061197188378,2.096875,0.700385769395628,2,6,0.172751833632478,0.403991937637329,0.397867762915358,0.454965186679636,0.247229899205718,0.09725919,0.19662319,0.09031392,4.48484848484848,3.02564102564103,0,0,0.25,0.39623125612735755,pre-schematic
1018,children,6.0,R,True,1018.png,../data/children/stimuli_R/1018.png,there is a drawing of a tall vase with a bird on it,,Abstract shape with vertical scribbles inside geometric outline,,4,0.489065498113632,0.34,7.0,completing,,,2.0,0.0,0,1.0,9.91172906327262,9.168125,0.801690106094251,1,28,0.13288526935069,0.31868978254138,0.347315431891269,0.703339220198323,0.218015398858971,0.09446679,0.41901165,0.12907581,11.3846153846154,5.9,1,0,0.0,0.41453274905681603,pre-schematic
1019,children,6.0,R,False,1019.png,../data/children/stimuli_R/1019.png,drawing of a house with a chimney and a window,,Simple house outline with abstract shapes inside,,4,0.504262328147888,0.43,30.0,house,,,2.0,1.0,2,1.0,4.21473648601377,3.558125,0.713659405398,2,7,0.100419163703918,0.308910846710205,0.219972206352483,0.623378016795446,0.256745145794199,0.07630316,0.119325064,0.08840856,4.48484848484848,3.02564102564103,1,0,0.375,0.46713116407394395,pre-schematic
1020,children,6.0,R,True,1020.png,../data/children/stimuli_R/1020.png,drawing of a piece of paper with a drawing of a ice cream cone,,Abstract shape with grid pattern and triangular bottom,,3,0.48419189453125,0.45,34.0,ice cream cone,lines,,1.0,2.0,1,1.0,4.70681110180239,6.748125,0.802727648436424,2,14,0.165817379951477,0.38788400256288,0.379617915107951,0.595797827403115,0.297610836192569,0.09835311,0.2639448,0.16831097,29.6,5.9,1,0,0.375,0.467095947265625,pre-schematic
1022,children,5.0,R,True,1022.png,../data/children/stimuli_R/1022.png,drawing of a piece of ice with a heart on it,,A shield shape with lines and abstract patterns inside,,3,0.527776062488556,0.43,30.0,abstract doodle/hard to interpret,,,2.0,0.0,1,1.0,3.37318478531971,4.544375,0.834125773750785,7,10,0.120274522255432,0.213898062705994,0.283708095550537,0.570728850113064,0.214914336701992,0.08504039,0.2036988,0.110819496,3.89473684210526,16.8571428571429,1,1,0.125,0.47888803124427803,pre-schematic
1023,children,6.0,R,False,1023.png,../data/children/stimuli_R/1023.png,drawing of a house with a sun in the background,,A simple house with a triangular roof and sun above,,5,0.634675621986389,0.55,59.0,house,sun,,2.0,2.0,2,1.0,4.17488853128561,7.67875,0.582766439909297,4,23,0.158739309461193,0.352251470088959,0.345166743859653,0.691492388300205,0.289747817048198,0.054629363,0.21785991,0.07801408,4.48484848484848,3.02564102564103,0,0,0.5,0.5923378109931945,pre-schematic
1024,children,5.0,R,False,1024.png,../data/children/stimuli_R/1024.png,drawing of a house with a flag on top of it,,"A house with a slanted roof and windows, and a wavy line",,4,0.622238695621491,0.59,71.0,house,door,,2.0,2.0,3,1.0,5.53414493566381,7.86,0.507865473284513,6,17,0.154969792965669,0.368941467074795,0.323226173116336,0.815553724075607,0.317309151094487,0.098111354,0.25290805,0.116657555,4.48484848484848,3.02564102564103,0,0,0.625,0.6061193478107455,pre-schematic
1025,children,6.0,R,False,1025.png,../data/children/stimuli_R/1025.png,drawing of a rocket and a planet with a star in the sky,,"Rocket, planet, and stars in space scene",,5,0.535421073436737,0.58,68.0,rocket,star(s),planet,2.0,3.0,4,1.0,4.03299823964423,6.378125,0.343892971024539,6,11,0.213376079395279,0.487342476844788,0.533814239544948,0.742076718974711,0.374214161568409,0.15806472,0.29251018,0.1529735,29.6,13.1111111111111,0,0,0.875,0.5577105367183685,pre-schematic
1026,children,6.0,R,False,1026.png,../data/children/stimuli_R/1026.png,drawing of a house and a man standing in front of a building,,Stick figures near a house with a triangle roof,,4,0.5191730260849,0.6,74.0,creature/monster,,,1.0,1.0,2,1.0,4.25805827028187,5.09625,0.450376994564264,3,16,0.136516690254211,0.403541147708893,0.335676868896297,0.582733356171783,0.243116429309648,0.09632416,0.25862947,0.13044238,9.25,3.02564102564103,0,0,0.375,0.55958651304245,pre-schematic
1027,children,6.0,R,False,1027.png,../data/children/stimuli_R/1027.png,drawing of a rocket with stars and a moon in the sky,,Rocket with stars and a planet in space,,5,0.630893588066101,0.64,81.0,rocket,star(s),planet,2.0,3.0,4,1.0,4.02098177173277,6.94375,0.302945104378998,7,13,0.233568461708008,0.416790852929248,0.518765599654054,0.689635415635236,0.347463680223705,0.16117795,0.3039227,0.16158397,29.6,13.1111111111111,0,0,0.875,0.6354467940330505,pre-schematic
1028,children,6.0,R,True,1028.png,../data/children/stimuli_R/1028.png,drawing of a traffic light with a building in the background,,Simple rocket with three windows and a flame on top,,4,0.441554605960846,0.45,35.0,rocket,,,1.0,2.0,2,1.0,3.8082039249033,3.174375,0.487891156462585,4,9,0.195904052745807,0.411969244480133,0.453460449392845,0.567318529856326,0.267153782051983,0.13575935,0.3364164,0.13847338,29.6,13.1111111111111,0,0,0.5,0.445777302980423,pre-schematic
1029,children,5.0,R,True,1029.png,../data/children/stimuli_R/1029.png,drawing of a shield with a long neck and a long tail,,Simple geometric shape resembling a pointed shield,,3,0.227175608277321,0.25,0.0,completing,,,2.0,0.0,0,1.0,3.67371201656825,1.75125,0.336581709145427,1,5,0.114287005151861,0.236005663871765,0.281395132666388,0.397133493981233,0.189748904645225,0.08451645,0.22130284,0.12491624,11.3846153846154,16.8571428571429,0,0,0.0,0.2385878041386605,pre-schematic
2001,children,4.0,R,True,2001.png,../data/children/stimuli_R/2001.png,drawing of a man in a suit with a tie and a tie,,Hard to interpret,,2,0.488194525241852,0.44,32.0,abstract doodle/hard to interpret,encircled,,2.0,0.0,0,0.0,4.06929060481791,4.8275,0.268027333213451,10,9,0.244171008815108,0.486913069692643,0.625322468598035,0.564927745502319,0.164619470061277,0.0,0.31830016,0.119777754,3.89473684210526,3.93333333333333,1,1,0.0,0.464097262620926,pre-schematic
2002,children,4.0,R,True,2002.png,../data/children/stimuli_R/2002.png,drawing of a wine glass with a wine corker on it,,"Abstract shape with two circles and protruding lines, possibly a face",,2,0.452135294675827,0.5,47.0,creature/monster,,,1.0,1.0,1,1.0,3.35833514136457,2.43875,0.540006038647343,3,6,0.14345460275086,0.346731940106633,0.383135855197907,0.630685492072516,0.267152240746635,0.09046899,0.23166487,0.14057812,9.25,5.9,1,0,0.25,0.4760676473379135,pre-schematic
2003,children,5.0,R,True,2003.png,../data/children/stimuli_R/2003.png,drawing of a pencil with a flower in it and a hand holding a pencil,,Lion's head inside a shield-like shape with geometric patterns,,4,0.507954001426697,0.56,62.0,abstract doodle/hard to interpret,,,2.0,0.0,1,1.0,3.5871901553532,4.46625,0.782875483810063,2,8,0.151355317154208,0.226150751113892,0.371516190261613,0.617245729223575,0.358197019079236,0.112004876,0.24425463,0.22211227,3.89473684210526,16.8571428571429,0,1,0.125,0.5339770007133485,pre-schematic
2004,children,4.0,R,True,2004.png,../data/children/stimuli_R/2004.png,drawing of a toilet with a broken seat and a broken arm,,Abstract geometric shapes resembling a stylized face or mask,,3,0.497741967439652,0.5,47.0,abstract doodle/hard to interpret,lines,,2.0,0.0,1,1.0,3.26805972820752,3.850625,0.703559510567297,1,14,0.161748161211718,0.339159369468689,0.382939361509046,0.671784032618349,0.201170437953552,0.09669609,0.351296,0.112752676,3.89473684210526,5.9,1,1,0.125,0.49887098371982597,pre-schematic
2009,children,5.0,R,True,2009.png,../data/children/stimuli_R/2009.png,there is a drawing of a white arrow on a white paper,,Hard to interpret,,3,0.246404618024826,0.11,0.0,blank,,,2.0,0.0,0,0.0,4.05700079804734,1.103125,0.714227642276423,4,4,0.244171008815108,0.486913069692643,0.625322468598035,0.0996463023334799,0.0233029165890196,0.0,0.29359147,0.1448457,49.33333333333329,3.93333333333333,1,1,0.0,0.178202309012413,pre-schematic
2010,children,5.0,R,False,2010.png,../data/children/stimuli_R/2010.png,drawing of a house with a window and a door,,Simple drawing of a house with a slanted roof and one window,,4,0.484001904726028,0.35,10.0,house,door,,2.0,2.0,2,1.0,4.53117917053195,3.42625,0.72702492211838,3,9,0.135068877331146,0.312107563018799,0.276621504031329,0.637086761962779,0.320800823202997,0.0670024,0.10877629,0.054478608,4.48484848484848,3.02564102564103,0,0,0.5,0.417000952363014,pre-schematic
2011,children,6.0,R,True,2011.png,../data/children/stimuli_R/2011.png,drawing of a wine glass with a long stem and a long stem,,Simple geometric shape with a short line extending downward,,3,0.354119002819061,0.35,11.0,abstract doodle/hard to interpret,completing,,2.0,0.0,1,1.0,4.22930033931533,2.09625,0.60399405141279,2,4,0.124231986747264,0.321319818496704,0.286911862308493,0.54154446466986,0.199022408286161,0.11162217,0.28380167,0.12938184,3.89473684210526,5.9,0,1,0.125,0.35205950140953046,pre-schematic
2012,children,5.0,R,True,2012.png,../data/children/stimuli_R/2012.png,drawing of a umbrella with a long handle on a white background,,Hard to interpret,,1,0.486364662647247,0.52,52.0,abstract doodle/hard to interpret,,,2.0,0.0,1,1.0,3.89352469952839,4.633125,0.71109711097111,1,12,0.244171008815108,0.486913069692643,0.625322468598035,0.583599834304754,0.217181725339139,0.0,0.34759858,0.1228024,3.89473684210526,3.93333333333333,1,1,0.125,0.5031823313236234,pre-schematic
2013,children,5.0,R,False,2013.png,../data/children/stimuli_R/2013.png,drawing of a man in a tie and tie with a tie on,,"Smiling triangle-headed figure with arms and legs, plus a smaller figure inside",,4,0.590114891529083,0.59,71.0,preganacy,baby,,2.0,3.0,4,1.0,4.66567834105955,6.545,0.545028818443804,5,12,0.214577960099102,0.353636145591736,0.455203153968321,0.688537821294572,0.354890770456884,0.11164041,0.23299399,0.17378199,148.0,4.91666666666667,0,0,0.875,0.5900574457645416,pre-schematic
2014,children,6.0,R,True,2014.png,../data/children/stimuli_R/2014.png,drawing of a cartoon man with a crown on his head,,"A stick figure with spiky hair and large eyes, smiling",,5,0.648169040679932,0.63,80.0,person(s),hands,ears,2.0,2.0,4,1.0,5.45800328845746,10.16625,0.310592546164602,5,17,0.227351830759534,0.394186973571777,0.486561983022807,0.798769570506859,0.270331934768208,0.11256667,0.22358093,0.14983383,24.6666666666667,4.91666666666667,0,0,0.75,0.639084520339966,pre-schematic
2015,children,4.0,R,True,2015.png,../data/children/stimuli_R/2015.png,drawing of a man with a kite in his hand,,Hard to interpret,,2,0.484199643135071,0.56,63.0,abstract doodle/hard to interpret,lines,,2.0,0.0,1,1.0,5.0466621555248,6.23625,0.87422418305541,1,11,0.244171008815108,0.486913069692643,0.625322468598035,0.661564751935282,0.19088447816189,0.0,0.27959195,0.11084471,3.89473684210526,3.93333333333333,1,1,0.125,0.5220998215675355,pre-schematic
2016,children,4.0,R,True,2016.png,../data/children/stimuli_R/2016.png,drawing of a black and white picture of a bug on a white sheet,,Abstract geometric shape with circular patterns and a dark area at the bottom,,3,0.496526956558228,0.59,69.0,abstract doodle/hard to interpret,,,2.0,0.0,1,1.0,4.79743265884456,4.678125,0.807792207792208,12,9,0.17228901386261,0.397695463827117,0.387974583385859,0.631355074288378,0.26300339341943,0.09111157,0.21421345,0.14493436,3.89473684210526,5.9,1,1,0.125,0.5432634782791139,pre-schematic
2017,children,4.0,R,False,2017.png,../data/children/stimuli_R/2017.png,drawing of a man sitting on a toilet with a toilet paper roll in his hand,,Hard to interpret,,2,0.517138779163361,0.56,62.0,(smiley) face,,,1.0,1.0,1,0.5,3.3248156412356,3.80125,0.610604040611219,4,6,0.244171008815108,0.486913069692643,0.625322468598035,0.707104789177185,0.288880109978633,0.0,0.2714245,0.13175848,16.4444444444444,3.93333333333333,1,0,0.25,0.5385693895816805,pre-schematic
2018,children,5.0,R,True,2018.png,../data/children/stimuli_R/2018.png,there is a drawing of a shield with a long arrow on it,,Simple outline shape resembling a shield with a pointed bottom,,4,0.235350877046585,0.22,0.0,completing,,,2.0,0.0,0,1.0,4.22515109525061,1.90625,0.597695631301008,1,6,0.123840265045149,0.210018849671448,0.267308386243384,0.313862093870002,0.21728894689977,0.09079347,0.22050016,0.12063913,11.3846153846154,16.8571428571429,0,0,0.0,0.2276754385232925,pre-schematic
3001,children,4.0,R,True,3001.png,../data/children/stimuli_R/3001.png,a drawing of a drawing of a square with a line of writing,,Hard to interpret,,1,0.571861505508423,0.32,5.0,blank,,,1.0,0.0,0,0.0,3.48268172317915,11.40125,0.51885561203462,39,51,0.244171008815108,0.486913069692643,0.625322468598035,0.791548153625133,0.255485412359642,0.0,0.45825034,0.18349414,49.33333333333329,3.93333333333333,1,1,0.0,0.44593075275421146,pre-schematic
3002,children,6.0,R,True,3002.png,../data/children/stimuli_R/3002.png,drawing of a drawing of a man with a tie on,,Hard to interpret,,2,0.47884738445282,0.48,42.0,abstract doodle/hard to interpret,,,2.0,0.0,0,1.0,4.49043513394861,3.2475,0.519467648308084,6,7,0.244171008815108,0.486913069692643,0.625322468598035,0.622954557141103,0.206352366590764,0.0,0.29078412,0.10634346,3.89473684210526,3.93333333333333,1,1,0.0,0.47942369222641,pre-schematic
3005,children,6.0,R,True,3005.png,../data/children/stimuli_R/3005.png,drawing of a bird on a piece of paper with a drawing of a person,,"Smiling figure with a spotted body, small limbs, and a hat",,4,0.62972617149353,0.6,73.0,creature/monster,circles,hands,2.0,2.0,3,1.0,6.60431354999927,11.658125,0.673216444981862,5,10,0.237496123463145,0.422219276428223,0.512047111988068,0.75452003776136,0.301040391950596,0.113819525,0.35567948,0.16529381,9.25,4.91666666666667,0,0,0.625,0.614863085746765,pre-schematic
3007,children,4.0,R,True,3007.png,../data/children/stimuli_R/3007.png,there is a drawing of a black and white flag hanging on a clothes line,,Hard to interpret,,2,0.437347739934921,0.4,24.0,abstract doodle/hard to interpret,,,1.0,0.0,0,1.0,23.5434505787668,20.58875,0.890687679083095,4,28,0.244171008815108,0.486913069692643,0.625322468598035,0.69685301219356,0.236626682753095,0.0,0.31631547,0.12508763,3.89473684210526,3.93333333333333,1,1,0.0,0.4186738699674605,pre-schematic
3008,children,6.0,R,True,3008.png,../data/children/stimuli_R/3008.png,drawing of a toothbrush on a toothbrush holder with a toothbrush,,Abstract geometric shape with a face and two antenna-like lines,,4,0.418244361877441,0.46,36.0,creature/monster,feelers,,2.0,2.0,2,1.0,4.29520349643827,3.234375,0.228481555619102,2,11,0.149053317421273,0.350967961434364,0.353126448765565,0.526669965981052,0.26145396127188,0.10516324,0.24576609,0.17296946,9.25,5.9,1,0,0.5,0.4391221809387205,pre-schematic
3009,children,6.0,R,False,3009.png,../data/children/stimuli_R/3009.png,drawing of a house with a window and a door,,Simple triangular-roof house with a door and window,,5,0.442285478115082,0.37,15.0,house,door,,2.0,2.0,2,1.0,4.25616346906,3.33375,0.608421341379783,3,9,0.160051336285391,0.388363659381866,0.344570716891926,0.64534546022494,0.279774296067547,0.036220454,0.11922576,0.039663583,4.48484848484848,3.02564102564103,0,0,0.5,0.406142739057541,pre-schematic
3010,children,4.0,R,False,3010.png,../data/children/stimuli_R/3010.png,drawing of a house with a window and a door with a window,,Simple house with a window and a door,,5,0.472153961658478,0.43,30.0,house,door,,2.0,2.0,2,1.0,4.42180723043481,3.409375,0.692990717072515,7,8,0.173681596078677,0.360966801643372,0.355168423364663,0.56284291710641,0.271864935900098,0.050186254,0.17458701,0.08206765,4.48484848484848,3.02564102564103,0,0,0.5,0.45107698082923897,pre-schematic
3011,children,5.0,R,False,3011.png,../data/children/stimuli_R/3011.png,drawing of a house with a window and a door,,"Simple house with windows and a door, figure in one window",,4,0.469192385673523,0.54,56.0,house,door,,2.0,2.0,2,1.0,4.57638593240083,4.234375,0.702443280977312,7,10,0.166170477867126,0.319959679840793,0.307358324527741,0.657905339708944,0.330515906562099,0.06656982,0.1309939,0.06273921,4.48484848484848,3.02564102564103,0,0,0.5,0.5045961928367615,pre-schematic
3013,children,5.0,R,True,3013.png,../data/children/stimuli_R/3013.png,arafed drawing of a man swinging a golf club on a white background,,"A figure inside a shield shape, wearing a hat",,4,0.539895057678223,0.5,48.0,person,encircled,,2.0,2.0,2,1.0,6.59775190180555,5.819375,0.865419277315252,2,10,0.188938546840038,0.324652413268459,0.394319259781792,0.584198077759907,0.293212035034142,0.11867614,0.19552617,0.15906136,24.6666666666667,16.8571428571429,0,0,0.5,0.5199475288391116,pre-schematic
3016,children,4.0,R,False,3016.png,../data/children/stimuli_R/3016.png,drawing of a house with a face drawn on it,,House with smiling face and triangular roof,,5,0.501875519752502,0.45,33.0,(smiley) face,lines,hat,2.0,2.0,2,1.0,3.86870318125661,4.455625,0.755939765755717,5,13,0.183967210773556,0.389757812023163,0.418385351800044,0.683063866790223,0.315802112500331,0.07828004,0.19959557,0.12728938,16.4444444444444,3.02564102564103,0,0,0.5,0.475937759876251,pre-schematic
3017,children,4.0,R,True,3017.png,../data/children/stimuli_R/3017.png,drawing of a piece of paper with a line drawing of a map,,Geometric shape inside an irregular oval-like outline,,4,0.319196701049805,0.31,3.0,completing,encircled,,2.0,0.0,0,0.0,3.11204209917712,2.78125,0.297019527235355,3,7,0.154030423875991,0.323484341890552,0.374579131603241,0.473111548809209,0.210956913118451,0.10807415,0.26740703,0.12611678,11.3846153846154,5.9,0,0,0.0,0.3145983505249025,pre-schematic
3018,children,5.0,R,True,3018.png,../data/children/stimuli_R/3018.png,there is a drawing of a cat on a piece of paper,,A smiling character with a triangular body and grid pattern,,4,0.403485834598541,0.44,33.0,(smiley) face,ice cream cone,tongue,1.0,2.0,3,1.0,4.37161007407804,4.855625,0.796551325078116,5,14,0.175128558262753,0.332328240046746,0.438832964827594,0.618274761207441,0.356672722716952,0.10858315,0.22309771,0.19650337,16.4444444444444,4.91666666666667,0,0,0.625,0.4217429172992705,pre-schematic
3020,children,7.0,R,True,3020.png,../data/children/stimuli_R/3020.png,drawing of a pencil drawing of a bottle of water,,Hard to interpret,,1,0.381018042564392,0.44,32.0,abstract doodle/hard to interpret,,,2.0,0.0,3,1.0,4.05055555474031,2.684375,0.332017760236803,2,9,0.244171008815108,0.486913069692643,0.625322468598035,0.598614789107471,0.203208651547953,0.0,0.26428264,0.10296817,3.89473684210526,3.93333333333333,1,1,0.375,0.410509021282196,schematic
3022,children,4.0,R,True,3022.png,../data/children/stimuli_R/3022.png,drawing of a vase with a face and a nose,,Hard to interpret,,2,0.506684601306915,0.59,71.0,abstract doodle/hard to interpret,lines,,2.0,0.0,3,1.0,4.59017215511639,7.2475,0.232436233459055,1,20,0.244171008815108,0.486913069692643,0.625322468598035,0.66334595156802,0.252168800467027,0.0,0.3439714,0.14057952,3.89473684210526,3.93333333333333,1,1,0.375,0.5483423006534575,pre-schematic
3023,children,4.0,R,True,3023.png,../data/children/stimuli_R/3023.png,drawing of a square with a corner and a line of the corner,,Hard to interpret,,2,0.236258029937744,0.23,0.0,tracing,,,1.0,0.0,0,0.0,4.05336742119081,1.2825,0.676410605030592,7,3,0.244171008815108,0.486913069692643,0.625322468598035,0.38390026738588,0.081923261123647,0.0,0.3153886,0.12737477,148.0,3.93333333333333,1,1,0.0,0.233129014968872,pre-schematic
3024,children,4.0,R,False,3024.png,../data/children/stimuli_R/3024.png,drawing of a house with a door and a window,,"Simple house with a triangular roof, two windows, and a door",,5,0.486338019371033,0.43,29.0,house,door,,2.0,2.0,2,1.0,4.56542213449316,4.148125,0.669380017841213,3,7,0.163809110891274,0.413473283441466,0.338727315588432,0.604954583461517,0.268379667083914,0.032900013,0.12770006,0.04912178,4.48484848484848,3.02564102564103,0,0,0.5,0.4581690096855165,pre-schematic
3025,children,4.0,R,False,3025.png,../data/children/stimuli_R/3025.png,a drawing of a spider on a wall next to a window,,Hard to interpret,,2,0.617769479751587,0.74,95.0,abstract doodle/hard to interpret,lines,,2.0,1.0,1,0.0,5.09040195743094,10.841875,0.469525860174891,17,26,0.244171008815108,0.486913069692643,0.625322468598035,0.712423888740009,0.287133744223859,0.0,0.3158911,0.1793715,3.89473684210526,3.93333333333333,1,1,0.25,0.6788847398757936,pre-schematic
3026,children,5.0,R,True,3026.png,../data/children/stimuli_R/3026.png,drawing of a cartoon face with a broken tooth and a broken toothbrush,,"Letter ""M"" with a face, arms, and bat-like wings",,5,0.60624235868454,0.63,80.0,(smiley) face,tongue,wings,2.0,2.0,2,1.0,5.81029478227212,8.583125,0.531797868683396,4,12,0.19876699454981,0.375999331474304,0.451047924223418,0.707455490981632,0.27786116750669,0.16474614,0.24078599,0.1894517,16.4444444444444,8.42857142857143,0,0,0.5,0.6181211793422701,pre-schematic
3028,children,4.0,R,False,3028.png,../data/children/stimuli_R/3028.png,a drawing of a face with a nose and eyes,,Simplistic drawing of a house with two circular windows,,4,0.460924446582794,0.44,32.0,creature/monster,,,1.0,1.0,1,1.0,3.7539623885955105,2.1525,0.671862667719021,2,5,0.132976396921104,0.31719845533371,0.26798237967386,0.529145889899688,0.228736868038429,0.069602385,0.18945296,0.134988,9.25,3.02564102564103,0,0,0.25,0.450462223291397,pre-schematic
4001,children,6.0,R,False,4001.png,../data/children/stimuli_R/4001.png,drawing of a house with a roof and a window,,A simple house with two windows and a door,,4,0.52238655090332,0.46,37.0,house,door,,2.0,2.0,2,1.0,4.05417150982886,3.53125,0.760936695831189,1,11,0.180348206737743,0.336892068386078,0.382338010212063,0.639079586671024,0.295281561841933,0.048773594,0.16118352,0.11872997,4.48484848484848,3.02564102564103,0,0,0.5,0.49119327545166,pre-schematic
4002,children,6.0,R,False,4002.png,../data/children/stimuli_R/4002.png,drawing of a house with a roof and a chimney,,House with a triangular roof and a door,,4,0.423087954521179,0.37,15.0,completing,,,1.0,1.0,0,1.0,4.29009602078733,2.6775,0.790288896623738,2,5,0.186865139790466,0.435664772987366,0.389942646026611,0.553988502460989,0.253229448485969,0.053141546,0.1927742,0.100901745,11.3846153846154,3.02564102564103,0,0,0.125,0.3965439772605895,pre-schematic
4003,children,6.0,R,False,4003.png,../data/children/stimuli_R/4003.png,a drawing of a cartoon rocket with a face and a nose,,Geometric figure with a triangular top and two circular shapes,,4,0.600081264972687,0.56,62.0,abstract doodle/hard to interpret,lines,,1.0,1.0,1,1.0,5.48608994766,8.429375,0.741503785877795,4,23,0.178828467200488,0.403666710635023,0.443539109440988,0.736501713068349,0.305775763158427,0.10983555,0.21972878,0.13239494,3.89473684210526,4.91666666666667,0,1,0.25,0.5800406324863435,pre-schematic
4004,children,5.0,R,True,4004.png,../data/children/stimuli_R/4004.png,there is a drawing of a vase with a leaf on it,,Hard to interpret,,2,0.544466495513916,0.53,54.0,abstract doodle/hard to interpret,,,1.0,1.0,1,1.0,4.38496602207632,6.376875,0.840507765406709,5,11,0.244171008815108,0.486913069692643,0.625322468598035,0.676905630588665,0.228791129846942,0.0,0.25600535,0.13561323,3.89473684210526,3.93333333333333,1,1,0.25,0.537233247756958,pre-schematic
4005,children,7.0,R,True,4005.png,../data/children/stimuli_R/4005.png,drawing of a tall glass with a handle on a white background,,Abstract geometric shape resembling a glass or funnel,,3,0.327569633722305,0.34,9.0,completing,,,2.0,0.0,0,1.0,5.43822225388271,3.183125,0.354363664548132,1,11,0.164035658355271,0.382464706897736,0.396088146930225,0.634685042714628,0.178138152687691,0.10339208,0.3109271,0.10044007,11.3846153846154,5.9,1,0,0.0,0.3337848168611525,schematic
4006,children,6.0,R,True,4006.png,../data/children/stimuli_R/4006.png,drawing of a bird with a piece of wire on its back,,Hard to interpret,,3,0.65551370382309,0.52,52.0,abstract doodle/hard to interpret,lines,,2.0,1.0,1,1.0,6.27920262989078,17.985625,0.624698778102231,6,49,0.244171008815108,0.486913069692643,0.625322468598035,0.718814048641456,0.331981729434968,0.0,0.25020796,0.20693052,3.89473684210526,3.93333333333333,1,1,0.25,0.587756851911545,pre-schematic
4007,children,9.0,R,False,4007.png,../data/children/stimuli_R/4007.png,drawing of a house with a clock on the front of it,,House with stick figures standing on either side,,5,0.601237654685974,0.67,86.0,house,person(s),door,2.0,3.0,2,1.0,6.92993994736641,15.105,0.761212550966141,6,43,0.171179642010947,0.402261954613386,0.35925263398164,0.711563081495299,0.320981726504359,0.13130984,0.21870542,0.08515085,4.48484848484848,3.02564102564103,0,0,0.625,0.635618827342987,schematic
4008,children,7.0,R,True,4008.png,../data/children/stimuli_R/4008.png,drawing of a person with a face and arms in a pocket,,"Partially drawn person with legs, diaper, and belly button visible",,3,0.49190491437912,0.56,62.0,baby,diaper,,2.0,4.0,4,1.0,4.93557415951898,5.36375,0.262976390485454,2,7,0.189904261237127,0.3977942883311,0.464347596686788,0.763015233818289,0.238327848316663,0.1538574,0.28920096,0.11972427,74.0,8.42857142857143,0,0,1.0,0.52595245718956,schematic
4009,children,5.0,R,True,4009.png,../data/children/stimuli_R/4009.png,drawing of a plant with a square frame on the top,,Abstract scribbles within a partially outlined rectangle shape,,4,0.468258500099182,0.47,38.0,abstract doodle/hard to interpret,,,1.0,0.0,0,0.5,6.38987251311152,14.565,0.859121901944515,2,60,0.135107449584754,0.306708136400823,0.339568595834798,0.733259645377923,0.21375166611208,0.11129932,0.43100733,0.14651711,3.89473684210526,5.9,1,1,0.0,0.469129250049591,pre-schematic
4010,children,4.0,R,True,4010.png,../data/children/stimuli_R/4010.png,drawing of a man in a top hat and topcoat with a umbrella,,Hard to interpret,,1,0.407142519950867,0.43,29.0,abstract doodle/hard to interpret,,,1.0,0.0,1,1.0,11.5433301496976,12.51875,0.657151081897999,1,19,0.244171008815108,0.486913069692643,0.625322468598035,0.731649875766344,0.163509709472293,0.0,0.4407646,0.12077103,3.89473684210526,3.93333333333333,1,1,0.125,0.4185712599754335,pre-schematic
4011,children,4.0,R,False,4011.png,../data/children/stimuli_R/4011.png,drawing of a house with a hole in the roof,,A triangular object with spots and abstract lines suggesting wings,,3,0.517728567123413,0.62,77.0,creature/monster,circles,,1.0,1.0,1,1.0,3.29317540728955,4.05875,0.56220623501199,14,6,0.142016291618347,0.323802451008631,0.341655652720405,0.731303782813478,0.291890302974527,0.12646098,0.31033167,0.15942085,9.25,8.42857142857143,1,0,0.25,0.5688642835617065,pre-schematic
4012,children,6.0,R,True,4012.png,../data/children/stimuli_R/4012.png,drawing of a toothbrush with a broken tooth on it,,Hard to interpret,,2,0.537858903408051,0.55,59.0,abstract doodle/hard to interpret,,,2.0,0.0,1,0.5,4.14297989540134,5.30125,0.570067125217535,1,11,0.244171008815108,0.486913069692643,0.625322468598035,0.601947965568169,0.309484594276188,0.0,0.26530752,0.21480843,3.89473684210526,3.93333333333333,1,1,0.125,0.5439294517040255,pre-schematic
4013,children,7.0,R,True,4013.png,../data/children/stimuli_R/4013.png,drawing of a bunch of grapes in a glass vase,,Plant in a pot with rounded top and detailed leaves,,4,0.533852934837341,0.53,53.0,popcorn,,,1.0,2.0,1,1.0,4.89182781582837,9.786875,0.548029197080292,2,31,0.228902564710224,0.421099066734314,0.565330241044177,0.716233167543201,0.257402802059101,0.18402648,0.34079403,0.1508448,148.0,8.42857142857143,0,0,0.375,0.5319264674186706,schematic
4014,children,8.0,R,True,4014.png,../data/children/stimuli_R/4014.png,drawing of a penciled ice cream cone with a leaf on top,,Ice cream cone with a textured pattern and dark topping,,5,0.415367662906647,0.44,33.0,ice cream cone,,,2.0,1.0,2,1.0,6.37073698840982,15.719375,0.43420177910032,1,63,0.222159359197687,0.401771646790851,0.546473383903503,0.722730999861164,0.301654563867825,0.14061555,0.3304587,0.1474237,29.6,23.6,0,0,0.375,0.4276838314533235,schematic
4015,children,8.0,R,True,4015.png,../data/children/stimuli_R/4015.png,drawing of a man with a head in a mask,,Animal head with human-like hair and eyes,,4,0.530421078205109,0.52,51.0,creature/monster,,,2.0,2.0,3,1.0,4.00696170099784,5.69375,0.385773458658595,5,9,0.2227852807769,0.446854081562404,0.55590171288272,0.738501180578162,0.272162824446624,0.1318189,0.35752892,0.18803126,9.25,4.91666666666667,0,0,0.625,0.5252105391025546,schematic
4016,children,9.0,R,False,4016.png,../data/children/stimuli_R/4016.png,a drawing of a shopping bag with a sign that says work,,"Shopping bag labeled ""DIRK"" filled with various items",,5,0.554235279560089,0.73,94.0,shopping bag,writing,,2.0,3.0,3,1.0,5.44518231291418,7.22875,0.830310793500978,6,10,0.2556111064189,0.425424048254003,0.569643309978541,0.632813255753851,0.479931711782355,0.22591457,0.22238295,0.39073128,148.0,8.42857142857143,0,0,0.75,0.6421176397800445,schematic
4017,children,7.0,R,False,4017.png,../data/children/stimuli_R/4017.png,drawing of a house with a bicycle and a bicycle in front of it,,"Boxy vehicle with two wheels, windows, and a door",,4,0.698403060436249,0.68,89.0,house,person(s),,2.0,2.0,2,1.0,8.7039622384957,13.964375,0.756745346382652,11,15,0.236198470819086,0.455274224281311,0.495736509307414,0.727423219865405,0.320848114370055,0.14413132,0.22737412,0.10783009,4.48484848484848,3.02564102564103,0,0,0.5,0.6892015302181245,schematic
4018,children,5.0,R,True,4018.png,../data/children/stimuli_R/4018.png,drawing of a kite with a long tail and a long tail,,Abstract geometric shapes and lines arranged symmetrically in a complex pattern,,4,0.479529231786728,0.56,62.0,abstract doodle/hard to interpret,lines,,2.0,0.0,1,1.0,4.03356133235596,5.8275,0.677781122986602,13,20,0.136973483923252,0.331400275230408,0.377800032830238,0.589971768770062,0.236825255112542,0.10717728,0.27638894,0.112582326,3.89473684210526,5.9,1,1,0.125,0.519764615893364,pre-schematic
4019,children,5.0,R,True,4019.png,../data/children/stimuli_R/4019.png,drawing of a heart in a square with a line drawing of a face,,Abstract face with heart-shaped eyes inside rectangle,,3,0.573012411594391,0.54,58.0,abstract doodle/hard to interpret,heart,,2.0,1.0,2,1.0,4.19254333936759,6.496875,0.639877300613497,2,15,0.182145871860275,0.33930144671789,0.423580731366915,0.634670588702074,0.21877303616047,0.118144095,0.2704745,0.13131228,3.89473684210526,5.9,1,1,0.375,0.5565062057971955,pre-schematic
4020,children,6.0,R,False,4020.png,../data/children/stimuli_R/4020.png,drawing of a house with a tower and a window,,"Simple drawing of a house with a triangular roof, windows, and door",,5,0.534986913204193,0.46,37.0,house,lines,door,2.0,2.0,2,1.0,5.01942438785972,6.458125,0.756698741672835,4,12,0.117032394762939,0.31398103576842,0.233215808868408,0.676570614996127,0.298042261853872,0.038263123,0.14896032,0.059843265,4.48484848484848,3.02564102564103,0,0,0.5,0.49749345660209654,pre-schematic
4021,children,5.0,R,False,4021.png,../data/children/stimuli_R/4021.png,drawing of a house with a tower on top of it,,"House with cat-like features, including ears, whiskers, and round windows",,4,0.658952474594116,0.56,62.0,house,animal,teeth,2.0,3.0,2,1.0,4.49532386002642,8.585625,0.578423502969979,4,21,0.204396044683922,0.417785167694092,0.419531454984119,0.710053177176313,0.333541282313681,0.124373004,0.22222212,0.09539105,4.48484848484848,3.02564102564103,0,0,0.625,0.609476237297058,pre-schematic
4022,children,8.0,R,True,4022.png,../data/children/stimuli_R/4022.png,drawing of a man with a beard and a hat with a tie,,Simple depiction of a face with hair and eyes,,3,0.58205646276474,0.58,68.0,(smiley) face,,,2.0,2.0,3,1.0,8.95007706189017,15.348125,0.466576096422475,6,19,0.163002362072326,0.304178833961487,0.406188613729649,0.747615100340809,0.275202393492842,0.1098031,0.26298752,0.1470208,16.4444444444444,4.91666666666667,0,0,0.625,0.58102823138237,schematic
4023,children,9.0,R,False,4023.png,../data/children/stimuli_R/4023.png,drawing of a house with a window and a door,,A house with three windows and a door,,5,0.548234939575195,0.4,22.0,house,door,,2.0,2.0,2,1.0,5.27054983020065,5.746875,0.758795263428866,4,14,0.206934010155909,0.372811436653137,0.432901331743715,0.617582886628663,0.310521203610032,0.08285327,0.12026779,0.050300706,4.48484848484848,3.02564102564103,0,0,0.5,0.4741174697875975,schematic
4024,children,9.0,R,False,4024.png,../data/children/stimuli_R/4024.png,drawing of a house with a window and a door,,"Simple house with gable roof, one window, and door",,5,0.446292698383331,0.34,8.0,house,door,,2.0,2.0,2,1.0,5.15592990297342,4.618125,0.705876341338784,2,8,0.164647678774866,0.427435304369646,0.376590434604026,0.586442629655069,0.306461071368776,0.05494737,0.10905746,0.05920192,4.48484848484848,3.02564102564103,0,0,0.5,0.3931463491916655,schematic
4025,children,6.0,R,True,4025.png,../data/children/stimuli_R/4025.png,drawing of a man holding a sign with a hand drawn face,,"Simplistic face drawing with square head, straightforward eyes, and a beard",,4,0.573639988899231,0.53,56.0,(smiley) face,,,2.0,2.0,3,1.0,6.8095436749268,8.483125,0.504870817450233,5,8,0.158668499151641,0.330484091980821,0.373864851824333,0.638580497155195,0.237039763558813,0.12512352,0.19393733,0.12919077,16.4444444444444,4.91666666666667,0,0,0.625,0.5518199944496155,pre-schematic
4026,children,7.0,R,True,4026.png,../data/children/stimuli_R/4026.png,there is a drawing of a face with a basket in the middle,,"Simple face drawing with eyes, nose, and lined chin",,4,0.483368337154388,0.5,48.0,(smiley) face,lines,,1.0,2.0,2,1.0,4.97037023462932,4.37,0.757395167407086,7,14,0.144354573228681,0.298706293106079,0.35925056691471,0.589133115280397,0.229866069733806,0.120699026,0.2309469,0.13989393,16.4444444444444,4.91666666666667,0,0,0.5,0.491684168577194,schematic
5001,children,9.0,R,True,5001.png,../data/children/stimuli_R/5001.png,drawing of a robot with a clock on its face,,Robot-like figure with a square head and geometric body shape,,4,0.631953358650208,0.6,72.0,robot,hands,,2.0,2.0,3,1.0,4.84352468947992,5.100625,0.51566794942276,5,10,0.219714449661108,0.385315775871277,0.470763651774146,0.683036508359965,0.30310032678932,0.14163339,0.27701938,0.20153943,148.0,4.91666666666667,0,0,0.625,0.615976679325104,schematic
5002,children,6.0,R,False,5002.png,../data/children/stimuli_R/5002.png,drawing of a rocket ship with a small sail on a white surface,,Hard to interpret,,2,0.659077405929565,0.55,59.0,abstract doodle/hard to interpret,lines,,2.0,1.0,1,0.5,5.6018036079473,10.11625,0.542758089368259,2,18,0.244171008815108,0.486913069692643,0.625322468598035,0.798289864542457,0.298485762317526,0.0,0.28295383,0.17951453,3.89473684210526,3.93333333333333,1,1,0.25,0.6045387029647825,pre-schematic
5003,children,8.0,R,False,5003.png,../data/children/stimuli_R/5003.png,drawing of a house with a spider web on the roof,,Simple house with a triangular roof and two windows,,4,0.519158601760864,0.53,55.0,house,door,,2.0,2.0,2,1.0,8.12789413199486,9.1925,0.89597276036163,3,15,0.164033443206516,0.4270099401474,0.362469635156966,0.714742435649892,0.280554564231501,0.037080776,0.1598098,0.088765986,4.48484848484848,3.02564102564103,0,0,0.5,0.524579300880432,schematic
5004,children,8.0,R,False,5004.png,../data/children/stimuli_R/5004.png,drawing of a house with a chimney and a chimney top,,A simple house with two windows and a chimney,,5,0.471695899963379,0.5,47.0,house,smoke,door,2.0,2.0,2,1.0,4.90814090577854,4.825625,0.800199600798403,4,12,0.171664287348729,0.370256960391998,0.394026004912018,0.717497505733808,0.280783504802151,0.064516455,0.19376382,0.079791024,4.48484848484848,3.02564102564103,0,0,0.5,0.4858479499816895,schematic
5009,children,7.0,R,True,5009.png,../data/children/stimuli_R/5009.png,drawing of a boat with a flag on it ' s side,,"Simple boat or submarine shape with ""TV"" box on top",,3,0.450702697038651,0.45,34.0,abstract doodle/hard to interpret,,,2.0,1.0,3,1.0,4.17803200176969,2.380625,0.607307621332349,2,5,0.188237417445335,0.330358982086182,0.408264840141822,0.430489621877588,0.232882348413485,0.16641854,0.22130576,0.102565505,3.89473684210526,13.1111111111111,0,1,0.5,0.4503513485193255,schematic
5010,children,7.0,R,True,5010.png,../data/children/stimuli_R/5010.png,there is a drawing of a man standing in the snow,,Simple geometric design resembling an incomplete pentagon or shield shape,,4,0.271216928958893,0.12,0.0,blank,,,2.0,0.0,0,0.0,3.96208220167432,0.9125,0.803912850155625,7,3,0.118814931057098,0.206232070922852,0.286626296438353,0.0905072115818054,0.0399280610969148,0.09609391,0.36360484,0.13542682,49.33333333333329,16.8571428571429,0,1,0.0,0.1956084644794465,schematic
5011,children,8.0,R,False,5011.png,../data/children/stimuli_R/5011.png,drawing of a house with a chimney and a window,,Simple drawing of a house with a triangular roof,,5,0.42447292804718,0.33,6.0,house,door,,2.0,2.0,2,1.0,4.38529467332433,2.77875,0.971517253971152,3,7,0.116004519700733,0.321426470364717,0.246140673526564,0.611801588609537,0.286069369264134,0.046150893,0.11123526,0.042594064,4.48484848484848,3.02564102564103,0,0,0.5,0.37723646402359,schematic
5012,children,6.0,R,True,5012.png,../data/children/stimuli_R/5012.png,drawing of a pencil with a design of waves on it,,Upside-down trapezoidal shape with wavy lines inside,,5,0.467682629823685,0.5,48.0,abstract doodle/hard to interpret,,,2.0,0.0,1,0.5,3.7051872312816,3.66375,0.929444756029164,1,6,0.165391971743584,0.378717482089996,0.383425914253348,0.536213417800754,0.237584476038355,0.13019371,0.21015146,0.12467023,3.89473684210526,5.9,0,1,0.125,0.4838413149118425,pre-schematic
5018,children,9.0,R,True,5018.png,../data/children/stimuli_R/5018.png,drawing of a boat with a sail on the water,,Abstract geometric shapes possibly resembling a building or structure,,3,0.488981515169144,0.49,43.0,abstract doodle/hard to interpret,,,2.0,1.0,1,1.0,4.66850013386535,4.329375,0.715186601881526,9,12,0.134890198707581,0.341195086169535,0.34611610495352,0.594644246929457,0.245044602919008,0.08908498,0.19681013,0.118697986,3.89473684210526,5.9,1,1,0.25,0.489490757584572,schematic
5019,children,6.0,R,False,5019.png,../data/children/stimuli_R/5019.png,drawing of a line of houses with a single tree in the middle,,Three pointed structures on a line resembling houses or mountains,,4,0.404160618782043,0.55,59.0,completing,copying,,2.0,1.0,2,1.0,6.17228216326424,5.660625,0.433327523095695,3,14,0.12820487450332,0.256873965263367,0.315005718023093,0.754561023239349,0.265622923147972,0.1314486,0.3819073,0.12042956,11.3846153846154,3.02564102564103,0,0,0.375,0.47708030939102153,pre-schematic
5020,children,9.0,R,True,5020.png,../data/children/stimuli_R/5020.png,drawing of a clock with a face and a candle on it,,"Angry face with triangle hat and speech bubble saying ""HOED""",,4,0.523537397384644,0.62,77.0,(smiley) face,writing,frown,2.0,2.0,3,0.5,5.33583195515215,6.090625,0.375818282198912,7,9,0.23022198677063,0.35432493686676,0.510943563096945,0.63431781447431,0.267546068347668,0.16463724,0.2446368,0.17239463,16.4444444444444,4.91666666666667,0,0,0.625,0.571768698692322,schematic
5021,children,6.0,R,False,5021.png,../data/children/stimuli_R/5021.png,drawing of a house with a chimney and a door,,Simple outline sketch of a house with a triangular roof,,5,0.269412577152252,0.24,0.0,completing,,,2.0,0.0,0,0.5,4.428351196915449,1.5225,0.973937325473162,2,4,0.111965232374355,0.353667180349444,0.251653723566564,0.415358197553381,0.146718953297476,0.05411508,0.28088564,0.118978284,11.3846153846154,3.02564102564103,0,0,0.0,0.254706288576126,pre-schematic
5027,children,7.0,R,False,5027.png,../data/children/stimuli_R/5027.png,drawing of a house with a window and a roof with a chimney,,A house with windows and a door under a semicircular shape,,5,0.596515536308289,0.54,58.0,house,arc,,2.0,2.0,2,1.0,4.45845312505914,7.581875,0.763408641457422,3,20,0.186320878705868,0.38514632449862,0.378842018773675,0.786644611996558,0.310091019430852,0.087770894,0.23314223,0.08066241,4.48484848484848,3.02564102564103,0,0,0.5,0.5682577681541445,schematic
5028,children,8.0,R,False,5028.png,../data/children/stimuli_R/5028.png,drawing of a kite with a triangular shape on it,,"Simple rocket with rectangular body and cone top, string at the bottom",,5,0.428063094615936,0.42,28.0,fire work,lines,,1.0,2.0,1,1.0,4.67412812608373,3.445,0.854580309461865,1,8,0.186849750655913,0.473206162452698,0.432296003836154,0.668908392621034,0.25651925194737,0.16003278,0.36041087,0.14383356,148.0,13.1111111111111,0,0,0.375,0.424031547307968,schematic
5029,children,8.0,R,True,5029.png,../data/children/stimuli_R/5029.png,drawing of a shield with a flag and a bird on top,,Heart-shaped object with a chimney and small plant on top,,4,0.392901748418808,0.44,33.0,abstract doodle/hard to interpret,,,1.0,1.0,0,1.0,3.42571208250802,3.970625,0.778138089447372,8,10,0.181504704772859,0.393426382149837,0.44472726850076,0.74837694191086,0.348189945892487,0.1550506,0.2806558,0.24776487,3.89473684210526,8.42857142857143,0,1,0.125,0.41645087420940397,schematic
6001,children,7.0,R,True,6001.png,../data/children/stimuli_R/6001.png,there is a drawing of a ice cream cone with a face on it,,Ice cream cone with a smiley face and a cherry on top,,5,0.443807601928711,0.48,42.0,ice cream cone,(smiley) face,tongue,2.0,2.0,3,1.0,6.43508976303298,7.41,0.83741818688205,3,9,0.240091891277798,0.334205607521199,0.55107298797804,0.646833395263022,0.417590827119883,0.13636856,0.21633704,0.22636399,29.6,23.6,0,0,0.625,0.46190380096435546,schematic
6002,children,9.0,R,True,6002.png,../data/children/stimuli_R/6002.png,drawing of a drawing of a ladder and a chair,,Drawing shows a lift flanked by two sets of stairs,,4,0.638797402381897,0.74,95.0,elevator,writing,,2.0,3.0,4,1.0,6.26823443134597,13.059375,0.270932738186856,1,24,0.188108086585999,0.429983556270599,0.433704163652906,0.694626841437274,0.283587504986047,0.17341527,0.30479398,0.18733987,148.0,8.42857142857143,0,0,0.875,0.6893987011909485,schematic
6003,children,8.0,R,True,6003.png,../data/children/stimuli_R/6003.png,drawing of a pencil with a heart and a piece of fruit on it,,Ice cream cone with three scoops and a grid pattern on the cone,,5,0.421610951423645,0.45,33.0,ice cream cone,lines,,2.0,3.0,3,1.0,5.99911897657417,9.3225,0.705894997044441,2,19,0.216667162378598,0.394667303880017,0.493732899053865,0.733178734449834,0.345020126047719,0.13898489,0.26066557,0.20641175,29.6,23.6,0,0,0.75,0.4358054757118225,schematic
6004,children,7.0,R,True,6004.png,../data/children/stimuli_R/6004.png,drawing of a person with a hat and a tie on,,"Cartoonish character with long hair, stick arms and legs, and a cheerful face",,4,0.599066197872162,0.6,73.0,person,tongue,hands,2.0,2.0,3,1.0,6.68892074228832,10.174375,0.660238342481333,1,17,0.23014788447929,0.414897774762047,0.515481353728851,0.771755985580602,0.336097031286479,0.11892104,0.22521906,0.15711269,24.6666666666667,4.91666666666667,0,0,0.625,0.599533098936081,schematic
6005,children,7.0,R,True,6005.png,../data/children/stimuli_R/6005.png,drawing of a person sitting in a lotus position with a book,,Hard to interpret,,2,0.669062614440918,0.74,95.0,person(s),,,2.0,3.0,3,1.0,7.77890343855353,14.533125,0.204806174355376,9,17,0.244171008815108,0.486913069692643,0.625322468598035,0.735298420617478,0.274994615249652,0.0,0.28395557,0.20561019,24.6666666666667,3.93333333333333,1,0,0.75,0.704531307220459,schematic
6006,children,8.0,R,True,6006.png,../data/children/stimuli_R/6006.png,drawing of a cartoon character with a hand up in the air,,Smiling pizza slice character with raised arms and legs,,5,0.56909966468811,0.64,81.0,creature/monster,hands,,2.0,3.0,3,1.0,6.23676361483576,9.57875,0.480699049087638,2,13,0.235995218992517,0.364770412445068,0.549536228179932,0.762459843333995,0.381062465251154,0.13824713,0.23845807,0.21783371,9.25,4.91666666666667,0,0,0.75,0.604549832344055,schematic
6007,children,6.0,R,True,6007.png,../data/children/stimuli_R/6007.png,drawing of a man with arms outstretched in a pose,,"Simple stick figure with raised arms, smiling",,4,0.54863178730011,0.46,37.0,person,hands,,2.0,2.0,3,1.0,5.24172168805283,4.90875,0.313888626264536,2,7,0.185556031995287,0.337539752575143,0.41298521277176,0.642275900238406,0.264744071374562,0.12043898,0.27636617,0.17991742,24.6666666666667,4.91666666666667,0,0,0.625,0.504315893650055,pre-schematic
6008,children,8.0,R,True,6008.png,../data/children/stimuli_R/6008.png,drawing of a drawing of a man with a face on a piece of paper,,Hard to interpret,,2,0.572866797447205,0.55,61.0,flowers,,,2.0,2.0,2,1.0,4.57490997002893,4.28875,0.966303920283204,5,7,0.244171008815108,0.486913069692643,0.625322468598035,0.533691562322727,0.269323822610704,0.0,0.18335527,0.14632991,148.0,3.93333333333333,1,0,0.5,0.5614333987236025,schematic
6009,children,7.0,R,True,6009.png,../data/children/stimuli_R/6009.png,there is a kite that is flying in the sky with a string,,Hard to interpret,,1,0.422873586416245,0.36,12.0,completing,,,2.0,0.0,0,1.0,4.47210924063022,2.34625,0.563465675728535,1,7,0.244171008815108,0.486913069692643,0.625322468598035,0.656239308733554,0.192263055968934,0.0,0.31070274,0.107711054,11.3846153846154,3.93333333333333,1,0,0.0,0.3914367932081225,schematic
6010,children,8.0,R,True,6010.png,../data/children/stimuli_R/6010.png,drawing of a house with a window and a door on a white background,,Simple house shape with windows and a door drawn on a pointed base,,4,0.44447922706604,0.4,22.0,house,door,,2.0,2.0,2,1.0,5.33884622606033,3.986875,0.93860510805501,4,5,0.125034742055251,0.323421795572148,0.224977745114429,0.553477053000258,0.263456553400993,0.06202774,0.18393198,0.11674714,4.48484848484848,3.02564102564103,0,0,0.5,0.42223961353302,schematic
6011,children,6.0,R,True,6011.png,../data/children/stimuli_R/6011.png,drawing of a bird with two eyes on a white background,,Three smiley faces within an ice cream cone shape,,4,0.400832533836365,0.48,41.0,faces,completing,,2.0,1.0,1,1.0,4.4868789366209,3.31125,0.938853852481492,1,6,0.212515209613412,0.363450765609741,0.488094491972693,0.51489076932024,0.303744852701173,0.12862673,0.19866641,0.17301653,148.0,23.6,0,0,0.25,0.4404162669181825,pre-schematic
6012,children,8.0,R,True,6012.png,../data/children/stimuli_R/6012.png,drawing of a house with a fire coming out of it,,Hard to interpret,,2,0.649016976356506,0.57,67.0,house,smoke,rain,2.0,3.0,2,1.0,4.9068884133428,11.305,0.349356154522915,31,26,0.244171008815108,0.486913069692643,0.625322468598035,0.795838844313182,0.335127945954221,0.0,0.37131292,0.14262787,4.48484848484848,3.93333333333333,1,0,0.625,0.609508488178253,schematic
6013,children,8.0,R,True,6013.png,../data/children/stimuli_R/6013.png,drawing of a man with a tie on his head and a face drawn on it,,Abstract shapes resembling a face or house with a window and door,,3,0.405965328216553,0.36,12.0,house,door,,2.0,2.0,2,1.0,4.21794502987503,3.471875,0.883819628647215,1,9,0.142419746969952,0.298233270645142,0.290351923437586,0.570085083505839,0.254116541308329,0.08283641,0.2510304,0.14399669,4.48484848484848,5.9,1,0,0.5,0.3829826641082765,schematic
6014,children,7.0,R,True,6014.png,../data/children/stimuli_R/6014.png,drawing of a dog with a sign in its mouth,,"Creature with box-like body, smiling face, limbs, and clawed feet",,4,0.681407809257507,0.69,89.0,creature/monster,hands,,2.0,3.0,2,1.0,4.38389449010176,9.13625,0.200672318035662,5,13,0.242577404668635,0.489420711994171,0.510417313004571,0.838674646867558,0.299663522254493,0.115934275,0.34322226,0.15786016,9.25,4.91666666666667,0,0,0.625,0.6857039046287534,schematic
6015,children,8.0,R,True,6015.png,../data/children/stimuli_R/6015.png,drawing of a drawing of a person in a pocket with a plant in it,,"Rocket with flames, drawing path, universe symbols, heading to labeled planet",,4,0.611881613731384,0.69,90.0,rocket,star(s),planet,2.0,3.0,2,1.0,5.23197622083587,8.47375,0.333673469387755,18,8,0.173480927944183,0.390534978822916,0.426460827974129,0.674467908869598,0.281087086577968,0.15311086,0.2952439,0.14912495,29.6,13.1111111111111,0,0,0.625,0.650940806865692,schematic
6016,children,8.0,R,True,6016.png,../data/children/stimuli_R/6016.png,drawing of a drawing of a bunch of flowers in a vase,,"Two labeled flower bouquets with prices, one for 2.99, one for 1.99",,5,0.743176579475403,0.64,82.0,flower shop,writing,numbers,2.0,4.0,4,1.0,4.28148747836116,8.989375,0.609223928442169,4,19,0.236800298881512,0.499650001525879,0.561802718746823,0.709547375310688,0.361310216717993,0.22389007,0.24423666,0.24717303,148.0,8.42857142857143,0,0,1.0,0.6915882897377015,schematic
6017,children,6.0,R,True,6017.png,../data/children/stimuli_R/6017.png,drawing of a circle with a line drawing of a shield,,Hard to interpret,,2,0.432635754346848,0.37,16.0,completing,encircled,,2.0,0.0,0,1.0,5.33344711132324,5.325625,0.404241703994881,2,7,0.244171008815108,0.486913069692643,0.625322468598035,0.530891876859812,0.199046200709376,0.0,0.25122672,0.1247236,11.3846153846154,3.93333333333333,1,0,0.0,0.401317877173424,pre-schematic
6018,children,9.0,R,True,6018.png,../data/children/stimuli_R/6018.png,drawing of a cartoon of a man with a sun on his head,,A house with windows under a shining sun with a face,,5,0.63917350769043,0.68,88.0,house,up-side down,sun,2.0,3.0,2,1.0,6.52763205038953,8.254375,0.609438119720896,14,6,0.199204254197819,0.39270156621933,0.430422450925257,0.652120358521791,0.283870764196601,0.10020025,0.2333829,0.14725897,4.48484848484848,3.02564102564103,0,0,0.625,0.659586753845215,schematic
6019,children,7.0,R,True,6019.png,../data/children/stimuli_R/6019.png,drawing of a person sitting in a chair with a hand on the back of it,,Hard to interpret,,2,0.650211453437805,0.62,78.0,abstract doodle/hard to interpret,,,2.0,0.0,1,1.0,8.40058674062897,14.45375,0.397560794229196,3,50,0.244171008815108,0.486913069692643,0.625322468598035,0.738221184099244,0.236092774058542,0.0,0.36746413,0.15209997,3.89473684210526,3.93333333333333,1,1,0.125,0.6351057267189024,schematic
6020,children,8.0,R,False,6020.png,../data/children/stimuli_R/6020.png,drawing of a cartoon rocket with a man sitting on a chair,,A simple sketch of a rocket ship with landing legs,,4,0.606141209602356,0.64,82.0,rocket,,,2.0,3.0,4,1.0,4.84304546582929,6.56125,0.459700857730205,4,15,0.178676773388577,0.386817180324624,0.371222041322113,0.780399589553476,0.315341600310462,0.15588264,0.37271962,0.1372923,29.6,13.1111111111111,0,0,0.875,0.623070604801178,schematic
7001,children,9.0,R,False,7001.png,../data/children/stimuli_R/7001.png,drawing of a plane flying over a house with a plane flying over it,,"Plane, house, lightning bolt, handprint, and the words ""Oertijd"" and ""Vliegtuig""",,4,0.674353837966919,0.8,98.0,house,plane,writing,2.0,3.0,4,1.0,4.1691902070629,8.514375,0.3172076249356,25,24,0.169934322241882,0.403264284133911,0.367416701758902,0.759536959602761,0.383648812588998,0.17179748,0.2587277,0.19314782,4.48484848484848,3.02564102564103,0,0,0.875,0.7371769189834595,schematic
7002,children,8.0,R,True,7002.png,../data/children/stimuli_R/7002.png,drawing of a basketball net with a basketball in it,,Hard to interpret,,2,0.388265490531921,0.34,8.0,ice cream cone,lines,,2.0,1.0,2,1.0,5.81204947328458,11.74,0.897538710915838,1,22,0.244171008815108,0.486913069692643,0.625322468598035,0.667702098316232,0.310052416842118,0.0,0.28897816,0.17110007,29.6,3.93333333333333,1,0,0.375,0.3641327452659605,schematic
7003,children,9.0,R,True,7003.png,../data/children/stimuli_R/7003.png,drawing of a space station with a sign and a drawing of a man,,Cartoon alien surrounded by planets and stars in space,,4,0.766938149929047,0.9,99.0,mascot,ice cream cone,writing,2.0,4.0,4,1.0,4.61001761463822,12.728125,0.252106263220163,16,21,0.239507720499769,0.408250440150548,0.506697327297766,0.746465883906452,0.490651290424157,0.17232183,0.25908595,0.320769,148.0,13.1111111111111,0,0,1.0,0.8334690749645235,schematic
7004,children,7.0,R,True,7004.png,../data/children/stimuli_R/7004.png,there is a drawing of a umbrella with a bunch of umbrellas,,"Abstract shape with top circles and dark central portion, possible cone or object",,3,0.411662071943283,0.43,29.0,food,,,1.0,2.0,1,1.0,16.3688529551675,15.58875,0.931971528138207,4,17,0.160739760310673,0.386981867967954,0.419318427958297,0.668875394405602,0.249109147550854,0.09553849,0.26717806,0.13925546,148.0,5.9,1,0,0.375,0.4208310359716415,schematic
7005,children,6.0,R,True,7005.png,../data/children/stimuli_R/7005.png,drawing of a man holding a glass with a butterfly and a flower in it,,"Person holding a container with insects, observing a larger insect with a crown",,5,0.629254043102264,0.7,91.0,person,bees,,2.0,4.0,4,1.0,5.06389520333236,8.47,0.31413958092724,6,14,0.249958440663906,0.525394229567394,0.581189488243429,0.706151709738434,0.328270021156119,0.17768684,0.27547532,0.19659135,24.6666666666667,8.42857142857143,0,0,1.0,0.664627021551132,pre-schematic
7006,children,9.0,R,True,7006.png,../data/children/stimuli_R/7006.png,there is a drawing of a cat with a collar and a nose,,Stylized drawing of a cat with geometric shapes and a curly tail,,4,0.565875172615051,0.69,89.0,animal,(smiley) face,ears,2.0,3.0,4,1.0,5.288442785797111,4.325625,0.889521762493283,2,4,0.162743310601311,0.33077883720398,0.37116225785984,0.641235441179981,0.30974877532267,0.1506658,0.21408072,0.21709795,148.0,4.91666666666667,0,0,0.875,0.6279375863075255,schematic
7007,children,9.0,R,False,7007.png,../data/children/stimuli_R/7007.png,drawing of a house with a roof and a bird flying over it,,An umbrella and flower on a rectangle with birds above,,4,0.566689610481262,0.74,95.0,swimming pool,umbrella ,flower ,1.0,2.0,4,1.0,3.6139568625085,3.534375,0.84655231955796,28,6,0.212616490565746,0.341441432151708,0.402645313897449,0.679107466750383,0.317003109140114,0.17799452,0.22149238,0.18269937,148.0,8.42857142857143,0,0,0.75,0.653344805240631,schematic
7009,children,8.0,R,False,7009.png,../data/children/stimuli_R/7009.png,drawing of a house with a window and a door with a window,,Simple house with a triangular roof and two windows,,4,0.600326418876648,0.45,33.0,house,door,,2.0,2.0,2,1.0,4.65979420339897,3.745,0.943637916310846,4,7,0.164033443206516,0.4270099401474,0.362469635156966,0.56760551204082,0.324145090752669,0.037080772,0.14428155,0.050314814,4.48484848484848,3.02564102564103,0,0,0.5,0.525163209438324,schematic
7010,children,7.0,R,True,7010.png,../data/children/stimuli_R/7010.png,drawing of a pencil with a face and a bunch of sticks sticking out of it,,"Smiling face with upside-down triangular body and striped, dotted hair",,4,0.618059933185577,0.54,57.0,fries,(smiley) face,,2.0,3.0,3,1.0,6.11072874213578,15.91375,0.640209732918237,7,66,0.213032875891576,0.347827693690519,0.484584658419171,0.75141590505514,0.305842800115048,0.11564106,0.2946971,0.17054601,148.0,4.91666666666667,0,0,0.75,0.5790299665927885,schematic
7011,children,9.0,R,False,7011.png,../data/children/stimuli_R/7011.png,drawing of a house with a butterfly and flowers in the yard,,"House with butterfly wings, trees on both sides, surrounded by grass",,5,0.697233259677887,0.67,87.0,house,wings,tree,2.0,4.0,4,1.0,5.40450062785347,15.130625,0.377805606396301,5,43,0.174023716326274,0.45438049597682,0.39098072052002,0.720365578565249,0.333814667975052,0.14645915,0.24588153,0.112510204,4.48484848484848,3.02564102564103,0,0,1.0,0.6836166298389434,schematic
7012,children,9.0,R,True,7012.png,../data/children/stimuli_R/7012.png,drawing of a boat with a tower on top of it,,Simple castle with two towers and flags on top,,4,0.632107973098755,0.64,82.0,castle,lines,flags,2.0,2.0,4,1.0,4.94754272887564,7.54875,0.865085958969771,3,23,0.158035328505316,0.423600639319457,0.420777090261316,0.541284896784428,0.239413391611631,0.14771876,0.26306933,0.14980029,148.0,13.1111111111111,0,0,0.75,0.6360539865493775,schematic
7013,children,7.0,R,False,7013.png,../data/children/stimuli_R/7013.png,drawing of a kite with a geometric shape on a white background,,"Geometric figure with intersecting lines, resembling abstract or architectural sketch",,4,0.415772557258606,0.43,30.0,abstract doodle/hard to interpret,lines,,2.0,0.0,1,0.5,4.76271512347002,3.7175,0.951054955839058,2,10,0.120756559326852,0.306387979172943,0.30560040225986,0.573663571842047,0.18317775642496,0.099765785,0.28116933,0.115864776,3.89473684210526,5.9,1,1,0.125,0.422886278629303,schematic
7014,children,7.0,R,False,7014.png,../data/children/stimuli_R/7014.png,drawing of a bottle and a knife on a table,,"A creature with long arms, two eyes, and a scribbled mouth",,4,0.613635540008545,0.66,85.0,creature/monster,,,1.0,0.0,3,1.0,6.29977728134369,12.655625,0.28970398970399,3,35,0.206058000796074,0.443707141655257,0.47533967944024,0.758774538807127,0.273485559504835,0.13675329,0.28768235,0.15036912,9.25,4.91666666666667,0,0,0.375,0.6368177700042725,schematic
7015,children,8.0,R,False,7015.png,../data/children/stimuli_R/7015.png,drawing of a dog with a crown on his head and a t - shirt on his chest,,"Creature with box body, eyes on stalks, teeth, and tail",,4,0.616687655448914,0.68,89.0,creature/monster,teeth,feelers,1.0,2.0,4,1.0,5.67211500505619,6.548125,0.612102289622361,5,10,0.218557225551769,0.548742949962616,0.506073117256165,0.631119254192207,0.357615789680357,0.14181507,0.28028837,0.20430903,9.25,4.91666666666667,0,0,0.75,0.6483438277244571,schematic
7016,children,6.0,R,True,7016.png,../data/children/stimuli_R/7016.png,there is a black and white drawing of a vase on a white surface,,Hard to interpret,,1,0.457860112190247,0.34,7.0,abstract doodle/hard to interpret,,,1.0,0.0,0,1.0,25.4376170018578,17.501875,0.981904039707707,5,20,0.244171008815108,0.486913069692643,0.625322468598035,0.703652395200082,0.208145219638239,0.0,0.28259772,0.13662973,3.89473684210526,3.93333333333333,1,1,0.0,0.39893005609512355,pre-schematic
7017,children,6.0,R,True,7017.png,../data/children/stimuli_R/7017.png,drawing of a man with a bird on his head,,"Abstract figure with 4 limbs, triangle body, circle center, and line on top",,4,0.550458192825317,0.58,67.0,abstract doodle/hard to interpret,,,1.0,2.0,1,1.0,5.70053177318085,6.6875,0.319167389418907,4,16,0.148291400176798,0.357612571574006,0.366364322088021,0.557394491856582,0.241354695371987,0.116466366,0.23490086,0.1496199,3.89473684210526,4.91666666666667,1,1,0.375,0.5652290964126585,pre-schematic
7018,children,8.0,R,True,7018.png,../data/children/stimuli_R/7018.png,drawing of a man standing on a ladder with a kite above his head,,Ice cream cone with a square brick pattern scoop on top,,4,0.542751967906952,0.51,49.0,abstract doodle/hard to interpret,,,1.0,1.0,2,1.0,5.10978888358284,6.985625,0.749007469214723,2,10,0.218789074565277,0.382393758964352,0.497613861943529,0.635367032417524,0.267726458991924,0.13972837,0.20186742,0.1391788,3.89473684210526,23.6,0,1,0.375,0.5263759839534761,schematic
7019,children,8.0,R,True,7019.png,../data/children/stimuli_R/7019.png,drawing of a cartoon cow with a hat and a tie,,Smiling unicorn-faced cup with round spots and big eyes,,4,0.589652121067047,0.61,75.0,creature/monster,ears,,2.0,2.0,3,1.0,4.71954235096066,5.090625,0.741938389479373,5,5,0.248321995239138,0.42992490530014,0.52363014362038,0.686278722999076,0.366872772693284,0.1541119,0.23056665,0.19392517,9.25,4.91666666666667,0,0,0.625,0.5998260605335235,schematic
7020,children,6.0,R,True,7020.png,../data/children/stimuli_R/7020.png,drawing of a cat with a sad face on a white sheet,,Cartoon cat-like creature with a unicorn horn and simple facial features,,4,0.549710869789124,0.55,61.0,creature/monster,ears,,2.0,2.0,3,1.0,4.89629046218788,4.614375,0.724584103512015,7,3,0.219551669385928,0.40874969959259,0.439377095662181,0.628099847408224,0.385896530068002,0.15991811,0.21028085,0.2294404,9.25,4.91666666666667,0,0,0.625,0.549855434894562,pre-schematic
7021,children,9.0,R,True,7021.png,../data/children/stimuli_R/7021.png,there is a drawing of a wine glass with a bottle on it,,Hard to interpret,,1,0.336504697799683,0.44,31.0,completing,,,2.0,0.0,0,1.0,5.08691340866892,2.490625,0.531423290203327,1,5,0.244171008815108,0.486913069692643,0.625322468598035,0.664125529950833,0.235875798380975,0.0,0.3170271,0.12120457,11.3846153846154,3.93333333333333,1,0,0.0,0.3882523488998415,schematic
7023,children,7.0,R,True,7023.png,../data/children/stimuli_R/7023.png,drawing of a shield with two arms and a handle,,Shield shape with two shaded squares connected by lines,,5,0.453421294689178,0.44,31.0,abstract doodle/hard to interpret,completing,,2.0,0.0,1,1.0,9.43626140127235,4.870625,0.385215254780472,2,6,0.130494690448981,0.276286943180146,0.305567342374761,0.575007840374208,0.211898738735014,0.09923747,0.30350792,0.14449926,3.89473684210526,16.8571428571429,0,1,0.125,0.446710647344589,schematic
7024,children,7.0,R,True,7024.png,../data/children/stimuli_R/7024.png,drawing of a bird with a long beak and a long tail,,Abstract shape with a pointed top and jagged bottom edges,,3,0.568071961402893,0.5,47.0,creature/monster,,,2.0,2.0,1,1.0,5.19103049902137,4.903125,0.658097937640504,21,7,0.158612063013787,0.371623337268829,0.416960204658519,0.695494815300757,0.286859900927859,0.09552936,0.2607358,0.1426305,9.25,5.9,1,0,0.375,0.5340359807014465,schematic
7025,children,9.0,R,True,7025.png,../data/children/stimuli_R/7025.png,drawing of a cartoon character with a square face and a tooth,,"Creature with spiky head, sharp teeth, and extended arms",,4,0.628348529338837,0.64,81.0,creature/monster,teeth,,2.0,2.0,3,1.0,5.07234230993976,7.10625,0.451567711807872,5,10,0.241879150755455,0.533203303813934,0.541445989141998,0.741732850291571,0.379085823823976,0.14235774,0.27896637,0.19470124,9.25,4.91666666666667,0,0,0.625,0.6341742646694185,schematic
7026,children,7.0,R,False,7026.png,../data/children/stimuli_R/7026.png,drawing of a house with a window and a door,,Simple drawing of a house with symmetrical windows and a door,,4,0.486936181783676,0.46,37.0,house,door,,2.0,2.0,2,1.0,3.96355107339376,3.30875,0.964104617026955,6,6,0.131552442127169,0.293435769881949,0.242212891578674,0.640509348044806,0.271633678603721,0.061921734,0.13505626,0.05801804,4.48484848484848,3.02564102564103,0,0,0.5,0.473468090891838,schematic
7027,children,8.0,R,True,7027.png,../data/children/stimuli_R/7027.png,there is a drawing of a carrot with a face on it,,"A smiling wedge with fries on top, resembling a face",,4,0.49458983540535,0.54,56.0,(smiley) face,,,2.0,2.0,3,1.0,6.80955516863591,6.473125,0.567833267793944,9,8,0.254515036671456,0.35879781000601,0.546472389680657,0.692057083230567,0.373947094416903,0.15858307,0.26072043,0.23032828,16.4444444444444,4.91666666666667,0,0,0.625,0.517294917702675,schematic
7028,children,8.0,R,True,7028.png,../data/children/stimuli_R/7028.png,drawing of a shield with a long tail on a white background,,Abstract shape resembling a simplified shield or house outline,,3,0.243356734514236,0.26,0.0,completing,,,2.0,0.0,0,1.0,4.37734744334724,1.86,0.777317073170732,1,6,0.0830373069003389,0.204993605613709,0.19532229844597,0.317026366611863,0.189855645698175,0.07850973,0.19311595,0.110464886,11.3846153846154,3.02564102564103,1,0,0.0,0.251678367257118,schematic
16,adults,,G,False,16__3473_9.jpg,../data/adults/stimuli_G/16__3473_9.jpg,a drawing of a bat and a pencil on a white background,,Abstract object resembling a bow and arrow,,3,0.65917319059372,0.68,88.0,abstract doodle/hard to interpret,arrow,,1.0,2.0,2,1.0,4.72435082024414,5.899375,0.885403624382208,1,13,0.162329237183417,0.336587151085563,0.411785960197449,0.651195790191482,0.252470014903056,0.14234106,0.42418098,0.1996733,4.7741935483871,6.09090909090909,1,1,0.5,0.66958659529686,adults
21,adults,,G,False,21__3508_9.jpg,../data/adults/stimuli_G/21__3508_9.jpg,a drawing of a mushroom with a black outline on a white background,,A simple drawing of a mushroom with spots on the cap,,5,0.317512392997742,0.31,3.0,mushroom,,,2.0,2.0,2,1.0,4.24076026882029,3.63375,0.861991434689508,6,9,0.12430046507114,0.202264523573652,0.267408907413483,0.610707914908067,0.255805372481236,0.036501657,0.13167295,0.059873413,5.69230769230769,7.88235294117647,0,0,0.5,0.313756196498871,adults
26,adults,,G,False,26__3553_9.jpg,../data/adults/stimuli_G/26__3553_9.jpg,a drawing of a basketball court with a basketball hoop and a basketball hoop,,Hard to interpret,,2,0.505171418190002,0.57,64.0,person(s),sun,water,1.0,1.0,0,0.5,4.40652208230564,2.905625,0.730815267987764,2,10,0.248445153236389,0.458286746093236,0.628205202328848,0.480258682480077,0.284564229049088,0.0,0.32304507,0.22049029,7.789473684210529,9.57142857142857,1,0,0.125,0.5375857090950009,adults
27,adults,,G,False,27__3565_9.jpg,../data/adults/stimuli_G/27__3565_9.jpg,a black and white drawing of a crab with a box in its paws,,A crab with claws and legs in a simplistic drawing style,,5,0.694213211536408,0.67,87.0,face,,,2.0,3.0,4,1.0,4.43910574751428,5.36625,0.944500504540868,1,7,0.147718480365365,0.275649964809418,0.379063010215759,0.638764830512393,0.322076587293049,0.13962945,0.40393987,0.2533378,21.1428571428571,16.75,0,0,0.875,0.682106605768204,adults
32,adults,,G,False,32__3577_9.jpg,../data/adults/stimuli_G/32__3577_9.jpg,a drawing of a mushroom with a long stem on a white background,,Simple silhouette outline of a mushroom shape,,5,0.140106156468391,0.21,0.0,tracing,,,2.0,0.0,0,1.0,3.6992267635997,1.796875,0.823337178008458,1,8,0.0978777408599853,0.217717935238889,0.285758852958679,0.386573350080824,0.155349862374879,0.06376426,0.21847066,0.12747309,24.6666666666667,7.88235294117647,0,0,0.0,0.1750530782341955,adults
44,adults,,G,False,44__3661_9.jpg,../data/adults/stimuli_G/44__3661_9.jpg,a drawing of a mushroom with a hat on it,,"Person wearing a large hat with text ""identify yourself"" written beside",,4,0.661190688610077,0.68,88.0,creature(s),writing,,1.0,1.0,1,0.5,4.86035140098777,7.7775,0.384451219512195,3,15,0.212847339341202,0.457877619799304,0.583388711012082,0.623194214368062,0.337374638745551,0.16308072,0.21469733,0.2295847,21.1428571428571,7.44444444444445,0,0,0.25,0.6705953443050385,adults
46,adults,,G,False,46__3684_9.jpg,../data/adults/stimuli_G/46__3684_9.jpg,cartoon drawing of a person holding a knife and a umbrella,,A mushroom with a rectangular stem on a surface,,4,0.360141307115555,0.46,37.0,mushroom,,,2.0,1.0,2,1.0,4.8421348264779,6.49875,0.424895904542912,5,14,0.161002924382511,0.277860917981294,0.432308350067832,0.684404831748032,0.285762812852587,0.08888688,0.3586837,0.0957485,5.69230769230769,6.7,0,0,0.375,0.4100706535577775,adults
62,adults,,G,False,62__3706_9.jpg,../data/adults/stimuli_G/62__3706_9.jpg,a drawing of a person with a cat on their back,,"A round-bodied creature with a tail, two legs, and two arms",,4,0.617157459259033,0.66,85.0,creature(s),,,2.0,2.0,3,1.0,4.78656105556051,7.47375,0.518585441404233,8,13,0.208506345748901,0.387221437311811,0.488311275491454,0.608468165308102,0.360124803760809,0.1501315,0.26157457,0.19080658,21.1428571428571,16.75,0,0,0.625,0.6385787296295165,adults
66,adults,,G,False,66__3730_9.jpg,../data/adults/stimuli_G/66__3730_9.jpg,a drawing of a ladder leading to a beach with a sun in the background,,Sun over ocean waves with a ladder from the water,,3,0.591598689556122,0.62,78.0,sunset,beach,pier,2.0,3.0,2,1.0,4.66451954832474,10.646875,0.49859627374485,10,29,0.203241229057312,0.435543784696796,0.515382409095764,0.794113290923591,0.307723478119361,0.15627,0.4009667,0.1678198,74.0,22.3333333333333,0,0,0.625,0.605799344778061,adults
85,adults,,G,False,85__3786_9.jpg,../data/adults/stimuli_G/85__3786_9.jpg,a drawing of a tombstone with a sign that says rip me,,"Tombstone with ""R.I.P"" and ""ME"" written on it",,5,0.58507764339447,0.55,60.0,grave,writing,,2.0,2.0,2,1.0,4.33034505564412,4.285,0.771314116520073,7,11,0.24001774907165,0.481052129331357,0.595511555671692,0.549946314679772,0.355793181768398,0.20413294,0.25109106,0.2594275,148.0,6.09090909090909,0,0,0.5,0.567538821697235,adults
103,adults,,G,False,103__3832_9.jpg,../data/adults/stimuli_G/103__3832_9.jpg,a drawing of a man with his arms outstretched out,,Simple humanoid figure with a round head and rectangular body,,4,0.534893453121185,0.52,51.0,person(s),,,2.0,2.0,3,1.0,4.45652356027232,4.640625,0.675642393892127,2,8,0.176002979278564,0.348586997305571,0.432203565108563,0.636494990875435,0.303619105081019,0.101895094,0.20993292,0.09772816,7.789473684210529,16.75,0,0,0.625,0.5274467265605924,adults
110,adults,,G,False,110__3846_9.jpg,../data/adults/stimuli_G/110__3846_9.jpg,a drawing of a person holding an umbrella with the word ' m ' drawn on it,,A person underneath an umbrella with rain falling,,5,0.339922517538071,0.39,21.0,umbrella,rain,,1.0,2.0,2,1.0,3.948025851764,3.076875,0.728962710372896,8,4,0.197045612511299,0.417074330187527,0.483513474464417,0.60243360166683,0.225257145342501,0.1105632,0.26385212,0.11599584,8.22222222222222,10.3076923076923,0,0,0.5,0.3649612587690355,adults
113,adults,,G,False,113__3868_9.jpg,../data/adults/stimuli_G/113__3868_9.jpg,a drawing of a face with a smile drawn on it,,Simple face with closed eyes and a rectangular mouth,,4,0.375809818506241,0.36,14.0,face,,,2.0,1.0,2,1.0,4.06061006405776,3.150625,0.60303065090116,4,5,0.192288041114807,0.286118366900633,0.474651917059777,0.40847344567077,0.258969814779019,0.08857412,0.25647593,0.1350367,21.1428571428571,7.44444444444445,0,0,0.375,0.36790490925312047,adults
138,adults,,G,False,138__5325_9.jpg,../data/adults/stimuli_G/138__5325_9.jpg,a drawing of a mushroom head with a tree on it,,Hard to interpret,,1,0.512839198112488,0.52,52.0,abstract doodle/hard to interpret,,,1.0,1.0,1,0.5,4.22638287082906,4.65875,0.43417943440811,2,6,0.248445153236389,0.458286746093236,0.628205202328848,0.549444065024572,0.242292454073002,0.0,0.29093662,0.15636241,4.7741935483871,9.57142857142857,1,1,0.25,0.516419599056244,adults
140,adults,,G,False,140__3910_9.jpg,../data/adults/stimuli_G/140__3910_9.jpg,a drawing of a sign that says pick up on a white background,,"A simplistic phone booth with ""Phone"" written on it",,4,0.627177715301514,0.62,77.0,phone booth,,,1.0,1.0,1,1.0,4.73334775740204,4.82625,0.585283174865647,3,16,0.192527890205383,0.39545089561798,0.476766347885132,0.494966845068441,0.306477422175144,0.19686276,0.33294863,0.20576017,148.0,6.09090909090909,0,0,0.25,0.623588857650757,adults
157,adults,,G,False,157__3922_9.jpg,../data/adults/stimuli_G/157__3922_9.jpg,a drawing of a mushroom shaped object with a long stem,,Outline resembling a mushroom or umbrella shape,,3,0.185285940766335,0.25,0.0,tracing,,,2.0,0.0,1,1.0,3.42070297972734,1.66625,0.889425865068626,1,7,0.0834725995692426,0.185080265554197,0.274779796600342,0.342595607255379,0.176737561172991,0.076336056,0.23137443,0.16251698,24.6666666666667,7.88235294117647,0,0,0.125,0.2176429703831675,adults
174,adults,,G,False,174__3967_9.jpg,../data/adults/stimuli_G/174__3967_9.jpg,a drawing of a microwave with an umbrella over it,,Hot air balloon with basket and heat waves,,4,0.614155948162079,0.68,88.0,parachute,supply-box,,1.0,2.0,2,0.5,4.85971301882957,6.6925,0.709931811443819,6,15,0.177797198295593,0.316923260688782,0.424787129449076,0.648615143402234,0.286630680009444,0.19952667,0.32138872,0.18636103,148.0,6.09090909090909,0,0,0.5,0.6470779740810395,adults
180,adults,,G,False,180__4001_9.jpg,../data/adults/stimuli_G/180__4001_9.jpg,a drawing of a mushroom with a net on it,,Mushroom with crosshatched lines on the stem and top,,5,0.553299427032471,0.54,57.0,abstract doodle/hard to interpret,,,1.0,1.0,1,1.0,4.90102148448237,6.13375,0.901828077030421,2,10,0.16255784034729,0.332038005115866,0.363234043121338,0.733229866233676,0.267026834332492,0.090910114,0.287746,0.15707074,4.7741935483871,6.7,0,1,0.25,0.5466497135162356,adults
181,adults,,G,False,181__5394_9.jpg,../data/adults/stimuli_G/181__5394_9.jpg,a drawing of a man with a hat on his head,,Simple stick figure with a round head and broad torso,,4,0.429783761501312,0.48,40.0,person(s),,,2.0,1.0,2,1.0,4.2465798340412,2.95875,0.782018545894369,1,11,0.169155359268188,0.309528527515694,0.412096619606018,0.612740990144762,0.251198084365456,0.07911891,0.26394707,0.081014946,7.789473684210529,16.75,0,0,0.375,0.454891880750656,adults
182,adults,,G,False,182__5406_9.jpg,../data/adults/stimuli_G/182__5406_9.jpg,drawing of a man holding an umbrella with the word ' s name,,Stick figures under an umbrella with letters above them,,4,0.503359079360962,0.45,35.0,umbrella,person(s),rain,2.0,2.0,3,1.0,4.19926038622555,3.335625,0.771687883074022,5,10,0.136650621891022,0.267158009623229,0.33600652217865,0.568141015231708,0.26236579447949,0.07667749,0.18290432,0.16907182,8.22222222222222,14.8888888888889,0,0,0.625,0.47667953968048105,adults
183,adults,,G,False,183__5418_9.jpg,../data/adults/stimuli_G/183__5418_9.jpg,a drawing of a mushroom with a face on it,,A mushroom with a spotted cap and a simple stem,,5,0.353207051753998,0.3,2.0,mushroom,,,2.0,2.0,2,1.0,4.63157311591102,4.06625,0.870836718115353,2,8,0.18767523765564,0.330783228003479,0.436530828475952,0.630314724911906,0.267419004504356,0.059780736,0.14817676,0.06685609,5.69230769230769,6.7,0,0,0.5,0.32660352587699903,adults
197,adults,,G,False,197__5470_9.jpg,../data/adults/stimuli_G/197__5470_9.jpg,a drawing of a man with a hat on his head,,"Stick figure with arms and legs, circular head, and a curved line body",,5,0.45185661315918,0.47,39.0,person(s),,,2.0,2.0,2,1.0,4.12384128492579,3.1475,0.693682664054848,5,7,0.157505085616999,0.288413124585933,0.39317318160374,0.554092904753958,0.273154381767381,0.09431039,0.20696321,0.09132329,7.789473684210529,16.75,0,0,0.5,0.46092830657959,adults
203,adults,,G,False,203__4073_9.jpg,../data/adults/stimuli_G/203__4073_9.jpg,a drawing of a rainbow and clouds with a person smiling,,Rainbow over clouds and a geometric object below,,3,0.52845561504364,0.57,64.0,rainbow,clouds,pot of gold,1.0,3.0,2,1.0,4.59841959387393,5.373125,0.943736578382248,1,8,0.157701313495636,0.318231621927965,0.425096273422241,0.536638630278096,0.204028934199911,0.13604061,0.25021487,0.1541237,74.0,19.1428571428571,0,0,0.625,0.54922780752182,adults
223,adults,,G,False,223__4143_9.jpg,../data/adults/stimuli_G/223__4143_9.jpg,a drawing of a bird standing on a wire fence,,"Bird with wings spread, perched on a grid-like structure",,4,0.679289937019348,0.63,79.0,abstract doodle/hard to interpret,,,1.0,1.0,3,1.0,4.77147649006106,5.468125,0.88793600461228,1,9,0.190064132213593,0.411362171173096,0.508677632133819,0.657836795741291,0.343007078937514,0.15653633,0.2708931,0.22142014,4.7741935483871,22.3333333333333,0,1,0.5,0.654644968509674,adults
242,adults,,G,False,242__4167_9.jpg,../data/adults/stimuli_G/242__4167_9.jpg,a drawing of a person holding a sign with a face on it,,Simple human figure with big head and stick-like limbs,,3,0.579840064048767,0.57,66.0,person(s),,,2.0,2.0,3,1.0,4.40029023072051,4.418125,0.797687366167024,2,10,0.165221035480499,0.335615376699429,0.428522620885215,0.677433754426702,0.267304511861511,0.08301112,0.22735596,0.1253584,7.789473684210529,16.75,0,0,0.625,0.5749200320243835,adults
247,adults,,G,False,247__4179_9.jpg,../data/adults/stimuli_G/247__4179_9.jpg,a close up of a drawing of a bear ' s face with a nose,,Simple drawing of an animal face with round ears,,4,0.600187659263611,0.5,48.0,creature(s),,,2.0,2.0,3,1.0,3.63347790283842,2.48625,0.716624178183282,9,3,0.169846177101135,0.310570696311316,0.377493262290955,0.375147000006482,0.25003187669007,0.10664664,0.25537306,0.19149376,21.1428571428571,16.75,0,0,0.625,0.5500938296318054,adults
259,adults,,G,False,259__4203_9.jpg,../data/adults/stimuli_G/259__4203_9.jpg,a drawing of a circle with a square in the middle,,Abstract grid pattern with a square inside a circle,,3,0.567493557929993,0.56,62.0,abstract doodle/hard to interpret,,,1.0,1.0,1,0.5,4.86388550851446,9.980625,0.689042241739858,1,37,0.177244663238525,0.395247840598096,0.452649636645604,0.647783668423537,0.251193468960845,0.15761688,0.46541977,0.17125931,4.7741935483871,6.09090909090909,1,1,0.25,0.5637467789649966,adults
263,adults,,G,False,263__7333_9.jpg,../data/adults/stimuli_G/263__7333_9.jpg,drawing of a man and woman under an umbrella in the rain,,Two stick figures under an umbrella with raindrops falling around,,5,0.486355781555176,0.54,57.0,umbrella,person(s),rain,2.0,3.0,4,1.0,4.65827729289014,6.243125,0.708733483725427,17,12,0.168818940590682,0.373180370723616,0.375277042388916,0.699009491753533,0.356345431525963,0.05530908,0.16083014,0.14897521,8.22222222222222,14.8888888888889,0,0,0.875,0.513177890777588,adults
265,adults,,G,False,265__4227_9.jpg,../data/adults/stimuli_G/265__4227_9.jpg,a drawing of a woman with a long hair and a dress,,"Person with wings and a bag, standing upright",,5,0.609381794929504,0.66,86.0,angel,,,2.0,3.0,4,1.0,5.12156656693498,6.71375,0.731900662661795,1,14,0.209601568603421,0.459380550962107,0.544244438409805,0.656692270059588,0.296478828902475,0.1607966,0.27521333,0.24121293,148.0,22.3333333333333,0,0,0.875,0.634690897464752,adults
269,adults,,G,False,269__4249_9.jpg,../data/adults/stimuli_G/269__4249_9.jpg,drawing of a man with a dog and a cat in a room,,Hard to interpret,,2,0.791100442409515,0.81,98.0,person(s),heart,hug,2.0,3.0,4,1.0,5.24512241198622,10.165,0.532903174094261,3,14,0.248445153236389,0.458286746093236,0.628205202328848,0.612561391097076,0.359188329472935,0.0,0.2283978,0.21488419,7.789473684210529,9.57142857142857,1,0,0.875,0.8005502212047575,adults
275,adults,,G,False,275__4260_9.jpg,../data/adults/stimuli_G/275__4260_9.jpg,a drawing of a man holding an umbrella in the rain,,Simple outline of a mushroom or umbrella with details,,4,0.398775905370712,0.36,12.0,mushroom,,,2.0,2.0,2,1.0,4.39380774170602,3.216875,0.956145846385165,1,8,0.0734674930572509,0.157927770367589,0.195581173765098,0.476941697166178,0.233558676573116,0.065029755,0.18112938,0.118945815,5.69230769230769,7.88235294117647,0,0,0.5,0.37938795268535597,adults
285,adults,,G,False,285__4284_9.jpg,../data/adults/stimuli_G/285__4284_9.jpg,a drawing of a man ' s face with a frown on his face,,Abstract drawing of a face with exaggerated features and prominent outlines,,4,0.630351781845093,0.66,84.0,face,,,2.0,3.0,4,1.0,4.69271008505202,7.536875,0.598522416759437,8,15,0.155146514032677,0.387315117556757,0.420519649982452,0.729846498681598,0.25924368588408,0.11536632,0.39808825,0.149056,21.1428571428571,7.44444444444445,1,0,0.875,0.6451758909225465,adults
287,adults,,G,False,287__5661_9.jpg,../data/adults/stimuli_G/287__5661_9.jpg,a drawing of a table with a umbrella on top of it,,"A simple table with a large, dome-shaped umbrella",,5,0.389281570911407,0.42,27.0,abstract doodle/hard to interpret,,,2.0,1.0,1,0.5,4.02499575427478,2.095,0.92059043348281,1,8,0.159925222396851,0.380428676047502,0.380090690845805,0.504706868530702,0.221734102574807,0.121637784,0.20866904,0.15062085,4.7741935483871,10.3076923076923,0,1,0.25,0.4046407854557035,adults
298,adults,,G,False,298__4324_9.jpg,../data/adults/stimuli_G/298__4324_9.jpg,a drawing of a person holding an umbrella in the rain,,A large mushroom with smaller ones and rain,,5,0.449856907129288,0.55,61.0,mushroom,rain,,2.0,2.0,2,1.0,4.81990414338029,6.916875,0.552022948664316,10,16,0.160486042499542,0.309658882885473,0.404415291679361,0.705617433798361,0.367594466610035,0.110737346,0.21015432,0.15259944,5.69230769230769,6.7,0,0,0.5,0.499928453564644,adults
301,adults,,G,False,301__5703_9.jpg,../data/adults/stimuli_G/301__5703_9.jpg,a drawing of a person holding a slice of pizza in their hand,,"A figure with a round head, face, and stick body holding something",,3,0.533449769020081,0.54,57.0,abstract doodle/hard to interpret,pizza,,1.0,1.0,4,1.0,4.36133432245917,4.73625,0.860785439042388,8,11,0.179736305490951,0.355472128256324,0.443998217582703,0.6895985598143,0.296180343471722,0.08957903,0.25794205,0.15173423,4.7741935483871,16.75,0,1,0.625,0.5367248845100405,adults
302,adults,,G,False,302__4347_9.jpg,../data/adults/stimuli_G/302__4347_9.jpg,a drawing of a smiley face with a black outline on a white background,,A simple drawing of a face with eyes and a smile,,5,0.371092617511749,0.39,21.0,face,,,2.0,2.0,2,1.0,4.05667810036819,3.87,0.470281240939403,8,6,0.163897156715393,0.272489168420111,0.381335891405588,0.443028195966475,0.237621599580147,0.09124108,0.22991116,0.102435924,21.1428571428571,7.44444444444445,0,0,0.5,0.3805463087558745,adults
315,adults,,G,False,315__5727_9.jpg,../data/adults/stimuli_G/315__5727_9.jpg,a drawing of a umbrella with rain coming out of it,,Abstract drawing of an umbrella with water and raindrops,,4,0.430988669395447,0.59,71.0,umbrella,person(s),rain,2.0,3.0,2,0.5,4.26558409408329,3.668125,0.69261104192611,4,9,0.10602205991745,0.242861941031332,0.271769480214683,0.438054377550097,0.23631602091858,0.08690614,0.20404115,0.12554425,8.22222222222222,10.3076923076923,1,0,0.625,0.5104943346977235,adults
324,adults,,G,False,324__5744_9.jpg,../data/adults/stimuli_G/324__5744_9.jpg,a close up of a drawing of a face with a frown,,"Simple face with eyes, eyebrows, nose, and a smile",,4,0.415145725011826,0.41,26.0,face,,,2.0,2.0,2,1.0,4.64276020766215,3.37625,0.802661551372737,5,5,0.19097113609314,0.259843148584459,0.444388628005981,0.468660372112588,0.234050383229318,0.076005295,0.33870783,0.11974299,21.1428571428571,7.44444444444445,0,0,0.5,0.41257286250591296,adults
340,adults,,G,False,340__5785_9.jpg,../data/adults/stimuli_G/340__5785_9.jpg,a drawing of a house with a square in the middle,,Circle and square shapes with smaller squares at each corner,,3,0.530236840248108,0.64,82.0,abstract doodle/hard to interpret,,,1.0,1.0,1,1.0,4.46416171731874,6.999375,0.605677557579004,4,13,0.160764694213867,0.338297108957085,0.433939933776855,0.550157900699899,0.247041896696048,0.155249,0.2924574,0.16464558,4.7741935483871,6.09090909090909,0,1,0.25,0.585118420124054,adults
346,adults,,G,False,346__5809_9.jpg,../data/adults/stimuli_G/346__5809_9.jpg,a drawing of a mushroom on a table with a person sitting on it,,A mushroom with large spots on top of a curved object,,4,0.382640391588211,0.47,39.0,mushroom,,,2.0,2.0,2,1.0,4.49860933413244,6.651875,0.650274821658286,1,12,0.163271973328111,0.299975731968156,0.407220959663391,0.6355922634414,0.333975481394285,0.082588345,0.21034737,0.11520262,5.69230769230769,6.7,0,0,0.5,0.4263201957941055,adults
356,adults,,G,False,356__5842_9.jpg,../data/adults/stimuli_G/356__5842_9.jpg,a black and white drawing of a man with a bird on his head,,Stylized face with spiky hair and rectangular mouth,,4,0.62300169467926,0.61,76.0,creature(s),,,2.0,2.0,2,1.0,4.87611249016287,6.11,0.787944096133751,2,16,0.203586769317791,0.314683714946619,0.526999697893849,0.63338365153199,0.321702503366519,0.12234008,0.30035552,0.17899737,21.1428571428571,7.44444444444445,0,0,0.5,0.6165008473396301,adults
375,adults,,G,False,375__5945_9.jpg,../data/adults/stimuli_G/375__5945_9.jpg,drawing of a black and white umbrella with a long arrow pointing to it,,Umbrella with arrow pointing upwards under it,,4,0.387750059366226,0.43,29.0,abstract doodle/hard to interpret,,,2.0,0.0,1,0.5,4.0527056978882,2.9125,0.743942804183768,1,8,0.159883737564087,0.312221091257268,0.379180073738098,0.639835390193315,0.251969936770075,0.1098849,0.18479718,0.13256235,4.7741935483871,10.3076923076923,0,1,0.125,0.40887502968311296,adults
392,adults,,G,False,392__6012_9.jpg,../data/adults/stimuli_G/392__6012_9.jpg,a drawing of a black and white umbrella with a white background,,Simple drawing of a mushroom with a round cap and stem,,5,0.273166567087173,0.23,0.0,tracing,,,2.0,0.0,1,1.0,4.01729574681714,2.076875,0.954977136827295,1,9,0.12207293510437,0.206250560656222,0.260427550102921,0.463397287741921,0.198080323206016,0.03687815,0.18153544,0.101875305,24.6666666666667,7.88235294117647,0,0,0.125,0.2515832835435865,adults
415,adults,,G,False,415__7553_9.jpg,../data/adults/stimuli_G/415__7553_9.jpg,a drawing of a face with two faces drawn on it,,Smiling face with tears and squiggly lines above,,3,0.554336905479431,0.58,69.0,abstract doodle/hard to interpret,,,1.0,1.0,2,0.5,4.48782486778978,6.509375,0.440987567026103,7,10,0.192787170410156,0.285609956289225,0.468067868592377,0.672869267557552,0.257349806559521,0.13669565,0.28921992,0.14604884,4.7741935483871,7.44444444444445,0,1,0.375,0.5671684527397155,adults
427,adults,,G,False,427__6116_9.jpg,../data/adults/stimuli_G/427__6116_9.jpg,drawing of a man holding an umbrella with a smile on his face,,Simple outline of a mushroom with cap and stem,,4,0.330671757459641,0.31,3.0,mushroom,,,2.0,2.0,2,1.0,4.22897786386805,3.03875,0.96026977314531,1,6,0.129420757293701,0.222142338752747,0.281271722165136,0.595461858959725,0.24686744697123,0.056062877,0.1705265,0.073772795,5.69230769230769,7.88235294117647,0,0,0.5,0.3203358787298205,adults
434,adults,,G,False,434__7586_9.jpg,../data/adults/stimuli_G/434__7586_9.jpg,a drawing of a person sitting on a chair under a umbrella,,"Umbrella on a stand with droplets above, resembling rain",,4,0.378701627254486,0.4,23.0,abstract doodle/hard to interpret,,,1.0,1.0,1,0.5,4.16508325559843,2.520625,0.952678571428571,10,7,0.169766237153634,0.284774716327311,0.3636794090271,0.66659797426835,0.247059392843672,0.10678239,0.252428,0.14983675,4.7741935483871,10.3076923076923,0,1,0.25,0.389350813627243,adults
445,adults,,G,False,445__7631_9.jpg,../data/adults/stimuli_G/445__7631_9.jpg,a drawing of a basketball court with a ball on the court,,Simple line drawing of a stick figure under an arch,,4,0.298119246959686,0.31,3.0,blank,,,2.0,0.0,0,0.0,3.15433576622159,1.304375,0.680680680680681,3,4,0.124393165111542,0.253248445980109,0.307126281302534,0.194678223425965,0.168444770505972,0.113386475,0.29880008,0.19350918,74.0,6.09090909090909,0,0,0.0,0.304059623479843,adults
453,adults,,G,False,453__6216_9.jpg,../data/adults/stimuli_G/453__6216_9.jpg,a drawing of a mushroom with a face on it,,A mushroom with a spotted cap and a thick stem,,5,0.266840279102325,0.29,1.0,mushroom,,,2.0,2.0,2,1.0,4.48816330763295,5.5025,0.94380945358012,2,9,0.208302510279565,0.370089154544149,0.493553221225739,0.71065611683521,0.28879974670558,0.07653636,0.14662425,0.062091894,5.69230769230769,6.7,0,0,0.5,0.2784201395511625,adults
454,adults,,G,False,454__7725_9.jpg,../data/adults/stimuli_G/454__7725_9.jpg,a drawing of a man in a lab coat and boots,,"Simple drawing of a person with large arms, no facial features",,5,0.53689843416214,0.54,56.0,person(s),,,2.0,2.0,3,1.0,4.41994724136033,5.05125,0.677964762581971,2,9,0.145871639251709,0.331632892392104,0.405736923217773,0.704239322154763,0.276965190163993,0.12168057,0.19567516,0.08824156,7.789473684210529,7.44444444444445,0,0,0.625,0.53844921708107,adults
456,adults,,G,False,456__7749_9.jpg,../data/adults/stimuli_G/456__7749_9.jpg,a drawing of a man with a headband on his head,,A simplistic face with curly hair and large eyes,,5,0.738808810710907,0.56,63.0,face,,,2.0,3.0,4,1.0,6.09045436938987,19.61375,0.340874409591861,7,60,0.205825626850128,0.334118723869324,0.482204362219702,0.765439996442809,0.280074381648744,0.10253608,0.33331144,0.13427386,21.1428571428571,7.44444444444445,0,0,0.875,0.6494044053554535,adults
458,adults,,G,False,458__7773_9.jpg,../data/adults/stimuli_G/458__7773_9.jpg,drawing of a beach scene with a sun and a beach chair,,Two people relaxing under a beach umbrella with a radio,,5,0.685833990573883,0.73,94.0,umbrella,people,beach,2.0,3.0,4,1.0,5.09245308153318,10.1825,0.557096488639717,4,18,0.211594092154854,0.55724092339643,0.549380901418977,0.628503662601929,0.436873739890602,0.1472983,0.20285717,0.2095584,8.22222222222222,22.3333333333333,0,0,0.875,0.7079169952869415,adults
464,adults,,G,False,464__7832_9.jpg,../data/adults/stimuli_G/464__7832_9.jpg,a drawing of a man with a haircut and a beard,,"Person with large, spiky hair and a simple body outline",,4,0.625217080116272,0.59,70.0,person(s),hair,,2.0,3.0,4,1.0,5.8370897037265,16.375,0.738938177721448,3,35,0.189028788266849,0.392725509188339,0.484674334526062,0.779925951832181,0.320386905821278,0.12033645,0.38941565,0.14978582,7.789473684210529,7.44444444444445,0,0,0.875,0.6076085400581359,adults
466,adults,,G,False,466__7856_9.jpg,../data/adults/stimuli_G/466__7856_9.jpg,a drawing of a ladder leading to the sun over a body of water,,Sun rising over water with a ladder in front,,5,0.66778963804245,0.74,95.0,sunset,pier,water,2.0,3.0,2,1.0,4.97285586415377,9.275,0.404292894987094,20,24,0.20418255304202,0.473184911798531,0.529227733612061,0.652900410215701,0.32799161229192,0.15388905,0.44023973,0.21991257,74.0,22.3333333333333,0,0,0.625,0.703894819021225,adults
481,adults,,G,False,481__7947_9.jpg,../data/adults/stimuli_G/481__7947_9.jpg,cartoon stick man with umbrella and stick man with stick man holding umbrella,,Two stick figures under an umbrella with rain falling,,5,0.58482825756073,0.63,79.0,umbrella,person(s),rain,2.0,3.0,3,1.0,4.66771398510257,7.493125,0.669582984073764,23,14,0.173381616271636,0.392975252657391,0.388516348258148,0.712702209821322,0.368547905109767,0.051066525,0.19304955,0.1708299,8.22222222222222,14.8888888888889,0,0,0.75,0.6074141287803649,adults
482,adults,,G,False,482__7959_9.jpg,../data/adults/stimuli_G/482__7959_9.jpg,a drawing of a person holding an umbrella in the rain,,Stylized umbrella with rain falling around it,,4,0.476844370365143,0.53,55.0,umbrella,rain,,2.0,1.0,1,1.0,4.04100865136931,3.70875,0.651973250447396,15,9,0.139883049719514,0.291700699678084,0.349881033595831,0.748287842529495,0.252799145318285,0.08729472,0.25815743,0.13588801,8.22222222222222,10.3076923076923,0,0,0.25,0.5034221851825715,adults
484,adults,,G,False,484__7983_9.jpg,../data/adults/stimuli_G/484__7983_9.jpg,a drawing of a mushroom with eyes and a nose,,A mushroom with a decorated cap and simple stem is drawn,,5,0.225563913583756,0.34,9.0,mushroom,,,2.0,2.0,2,1.0,4.45685337756137,4.6425,0.805924071756362,2,8,0.120133876800537,0.224323249588109,0.28859897187942,0.66886279206311,0.289242699093281,0.041880686,0.12020489,0.075425304,5.69230769230769,7.88235294117647,0,0,0.5,0.282781956791878,adults
485,adults,,G,False,485__7995_9.jpg,../data/adults/stimuli_G/485__7995_9.jpg,a drawing of a basketball hoop with a basketball ball on it,,American football helmet with faceguard,,5,0.524261832237244,0.57,67.0,basketball basket,,,2.0,2.0,3,1.0,4.76941482605538,5.379375,0.333040491973485,1,16,0.267629623413086,0.521459803624743,0.634965479373932,0.697546870287074,0.295378815695639,0.21460009,0.3713619,0.19094007,74.0,6.09090909090909,0,0,0.625,0.547130916118622,adults
486,adults,,G,False,486__8006_9.jpg,../data/adults/stimuli_G/486__8006_9.jpg,a drawing of a person with a hat and a dress,,Simple stick figure with round head and oversized body shape,,4,0.422353595495224,0.44,32.0,person(s),,,2.0,1.0,2,1.0,4.86407324646711,4.25,0.636372472783826,1,7,0.164358973503113,0.33230380214166,0.411652326583862,0.641339460095308,0.270573288044831,0.07806267,0.21764438,0.08669929,7.789473684210529,16.75,0,0,0.375,0.431176797747612,adults
487,adults,,G,False,487__8018_9.jpg,../data/adults/stimuli_G/487__8018_9.jpg,a drawing of a man holding a umbrella over his head,,Stick figure holding a large umbrella with both hands,,5,0.425235569477081,0.48,40.0,umbrella,person(s),,1.0,1.0,2,1.0,4.15724823770383,2.611875,0.890509873268494,1,5,0.170233368873596,0.299698907118969,0.395107924938202,0.51749068703445,0.226885717314879,0.08391706,0.21028754,0.13617492,8.22222222222222,14.8888888888889,0,0,0.375,0.45261778473854053,adults
489,adults,,G,False,489__8039_9.jpg,../data/adults/stimuli_G/489__8039_9.jpg,a drawing of a bird standing on a post with a bird sitting on top of it,,Two abstract birds facing opposite directions on a perch-like structure,,4,0.696511745452881,0.64,82.0,bird(s),,,2.0,4.0,4,1.0,4.50567876794458,5.265625,0.779694808680316,3,10,0.195795893669128,0.398720860481262,0.501343876043326,0.70504908078205,0.279443812252543,0.16055234,0.42206535,0.20745012,74.0,22.3333333333333,1,0,1.0,0.6682558727264405,adults
492,adults,,G,False,492__8051_9.jpg,../data/adults/stimuli_G/492__8051_9.jpg,a drawing of a mushroom with a face drawn on it,,Mushroom-shaped house with a round top and spotted roof,,5,0.332577913999558,0.34,8.0,mushroom,house,,2.0,2.0,2,1.0,4.4372608392413,4.058125,0.888922155688623,5,10,0.170963406562805,0.420613144599607,0.443706095218658,0.616151805894069,0.289993310928974,0.1226598,0.15553252,0.09340367,5.69230769230769,19.1428571428571,0,0,0.5,0.336288956999779,adults
496,adults,,G,False,496__8093_9.jpg,../data/adults/stimuli_G/496__8093_9.jpg,a close up of a drawing of a person holding an umbrella,,Umbrella over a vase with scribbled text below,,4,0.591099202632904,0.52,51.0,umbrella,writing,,2.0,2.0,2,1.0,5.88711377766612,9.304375,0.474563887112978,3,13,0.148705533224013,0.334844768047333,0.342128694057465,0.778851517226574,0.453400933106208,0.11916616,0.27775633,0.2906888,8.22222222222222,10.3076923076923,0,0,0.5,0.555549601316452,adults
498,adults,,G,False,498__8105_9.jpg,../data/adults/stimuli_G/498__8105_9.jpg,a drawing of a cartoon elephant with a bow on its head,,Hard to interpret,,1,0.538374423980713,0.63,80.0,elephant,,,1.0,2.0,2,0.5,4.53513273368218,8.08125,0.618164830841857,1,15,0.248445153236389,0.458286746093236,0.628205202328848,0.586164660118804,0.287056654229567,0.0,0.25801623,0.15674579,74.0,9.57142857142857,1,0,0.5,0.5841872119903565,adults
502,adults,,G,False,502__8129_9.jpg,../data/adults/stimuli_G/502__8129_9.jpg,a drawing of a mushroom with eyes and a nose,,A simple line drawing of a spotted mushroom with a round cap,,5,0.255738347768784,0.27,1.0,mushroom,,,2.0,2.0,2,1.0,4.1305236729231,3.233125,0.961819467358001,5,4,0.106778621673584,0.188870739273472,0.250046230853981,0.547047564658702,0.301181867119251,0.042803936,0.16453788,0.0671229,5.69230769230769,7.88235294117647,0,0,0.5,0.262869173884392,adults
511,adults,,G,False,511__8150_9.jpg,../data/adults/stimuli_G/511__8150_9.jpg,a drawing of a brain with arrows pointing to the left,,Abstract representation of two symmetrical shapes with curved lines,,3,0.444438934326172,0.53,56.0,abstract doodle/hard to interpret,,,2.0,0.0,3,1.0,4.05143294355135,4.4075,0.567236375362786,4,4,0.163447737693787,0.387761056423187,0.388398730063362,0.486107027301837,0.301085478469104,0.15806177,0.31396502,0.24478729,4.7741935483871,6.09090909090909,1,1,0.375,0.487219467163086,adults
513,adults,,G,False,513__8161_9.jpg,../data/adults/stimuli_G/513__8161_9.jpg,a drawing of a person holding an umbrella with the word ot written on it,,Simple drawing of a mushroom with three circle spots on its cap,,5,0.30664187669754,0.27,1.0,mushroom,,,1.0,1.0,2,1.0,4.51666927418719,3.290625,0.93669314796425,3,6,0.121896803379059,0.226548112229946,0.278349258850492,0.582336389378208,0.252662861620978,0.046036102,0.17266604,0.09569161,5.69230769230769,7.88235294117647,0,0,0.375,0.28832093834877004,adults
517,adults,,G,False,517__8197_9.jpg,../data/adults/stimuli_G/517__8197_9.jpg,a drawing of a black and white umbrella with a black handle,,An umbrella drawn over an arrow pointing upwards,,5,0.391876310110092,0.39,20.0,umbrella,,,1.0,1.0,1,0.5,4.56814211219659,4.545,0.869828815977175,1,7,0.125645399093628,0.263079100526488,0.322031180737543,0.671613342433575,0.229311887434664,0.09845967,0.2401855,0.13986157,8.22222222222222,10.3076923076923,0,0,0.25,0.39093815505504603,adults
520,adults,,G,False,520__8220_9.jpg,../data/adults/stimuli_G/520__8220_9.jpg,a drawing of a person holding an umbrella with the word go,,A simple drawing of an umbrella,,4,0.265286654233933,0.28,1.0,mushroom,,,2.0,1.0,2,1.0,4.1894468065449,3.233125,0.940681025147395,2,8,0.0868497490882873,0.183036004991412,0.205664277076721,0.588247991145214,0.261207115007421,0.07990001,0.14228706,0.06363194,5.69230769230769,10.3076923076923,0,0,0.375,0.2726433271169665,adults
521,adults,,G,False,521__8232_9.jpg,../data/adults/stimuli_G/521__8232_9.jpg,a drawing of a couple holding hands under an umbrella,,"Two stick figures with umbrellas, raining hearts",,5,0.664181411266327,0.74,95.0,person(s),umbrella,rain,2.0,3.0,3,0.5,5.76077090541188,9.140625,0.831256609499287,27,11,0.177241444587708,0.325018922983471,0.390172403757942,0.705133624236375,0.399717854227773,0.077379435,0.27349263,0.20176928,7.789473684210529,14.8888888888889,0,0,0.75,0.7020907056331636,adults
522,adults,,G,False,522__8244_9.jpg,../data/adults/stimuli_G/522__8244_9.jpg,a drawing of a vase with three cookies in it,,Ice cream cone with three scoops and a waffle pattern,,5,0.586968898773193,0.52,52.0,palmtree,coconuts,,2.0,2.0,3,1.0,4.70086232822282,5.87125,0.960021501041457,4,7,0.202255415782008,0.350807885849711,0.498171180377672,0.601555275587844,0.370850997182043,0.2119927,0.26471683,0.21658596,148.0,6.09090909090909,0,0,0.625,0.5534844493865965,adults
524,adults,,G,False,524__8256_9.jpg,../data/adults/stimuli_G/524__8256_9.jpg,a drawing of a woman with a towel on her head,,Hard to interpret,,2,0.69020414352417,0.72,93.0,abstract doodle/hard to interpret,,,1.0,1.0,4,1.0,5.02852802553188,9.42125,0.449599108176478,14,13,0.248445153236389,0.458286746093236,0.628205202328848,0.697112967587444,0.279896163181275,0.0,0.30914092,0.17515445,4.7741935483871,9.57142857142857,1,1,0.625,0.7051020717620851,adults
529,adults,,G,False,529__8268_9.jpg,../data/adults/stimuli_G/529__8268_9.jpg,drawing of a pair of lungs with a man and a woman inside,,Line drawing of a brain split into two hemispheres,,5,0.656469345092773,0.72,93.0,brain,,,2.0,3.0,2,1.0,4.62872844791397,7.77625,0.839220218057579,2,9,0.159648706933932,0.336883048322291,0.410158276557922,0.688167048600788,0.297892406139318,0.17096956,0.38719767,0.21429029,148.0,6.09090909090909,0,0,0.625,0.6882346725463865,adults
530,adults,,G,False,530__8280_9.jpg,../data/adults/stimuli_G/530__8280_9.jpg,a drawing of a person with a bird on their shoulder,,A person with large wings and a square body shape,,3,0.587322592735291,0.61,74.0,person(s),,,2.0,2.0,3,1.0,4.76264169786442,6.496875,0.618320610687023,3,13,0.19288444519043,0.4108439508332,0.520076544289382,0.658502895098792,0.328290763883616,0.13494651,0.20691112,0.11345549,7.789473684210529,22.3333333333333,0,0,0.625,0.5986612963676454,adults
532,adults,,G,False,532__8304_9.jpg,../data/adults/stimuli_G/532__8304_9.jpg,a drawing of a black and white umbrella with a bird on it,,A mushroom with a spotted cap and a thick stem,,5,0.328023374080658,0.27,1.0,mushroom,,,2.0,2.0,2,1.0,4.85150470623304,4.41125,0.992500721084511,1,8,0.208302510279565,0.370089154544149,0.493553221225739,0.562378512452867,0.248941849773348,0.07653636,0.15941605,0.08101202,5.69230769230769,6.7,0,0,0.5,0.299011687040329,adults
533,adults,,G,False,533__8316_9.jpg,../data/adults/stimuli_G/533__8316_9.jpg,drawing of a black and white umbrella with a white background,,"A rectangle with an arc on top, resembling an umbrella",,4,0.356347620487213,0.36,11.0,abstract doodle/hard to interpret,,,1.0,1.0,1,1.0,6.29429326283626,5.728125,0.859851875966469,1,11,0.14049756526947,0.282620787620544,0.318089962005615,0.674426536095642,0.261468294876232,0.10432647,0.21428268,0.14897206,4.7741935483871,10.3076923076923,0,1,0.25,0.3581738102436065,adults
534,adults,,G,False,534__8327_9.jpg,../data/adults/stimuli_G/534__8327_9.jpg,a drawing of a mushroom with a man sitting under it,,Three mushrooms of varying sizes with circular patterns on caps,,5,0.4342080950737,0.4,23.0,mushroom,,,2.0,2.0,2,1.0,4.44650725222597,6.805,0.797002424509588,2,6,0.173621226929352,0.318881789412552,0.415775162451719,0.656738430152432,0.284007109964385,0.09641001,0.14231887,0.075198576,5.69230769230769,6.7,0,0,0.5,0.41710404753685004,adults
538,adults,,G,False,538__8349_9.jpg,../data/adults/stimuli_G/538__8349_9.jpg,a drawing of a bottle of perfume with a man ' s head,,Hard to interpret,,1,0.498106628656387,0.52,51.0,person(s),,,2.0,1.0,2,1.0,4.33583423124813,3.26,0.73374466065496,1,6,0.248445153236389,0.458286746093236,0.628205202328848,0.591257749564819,0.24523022549766,0.0,0.20337896,0.08641973,7.789473684210529,9.57142857142857,1,0,0.375,0.5090533143281935,adults
541,adults,,G,False,541__8371_9.jpg,../data/adults/stimuli_G/541__8371_9.jpg,a drawing of a mushroom with a candle on top of it,,Muffin with sprinkles and a number one candle on top,,5,0.657986283302307,0.63,80.0,cupcake,,,1.0,2.0,3,1.0,4.35880475646602,3.48875,0.740777338603426,12,11,0.226901292800903,0.362665295600891,0.522944152355194,0.636480030988184,0.368543214860511,0.2166458,0.32918537,0.19658107,148.0,6.09090909090909,0,0,0.625,0.6439931416511535,adults
542,adults,,G,False,542__8383_9.jpg,../data/adults/stimuli_G/542__8383_9.jpg,a drawing of a person with a umbrella over their head,,Mushroom with an insect face and two drawers below,,4,0.660459578037262,0.64,82.0,mushroom,creature,,2.0,2.0,4,1.0,6.30802721530749,9.02375,0.917058148032154,3,20,0.192798435688019,0.315066713992756,0.402974724769592,0.650378041028604,0.387332974424797,0.12295461,0.22169113,0.23275113,5.69230769230769,6.7,0,0,0.75,0.650229789018631,adults
543,adults,,G,False,543__8395_9.jpg,../data/adults/stimuli_G/543__8395_9.jpg,a drawing of a person holding an umbrella over a box,,Umbrella on top of a square pot or base,,4,0.43121013045311,0.5,46.0,umbrella,,,2.0,2.0,2,1.0,4.31955267968249,3.22375,0.867134589336289,1,7,0.173088669776917,0.293202694642782,0.381213366985321,0.605970452102948,0.253045573687847,0.12305667,0.19806206,0.1266168,8.22222222222222,10.3076923076923,0,0,0.5,0.465605065226555,adults
547,adults,,G,False,547__8431_9.jpg,../data/adults/stimuli_G/547__8431_9.jpg,a drawing of a cross with a umbrella on it,,A simple drawing of a mushroom with abstract patterns on the cap,,4,0.311745911836624,0.31,4.0,mushroom,,,2.0,1.0,2,1.0,4.29282239735556,3.686875,0.947458308217802,3,10,0.105506479740143,0.188766157292311,0.244714260101318,0.63822371531085,0.227934442432318,0.040791802,0.19023165,0.11900739,5.69230769230769,7.88235294117647,1,0,0.375,0.310872955918312,adults
549,adults,,G,False,549__8443_9.jpg,../data/adults/stimuli_G/549__8443_9.jpg,a black and white silhouette of a person jumping a pole,,Hard to interpret,,1,0.410926789045334,0.4,22.0,blank,,,1.0,0.0,1,0.0,4.35781931994859,1.784375,0.909671921602045,4,2,0.248445153236389,0.458286746093236,0.628205202328848,0.345955614345487,0.147141176163168,0.0,0.32876763,0.1580383,74.0,9.57142857142857,1,0,0.125,0.405463394522667,adults
551,adults,,G,False,551__8453_9.jpg,../data/adults/stimuli_G/551__8453_9.jpg,drawing of a man with a sign that says no standing,,Hard to interpret,,1,0.472696095705032,0.52,53.0,person(s),,,1.0,1.0,2,1.0,3.83132338585778,2.43875,0.592396741460626,5,4,0.248445153236389,0.458286746093236,0.628205202328848,0.445633496321719,0.16563610429387,0.0,0.23244557,0.117632344,7.789473684210529,9.57142857142857,1,0,0.375,0.496348047852516,adults
554,adults,,G,False,554__8477_9.jpg,../data/adults/stimuli_G/554__8477_9.jpg,a drawing of a mushroom with a long stem on a white background,,A simple drawing of a mushroom with a dome-shaped cap,,5,0.214011937379837,0.25,0.0,tracing,,,2.0,0.0,1,1.0,4.33256738277426,2.503125,0.902551101251783,1,6,0.11811500787735,0.211288726666233,0.26348865032196,0.670124069352723,0.228244333874489,0.03646139,0.2225581,0.097486,24.6666666666667,7.88235294117647,0,0,0.125,0.23200596868991852,adults
556,adults,,G,False,556__8488_9.jpg,../data/adults/stimuli_G/556__8488_9.jpg,a close up of a toilet with a no toilet sign above it,,Basketball approaching hoop with net below,,4,0.521334052085877,0.52,51.0,basketball basket,basketball,,2.0,3.0,3,1.0,4.66812925030177,3.906875,0.643897328444212,4,7,0.241748631000519,0.44126723531685,0.551565885543823,0.56580778718064,0.266192082128109,0.23156285,0.39533883,0.19569185,74.0,6.09090909090909,0,0,0.75,0.5206670260429385,adults
558,adults,,G,False,558__8500_9.jpg,../data/adults/stimuli_G/558__8500_9.jpg,a drawing of a hand holding a fan with the word ' tm ' written on it,,Hard to interpret,,2,0.432317405939102,0.45,34.0,abstract doodle/hard to interpret,,,2.0,1.0,1,0.5,4.97014197503482,4.97,0.850949534690172,1,6,0.248445153236389,0.458286746093236,0.628205202328848,0.525789212047367,0.228986989517223,0.0,0.29066223,0.14602521,4.7741935483871,9.57142857142857,1,1,0.25,0.441158702969551,adults
562,adults,,G,False,562__8519_9.jpg,../data/adults/stimuli_G/562__8519_9.jpg,a drawing of a smiley face with a black outline on a white background,,"Simple face with two eyes, no nose, smiling mouth",,4,0.41399884223938,0.34,9.0,face,,,2.0,1.0,1,0.0,3.5873588128364,2.34625,0.706413730803975,8,5,0.197900593280792,0.307464180063976,0.472963913469431,0.408458250380908,0.187032746551543,0.08051412,0.2599083,0.1295647,21.1428571428571,7.44444444444445,0,0,0.25,0.37699942111969,adults
563,adults,,G,False,563__8529_9.jpg,../data/adults/stimuli_G/563__8529_9.jpg,drawing of a man holding an umbrella in the rain,,Two stick figures under an umbrella in the rain,,5,0.571983933448792,0.55,61.0,umbrella,person(s),rain,2.0,3.0,3,1.0,4.65555752002241,6.926875,0.64136667257788,13,19,0.178226709365845,0.390727323017338,0.391568303108215,0.752622072343711,0.40150030944429,0.054736085,0.1802863,0.19502741,8.22222222222222,14.8888888888889,0,0,0.75,0.560991966724396,adults
564,adults,,G,False,564__8541_9.jpg,../data/adults/stimuli_G/564__8541_9.jpg,a drawing of a spaceship with a large head and a small body,,A flying saucer with antennas emitting beams of light,,5,0.747575700283051,0.71,92.0,ufo,,,2.0,3.0,4,1.0,4.75169968070696,8.73375,0.554842968971046,10,13,0.191109169059444,0.435960216401822,0.498658537864685,0.667293189754707,0.291534142943227,0.19113603,0.32054266,0.17643309,148.0,6.09090909090909,0,0,0.875,0.7287878501415255,adults
567,adults,,G,False,567__8577_9.jpg,../data/adults/stimuli_G/567__8577_9.jpg,a drawing of a man with a tie and a hat,,Hard to interpret,,2,0.504862666130066,0.52,51.0,abstract doodle/hard to interpret,,,2.0,0.0,2,1.0,4.62291125825028,6.22375,0.372105767913413,1,18,0.248445153236389,0.458286746093236,0.628205202328848,0.620348143241021,0.222790737686184,0.0,0.29571563,0.12625486,4.7741935483871,9.57142857142857,1,1,0.25,0.512431333065033,adults
568,adults,,G,False,568__8587_9.jpg,../data/adults/stimuli_G/568__8587_9.jpg,a drawing of a mushroom with a face drawn on it,,A smiling mushroom with large spots and a face,,4,0.357874572277069,0.37,16.0,mushroom,face,,2.0,2.0,2,1.0,4.21664299725778,3.739375,0.931743081371334,3,6,0.188227891921997,0.276208574432898,0.447996497154236,0.577669950017417,0.31310033147622,0.096826985,0.13859966,0.09366133,5.69230769230769,6.7,0,0,0.5,0.3639372861385345,adults
570,adults,,G,False,570__8598_9.jpg,../data/adults/stimuli_G/570__8598_9.jpg,a drawing of a t shirt with a large umbrella on it,,Mushroom with a large cap and wavy edges,,4,0.323904424905777,0.35,9.0,abstract doodle/hard to interpret,,,1.0,1.0,1,1.0,4.350647772578,3.475,0.87771800044833,1,8,0.174196362495422,0.378261409894311,0.480747044086456,0.735461572187047,0.225345867645497,0.08975154,0.19685665,0.12974885,4.7741935483871,6.7,0,1,0.25,0.3369522124528885,adults
575,adults,,G,False,575__8622_9.jpg,../data/adults/stimuli_G/575__8622_9.jpg,a drawing of a house with a sun above it,,A house inside a circle with the sun in the corner,,5,0.552231431007385,0.57,64.0,house,sun,,2.0,2.0,2,0.5,4.25657425562134,4.599375,0.549528691913345,5,7,0.197943973663807,0.418085557761358,0.463540895686772,0.490729148334345,0.33637548610072,0.15942873,0.22735961,0.20488234,74.0,19.1428571428571,0,0,0.5,0.5611157155036925,adults
577,adults,,G,False,577__8634_9.jpg,../data/adults/stimuli_G/577__8634_9.jpg,a drawing of a light bulb with a wire attached to it,,Simple abstract line drawing resembling a tree or parachute,,3,0.397227317094803,0.44,33.0,abstract doodle/hard to interpret,,,2.0,0.0,1,1.0,4.29948658875631,3.370625,0.989240955308584,1,9,0.0858893394470214,0.225122511386871,0.253351524672002,0.546046976695769,0.229644547169347,0.12417559,0.33644062,0.17494284,4.7741935483871,6.09090909090909,1,1,0.125,0.4186136585474015,adults
583,adults,,G,False,583__8658_9.jpg,../data/adults/stimuli_G/583__8658_9.jpg,a drawing of a person with a hat and a dress,,"Simple, smiling figure with a large head and abstract body",,3,0.497019112110138,0.53,55.0,person(s),,,2.0,2.0,2,1.0,4.23373041833083,4.561875,0.487048369519658,3,6,0.18603241443634,0.333833177914212,0.440537333488464,0.578941274183011,0.268974592284386,0.0973828,0.20061775,0.11155405,7.789473684210529,16.75,1,0,0.5,0.513509556055069,adults
584,adults,,G,False,584__8670_9.jpg,../data/adults/stimuli_G/584__8670_9.jpg,a drawing of a cat with a long nose and a tail,,"Animal face with big eyes and round ears, possibly a bear",,4,0.527301788330078,0.56,63.0,creature(s),,,1.0,1.0,2,1.0,4.04335523446908,3.75,0.720863451826914,5,3,0.219558166291822,0.369203310287097,0.492957323369819,0.574434597940544,0.251156426739361,0.12936142,0.28104326,0.14129746,21.1428571428571,16.75,0,0,0.375,0.5436508941650391,adults
587,adults,,G,False,587__8693_9.jpg,../data/adults/stimuli_G/587__8693_9.jpg,a drawing of a man holding an umbrella in the shape of a t,,Simple mushroom with scattered dots and a minimal smile,,5,0.335532963275909,0.37,14.0,creature(s),,,1.0,1.0,1,1.0,3.81110083065852,2.05625,0.9332528458089,12,6,0.150350144484629,0.229800476419953,0.322483599185944,0.592348709949482,0.272218956233151,0.09175911,0.2234302,0.09533283,21.1428571428571,6.7,0,0,0.25,0.3527664816379545,adults
588,adults,,G,False,588__8704_9.jpg,../data/adults/stimuli_G/588__8704_9.jpg,a drawing of a mushroom with a face on it,,Simple drawing of a mushroom with a spotted cap,,5,0.326781809329987,0.3,2.0,mushroom,,,2.0,2.0,2,1.0,5.15541582025852,4.77875,0.89387496607256,4,10,0.119278192520142,0.211552715645811,0.276567177567909,0.736847100471806,0.268924388989109,0.027011668,0.14079823,0.059037395,5.69230769230769,7.88235294117647,0,0,0.5,0.31339090466499353,adults
590,adults,,G,False,590__8728_9.jpg,../data/adults/stimuli_G/590__8728_9.jpg,drawing of a person with an umbrella on a white background,,Abstract shape resembling an umbrella with a geometric base,,3,0.397282958030701,0.38,18.0,abstract doodle/hard to interpret,,,2.0,0.0,1,1.0,3.8702264925658896,2.631875,0.824500665778961,1,8,0.11319421372482,0.305967787086003,0.314215540885925,0.619846212869939,0.221511913119326,0.087980315,0.2229166,0.12067127,4.7741935483871,10.3076923076923,1,1,0.125,0.3886414790153505,adults
591,adults,,G,False,591__8740_9.jpg,../data/adults/stimuli_G/591__8740_9.jpg,a drawing of a face with a frown drawn on it,,Simplified face with uneven eyes and a straight mouth,,4,0.360831439495087,0.39,21.0,abstract doodle/hard to interpret,,,1.0,0.0,2,0.5,4.44477259666045,4.223125,0.720543519574306,5,5,0.209253596707963,0.368453841461355,0.48660179892789,0.443087946394566,0.241822048139829,0.09676489,0.24750581,0.12302289,4.7741935483871,7.44444444444445,0,1,0.25,0.3754157197475435,adults
592,adults,,G,False,592__8752_9.jpg,../data/adults/stimuli_G/592__8752_9.jpg,a drawing of a man with a hat and glasses on,,"Abstract face with large eyebrows, small nose, and dotted cheeks",,4,0.464568883180618,0.52,52.0,abstract doodle/hard to interpret,,,1.0,1.0,2,0.0,4.08637383571508,4.07625,0.49041020464348,14,8,0.176234602928162,0.35420380098235,0.455763101577759,0.52161293921885,0.22881489076748,0.0957468,0.27545244,0.16373882,4.7741935483871,7.44444444444445,1,1,0.375,0.49228444159030904,adults
594,adults,,G,False,594__8774_9.jpg,../data/adults/stimuli_G/594__8774_9.jpg,cartoon drawing of a couple walking in the rain under an umbrella,,Two stick figures sharing an umbrella in the rain,,5,0.503118813037872,0.55,59.0,umbrella,person(s),rain,2.0,3.0,3,1.0,4.92125925733593,6.811875,0.789906103286385,10,17,0.177186846733093,0.390518170312588,0.397883236408234,0.764920344496555,0.426665061112839,0.06511371,0.17733952,0.17370869,8.22222222222222,14.8888888888889,0,0,0.75,0.5265594065189361,adults
598,adults,,G,False,598__8786_9.jpg,../data/adults/stimuli_G/598__8786_9.jpg,a drawing of a face with a number 60 on it,,Simple abstract face with large eyes and small nostrils,,4,0.471952259540558,0.49,43.0,creature(s),face,,1.0,1.0,2,1.0,3.81921903738554,2.65625,0.993212976788381,8,4,0.173039436340332,0.330817878246307,0.431173171470949,0.284117746841096,0.177430629068566,0.08049537,0.32945988,0.14221337,21.1428571428571,7.44444444444445,1,0,0.375,0.480976129770279,adults
601,adults,,G,False,601__8798_9.jpg,../data/adults/stimuli_G/601__8798_9.jpg,a drawing of a mushroom with a face drawn on it,,Simple mushroom with spots and a short stem,,5,0.259108662605286,0.28,1.0,mushroom,,,2.0,1.0,2,1.0,4.58839083689458,4.15875,0.854689952904239,5,9,0.178329278330248,0.357147495661601,0.435138463973999,0.648449121423054,0.279240467016222,0.07663388,0.13600038,0.08139382,5.69230769230769,6.7,0,0,0.375,0.269554331302643,adults
607,adults,,G,False,607__8830_9.jpg,../data/adults/stimuli_G/607__8830_9.jpg,a drawing of a house with a rainbow in the sky,,House with a rainbow over it and two clouds,,5,0.554780006408691,0.53,56.0,house,rainbow,clouds,2.0,3.0,2,1.0,4.50918478973949,5.6125,0.863514485645151,2,8,0.193434357643127,0.369776110940459,0.432399392127991,0.626123057725438,0.310734804780799,0.1459622,0.22884862,0.18837103,74.0,19.1428571428571,0,0,0.625,0.5423900032043455,adults
614,adults,,G,False,614__8854_9.jpg,../data/adults/stimuli_G/614__8854_9.jpg,drawing of a mushroom with a black outline on a white background,,A simple drawing of a mushroom with a spotted cap,,5,0.377793818712235,0.29,1.0,mushroom,,,2.0,2.0,2,1.0,4.2268100267509,3.746875,0.918693605335426,4,6,0.121620833873749,0.198546790903418,0.276543021202087,0.741358765165822,0.256805492506182,0.027256478,0.17882515,0.08015131,5.69230769230769,7.88235294117647,0,0,0.5,0.3338969093561175,adults
618,adults,,G,False,618__8898_9.jpg,../data/adults/stimuli_G/618__8898_9.jpg,a drawing of a person holding an umbrella with the word ' rain ' written on it,,Two stick figures under an umbrella with rain and clouds above,,5,0.583484351634979,0.49,43.0,umbrella,person(s),rain,2.0,2.0,3,1.0,4.59634992340179,7.099375,0.457366928082763,14,11,0.164197087287903,0.343917609207414,0.371756315231323,0.631830594328692,0.394158318627693,0.056026958,0.18807957,0.1763781,8.22222222222222,14.8888888888889,0,0,0.625,0.5367421758174895,adults
625,adults,,G,False,625__8917_9.jpg,../data/adults/stimuli_G/625__8917_9.jpg,a drawing of a mushroom with a t - shirt on it,,A simple drawing of a mushroom with a large cap,,5,0.28626874089241,0.31,4.0,abstract doodle/hard to interpret,,,2.0,0.0,2,1.0,4.85925429446273,3.3725,0.877646479566716,1,5,0.119988985060987,0.213346398274493,0.277192635703525,0.740436514778155,0.29023130110941,0.035841346,0.18633918,0.08817178,4.7741935483871,7.88235294117647,0,1,0.25,0.298134370446205,adults
632,adults,,G,False,632__8941_9.jpg,../data/adults/stimuli_G/632__8941_9.jpg,a drawing of a mushroom with a face drawn on it,,Mushroom with spots growing in grass,,5,0.289989322423935,0.41,26.0,mushroom,grass,,2.0,2.0,2,1.0,4.82400519438014,5.34375,0.883347552935702,5,8,0.220512449741364,0.454603460705486,0.491398811340332,0.636157634350749,0.308985931857816,0.10929231,0.1715088,0.06980239,5.69230769230769,6.7,0,0,0.5,0.3499946612119675,adults
634,adults,,G,False,634__8953_9.jpg,../data/adults/stimuli_G/634__8953_9.jpg,a drawing of a person with a hat and a jacket,,A simple humanoid figure with one long hair strand,,4,0.513582646846771,0.55,59.0,person(s),,,2.0,2.0,3,1.0,5.09425625410537,6.4425,0.629426368744283,4,12,0.179728865623474,0.3559621188618,0.462023973464966,0.68771051440616,0.321729711339688,0.11642083,0.20921321,0.11159118,7.789473684210529,7.44444444444445,0,0,0.625,0.5317913234233855,adults
635,adults,,G,False,635__8965_9.jpg,../data/adults/stimuli_G/635__8965_9.jpg,a drawing of a man ' s head with a tie on it,,Abstract shape resembling a mushroom with a circular top,,3,0.284354776144028,0.23,0.0,tracing,,,2.0,0.0,0,1.0,4.03516044929148,2.23,0.788171206225681,1,3,0.120499901741747,0.261757367410421,0.351070204313384,0.515028518460467,0.231555337089189,0.074681446,0.32161555,0.19644825,24.6666666666667,6.7,1,0,0.0,0.257177388072014,adults
680,adults,,G,False,680__396_9.jpg,../data/adults/stimuli_G/680__396_9.jpg,drawing of a man with an umbrella in the shape of a man,,"Simple stick figure with circular head and line arms, possibly holding something",,3,0.381265699863434,0.41,26.0,person(s),,,1.0,0.0,2,1.0,3.9661975828977294,2.616875,0.786476868327402,4,7,0.143571964289427,0.270593122875279,0.355816045056816,0.514250278882453,0.242427483730414,0.08694954,0.23147976,0.09495948,7.789473684210529,16.75,0,0,0.25,0.395632849931717,adults
681,adults,,G,False,681__406_9.jpg,../data/adults/stimuli_G/681__406_9.jpg,drawing of a man holding an umbrella with a stick in his hand,,Stick figure holding an umbrella over its head,,4,0.420481562614441,0.44,31.0,abstract doodle/hard to interpret,,,1.0,1.0,1,0.5,4.36551962802979,3.685625,0.893575533661741,1,8,0.163041949272156,0.279652335633407,0.353223423755867,0.638401509089297,0.237516830112099,0.079531096,0.17648646,0.13484558,4.7741935483871,14.8888888888889,0,1,0.25,0.4302407813072205,adults
685,adults,,G,False,685__411_9.jpg,../data/adults/stimuli_G/685__411_9.jpg,a drawing of a shirt with dots on it,,Simple line drawing of an umbrella or mushroom with dots,,4,0.265429735183716,0.25,0.0,abstract doodle/hard to interpret,,,1.0,0.0,0,1.0,3.24436807446546,1.581875,0.898616600790514,12,4,0.0476821660995483,0.111316773632668,0.139470219612122,0.381728450579622,0.244669950358972,0.070970066,0.24713895,0.18716212,4.7741935483871,7.88235294117647,0,1,0.0,0.257714867591858,adults
720,adults,,G,False,720__8991_9.jpg,../data/adults/stimuli_G/720__8991_9.jpg,a drawing of an elephant with a big tusk,,Line drawing of an elephant's head with large ears,,5,0.570496797561646,0.53,55.0,elephant,,,1.0,1.0,3,1.0,4.41880357103596,5.3675,0.484943951937871,9,8,0.154889047145844,0.282873847570236,0.357289493083954,0.712346125709302,0.298727107731265,0.14024873,0.47771698,0.16543391,74.0,16.75,0,0,0.5,0.550248398780823,adults
733,adults,,G,False,733__6606_9.jpg,../data/adults/stimuli_G/733__6606_9.jpg,a drawing of a black and white umbrella with a line drawing of a line,,A simplistic drawing of a jellyfish or an umbrella with two legs,,4,0.313688576221466,0.3,2.0,umbrella,,,1.0,0.0,0,0.5,3.40315362065843,1.64625,0.970739748609108,3,4,0.0831349541625336,0.166649316747466,0.207748127445466,0.426452084541068,0.140485425345728,0.110306695,0.271968,0.12733221,8.22222222222222,16.75,0,0,0.0,0.306844288110733,adults
737,adults,,G,False,737__6654_9.jpg,../data/adults/stimuli_G/737__6654_9.jpg,a black and white drawing of a tree with a bird on it,,A house surrounded by branches protruding from a dome shape,,3,0.595594167709351,0.58,68.0,abstract doodle/hard to interpret,,,1.0,1.0,4,1.0,4.37031845867752,4.791875,0.750697822792886,2,6,0.182239868373881,0.397501093074712,0.463119745254517,0.508603869759496,0.245169184685573,0.1497315,0.26493484,0.14529522,4.7741935483871,19.1428571428571,0,1,0.625,0.5877970838546756,adults
738,adults,,G,False,738__6666_9.jpg,../data/adults/stimuli_G/738__6666_9.jpg,drawing of a man with an umbrella over his head,,Person with square face wearing a hat with a ball on top,,4,0.65283077955246,0.62,78.0,person(s),hat,,2.0,2.0,4,1.0,4.6393521582614,6.15875,0.735589635113697,5,14,0.206741499498992,0.404245835669214,0.565339297056198,0.653096389633394,0.270331664434877,0.14176007,0.22354683,0.13621293,7.789473684210529,7.44444444444445,0,0,0.75,0.63641538977623,adults
914,adults,,G,False,914__9371_9.jpg,../data/adults/stimuli_G/914__9371_9.jpg,drawing of a man holding an umbrella over a building with a sign,,Two stick figures holding a giant mushroom with falling particles,,4,0.605134844779968,0.55,61.0,shower,persons,mushroom,1.0,2.0,3,1.0,4.42347538022778,5.979375,0.716597925259343,38,7,0.166093468666077,0.323357442717476,0.405438601970673,0.567295891769893,0.3593147087031,0.12318678,0.21264109,0.20880704,148.0,6.7,0,0,0.625,0.577567422389984,adults
915,adults,,G,False,915__9383_9.jpg,../data/adults/stimuli_G/915__9383_9.jpg,a black and white drawing of a mushroom with a tag,,Black and white drawing of a mushroom with a spotted cap,,4,0.177515745162964,0.32,5.0,abstract doodle/hard to interpret,,,1.0,1.0,2,1.0,4.68599960960622,4.334375,0.974277429613694,7,10,0.13650107383728,0.240639499483061,0.322006106376648,0.801639292538134,0.299292898901824,0.046027828,0.22516532,0.08594236,4.7741935483871,7.88235294117647,0,1,0.375,0.24875787258148202,adults
916,adults,,G,False,916__9395_9.jpg,../data/adults/stimuli_G/916__9395_9.jpg,a drawing of a guitar with a cage in the middle,,A musical instrument-like shape with strings and circular elements,,3,0.608384072780609,0.76,96.0,guitar,,,2.0,4.0,4,1.0,5.18258784632214,8.283125,0.703546251950708,5,24,0.178638875484467,0.367961786267863,0.478321775147968,0.79344584174687,0.257198041234808,0.16253123,0.6507515,0.20965123,148.0,6.09090909090909,0,0,1.0,0.6841920363903045,adults
920,adults,,G,False,920__9443_9.jpg,../data/adults/stimuli_G/920__9443_9.jpg,a drawing of a picture of a trash can with a trash can in it,,"The drawing shows the word ""Trash"" above a scribbled square",,5,0.53801840543747,0.57,65.0,trashcan,,,1.0,2.0,3,0.5,9.33538896475633,17.3875,0.519610503150342,9,41,0.163787424564362,0.330943326084117,0.432639863052359,0.684768554518821,0.391845099650575,0.17131236,0.37442607,0.29742855,148.0,6.09090909090909,0,0,0.625,0.554009202718735,adults
938,adults,,G,False,938__7047_9.jpg,../data/adults/stimuli_G/938__7047_9.jpg,a close up of a black and white drawing of a mushroom,,Simple drawing of a mushroom or a dome-shaped object,,5,0.214507460594177,0.25,0.0,tracing,,,2.0,0.0,0,1.0,6.75670532481141,3.819375,0.873905873398452,1,7,0.0820562790598686,0.181910872459412,0.222811891008131,0.587176613853324,0.211103850323355,0.056064643,0.3015069,0.11517024,24.6666666666667,7.88235294117647,0,0,0.0,0.2322537302970885,adults
978,adults,,G,False,978__7095_9.jpg,../data/adults/stimuli_G/978__7095_9.jpg,a drawing of a dog with a nose and nose,,Hard to interpret,,2,0.594560742378235,0.57,67.0,abstract doodle/hard to interpret,,,1.0,2.0,3,1.0,4.51715344545555,7.74625,0.370998903451517,6,12,0.248445153236389,0.458286746093236,0.628205202328848,0.578538781990635,0.235747714779154,0.0,0.36045927,0.13656309,4.7741935483871,9.57142857142857,1,1,0.625,0.5822803711891175,adults
981,adults,,G,False,981__7119_9.jpg,../data/adults/stimuli_G/981__7119_9.jpg,a drawing of a bunch of items that are on a table,,"Banana, watermelon slice, pineapple, and pear drawn simply",,5,0.626976847648621,0.69,90.0,fruit,,,2.0,4.0,4,1.0,4.84810270038232,8.85875,0.517535141275025,8,16,0.12204586732114,0.233750453628637,0.369421720504761,0.725785903744509,0.347240183508057,0.14643596,0.4181614,0.21643385,148.0,6.09090909090909,0,0,1.0,0.6584884238243105,adults
987,adults,,G,False,987__9677_9.jpg,../data/adults/stimuli_G/987__9677_9.jpg,a drawing of a pair of scissors with a tear coming out of them,,Hard to interpret,,2,0.496984004974365,0.52,53.0,abstract doodle/hard to interpret,,,2.0,1.0,2,0.5,4.52716620316074,7.459375,0.677913271723082,9,16,0.248445153236389,0.458286746093236,0.628205202328848,0.638809035975403,0.255171021991694,0.0,0.343661,0.19580251,4.7741935483871,9.57142857142857,1,1,0.375,0.5084920024871825,adults
991,adults,,G,False,991__7221_9.jpg,../data/adults/stimuli_G/991__7221_9.jpg,a drawing of a cat with a nose and a nose ring,,Drawing of a cat's face with whiskers and pointed ears,,5,0.619117856025696,0.62,76.0,cat,,,2.0,2.0,3,1.0,4.54888048960331,7.80375,0.644013439218082,8,14,0.194745421409607,0.320678234100342,0.459360035696027,0.739482890401713,0.295069874103704,0.13062504,0.3577412,0.1493955,148.0,16.75,0,0,0.625,0.619558928012848,adults
992,adults,,G,False,992__7232_9.jpg,../data/adults/stimuli_G/992__7232_9.jpg,drawing of a man holding an umbrella over a broken glass,,Person relaxing on a lounge chair under an umbrella on the beach,,5,0.63949316740036,0.64,82.0,umbrella,person(s),sunbed,2.0,4.0,3,1.0,4.71243545333017,6.12,0.635621667873363,20,14,0.205306565919714,0.444716675422092,0.526924969370661,0.590337078658234,0.323476520584831,0.15499458,0.2552901,0.19818294,8.22222222222222,22.3333333333333,0,0,0.875,0.63974658370018,adults
1621,adults,,G,False,1621__1233_9.jpg,../data/adults/stimuli_G/1621__1233_9.jpg,a drawing of a boat with a skull and crossbone on it,,Boat with pirate flag on ocean at sunset,,5,0.675814688205719,0.75,96.0,pirate ship,sun,water,2.0,3.0,3,1.0,4.76038616896115,10.413125,0.411511384062313,10,22,0.221784757269336,0.469386696815491,0.543650299310684,0.665454811611736,0.391349697902977,0.19437811,0.40579104,0.24919513,148.0,22.3333333333333,0,0,0.75,0.7129073441028595,adults
1622,adults,,G,False,1622__7239_9.jpg,../data/adults/stimuli_G/1622__7239_9.jpg,a drawing of a butterfly with a long tail and a long tail,,Simplified drawing resembling a butterfly or skull with antennae,,3,0.57068657875061,0.54,57.0,abstract doodle/hard to interpret,,,1.0,1.0,2,1.0,4.29579223504885,4.348125,0.647043767596621,1,10,0.125731877938992,0.285308339753995,0.350537180900574,0.644688249780052,0.267449402573485,0.1249396,0.37348825,0.19951898,4.7741935483871,6.09090909090909,0,1,0.375,0.555343289375305,adults
1626,adults,,G,False,1626__1256_9.jpg,../data/adults/stimuli_G/1626__1256_9.jpg,a close up of a drawing of a bird on a wire,,A bird-like figure with wings extended and two legs,,4,0.582914113998413,0.73,94.0,bird,,,2.0,3.0,3,1.0,13.0647577685806,12.89,0.822723323592133,1,9,0.192387867427594,0.307915070888849,0.481916308403015,0.76886709631514,0.319514947546276,0.13327271,0.40572792,0.17244677,74.0,22.3333333333333,0,0,0.75,0.6564570569992065,adults
1663,adults,,G,False,1663__1266_9.jpg,../data/adults/stimuli_G/1663__1266_9.jpg,a drawing of a bird with a tie on its head,,Abstract shape resembling a creature with teeth and an eye,,3,0.602938413619995,0.6,73.0,fish,,,1.0,2.0,3,1.0,4.47932368506417,4.469375,0.669670180210813,3,6,0.162136366240001,0.324265856997123,0.421173453330994,0.583821068360903,0.257773092636353,0.12198274,0.30274996,0.14153083,148.0,6.09090909090909,1,0,0.625,0.6014692068099975,adults
1664,adults,,G,False,1664__1276_9.jpg,../data/adults/stimuli_G/1664__1276_9.jpg,a drawing of a person with a white shirt and pants,,"Smiling person with curly hair, wearing a polka-dot shirt and pants",,5,0.68065333366394,0.61,75.0,person(s),,,2.0,2.0,4,1.0,4.64648466119035,6.888125,0.647100734407541,14,8,0.221845924854279,0.41709882769872,0.582922165568003,0.656414838886788,0.340149905886588,0.15207683,0.2512837,0.15618965,7.789473684210529,7.44444444444445,0,0,0.75,0.6453266668319699,adults
1665,adults,,G,False,1665__1286_9.jpg,../data/adults/stimuli_G/1665__1286_9.jpg,a drawing of two flamingos standing next to each other,,"Two birds standing closely with wings spread, facing each other",,4,0.602052390575409,0.62,78.0,birds,,,2.0,2.0,4,1.0,4.30199220744385,3.850625,0.602645198389879,1,6,0.242444611860651,0.447170582245026,0.566326307246873,0.685099640312795,0.249262243214303,0.17536092,0.39688346,0.18219814,148.0,22.3333333333333,0,0,0.75,0.6110261952877045,adults
1666,adults,,G,False,1666__1295_9.jpg,../data/adults/stimuli_G/1666__1295_9.jpg,a drawing of a letter g with a face made out of a piece of paper,,Simple face with two triangular eyes and a square nose,,4,0.349867522716522,0.37,15.0,abstract doodle/hard to interpret,,,2.0,0.0,1,1.0,4.21766469919943,3.6375,0.668420509646136,4,10,0.206352233886719,0.36114087121797,0.477619274783709,0.476579860073102,0.260703811112943,0.093073994,0.24406907,0.14394449,4.7741935483871,7.44444444444445,0,1,0.125,0.359933761358261,adults
1667,adults,,G,False,1667__1307_9.jpg,../data/adults/stimuli_G/1667__1307_9.jpg,drawing of a beach umbrella and a bottle of water,,Sun shining on beach umbrella and lounge chair,,5,0.58341383934021,0.6,72.0,parasol,person(s),sun,2.0,2.0,2,1.0,4.27216578337573,4.753125,0.571821305841924,5,5,0.184102058410645,0.434047818183899,0.463432252407074,0.60274848815976,0.288224336765056,0.1406617,0.22949028,0.16384682,148.0,22.3333333333333,0,0,0.5,0.591706919670105,adults
1675,adults,,G,False,1675__9725_9.jpg,../data/adults/stimuli_G/1675__9725_9.jpg,a drawing of a rainbow and a person holding a umbrella,,Stick figure under a rainbow with clouds,,5,0.629632830619812,0.74,95.0,rainbow,person(s),cloud,2.0,3.0,3,1.0,5.93889303560123,14.575625,0.548973192326611,3,25,0.155712297218303,0.283967669364897,0.379994809627533,0.670135538744738,0.308275015467537,0.10592055,0.40070477,0.17216441,74.0,19.1428571428571,0,0,0.75,0.684816415309906,adults
1676,adults,,G,False,1676__9737_9.jpg,../data/adults/stimuli_G/1676__9737_9.jpg,drawing of a man holding an umbrella with a white background,,A mushroom with dotted lines above it,,5,0.373024016618729,0.32,5.0,umbrella,rain,,1.0,1.0,0,1.0,4.23847592691103,3.471875,0.608866884212895,10,8,0.121602892875671,0.260811068439813,0.319194455098774,0.565076970467536,0.248568126227639,0.074646205,0.20482907,0.11962201,8.22222222222222,6.7,0,0,0.125,0.3465120083093645,adults
1740,adults,,G,False,1740__1329_9.jpg,../data/adults/stimuli_G/1740__1329_9.jpg,drawing of a mushroom with letters coming out of it,,Mushroom with small spots on the cap,,5,0.28803426027298,0.27,1.0,mushroom,,,2.0,2.0,2,1.0,4.23922402053837,3.441875,0.978910555320051,8,7,0.208982229232788,0.391033512086675,0.505595117807388,0.523858503088613,0.280239876837767,0.07637127,0.19695966,0.084089324,5.69230769230769,6.7,0,0,0.5,0.27901713013649,adults
1741,adults,,G,False,1741__368_9.jpg,../data/adults/stimuli_G/1741__368_9.jpg,a drawing of a cat with a face and legs,,Simplified drawing of a cat with large body and short legs,,4,0.587877511978149,0.53,54.0,pig from behind,,,1.0,2.0,4,1.0,3.99172050791575,2.66375,0.900885423549623,2,6,0.175323535482671,0.318331340501646,0.407509505748749,0.548428711824547,0.26451528581012,0.14379637,0.2318279,0.14492823,148.0,16.75,0,0,0.75,0.5589387559890745,adults
1743,adults,,G,False,1743__1355_9.jpg,../data/adults/stimuli_G/1743__1355_9.jpg,a drawing of a drawing of a house with a sun in the background,,"Stick figure under arch, suspended by ropes or wires",,3,0.59707123041153,0.63,79.0,person(s),beach,sun,2.0,2.0,2,1.0,4.72883346150027,4.5825,0.813926840017629,2,12,0.163910150527954,0.347798685663899,0.450971646635879,0.405834527376852,0.258451234695272,0.11994684,0.34243527,0.20171793,7.789473684210529,6.09090909090909,0,0,0.5,0.6135356152057649,adults
1744,adults,,G,False,1744__1365_9.jpg,../data/adults/stimuli_G/1744__1365_9.jpg,a drawing of a pair of elephants standing next to each other,,Hard to interpret,,2,0.355804949998856,0.4,23.0,abstract doodle/hard to interpret,,,2.0,0.0,0,1.0,3.97261776219919,2.716875,0.988555078683834,2,6,0.248445153236389,0.458286746093236,0.628205202328848,0.459201720769597,0.202778480997228,0.0,0.27969542,0.19085939,4.7741935483871,9.57142857142857,1,1,0.0,0.377902474999428,adults
1748,adults,,G,False,1748__1375_9.jpg,../data/adults/stimuli_G/1748__1375_9.jpg,a drawing of a mushroom with a face drawn on it,,A large mushroom with a dotted cap on a patch of ground,,5,0.232581302523613,0.32,4.0,mushroom,,,2.0,2.0,2,1.0,4.60043531239937,4.43125,0.708953931416696,14,10,0.18615703665274,0.313854673917731,0.426105260848999,0.713134818061537,0.299893245276303,0.0841805,0.19083598,0.09948249,5.69230769230769,6.7,0,0,0.5,0.2762906512618065,adults
1749,adults,,G,False,1749__1381_9.jpg,../data/adults/stimuli_G/1749__1381_9.jpg,a drawing of a umbrella with a bird on it,,Umbrella and a smaller shape resembling another umbrella underneath,,4,0.471840232610703,0.47,39.0,robot,,,1.0,2.0,1,1.0,4.12143660291634,3.42875,0.98209611558999,2,8,0.138225018978119,0.348824581433807,0.330980757802151,0.650730845390796,0.24907831459396,0.102581665,0.18683061,0.13598382,148.0,10.3076923076923,0,0,0.375,0.47092011630535147,adults
1750,adults,,G,False,1750__385_9.jpg,../data/adults/stimuli_G/1750__385_9.jpg,a drawing of a pole with a pole in the middle of it,,Hard to interpret,,3,0.399629682302475,0.47,39.0,umbrella,,,1.0,0.0,0,0.5,3.89855852238587,2.145,0.683704054267235,11,7,0.248445153236389,0.458286746093236,0.628205202328848,0.425356289143517,0.186363932245255,0.0,0.3184119,0.15391092,8.22222222222222,9.57142857142857,1,0,0.0,0.4348148411512375,adults
1751,adults,,G,False,1751__1400_9.jpg,../data/adults/stimuli_G/1751__1400_9.jpg,a drawing of a mushroom with a face drawn on it,,Mushroom with swirly patterns on the cap,,5,0.15155503153801,0.28,1.0,mushroom,,,2.0,1.0,2,1.0,4.67354937554359,4.12375,0.868331220130693,4,7,0.169367372989655,0.317246754005357,0.442024350166321,0.780971271043616,0.286737703034855,0.07767731,0.14430095,0.06705455,5.69230769230769,6.7,0,0,0.375,0.215777515769005,adults
1753,adults,,G,False,1753__1411_9.jpg,../data/adults/stimuli_G/1753__1411_9.jpg,a drawing of a mushroom house with a chinese writing underneath it,,"Mushroom-shaped house with ""Hobbit House"" written, two stick figures beside it",,5,0.501874029636383,0.54,58.0,mushroom,house,person(s),2.0,2.0,3,1.0,4.719443253369,5.576875,0.928774321829286,6,6,0.165187239646912,0.354147076606751,0.399357199668884,0.645009921425688,0.442555591425261,0.14602838,0.17943676,0.25641418,5.69230769230769,19.1428571428571,0,0,0.625,0.5209370148181915,adults
1755,adults,,G,False,1755__1420_9.jpg,../data/adults/stimuli_G/1755__1420_9.jpg,a drawing of a light bulb with a wire coming out of it,,"Light bulb emitting rays in a simplified, line drawing",,5,0.478910207748413,0.58,68.0,light bulb,,,2.0,3.0,3,1.0,4.60277544701558,5.44125,0.417719731733145,9,13,0.144348621368408,0.313221631636167,0.329704205411421,0.611328046920491,0.267897441087595,0.16222355,0.48679668,0.19481668,148.0,6.09090909090909,0,0,0.75,0.5294551038742065,adults
16,adults,,I,False,16__3474_11.jpg,../data/adults/stimuli_I/16__3474_11.jpg,a drawing of a ghost with eyes drawn on it,,Ghost-like figure with two large eyes and a jagged bottom,,5,0.489569276571274,0.5,47.0,ghost,,,2.0,2.0,2,1.0,8.55205186286038,5.73625,0.810924369747899,3,4,0.210930871311969,0.398170614133513,0.467840464839907,0.588013653000029,0.358886849886543,0.15331951,0.23264723,0.29515988,148.0,8.33333333333333,0,0,0.5,0.494784638285637,adults
21,adults,,I,False,21__3509_11.jpg,../data/adults/stimuli_I/21__3509_11.jpg,a black and white drawing of a church with a cross on top,,"A building with a cross on top, possibly a church",,4,0.427230209112167,0.45,33.0,church,,,2.0,2.0,2,1.0,3.95388271603363,2.055,0.788215675375208,2,8,0.201670873065537,0.379311107356017,0.441596865653992,0.384343931797685,0.196478059814347,0.08872338,0.27125296,0.1343703,49.33333333333329,6.94444444444445,0,0,0.5,0.43861510455608355,adults
26,adults,,I,False,26__3554_11.jpg,../data/adults/stimuli_I/26__3554_11.jpg,a drawing of a man with a hat on top of a pole,,Hard to interpret,,2,0.461193114519119,0.47,38.0,abstract doodle/hard to interpret,,,1.0,1.0,0,1.0,4.24583444562961,3.144375,0.821701662823158,2,9,0.240361988544464,0.490069850983317,0.602184581496167,0.522637831330125,0.277173306894687,0.0,0.22889578,0.12940808,4.11111111111111,5.20833333333333,1,1,0.125,0.4655965572595595,adults
27,adults,,I,False,27__5150_11.jpg,../data/adults/stimuli_I/27__5150_11.jpg,a close up of a black and white drawing of a spider,,Box with a stick figure-like shape on top and lines resembling a bow,,3,0.535638093948364,0.47,39.0,crab,,,2.0,4.0,3,1.0,4.91359308023287,4.300625,0.946486076908505,1,8,0.16623842716217,0.343640665520449,0.356623807154666,0.714378306145996,0.284587770175079,0.13397355,0.51275325,0.18696247,148.0,7.8125,0,0,0.875,0.502819046974182,adults
32,adults,,I,False,32__3578_11.jpg,../data/adults/stimuli_I/32__3578_11.jpg,a drawing of a man holding a sign with his hands,,Simple outline of a person with raised arms and legs,,5,0.435797333717346,0.43,30.0,person(s),,,2.0,1.0,2,1.0,4.16774664901606,3.581875,0.271814123376623,1,7,0.168535997358798,0.292876282122024,0.372402824616263,0.509870879696055,0.282835431362609,0.13695166,0.32990542,0.16374746,11.3846153846154,5.20833333333333,0,0,0.375,0.432898666858673,adults
44,adults,,I,False,44__3662_11.jpg,../data/adults/stimuli_I/44__3662_11.jpg,a drawing of a person holding a sign with a sun in it,,"Person with speech bubble saying ""Praise the Sun"" under a sun",,5,0.620882630348206,0.67,87.0,abstract doodle/hard to interpret,writing,,1.0,1.0,2,1.0,4.94735357204526,8.3,0.466335007727975,1,19,0.231161103775434,0.422440988494187,0.569386031068203,0.613352131333862,0.365828792423932,0.18179847,0.27898002,0.1873349,4.11111111111111,10.4166666666667,0,1,0.375,0.645441315174103,adults
46,adults,,I,False,46__3685_11.jpg,../data/adults/stimuli_I/46__3685_11.jpg,a drawing of a tombstone with a long curved top,,Outline of a thumb or nail-like shape,,3,0.298156380653381,0.26,0.0,tracing,,,2.0,0.0,0,1.0,4.59798532419739,3.149375,0.736608888309657,1,10,0.166711022453842,0.268281817436218,0.40765962555053,0.457847090340717,0.194428199459548,0.15566906,0.17502293,0.14258313,11.3846153846154,5.20833333333333,0,0,0.0,0.2790781903266905,adults
62,adults,,I,False,62__3707_11.jpg,../data/adults/stimuli_I/62__3707_11.jpg,a black and white drawing of a tall building with a clock on it,,Simple tower-like structure with dots scattered throughout,,3,0.50154459476471,0.64,81.0,abstract doodle/hard to interpret,,,1.0,1.0,0,1.0,4.7466419914358,4.284375,0.867238267148014,11,16,0.175590038299561,0.396442633761246,0.391348636666021,0.615061858246148,0.291513897821022,0.1419112,0.46701765,0.19099626,4.11111111111111,7.8125,0,1,0.125,0.570772297382355,adults
66,adults,,I,False,66__3731_11.jpg,../data/adults/stimuli_I/66__3731_11.jpg,a drawing of a bottle of water with a rope around it,,Hard to interpret,,1,0.567659378051758,0.61,75.0,abstract doodle/hard to interpret,,,1.0,1.0,1,1.0,4.38758680653984,4.663125,0.710170051180452,1,8,0.240361988544464,0.490069850983317,0.602184581496167,0.533687813461256,0.292614354456732,0.0,0.27624214,0.13732335,4.11111111111111,5.20833333333333,1,1,0.25,0.5888296890258791,adults
85,adults,,I,False,85__3787_11.jpg,../data/adults/stimuli_I/85__3787_11.jpg,a drawing of a padlock with a key in it,,Padlock with a keyhole on the front,,4,0.439590454101563,0.45,35.0,lock,,,2.0,2.0,2,1.0,4.04949221644819,2.668125,0.811814345991561,2,8,0.154895117587141,0.336737493775412,0.378555573311115,0.451880710763451,0.188141426803045,0.1672034,0.22998834,0.102973685,49.33333333333329,25.0,0,0,0.5,0.4447952270507815,adults
103,adults,,I,False,103__3833_11.jpg,../data/adults/stimuli_I/103__3833_11.jpg,a drawing of a cartoon oven with a pot on the stove,,A dome-shaped robot with buttons or lights and a central screen,,4,0.542001843452454,0.64,83.0,robot,,,1.0,1.0,1,1.0,4.7079246320316,5.163125,0.725490196078431,8,16,0.212938951674761,0.465482711791992,0.543238637254319,0.536648106898034,0.349560006196788,0.14216538,0.2046957,0.18175927,49.33333333333329,20.8333333333333,0,0,0.25,0.591000921726227,adults
110,adults,,I,False,110__3847_11.jpg,../data/adults/stimuli_I/110__3847_11.jpg,a drawing of a building with a flag on top of it,,A domed building with columns and a flag on top,,4,0.560276865959168,0.67,87.0,building,flag,,2.0,2.0,3,1.0,4.67469436204879,6.565625,0.604038630377524,2,20,0.213793694972992,0.454026086748424,0.482085139627149,0.682516648778273,0.323950529831678,0.079119496,0.2825067,0.17869194,29.6,6.94444444444445,0,0,0.625,0.615138432979584,adults
113,adults,,I,False,113__3869_11.jpg,../data/adults/stimuli_I/113__3869_11.jpg,a drawing of a jar with a name on it,,"Container with the word ""PAINT"" written on it",,5,0.422716021537781,0.46,37.0,paint,,,1.0,1.0,1,1.0,3.8870547684532,2.538125,0.955890486725664,4,6,0.1991206407547,0.402446890023164,0.505516946315765,0.390240492148989,0.367188770439177,0.16403893,0.209856,0.25058487,148.0,7.8125,0,0,0.25,0.4413580107688905,adults
138,adults,,I,False,138__5326_11.jpg,../data/adults/stimuli_I/138__5326_11.jpg,a black and white drawing of a person walking through a window,,"Stick figure under a dome or arch, surrounded by lines",,4,0.507910788059235,0.61,76.0,person(s),abstract doodle/hard to interpret,,1.0,1.0,1,1.0,4.17925517949425,2.91625,0.975137431284358,4,7,0.138687252998352,0.250085629525352,0.312051795476456,0.360489982946991,0.292568818401362,0.12282489,0.18818422,0.15821084,11.3846153846154,5.20833333333333,0,0,0.25,0.5589553940296175,adults
140,adults,,I,False,140__3911_11.jpg,../data/adults/stimuli_I/140__3911_11.jpg,a drawing of a cartoon character holding a sign,,Cartoonish figure resembling a fish with a large head and small fins,,4,0.469930291175842,0.56,64.0,fish,,,2.0,2.0,3,1.0,4.51446440051603,3.820625,0.4752,1,6,0.225403487682343,0.423433729121122,0.49586933900483,0.61127131217458,0.339295553941628,0.13241443,0.26692623,0.17008492,148.0,8.33333333333333,0,0,0.625,0.5149651455879211,adults
157,adults,,I,False,157__3923_11.jpg,../data/adults/stimuli_I/157__3923_11.jpg,a close up of a drawing of a face with a line in the middle,,"Abstract lines and shapes, possibly geometric and organic forms",,4,0.34150356054306,0.32,5.0,abstract doodle/hard to interpret,,,1.0,0.0,0,1.0,3.88981147044411,2.399375,0.940423654015887,1,6,0.132492125034332,0.293125348873456,0.401699697870033,0.399611286477602,0.170512305645406,0.11046083,0.23048958,0.13963552,4.11111111111111,5.20833333333333,1,1,0.0,0.33075178027153,adults
174,adults,,I,False,174__3968_11.jpg,../data/adults/stimuli_I/174__3968_11.jpg,a drawing of a man and woman sitting under an umbrella,,Two people sitting at a table under a lamp,,4,0.667659282684326,0.76,96.0,person(s),lamp,chairs,2.0,3.0,4,1.0,4.96725872915267,6.408125,0.80847436221268,2,14,0.26571147050193,0.596179205065346,0.6011635600827,0.579933177179136,0.392130694870382,0.17984119,0.25062904,0.2321986,11.3846153846154,10.4166666666667,0,0,0.875,0.713829641342163,adults
180,adults,,I,False,180__4002_11.jpg,../data/adults/stimuli_I/180__4002_11.jpg,a drawing of a boat with a door and a window,,A closed door with some abstract shapes in front,,3,0.500476479530335,0.54,56.0,door,pathway,,2.0,2.0,2,1.0,4.44793643861738,5.548125,0.264795880289574,9,16,0.11516535282135,0.25680935382843,0.316181938875797,0.625036464392198,0.264748437621138,0.12574014,0.31207287,0.12394458,49.33333333333329,9.61538461538462,1,0,0.5,0.5202382397651675,adults
181,adults,,I,False,181__5395_11.jpg,../data/adults/stimuli_I/181__5395_11.jpg,a drawing of a cat ' s face with a teapot on top,,Cat-like face with pointy ears and a rounded top,,4,0.544362783432007,0.56,63.0,creature(s),cat,,2.0,2.0,3,1.0,4.62388144164525,5.9025,0.421965727234103,3,16,0.221101522445679,0.350837211335814,0.56122037403462,0.597197141939975,0.355398266804761,0.1324249,0.29676095,0.20832738,21.1428571428571,8.33333333333333,0,0,0.625,0.5521813917160034,adults
182,adults,,I,False,182__5407_11.jpg,../data/adults/stimuli_I/182__5407_11.jpg,a drawing of a church with a cross on top of it,,A building with a dome and a cross on top,,4,0.438656330108643,0.52,51.0,church,,,2.0,2.0,2,1.0,4.27941077999901,2.951875,0.79921152800435,2,11,0.213421570454741,0.396881282329559,0.456822844933101,0.464822682605326,0.257048072114714,0.06379849,0.19973531,0.110618114,49.33333333333329,6.94444444444445,0,0,0.5,0.4793281650543215,adults
183,adults,,I,False,183__5419_11.jpg,../data/adults/stimuli_I/183__5419_11.jpg,a drawing of a box with a light coming out of it,,A semi-circle with lines above a rectangle shape,,4,0.430773109197617,0.49,46.0,abstract doodle/hard to interpret,,,2.0,1.0,1,1.0,4.50468364513605,4.299375,0.517922177496646,6,11,0.158772399498676,0.301567968866343,0.373445510864258,0.555322351227646,0.272262067573117,0.11851168,0.22080326,0.14583765,4.11111111111111,11.3636363636364,0,1,0.25,0.4603865545988085,adults
197,adults,,I,False,197__5471_11.jpg,../data/adults/stimuli_I/197__5471_11.jpg,a drawing of a castle with a flag on top of it,,A simple building with a dome and flag on top,,4,0.434972196817398,0.44,32.0,building,flag,,2.0,1.0,2,1.0,4.4442731645678,3.431875,0.683623275344931,1,9,0.194513488142877,0.419730842113495,0.413096224481091,0.545309991859197,0.26407503313633,0.0720716,0.21600354,0.11325803,29.6,6.94444444444445,0,0,0.375,0.437486098408699,adults
203,adults,,I,False,203__4074_11.jpg,../data/adults/stimuli_I/203__4074_11.jpg,a drawing of a face with a tie around it,,A house with a round roof and two windows,,5,0.398218631744385,0.45,33.0,house,,,2.0,2.0,2,1.0,4.42051364807028,3.799375,0.908632513110125,4,10,0.193114924841228,0.41257266439714,0.474636705241399,0.413571288162626,0.297085391148797,0.13156165,0.1669173,0.09631701,12.3333333333333,9.61538461538462,0,0,0.5,0.42410931587219247,adults
223,adults,,I,False,223__4144_11.jpg,../data/adults/stimuli_I/223__4144_11.jpg,a drawing of a man with a hat on his head,,Cartoon face with a hat and sticking out tongue,,4,0.547355175018311,0.52,51.0,face,hat,tongue,2.0,2.0,3,1.0,4.43134784882374,4.171875,0.648183383165715,4,8,0.239699602127075,0.377343714237213,0.536658851107427,0.493957818928091,0.330633217022208,0.12803838,0.22754171,0.13742122,37.0,8.33333333333333,0,0,0.625,0.5336775875091555,adults
242,adults,,I,False,242__4168_11.jpg,../data/adults/stimuli_I/242__4168_11.jpg,a drawing of a house with a door and a window,,Simple house with a dome-shaped roof and a door,,4,0.417880266904831,0.44,31.0,house,,,2.0,1.0,1,1.0,3.98286374798172,2.23375,0.935950073903761,2,6,0.155141880801802,0.380449891090393,0.378172874450684,0.343891325440829,0.271162468173964,0.099031374,0.21380058,0.10862629,12.3333333333333,9.61538461538462,0,0,0.25,0.4289401334524155,adults
247,adults,,I,False,247__4180_11.jpg,../data/adults/stimuli_I/247__4180_11.jpg,cartoon drawing of a robot with a phone and a person,,A robot with flexible arms and a screen on its body,,5,0.629581570625305,0.66,85.0,robot,,,2.0,3.0,3,1.0,4.51577408133141,8.643125,0.351398837680768,5,12,0.233444213867188,0.516959861426349,0.599118614249311,0.641410187512466,0.372727368589456,0.17513523,0.28126168,0.18485045,49.33333333333329,20.8333333333333,0,0,0.75,0.6447907853126524,adults
259,adults,,I,False,259__4204_11.jpg,../data/adults/stimuli_I/259__4204_11.jpg,a drawing of a person with a hat on their head,,Hard to interpret,,1,0.387061685323715,0.33,6.0,tracing,,,2.0,0.0,0,1.0,3.6572190452213,2.19625,0.59009009009009,1,5,0.240361988544464,0.490069850983317,0.602184581496167,0.435135776218607,0.239795202028168,0.0,0.18153386,0.13795514,11.3846153846154,5.20833333333333,1,0,0.0,0.35853084266185753,adults
263,adults,,I,False,263__7334_11.jpg,../data/adults/stimuli_I/263__7334_11.jpg,drawing of a man with a hat on his head and a table with a lamp on it,,A hanging lamp above a simple table,,4,0.581132769584656,0.59,70.0,lamp,table,,2.0,3.0,2,1.0,4.59793588009098,3.0475,0.700851236319416,7,8,0.199105072074825,0.440033121109996,0.495755881324059,0.46801274430849,0.277111985169002,0.157276,0.2408578,0.14643724,148.0,10.4166666666667,0,0,0.625,0.585566384792328,adults
265,adults,,I,False,265__5605_11.jpg,../data/adults/stimuli_I/265__5605_11.jpg,a drawing of a robot with a sign in his hands,,A simple robot-like character with a boxy body and rounded head,,4,0.641670942306519,0.64,82.0,robot,,,2.0,2.0,3,1.0,4.92442447857341,6.888125,0.363351053609172,3,16,0.200109481811523,0.357166471227984,0.475667031069574,0.622800904081152,0.339064107098377,0.11686945,0.3751569,0.16117576,49.33333333333329,20.8333333333333,0,0,0.625,0.6408354711532596,adults
269,adults,,I,False,269__4250_11.jpg,../data/adults/stimuli_I/269__4250_11.jpg,a drawing of a basketball player shooting a ball with a basketball net,,"Basketball hoop with a ball, numbers above; score calculation",,4,0.576490521430969,0.71,92.0,basketball basket,basketball,score,2.0,4.0,3,1.0,4.83902848889381,6.545,0.346291830853379,14,11,0.230840421642077,0.393858158222326,0.547410246884211,0.521554961956895,0.464993962495271,0.21845217,0.32636622,0.3144568,148.0,7.8125,0,0,0.875,0.6432452607154845,adults
275,adults,,I,False,275__4261_11.jpg,../data/adults/stimuli_I/275__4261_11.jpg,a drawing of a person holding a sign with a hat on top,,Square with semi-circle on top and a diagonal line,,4,0.35087114572525,0.35,10.0,tracing,,,2.0,0.0,0,1.0,3.82310365288594,2.03125,0.92153987167736,1,6,0.181068658828735,0.324506162807894,0.395829737186432,0.409129476385462,0.211824674537243,0.14029483,0.19282308,0.12334697,11.3846153846154,11.3636363636364,0,0,0.0,0.350435572862625,adults
285,adults,,I,False,285__4285_11.jpg,../data/adults/stimuli_I/285__4285_11.jpg,a drawing of a man with a beard and a computer mouse,,"A bearded person with a shirt, seemingly seated, and hand visible",,4,0.634170770645142,0.76,96.0,person(s),,,2.0,3.0,4,1.0,8.26774708882457,17.778125,0.577729435757988,3,35,0.234853602494406,0.518247798629039,0.572011317490856,0.745601542269074,0.411824511445291,0.17261146,0.37337264,0.21603934,11.3846153846154,10.4166666666667,0,0,0.875,0.697085385322571,adults
287,adults,,I,False,287__5662_11.jpg,../data/adults/stimuli_I/287__5662_11.jpg,a drawing of a cartoon character with a big smile on his face,,"Cartoonish creature with pointy ears, big eyes, and a large smile",,4,0.568897247314453,0.54,58.0,creature(s),,,1.0,2.0,2,1.0,4.63214422445497,4.6025,0.620692633215304,4,5,0.252273484928995,0.434678316116333,0.536007759809031,0.559651119124596,0.316675940308664,0.13485803,0.24028592,0.14929657,21.1428571428571,8.33333333333333,0,0,0.5,0.5544486236572266,adults
298,adults,,I,False,298__4325_11.jpg,../data/adults/stimuli_I/298__4325_11.jpg,a drawing of a bird standing on a ledge next to a window,,A bird inside a dome with a stick figure lying nearby,,4,0.539600074291229,0.61,75.0,bird,cage,,1.0,2.0,2,1.0,4.91933681942527,5.079375,0.522533800701052,2,9,0.207934486393064,0.403706592431861,0.441150169166883,0.587287158474473,0.310204838336149,0.14307661,0.28783378,0.20731668,148.0,5.20833333333333,0,0,0.5,0.5748000371456146,adults
301,adults,,I,False,301__5704_11.jpg,../data/adults/stimuli_I/301__5704_11.jpg,a drawing of a sign with headphones on it that says music,,"Headphones over a box labeled ""music.",,5,0.53192400932312,0.56,63.0,headphones,writing,,2.0,2.0,3,1.0,4.66865001207154,4.47375,0.91623235099024,6,6,0.245420515537262,0.459887667294969,0.587025731801987,0.50924626693709,0.352007465462632,0.19620898,0.22936377,0.2452924,148.0,7.8125,0,0,0.625,0.5459620046615601,adults
302,adults,,I,False,302__4348_11.jpg,../data/adults/stimuli_I/302__4348_11.jpg,a drawing of a bottle of liquid with a cap on top,,"Bottle with a cap and liquid inside, likely a beverage container",,4,0.410965949296951,0.4,24.0,abstract doodle/hard to interpret,,,1.0,1.0,0,1.0,4.09620367225916,2.66,0.713452914798206,1,6,0.250476814820671,0.377544228214997,0.563898827797244,0.530952742326954,0.284020241564586,0.17681733,0.25216207,0.13230243,4.11111111111111,7.8125,0,1,0.125,0.4054829746484755,adults
315,adults,,I,False,315__5728_11.jpg,../data/adults/stimuli_I/315__5728_11.jpg,a drawing of a drawing of a building with a heart in the middle,,"Image of a building with ""I ♥ NY"" text below it",,5,0.647243022918701,0.63,79.0,empire state building,writing,,2.0,2.0,2,1.0,4.51988911357132,4.07875,0.470987411487018,9,11,0.184845019290147,0.454016848028208,0.505872830923582,0.469870181649335,0.386963328629622,0.15469301,0.3365101,0.26534465,148.0,6.94444444444445,0,0,0.5,0.6386215114593505,adults
324,adults,,I,False,324__5745_11.jpg,../data/adults/stimuli_I/324__5745_11.jpg,a drawing of a door with a hole in the middle,,Simple drawing resembling a doorway or tombstone shape with a small mark,,4,0.215042054653168,0.28,1.0,door,,,2.0,1.0,1,1.0,5.24067685445609,2.619375,0.763750211541716,2,4,0.0574061870574951,0.121228404118322,0.15559444956845,0.433777025354308,0.185763084477309,0.119679525,0.19132861,0.1530784,49.33333333333329,9.61538461538462,0,0,0.25,0.24752102732658401,adults
340,adults,,I,False,340__5786_11.jpg,../data/adults/stimuli_I/340__5786_11.jpg,a drawing of a man with a hat and glasses on,,Hard to interpret,,2,0.155451908707619,0.25,0.0,tracing,,,2.0,0.0,0,1.0,3.60304696102694,1.885,0.85891181988743,1,5,0.240361988544464,0.490069850983317,0.602184581496167,0.393883296106492,0.161599456544891,0.0,0.18266094,0.11356089,11.3846153846154,5.20833333333333,1,0,0.0,0.2027259543538095,adults
346,adults,,I,False,346__5810_11.jpg,../data/adults/stimuli_I/346__5810_11.jpg,a drawing of a person with a hat on his head,,"Stick figure with hat inside a square frame or window, semi-circles above",,4,0.326083302497864,0.42,27.0,person(s),,,1.0,1.0,1,0.5,4.05874604227195,3.0475,0.95,2,8,0.170064806938171,0.313085535558627,0.360482931137085,0.381249004376616,0.248505249342411,0.12399137,0.18862757,0.15184751,11.3846153846154,5.20833333333333,0,0,0.25,0.37304165124893196,adults
356,adults,,I,False,356__5843_11.jpg,../data/adults/stimuli_I/356__5843_11.jpg,a drawing of a man sitting on a bench with a hat on,,Abstract shape resembling a simplified robot or alien figure,,3,0.407247960567474,0.51,49.0,creature(s),,,1.0,1.0,1,1.0,4.18051424933629,2.576875,0.964212678936605,2,11,0.164033532142639,0.373045068175943,0.429686546325684,0.333272927075082,0.26542822940364,0.10941835,0.27108037,0.15815306,21.1428571428571,20.8333333333333,1,0,0.25,0.45862398028373697,adults
375,adults,,I,False,375__5946_11.jpg,../data/adults/stimuli_I/375__5946_11.jpg,a drawing of a church with a cross on top of it,,Simplified drawing of a church with a dome and cross,,4,0.493540167808533,0.5,47.0,church,,,2.0,2.0,2,1.0,4.64163213346669,4.005625,0.642206692079627,1,13,0.153305649757385,0.294710734328947,0.292099100822263,0.562967485741854,0.294714726286963,0.10028341,0.2234962,0.12050126,49.33333333333329,6.94444444444445,0,0,0.5,0.49677008390426647,adults
392,adults,,I,False,392__6013_11.jpg,../data/adults/stimuli_I/392__6013_11.jpg,a drawing of a window with a window pane and a window frame,,Cross-section of a structure with an arch and irregular walls,,4,0.456643462181091,0.55,61.0,window,curtains,,2.0,2.0,2,1.0,4.59607486423073,5.036875,0.484190506379269,1,12,0.156694531440735,0.437800731527848,0.400953531265259,0.540507518687003,0.184118115172535,0.13776405,0.29187164,0.13611534,74.0,11.3636363636364,0,0,0.5,0.5033217310905456,adults
415,adults,,I,False,415__7554_11.jpg,../data/adults/stimuli_I/415__7554_11.jpg,a close up of a drawing of a cow with a smile on it ' s face,,A minimalist drawing of a sheep's head with simple lines,,3,0.426095843315125,0.39,20.0,face,,,2.0,1.0,2,1.0,3.61136324932258,2.11625,0.84524944391484,5,3,0.14968084396834,0.280901551246643,0.350099065893943,0.430980484502771,0.266806094641988,0.12648872,0.21775894,0.1313498,37.0,5.20833333333333,0,0,0.375,0.40804792165756254,adults
427,adults,,I,False,427__6117_11.jpg,../data/adults/stimuli_I/427__6117_11.jpg,drawing of a man with a tie and a hat on his head,,"Stick figure with hair, scarf, buttons, and shoes drawn in a simplistic style",,4,0.575217247009277,0.6,73.0,person(s),,,2.0,2.0,2,1.0,6.16012940082344,5.309375,0.569566976932416,6,8,0.160770645095666,0.368612512184677,0.366595902049785,0.660291247371171,0.333943302440941,0.120875,0.30895615,0.14934674,11.3846153846154,5.20833333333333,0,0,0.5,0.5876086235046385,adults
434,adults,,I,False,434__7587_11.jpg,../data/adults/stimuli_I/434__7587_11.jpg,a drawing of a person holding a flower in their hand,,Hard to interpret,,1,0.600085854530335,0.61,75.0,person(s),,,2.0,1.0,2,0.5,4.45936629162095,4.818125,0.829489358258477,3,9,0.240361988544464,0.490069850983317,0.602184581496167,0.515785673744314,0.305482801789218,0.0,0.24438874,0.14373307,11.3846153846154,5.20833333333333,1,0,0.375,0.6050429272651675,adults
445,adults,,I,False,445__7632_11.jpg,../data/adults/stimuli_I/445__7632_11.jpg,a drawing of a person with a paper in his hand,,Simple cartoon character with open mouth and extended arms and legs,,5,0.469985067844391,0.49,45.0,creature(s),,,2.0,2.0,2,1.0,4.56320164447304,5.03875,0.361740263972625,4,13,0.206527220813796,0.322290102311674,0.418928896252578,0.438064382161807,0.38235180862437,0.12049915,0.22256394,0.15199897,21.1428571428571,8.33333333333333,0,0,0.5,0.4799925339221955,adults
453,adults,,I,False,453__7714_11.jpg,../data/adults/stimuli_I/453__7714_11.jpg,a drawing of a small building with a dome on top,,"Square object with a dome on top, possibly a building",,3,0.561751544475555,0.64,81.0,door,steps,window,2.0,3.0,2,1.0,5.13276131244479,10.393125,0.450459474761552,5,29,0.189545750617981,0.374445062114151,0.436757240488693,0.722991098358593,0.255645465164394,0.08940492,0.38734192,0.13836244,49.33333333333329,6.94444444444445,0,0,0.625,0.6008757722377776,adults
454,adults,,I,False,454__7726_11.jpg,../data/adults/stimuli_I/454__7726_11.jpg,a drawing of a house with a door and a window with music notes,,Old radio with musical notes around,,5,0.613845348358154,0.65,84.0,jukebox,notes,,2.0,3.0,3,1.0,5.17560836530198,11.59375,0.551432686476653,5,29,0.217191981244564,0.525397419929504,0.533047020435333,0.714413260615238,0.31636176646403,0.1987898,0.3879099,0.19778737,74.0,7.8125,0,0,0.75,0.631922674179077,adults
456,adults,,I,False,456__7750_11.jpg,../data/adults/stimuli_I/456__7750_11.jpg,a drawing of a tombstone with a rip written on it,,"Gravestone with ""RIP"" inscribed on it",,5,0.382512897253037,0.49,46.0,grave,writing,,2.0,2.0,2,1.0,5.17556409328034,4.148125,0.799934619156587,2,14,0.195162892341614,0.411643690911859,0.459732743517592,0.539727973285327,0.311548451987739,0.15817514,0.26165968,0.2013653,37.0,31.25,0,0,0.5,0.43625644862651847,adults
458,adults,,I,False,458__7774_11.jpg,../data/adults/stimuli_I/458__7774_11.jpg,a drawing of a hamburger with a face on it,,A stack of uneven layers with a dome-like top,,3,0.731874525547028,0.63,80.0,hamburger,,,2.0,3.0,4,0.5,6.30261828463835,11.843125,0.627849253299135,6,33,0.202145457267761,0.425335049629211,0.534490255445822,0.741656398284312,0.399469387022455,0.12496801,0.34451753,0.23682356,148.0,11.3636363636364,0,0,0.875,0.680937262773514,adults
464,adults,,I,False,464__7833_11.jpg,../data/adults/stimuli_I/464__7833_11.jpg,a drawing of a house with a roof and a window,,"Building with dome, windows, steps, and possible fence in foreground",,4,0.645750522613525,0.61,75.0,house,windows,door,2.0,2.0,2,1.0,4.81581626527664,6.365625,0.607894559881649,7,19,0.170470227571115,0.422625643689204,0.421792805194855,0.561523656235556,0.315149167625448,0.10216279,0.25730506,0.116171084,12.3333333333333,6.94444444444445,0,0,0.5,0.6278752613067624,adults
466,adults,,I,False,466__7857_11.jpg,../data/adults/stimuli_I/466__7857_11.jpg,a drawing of a man with a hat on his head,,A structure with a domed top and grid-like design underneath,,4,0.499289244413376,0.62,77.0,abstract doodle/hard to interpret,,,2.0,1.0,1,1.0,5.2031759148752,6.213125,0.622233400402415,3,17,0.18618236862526,0.47501918524618,0.457805069815809,0.638921263549928,0.294479656586501,0.10462518,0.2693437,0.15161233,4.11111111111111,11.3636363636364,0,1,0.25,0.559644622206688,adults
481,adults,,I,False,481__7948_11.jpg,../data/adults/stimuli_I/481__7948_11.jpg,a drawing of a man sitting at a desk with a sun above him,,Two seated figures under the sun near a slide,,4,0.691530466079712,0.74,95.0,sun,person(s),chairs,2.0,2.0,3,1.0,4.8391288991807,8.48625,0.400666368292804,3,24,0.252010941505432,0.564504699841282,0.571172888805097,0.627642237842392,0.415543339798973,0.19426224,0.25611013,0.23404925,74.0,10.4166666666667,0,0,0.625,0.7157652330398561,adults
482,adults,,I,False,482__7960_11.jpg,../data/adults/stimuli_I/482__7960_11.jpg,drawing of a bottle with a man ' s face and a man ' s head,,Bottle-like figure with outstretched arms and a circular shape in the center,,3,0.577801465988159,0.52,53.0,abstract doodle/hard to interpret,,,2.0,1.0,2,1.0,4.34279628901131,5.256875,0.418491124260355,4,14,0.201297640800476,0.360163908009645,0.477098330172846,0.584970786126178,0.324007780789502,0.14472036,0.3348348,0.15756346,4.11111111111111,7.8125,0,1,0.375,0.5489007329940795,adults
484,adults,,I,False,484__7984_11.jpg,../data/adults/stimuli_I/484__7984_11.jpg,a drawing of a lock with a key inside of it,,A simple drawing of a padlock,,4,0.4598428606987,0.47,38.0,lock,,,2.0,2.0,2,1.0,4.12047382005635,3.344375,0.814066289409863,2,8,0.0721278190612793,0.163889681216767,0.215533422497902,0.474810836552129,0.231008549051481,0.12349613,0.18444043,0.13494405,49.33333333333329,25.0,0,0,0.5,0.46492143034934996,adults
485,adults,,I,False,485__7996_11.jpg,../data/adults/stimuli_I/485__7996_11.jpg,a drawing of a person standing in front of a door,,Two rectangular shapes below a dome-like shape with a protrusion,,3,0.347168356180191,0.41,26.0,abstract doodle/hard to interpret,,,2.0,1.0,1,1.0,4.24909002325872,3.0275,0.73702285035002,5,9,0.180121302604675,0.32644432721534,0.414760743691876,0.431419563287781,0.230871282982547,0.12556773,0.23034728,0.13279966,4.11111111111111,11.3636363636364,0,1,0.25,0.3785841780900955,adults
486,adults,,I,False,486__8007_11.jpg,../data/adults/stimuli_I/486__8007_11.jpg,a drawing of a person holding a sign that says ' we are not alone ',,"Popsicle shape with ""NASA"" written on it, stick figure below",,4,0.565838515758514,0.54,58.0,rocket,writing,,2.0,2.0,4,1.0,5.05865970583345,6.309375,0.513104978505062,5,11,0.201651918789629,0.429045557975769,0.49043619632721,0.613400114205623,0.400922516823223,0.14935097,0.2535535,0.3078178,148.0,5.20833333333333,0,0,0.75,0.552919257879257,adults
487,adults,,I,False,487__8019_11.jpg,../data/adults/stimuli_I/487__8019_11.jpg,a drawing of a bucket with a handle and a handle,,Hard to interpret,,2,0.447195678949356,0.4,22.0,tracing,,,1.0,0.0,1,1.0,4.11736965026615,2.405625,0.777049180327869,1,7,0.240361988544464,0.490069850983317,0.602184581496167,0.473509731613679,0.193299764752793,0.0,0.20064712,0.12942241,11.3846153846154,5.20833333333333,1,0,0.125,0.423597839474678,adults
489,adults,,I,False,489__8040_11.jpg,../data/adults/stimuli_I/489__8040_11.jpg,a drawing of a hourglass with a clock and a coffee beans,,"An hourglass with sand, surrounded by three clock faces",,4,0.655599772930145,0.68,88.0,hourglass,clock(s),,2.0,4.0,4,1.0,5.54617149648244,10.61,0.481436976879092,7,21,0.211311555245863,0.350841026033193,0.503401964902878,0.825714495461768,0.334992712454498,0.19551495,0.60422593,0.25960794,148.0,7.8125,0,0,1.0,0.6677998864650725,adults
492,adults,,I,False,492__8052_11.jpg,../data/adults/stimuli_I/492__8052_11.jpg,a drawing of a man ' s face with a black outline,,Hard to interpret,,2,0.280318766832352,0.24,0.0,tracing,,,2.0,0.0,0,1.0,3.61612744050077,1.881875,0.756948437799502,2,4,0.240361988544464,0.490069850983317,0.602184581496167,0.39130835950957,0.189328660576048,0.0,0.15468343,0.11502157,11.3846153846154,5.20833333333333,1,0,0.0,0.260159383416176,adults
496,adults,,I,False,496__8094_11.jpg,../data/adults/stimuli_I/496__8094_11.jpg,a drawing of a bag with a hat on it,,"Object resembling a chapstick container with handwritten text ""Chapstick.",,4,0.569087505340576,0.45,34.0,chapstick,writing,,2.0,2.0,2,1.0,4.86369446300112,6.05625,0.450454605349849,3,9,0.197623729705811,0.377921823673409,0.510310083013171,0.563710104794622,0.368191347299997,0.15408275,0.23502025,0.23777957,148.0,7.8125,0,0,0.5,0.509543752670288,adults
498,adults,,I,False,498__8106_11.jpg,../data/adults/stimuli_I/498__8106_11.jpg,a black and white drawing of a man with a hat and gloves,,"Five irregular shapes connected by lines, forming a circular pattern",,4,0.467889815568924,0.44,33.0,blank,,,1.0,0.0,1,0.0,3.96373138605144,2.7875,0.560180131004367,1,5,0.154989820123926,0.286088645458221,0.419573545455933,0.346785817459827,0.280874090191781,0.14660993,0.2370905,0.15977387,148.0,5.20833333333333,0,0,0.125,0.453944907784462,adults
502,adults,,I,False,502__8130_11.jpg,../data/adults/stimuli_I/502__8130_11.jpg,a drawing of a person sitting on a box with an umbrella,,Hard to interpret,,2,0.472244381904602,0.5,48.0,abstract doodle/hard to interpret,,,2.0,1.0,1,1.0,4.6174916427137,3.573125,0.882563097844877,1,11,0.240361988544464,0.490069850983317,0.602184581496167,0.468888278624551,0.263645426583748,0.0,0.18660899,0.11455649,4.11111111111111,5.20833333333333,1,1,0.25,0.486122190952301,adults
511,adults,,I,False,511__8151_11.jpg,../data/adults/stimuli_I/511__8151_11.jpg,a close up of a black and white picture of a number,,Hard to interpret,,2,0.468359112739563,0.45,35.0,abstract doodle/hard to interpret,,,1.0,0.0,1,1.0,3.82687438524991,2.760625,0.955576183530036,6,7,0.240361988544464,0.490069850983317,0.602184581496167,0.386499913409728,0.245824210195726,0.0,0.24723229,0.21528915,4.11111111111111,5.20833333333333,1,1,0.125,0.45917955636978147,adults
513,adults,,I,False,513__8162_11.jpg,../data/adults/stimuli_I/513__8162_11.jpg,a drawing of a building with a door and a window,,"Building with a dome and flag, possible architectural structure",,4,0.432548761367798,0.41,26.0,building,flag,,2.0,2.0,2,1.0,3.85451880892754,2.19375,0.721988913153032,5,7,0.207540559319223,0.408547604593491,0.454676064570184,0.34773807357895,0.231337119649031,0.073725775,0.24151316,0.12843725,29.6,6.94444444444445,0,0,0.5,0.421274380683899,adults
517,adults,,I,False,517__8198_11.jpg,../data/adults/stimuli_I/517__8198_11.jpg,a drawing of a man with a hat and glasses on,,Square-faced person with a sideways cap and a neutral expression,,4,0.428107917308807,0.53,54.0,face,cap,,2.0,2.0,3,1.0,4.87426491032053,4.00125,0.813843733613005,5,7,0.227357731619015,0.409118038687647,0.532114354842045,0.571169542621683,0.387539572375069,0.14272736,0.25210306,0.18227395,37.0,8.33333333333333,0,0,0.625,0.4790539586544035,adults
520,adults,,I,False,520__8221_11.jpg,../data/adults/stimuli_I/520__8221_11.jpg,a drawing of a stick figure holding a sign with a number 2 on it,,Simple stick figure with a round head and rectangle body,,5,0.381976872682571,0.44,31.0,person(s),,,2.0,2.0,2,1.0,4.23113543867257,3.30875,0.612307692307692,5,9,0.181613672875542,0.345124324865598,0.395086443717095,0.50644323087256,0.321833068339925,0.10885377,0.23461859,0.12840377,11.3846153846154,5.20833333333333,0,0,0.5,0.4109884363412855,adults
521,adults,,I,False,521__8233_11.jpg,../data/adults/stimuli_I/521__8233_11.jpg,cartoon drawing of two people sitting on chairs under an umbrella,,Two people sitting with fishing rods under wavy lines,,3,0.764251291751862,0.78,97.0,person(s),chair,clouds,1.0,2.0,3,1.0,4.87851208101639,9.860625,0.400449897750511,4,21,0.222671091556549,0.568275200375175,0.598042964935303,0.672445336572414,0.38215340596736,0.20012173,0.26644298,0.22266588,11.3846153846154,10.4166666666667,0,0,0.625,0.772125645875931,adults
522,adults,,I,False,522__8245_11.jpg,../data/adults/stimuli_I/522__8245_11.jpg,a black and white drawing of a padlock with a key,,A simple drawing of a baseball cap on a square shape,,4,0.380795657634735,0.3,2.0,tracing,,,2.0,0.0,1,1.0,3.96997626226543,2.185,0.870075894470546,2,7,0.171897103077344,0.303047019424856,0.36559388842619,0.351898859175525,0.171199638866496,0.13318966,0.16032366,0.10295321,11.3846153846154,5.20833333333333,0,0,0.125,0.34039782881736746,adults
524,adults,,I,False,524__8257_11.jpg,../data/adults/stimuli_I/524__8257_11.jpg,drawing of a cross and a fence on a hill,,A building with a dome and columns on a textured surface,,4,0.548150837421417,0.55,59.0,abstract doodle/hard to interpret,,,1.0,1.0,1,1.0,5.56392087052005,13.36625,0.299557271728638,1,30,0.180847262765385,0.452906202039675,0.462546142187944,0.702528774606513,0.324003110619937,0.102288745,0.36002284,0.18336101,4.11111111111111,6.94444444444445,0,1,0.25,0.5490754187107085,adults
529,adults,,I,False,529__8269_11.jpg,../data/adults/stimuli_I/529__8269_11.jpg,a drawing of a tombstone with the word run written on it,,"A gravestone with ""RIP"" surrounded by grass",,5,0.447130799293518,0.47,39.0,grave,writing,grass,2.0,3.0,2,1.0,5.34622387450518,6.43125,0.606810150979762,5,11,0.18851772683647,0.397586107254028,0.472630055389996,0.632749291090978,0.335887453049938,0.15749171,0.23336808,0.2097141,37.0,31.25,0,0,0.625,0.458565399646759,adults
530,adults,,I,False,530__8281_11.jpg,../data/adults/stimuli_I/530__8281_11.jpg,drawing of a house with a door and a window,,A simple house with a large arch on top,,4,0.343835175037384,0.38,19.0,house,,,2.0,1.0,1,1.0,4.29859452013093,2.6225,0.923173408592035,1,9,0.151436805725098,0.354657730737788,0.368147649279376,0.386441269945087,0.262278467242516,0.10926483,0.15002036,0.13107134,12.3333333333333,9.61538461538462,0,0,0.25,0.36191758751869196,adults
532,adults,,I,False,532__8305_11.jpg,../data/adults/stimuli_I/532__8305_11.jpg,drawing of a person with a hand on a toilet,,"Abstract drawing with a round face, triangular beak, and branch-like limbs",,3,0.587136030197144,0.67,87.0,creature(s),,,1.0,2.0,3,1.0,5.19511930204145,8.6625,0.406656946050581,1,16,0.159452130827179,0.383704167118793,0.415070330198386,0.749545089163559,0.439417682093593,0.11142345,0.30434477,0.21131821,21.1428571428571,5.20833333333333,1,0,0.625,0.628568015098572,adults
533,adults,,I,False,533__8317_11.jpg,../data/adults/stimuli_I/533__8317_11.jpg,drawing of a basket with a hamburger inside of it,,A muffin or cupcake with a dome top and vertical lines on the cup,,5,0.5924391746521,0.58,67.0,cupcake,,,1.0,2.0,3,1.0,5.49971609967024,7.91,0.662311909483261,4,26,0.198883163995553,0.395570993423462,0.476692886549657,0.672448512286456,0.332933570679063,0.1513302,0.3009289,0.22941342,148.0,11.3636363636364,0,0,0.625,0.5862195873260501,adults
534,adults,,I,False,534__8328_11.jpg,../data/adults/stimuli_I/534__8328_11.jpg,a drawing of a man with a smile on his face,,A smiling octopus-like shape inside a rectangle,,4,0.533812940120697,0.54,56.0,octopus,,,2.0,2.0,2,0.5,3.93811900198425,3.495,0.936356158749743,4,3,0.198704290467244,0.336648980875283,0.426855240651652,0.578857738964522,0.29660738287914,0.14724648,0.28678665,0.14686202,148.0,8.33333333333333,0,0,0.5,0.5369064700603485,adults
538,adults,,I,False,538__8350_11.jpg,../data/adults/stimuli_I/538__8350_11.jpg,a drawing of a square with a square in the middle,,A circular shape with a rectangle and two arcs inside,,4,0.312632232904434,0.34,9.0,tracing,,,1.0,0.0,0,0.5,4.36993768625511,4.641875,0.277392272766213,4,10,0.162800242733939,0.335896551838206,0.407630681991577,0.442538711511007,0.205750017886185,0.1304059,0.33339417,0.12714723,11.3846153846154,11.3636363636364,0,0,0.0,0.32631611645221703,adults
541,adults,,I,False,541__8372_11.jpg,../data/adults/stimuli_I/541__8372_11.jpg,a drawing of a house with a cross on top of it,,"Building with four windows and a curved path, topped with an antenna",,4,0.446388393640518,0.48,42.0,house,pathway,,2.0,2.0,2,1.0,4.42190944842088,4.173125,0.667787814722276,4,13,0.186777686678698,0.475646018981934,0.460365685202736,0.541195533996732,0.295560948813232,0.1359408,0.24215098,0.09531901,12.3333333333333,6.94444444444445,0,0,0.5,0.463194196820259,adults
542,adults,,I,False,542__8384_11.jpg,../data/adults/stimuli_I/542__8384_11.jpg,a drawing of a snow globe with a castle inside,,Snow globe with a building inside and a rectangular base,,4,0.701833546161652,0.72,93.0,snowglobe,,,1.0,3.0,4,1.0,5.42251361204623,7.3325,0.767426748582231,12,15,0.199599385261536,0.420737930006197,0.509323120117188,0.591452671857899,0.311128533142848,0.14312726,0.2784486,0.22490868,148.0,6.94444444444445,0,0,0.875,0.710916773080826,adults
543,adults,,I,False,543__8396_11.jpg,../data/adults/stimuli_I/543__8396_11.jpg,a drawing of a man ' s head with a long hair,,"A simple, abstract drawing possibly depicting a doorway or arch",,3,0.393365651369095,0.36,12.0,archway,,,1.0,0.0,0,1.0,3.90526863489392,2.503125,0.91893545426736,1,8,0.0724687576293945,0.190868234362251,0.213389562762404,0.437835080282574,0.221474105657125,0.10168143,0.29329726,0.15507233,148.0,9.61538461538462,1,0,0.0,0.3766828256845475,adults
547,adults,,I,False,547__8432_11.jpg,../data/adults/stimuli_I/547__8432_11.jpg,cartoon drawing of a man with a hat and a nose,,A square face with a hat and a long nose,,4,0.438474178314209,0.5,48.0,house,,,2.0,2.0,2,1.0,4.13176669575164,3.629375,0.705397987191217,2,7,0.225097821647057,0.35111264440753,0.548321956596138,0.581849431179162,0.296219369194433,0.1274745,0.34478176,0.14865918,12.3333333333333,8.33333333333333,0,0,0.5,0.4692370891571045,adults
549,adults,,I,False,549__8444_11.jpg,../data/adults/stimuli_I/549__8444_11.jpg,a drawing of a man ' s shirt with a cross on it,,Hard to interpret,,2,0.441516101360321,0.41,25.0,abstract doodle/hard to interpret,,,1.0,0.0,1,1.0,4.30566885021894,3.155,0.88785046728972,1,12,0.240361988544464,0.490069850983317,0.602184581496167,0.52112150150989,0.191479294232349,0.0,0.20902939,0.12636375,4.11111111111111,5.20833333333333,1,1,0.125,0.4257580506801605,adults
551,adults,,I,False,551__8454_11.jpg,../data/adults/stimuli_I/551__8454_11.jpg,a drawing of a house with a roof and a window,,Simple line drawing of a house with a pointed roof,,4,0.451756775379181,0.48,41.0,house,,,2.0,2.0,2,1.0,4.32754110258081,4.52625,0.831203173204055,2,15,0.118382155895233,0.272471660894599,0.306344133237353,0.655067956980153,0.243825318270466,0.1190608,0.27239865,0.109882,12.3333333333333,9.61538461538462,0,0,0.5,0.4658783876895905,adults
554,adults,,I,False,554__8478_11.jpg,../data/adults/stimuli_I/554__8478_11.jpg,a drawing of a black and white picture of a umbrella,,Box with a dome-shaped top and a cross on it,,4,0.444261282682419,0.48,40.0,abstract doodle/hard to interpret,,,1.0,1.0,1,1.0,6.24919551273512,6.98125,0.745597775718258,1,19,0.194259226322174,0.370620649177451,0.440404210066543,0.611209847633196,0.201206328357996,0.108318046,0.24063876,0.12010477,4.11111111111111,7.8125,0,1,0.25,0.4621306413412095,adults
556,adults,,I,False,556__8489_11.jpg,../data/adults/stimuli_I/556__8489_11.jpg,a drawing of a padlock with a key in it,,A simple drawing resembling a hat above a rectangular shape,,4,0.39689713716507,0.35,11.0,tracing,,,2.0,0.0,0,1.0,4.3593336155687,2.56875,0.828174856413529,1,9,0.138604342937469,0.255652882327225,0.315634987874624,0.496160183690488,0.158345126920482,0.106005386,0.27547723,0.10292765,11.3846153846154,5.20833333333333,0,0,0.0,0.373448568582535,adults
558,adults,,I,False,558__8501_11.jpg,../data/adults/stimuli_I/558__8501_11.jpg,a drawing of a man and woman standing next to each other,,Hard to interpret,,2,0.613574624061585,0.6,74.0,abstract doodle/hard to interpret,,,2.0,1.0,1,1.0,4.60136015120737,8.580625,0.384584269662921,1,15,0.240361988544464,0.490069850983317,0.602184581496167,0.591735620668692,0.280834254774966,0.0,0.4052496,0.22445898,4.11111111111111,5.20833333333333,1,1,0.25,0.6067873120307925,adults
562,adults,,I,False,562__8520_11.jpg,../data/adults/stimuli_I/562__8520_11.jpg,drawing of a black and white picture of a person with a sign,,Circle on top of a rectangle with simple lines,,4,0.248116418719292,0.29,1.0,abstract doodle/hard to interpret,,,2.0,0.0,0,1.0,4.68992939511934,2.616875,0.841481006571566,1,8,0.152199557292486,0.360706191083973,0.327615539573696,0.500087192253339,0.269893630820651,0.13305397,0.19737981,0.13867152,4.11111111111111,11.3636363636364,0,1,0.0,0.269058209359646,adults
563,adults,,I,False,563__8530_11.jpg,../data/adults/stimuli_I/563__8530_11.jpg,a black and white drawing of a hat with the word mr written on it,,"A simple house with ""shop"" written on it",,4,0.355237931013107,0.37,16.0,bag,shop,,2.0,1.0,2,1.0,4.54032554155549,3.90625,0.789597100831379,2,8,0.15395185810184,0.389070414845371,0.402362263061864,0.515116679119519,0.294542940364576,0.1515728,0.16841204,0.18694592,74.0,9.61538461538462,0,0,0.375,0.3626189655065535,adults
564,adults,,I,False,564__8542_11.jpg,../data/adults/stimuli_I/564__8542_11.jpg,a drawing of a tombstone with a sign that says rip,,"A tombstone with ""RIP"" written on it",,5,0.410973787307739,0.38,19.0,grave,writing,,2.0,2.0,2,1.0,7.27504069538453,5.88125,0.548575129533679,3,8,0.176691423457348,0.33591024088592,0.424869894981384,0.551771601033897,0.309848427811492,0.14890161,0.24736576,0.187179,37.0,31.25,0,0,0.5,0.39548689365386946,adults
567,adults,,I,False,567__8578_11.jpg,../data/adults/stimuli_I/567__8578_11.jpg,a drawing of a house with a door and a window,,Building with a door and large arched window or shape above,,4,0.431620299816132,0.39,21.0,house,,,2.0,1.0,1,1.0,4.44459300148475,3.72625,0.606693620844564,2,8,0.141448974609375,0.331076006027341,0.336463272571564,0.469261411142979,0.275111658847593,0.111730434,0.19975087,0.101989225,12.3333333333333,9.61538461538462,0,0,0.25,0.41081014990806597,adults
568,adults,,I,False,568__8588_11.jpg,../data/adults/stimuli_I/568__8588_11.jpg,a close up of a black and white drawing of a bag,,Hard to interpret,,1,0.496462404727936,0.45,34.0,abstract doodle/hard to interpret,,,1.0,1.0,1,0.5,4.11204225188815,2.828125,0.864291655115054,1,7,0.240361988544464,0.490069850983317,0.602184581496167,0.489455945556389,0.232533645647189,0.0,0.21603604,0.18756118,4.11111111111111,5.20833333333333,1,1,0.25,0.473231202363968,adults
570,adults,,I,False,570__8599_11.jpg,../data/adults/stimuli_I/570__8599_11.jpg,a drawing of a house with a door and a window,,"Building with a dome on top, possibly an observatory",,4,0.417319715023041,0.47,39.0,house,,,2.0,1.0,2,1.0,4.49156420213102,3.605625,0.907599907599908,2,11,0.219283746523632,0.494698762893677,0.517313063144684,0.472798572192571,0.277224980380464,0.0870039,0.2696949,0.13059494,12.3333333333333,6.94444444444445,0,0,0.375,0.4436598575115205,adults
575,adults,,I,False,575__8623_11.jpg,../data/adults/stimuli_I/575__8623_11.jpg,a drawing of a door with a window and a handle,,Hard to interpret,,2,0.33985561132431,0.46,35.0,abstract doodle/hard to interpret,,,2.0,0.0,0,1.0,4.5263427515155,4.904375,0.369578659129052,3,17,0.240361988544464,0.490069850983317,0.602184581496167,0.477254266503077,0.228592952480314,0.0,0.2717045,0.13212599,4.11111111111111,5.20833333333333,1,1,0.0,0.399927805662155,adults
577,adults,,I,False,577__8635_11.jpg,../data/adults/stimuli_I/577__8635_11.jpg,a drawing of a man with a hat on his head,,An abstract drawing resembling a robot with a round head and body,,3,0.461498975753784,0.48,40.0,clock,,,1.0,1.0,2,1.0,4.4877424318382,3.701875,0.906180886974741,2,8,0.176188945770264,0.401982343078711,0.417473683658395,0.4463842252999,0.294442009841734,0.10476512,0.19430867,0.16390531,148.0,20.8333333333333,1,0,0.375,0.47074948787689197,adults
583,adults,,I,False,583__8659_11.jpg,../data/adults/stimuli_I/583__8659_11.jpg,a drawing of a man in a space suit throwing a baseball bat,,"A person in protective gear with the number 49, holding something",,4,0.599906742572784,0.66,85.0,football player,,,1.0,2.0,4,1.0,4.71942428927971,8.09375,0.41574352953188,6,26,0.237978100776672,0.481016858846451,0.597804927956763,0.674331547866732,0.478834107872449,0.19394878,0.29785433,0.25998887,148.0,10.4166666666667,0,0,0.75,0.6299533712863921,adults
584,adults,,I,False,584__8671_11.jpg,../data/adults/stimuli_I/584__8671_11.jpg,a drawing of a box with a sign and a pencil,,"Square object labeled ""TRASH"" with a semicircular top",,5,0.491553127765656,0.49,43.0,trashcan,writing,,2.0,1.0,3,1.0,4.5428389565308,3.86,0.863247863247863,1,10,0.198205828666687,0.394623499948486,0.457971605183386,0.448936413292659,0.307711883648253,0.14773719,0.15545438,0.19925673,148.0,7.8125,0,0,0.5,0.490776563882828,adults
587,adults,,I,False,587__8694_11.jpg,../data/adults/stimuli_I/587__8694_11.jpg,a close up of a person jumping over a building with a stick,,Hard to interpret,,2,0.3307985663414,0.31,3.0,abstract doodle/hard to interpret,,,2.0,0.0,0,0.0,3.31469183680046,1.548125,0.872404196103618,3,4,0.240361988544464,0.490069850983317,0.602184581496167,0.349279873233706,0.169018238546285,0.0,0.23605934,0.1302588,4.11111111111111,5.20833333333333,1,1,0.0,0.3203992831707,adults
588,adults,,I,False,588__8705_11.jpg,../data/adults/stimuli_I/588__8705_11.jpg,a drawing of a hand holding a bag with a handle,,Hard to interpret,,2,0.486647456884384,0.58,68.0,abstract doodle/hard to interpret,,,1.0,1.0,1,1.0,5.61187344346918,7.648125,0.633269529848068,1,16,0.240361988544464,0.490069850983317,0.602184581496167,0.590986116871699,0.255954264695296,0.0,0.25061226,0.12756899,4.11111111111111,5.20833333333333,1,1,0.25,0.533323728442192,adults
590,adults,,I,False,590__8729_11.jpg,../data/adults/stimuli_I/590__8729_11.jpg,drawing of a pocket with a drawing of a sun and a clock,,Hard to interpret,,2,0.449388444423676,0.48,42.0,eye,,,1.0,0.0,0,1.0,4.15823695300348,3.44875,0.71474358974359,3,10,0.240361988544464,0.490069850983317,0.602184581496167,0.503519899048514,0.292369452578919,0.0,0.23395395,0.14317785,148.0,5.20833333333333,1,0,0.0,0.464694222211838,adults
591,adults,,I,False,591__8741_11.jpg,../data/adults/stimuli_I/591__8741_11.jpg,a drawing of a box with a bow on top of it,,Hard to interpret,,2,0.366348266601563,0.34,7.0,abstract doodle/hard to interpret,,,2.0,0.0,0,1.0,4.03824915194818,2.15875,0.841435624762628,1,10,0.240361988544464,0.490069850983317,0.602184581496167,0.333689241726565,0.20256856012056,0.0,0.2386708,0.12327604,4.11111111111111,5.20833333333333,1,1,0.0,0.3531741333007815,adults
592,adults,,I,False,592__8753_11.jpg,../data/adults/stimuli_I/592__8753_11.jpg,a drawing of a smiling elephant with a square shaped face,,"Smiling face with abstract, curved lines creating a surrounding shape",,4,0.374429404735565,0.36,11.0,abstract doodle/hard to interpret,,,2.0,0.0,1,0.0,3.9845486913243,3.985625,0.369199101796407,9,7,0.164199044454153,0.313905874309119,0.444002542257156,0.50505556429971,0.26178051205977,0.11919968,0.2819972,0.13795614,4.11111111111111,8.33333333333333,1,1,0.125,0.36721470236778253,adults
594,adults,,I,False,594__8775_11.jpg,../data/adults/stimuli_I/594__8775_11.jpg,a drawing of a building with a dome and a cross on it,,"Building with dome and cross symbols, possibly a church or religious structure",,4,0.496537864208221,0.59,71.0,building,,,2.0,2.0,2,1.0,4.37258447950934,4.159375,0.871774975751697,6,11,0.191835975403665,0.312874475505187,0.406128084294313,0.571130750680921,0.308701922353872,0.07598641,0.26106715,0.15748283,29.6,6.94444444444445,0,0,0.5,0.5432689321041104,adults
598,adults,,I,False,598__8787_11.jpg,../data/adults/stimuli_I/598__8787_11.jpg,a drawing of a small robot with a light on top of it,,Person standing under a large pendant light inside a room,,4,0.526132106781006,0.6,73.0,table,lamp,,1.0,2.0,2,1.0,4.57844871340872,3.97,0.473984771573604,7,14,0.227771447433742,0.490706324577332,0.575865894556046,0.636923900851148,0.336264499366635,0.1754812,0.36089885,0.15205204,148.0,10.4166666666667,0,0,0.5,0.563066053390503,adults
601,adults,,I,False,601__8799_11.jpg,../data/adults/stimuli_I/601__8799_11.jpg,a black and white drawing of a person ' s face with a long hair,,Abstract drawing resembling an ice cream or popsicle on a stick,,3,0.456277132034302,0.43,29.0,icecream,,,1.0,1.0,1,1.0,4.63317268485969,5.181875,0.851873198847262,1,13,0.160174241055592,0.378056012276172,0.428157687187195,0.491721440135393,0.298946940837408,0.11992898,0.3285926,0.18874794,74.0,5.20833333333333,1,0,0.25,0.44313856601715096,adults
607,adults,,I,False,607__8831_11.jpg,../data/adults/stimuli_I/607__8831_11.jpg,a drawing of a castle with a flag on top of it,,A simple castle with a dome and flag on top,,4,0.573541164398193,0.57,65.0,castle,flag,,2.0,2.0,2,1.0,4.2463950756866,4.270625,0.663806828232797,2,7,0.192237675189972,0.414586933640672,0.413133000544726,0.623594251916506,0.278121241887781,0.10228677,0.28844452,0.15418088,74.0,6.94444444444445,0,0,0.5,0.5717705821990965,adults
614,adults,,I,False,614__8855_11.jpg,../data/adults/stimuli_I/614__8855_11.jpg,a drawing of a cake with a spoon sticking out of it,,Dome-topped structure with a spoon-like object above it,,4,0.427699267864227,0.5,47.0,abstract doodle/hard to interpret,,,1.0,1.0,1,1.0,4.22325677038785,3.885,0.742284569138277,2,11,0.216743039086875,0.471775516026482,0.499955922367815,0.509041474189314,0.279828095200308,0.107924044,0.32838508,0.14457408,4.11111111111111,11.3636363636364,0,1,0.25,0.46384963393211354,adults
618,adults,,I,False,618__8899_11.jpg,../data/adults/stimuli_I/618__8899_11.jpg,a drawing of a man with a sign and a hand,,"Cartoon character with a simple face, arms, and legs, resembling a ghost",,5,0.454468995332718,0.37,15.0,creature(s),,,2.0,2.0,2,1.0,4.13844073723556,3.740625,0.352804446690248,6,8,0.196066379547119,0.39336264670157,0.427245565981197,0.461788205078766,0.356538682305379,0.12808661,0.22194698,0.18972513,21.1428571428571,8.33333333333333,0,0,0.5,0.412234497666359,adults
625,adults,,I,False,625__8918_11.jpg,../data/adults/stimuli_I/625__8918_11.jpg,a drawing of a person with a large piece of paper in their hand,,Simple outline of a turtle with four limbs and a tail,,5,0.238316893577576,0.43,30.0,abstract doodle/hard to interpret,,,2.0,0.0,0,1.0,4.84202668006661,4.234375,0.391304347826087,1,11,0.189669657369275,0.30735431037409,0.396887165215229,0.529266061492373,0.266395075235915,0.16470157,0.2752589,0.1684884,4.11111111111111,5.20833333333333,0,1,0.0,0.334158446788788,adults
632,adults,,I,False,632__8942_11.jpg,../data/adults/stimuli_I/632__8942_11.jpg,a drawing of a house with a door and window,,Simple drawing of a house with a domed roof and chimney,,4,0.437445163726807,0.46,37.0,house,windows,chimney,2.0,2.0,2,1.0,5.10115870990981,4.696875,0.87311664929404,2,13,0.15264724775271,0.307244259550824,0.330327451229095,0.510628358090954,0.286017125698482,0.10809243,0.21639328,0.112109564,12.3333333333333,9.61538461538462,0,0,0.5,0.4487225818634035,adults
634,adults,,I,False,634__8954_11.jpg,../data/adults/stimuli_I/634__8954_11.jpg,a drawing of a handbag with a handle on it,,A simplistic drawing of a handbag or sack with a strap,,4,0.609311163425446,0.52,52.0,thumb,,,2.0,2.0,1,1.0,4.91421675334378,4.463125,0.869353916523728,5,12,0.159538447856903,0.304317751655511,0.368359126546434,0.513231171937898,0.197851682296728,0.13420178,0.2920118,0.15449074,148.0,5.20833333333333,0,0,0.375,0.564655581712723,adults
635,adults,,I,False,635__8966_11.jpg,../data/adults/stimuli_I/635__8966_11.jpg,a drawing of a black and white picture of a person ' s head,,Hard to interpret,,1,0.189588636159897,0.19,0.0,tracing,,,2.0,0.0,0,1.0,3.91789791875048,2.57875,0.760488505747127,1,6,0.240361988544464,0.490069850983317,0.602184581496167,0.499868647198393,0.200244282911662,0.0,0.19421813,0.11846075,11.3846153846154,5.20833333333333,1,0,0.0,0.1897943180799485,adults
680,adults,,I,False,680__397_11.jpg,../data/adults/stimuli_I/680__397_11.jpg,a black and white drawing of a bottle with a person sitting on top of it,,Abstract outline with dots indicating explosion or dispersion,,3,0.493325740098953,0.5,47.0,salt shaker,,,1.0,1.0,1,1.0,3.67988716669572,1.996875,0.497129186602871,21,3,0.172890067100525,0.358559946970938,0.445383343375721,0.48104144582442,0.28509567086552,0.15787983,0.27578112,0.20140517,74.0,7.8125,1,0,0.25,0.4966628700494765,adults
681,adults,,I,False,681__407_11.jpg,../data/adults/stimuli_I/681__407_11.jpg,a drawing of a black and white picture of a building,,Hard to interpret,,2,0.318252474069595,0.29,1.0,tracing,,,2.0,0.0,0,0.5,3.10017309220383,1.33,0.723760763323249,1,3,0.240361988544464,0.490069850983317,0.602184581496167,0.441460270399201,0.180317729644628,0.0,0.28775758,0.14670198,11.3846153846154,5.20833333333333,1,0,0.0,0.30412623703479746,adults
685,adults,,I,False,685__412_11.jpg,../data/adults/stimuli_I/685__412_11.jpg,a cartoon drawing of a man holding a sign with a smile on it,,Smiling face with arms resting on a surface,,4,0.482031404972076,0.52,52.0,face,,,2.0,1.0,2,1.0,3.9672091897725,2.6475,0.901933509528446,3,3,0.226212978363037,0.426820959259328,0.516027777431739,0.406563855221777,0.326837676433263,0.15511164,0.1896423,0.16259548,37.0,8.33333333333333,0,0,0.375,0.501015702486038,adults
720,adults,,I,False,720__6453_11.jpg,../data/adults/stimuli_I/720__6453_11.jpg,a drawing of a pot with a lid and a handle,,"A container labeled ""Degree"" with a dome-shaped top",,4,0.61737596988678,0.59,72.0,abstract doodle/hard to interpret,writing,,1.0,1.0,1,1.0,4.69074816799114,5.015,0.880761099365751,1,11,0.203634393431805,0.408111554625975,0.536848036238667,0.495160195733954,0.404332010501731,0.12984626,0.22712998,0.29716095,4.11111111111111,7.8125,0,1,0.25,0.60368798494339,adults
733,adults,,I,False,733__6607_11.jpg,../data/adults/stimuli_I/733__6607_11.jpg,a drawing of a can of soda with a sprinkler on top,,Container with spiral symbol and dotted top,,3,0.503588914871216,0.52,52.0,salt shaker,,,1.0,2.0,2,1.0,4.78204542616907,3.81625,0.888262707272136,1,6,0.192972779273987,0.356500129595402,0.458392294741135,0.632285813916485,0.298196802527215,0.1484296,0.33174786,0.17638882,74.0,7.8125,0,0,0.5,0.511794457435608,adults
737,adults,,I,False,737__6655_11.jpg,../data/adults/stimuli_I/737__6655_11.jpg,a drawing of a sad face with a square shaped face,,"Abstract face-like shape with eyes, nose, mouth, and lines resembling whiskers",,4,0.50231796503067,0.5,47.0,cat,,,1.0,1.0,2,0.5,4.54096325890859,5.859375,0.314916369618865,10,14,0.154382586479187,0.32835493470296,0.428705726343051,0.567335233126165,0.338099599862736,0.1103256,0.33762,0.17628805,148.0,8.33333333333333,1,0,0.375,0.5011589825153351,adults
738,adults,,I,False,738__6667_11.jpg,../data/adults/stimuli_I/738__6667_11.jpg,a drawing of a person with a hat on a white background,,Hard to interpret,,2,0.259308159351349,0.42,27.0,abstract doodle/hard to interpret,,,2.0,0.0,0,1.0,4.18340309904028,3.001875,0.963617049528615,4,9,0.240361988544464,0.490069850983317,0.602184581496167,0.400767752554953,0.188482900892896,0.0,0.20687783,0.12292665,4.11111111111111,5.20833333333333,1,1,0.0,0.3396540796756745,adults
914,adults,,I,False,914__9372_11.jpg,../data/adults/stimuli_I/914__9372_11.jpg,a drawing of a man holding a piece of paper with a face,,Stick figure with rectangular body and surprised expression,,4,0.587281346321106,0.57,65.0,person(s),,,2.0,2.0,2,1.0,4.3171038766795,4.496875,0.72003955767329,4,13,0.198769271373749,0.379948955176739,0.466877400875092,0.591639681229915,0.375950812548221,0.12509608,0.19972828,0.17673278,11.3846153846154,5.20833333333333,0,0,0.5,0.5786406731605529,adults
915,adults,,I,False,915__9384_11.jpg,../data/adults/stimuli_I/915__9384_11.jpg,a drawing of a grave with a cross on top of it,,"Tombstone with the letters ""RIP"" and a cross on top",,5,0.388930708169937,0.51,49.0,grave,writing,,2.0,2.0,2,1.0,4.54067860762556,3.639375,0.561994762609587,4,8,0.18025541305542,0.359252493359223,0.395570910240953,0.50613238542246,0.264114146021151,0.13864797,0.23525055,0.18048279,37.0,31.25,0,0,0.5,0.4494653540849685,adults
916,adults,,I,False,916__9396_11.jpg,../data/adults/stimuli_I/916__9396_11.jpg,a black and white drawing of a lock with a key,,Lock with musical note and dollar sign on it,,4,0.713939547538757,0.65,83.0,jukebox,music notes,,1.0,2.0,3,1.0,4.78855332141677,5.120625,0.941636778611021,7,12,0.164002895355225,0.345041514489784,0.424873948097229,0.417816866338231,0.295186891344116,0.16890404,0.2390635,0.1758472,74.0,25.0,0,0,0.625,0.6819697737693785,adults
920,adults,,I,False,920__9444_11.jpg,../data/adults/stimuli_I/920__9444_11.jpg,a drawing of a man with a hat on his head,,A simple sketch of a helmet or dome structure,,4,0.334412485361099,0.33,6.0,tracing,,,2.0,0.0,0,1.0,5.74206296419672,4.406875,0.729235001587134,1,14,0.149517893791199,0.344420711529872,0.353044986724854,0.559658714524214,0.240186695661182,0.11073253,0.19196896,0.15605001,11.3846153846154,6.94444444444445,0,0,0.0,0.33220624268054955,adults
938,adults,,I,False,938__7048_11.jpg,../data/adults/stimuli_I/938__7048_11.jpg,a drawing of a black and white image of a curved arch,,"A mix of curves and lines, resembling a basic abstract shape",,3,0.383367121219635,0.43,29.0,abstract doodle/hard to interpret,,,2.0,0.0,0,1.0,6.98399397867833,6.836875,0.622506100186594,1,14,0.124862656013643,0.323868632316589,0.375858262078965,0.613696763458702,0.313279822954661,0.11030251,0.35959607,0.28184432,4.11111111111111,5.20833333333333,1,1,0.0,0.4066835606098175,adults
978,adults,,I,False,978__9584_11.jpg,../data/adults/stimuli_I/978__9584_11.jpg,a drawing of a person sitting on a couch with a dog,,A couch with multiple pillows below a hanging lamp,,5,0.561679720878601,0.61,75.0,abstract doodle/hard to interpret,,,1.0,2.0,3,1.0,4.99079619858262,5.033125,0.892875715028601,2,10,0.232973470269051,0.466924738907043,0.544347223976419,0.61075763415147,0.335892352855904,0.18747756,0.24553552,0.17591631,4.11111111111111,10.4166666666667,0,1,0.625,0.5858398604393005,adults
981,adults,,I,False,981__7120_11.jpg,../data/adults/stimuli_I/981__7120_11.jpg,a drawing of a bear with a square face and a nose,,Cartoon-style drawing of a bear or rodent with exaggerated features,,4,0.642965376377106,0.66,85.0,animal,,,2.0,3.0,4,1.0,4.68489687501592,6.555625,0.448525737131434,12,14,0.190758109092712,0.339877248395433,0.476710589128101,0.665912525767065,0.354302594719702,0.1418158,0.34689057,0.18261449,148.0,8.33333333333333,0,0,0.875,0.651482688188553,adults
987,adults,,I,False,987__9678_11.jpg,../data/adults/stimuli_I/987__9678_11.jpg,a drawing of a man holding a basket with a cat on it,,Hard to interpret,,3,0.645005583763123,0.61,76.0,abstract doodle/hard to interpret,,,2.0,1.0,1,0.5,5.02079460586875,12.495625,0.432586614721024,2,31,0.240361988544464,0.490069850983317,0.602184581496167,0.641620949323758,0.337973284778041,0.0,0.38306215,0.192022,4.11111111111111,5.20833333333333,1,1,0.25,0.6275027918815614,adults
991,adults,,I,False,991__7222_11.jpg,../data/adults/stimuli_I/991__7222_11.jpg,a drawing of a window with a bird in it,,A simple sketch of an arched window with curtains,,4,0.571999728679657,0.55,61.0,abstract doodle/hard to interpret,,,1.0,1.0,0,1.0,5.40830911116868,7.021875,0.906301879274852,1,21,0.107120388321852,0.256608620679891,0.272888644165476,0.565058925651143,0.222047864907943,0.121402584,0.2512166,0.16974245,4.11111111111111,9.61538461538462,0,1,0.125,0.5609998643398285,adults
992,adults,,I,False,992__9714_11.jpg,../data/adults/stimuli_I/992__9714_11.jpg,a drawing of a cactus with a sun in the background,,Half sun over square with squiggly line and two fish,,4,0.524991035461426,0.57,64.0,sun,fish,,1.0,1.0,3,1.0,4.72376788123882,5.53,0.701903216287991,4,11,0.204060673713684,0.334654092788696,0.438713584022903,0.52001563689098,0.267649987523216,0.17124537,0.2576235,0.18078461,74.0,10.4166666666667,0,0,0.5,0.547495517730713,adults
1621,adults,,I,False,1621__1234_11.jpg,../data/adults/stimuli_I/1621__1234_11.jpg,a drawing of a man and a woman standing next to each other,,"Three abstract, bird-like figures of varying sizes in a simplistic style",,4,0.541517615318298,0.63,80.0,creature(s),,,1.0,2.0,4,1.0,4.45050345296867,4.574375,0.630952380952381,8,10,0.182828307151794,0.369554620073873,0.438179645646831,0.599461785677056,0.360204720595771,0.14314517,0.3667012,0.21503386,21.1428571428571,5.20833333333333,1,0,0.75,0.585758807659149,adults
1622,adults,,I,False,1622__7240_11.jpg,../data/adults/stimuli_I/1622__7240_11.jpg,a drawing of a leaf with a line drawing of a tree,,A semicircular arch with overlapping lines inside a rectangular base,,3,0.400581777095795,0.4,23.0,window,,,1.0,2.0,0,1.0,4.44516878298281,3.621875,0.873657954668691,1,9,0.137849926948547,0.305199483191951,0.33184089281071,0.535089188392543,0.195021246629127,0.12762049,0.19911166,0.13291165,74.0,11.3636363636364,0,0,0.25,0.4002908885478975,adults
1626,adults,,I,False,1626__1257_11.jpg,../data/adults/stimuli_I/1626__1257_11.jpg,a drawing of a person on a swing with a person on a bench,,Person standing at a window with another person inside,,4,0.694006085395813,0.8,98.0,person(s),stall,,1.0,2.0,4,1.0,5.22921521627733,8.63,0.42672707785248,1,18,0.216195821762085,0.514866918325424,0.531038073835487,0.693092076860639,0.314388861115232,0.18071947,0.4263195,0.22408676,11.3846153846154,10.4166666666667,0,0,0.75,0.7470030426979065,adults
1663,adults,,I,False,1663__1267_11.jpg,../data/adults/stimuli_I/1663__1267_11.jpg,a drawing of a house with a door and a window,,Building sketch with a dome and a rectangular entrance,,4,0.296525150537491,0.33,6.0,house,,,2.0,1.0,1,1.0,4.188872157133,2.28125,0.911913601079986,1,8,0.133229970932007,0.31804221868515,0.357528724817709,0.370508793317121,0.206433144098815,0.10156126,0.17513338,0.11006649,12.3333333333333,6.94444444444445,0,0,0.25,0.3132625752687455,adults
1664,adults,,I,False,1664__1277_11.jpg,../data/adults/stimuli_I/1664__1277_11.jpg,a drawing of a bird cage with a bird inside of it,,A winter hat with a pom-pom on top,,5,0.505355536937714,0.49,44.0,hat,,,2.0,2.0,0,1.0,4.391316379524,4.03125,0.819191041606333,1,11,0.248070478439331,0.466852454355504,0.598489463329315,0.58264467079723,0.298162323819745,0.17422315,0.31379458,0.1676041,148.0,8.33333333333333,0,0,0.25,0.497677768468857,adults
1665,adults,,I,False,1665__362_11.jpg,../data/adults/stimuli_I/1665__362_11.jpg,drawing of a person in a box with a bird on top,,A simple building with a dome and cross on top,,4,0.480658888816834,0.46,37.0,house,,,2.0,1.0,2,1.0,3.97471491351905,2.546875,0.679106670584778,1,8,0.185761094093323,0.361931941624398,0.378908589016363,0.505840614284386,0.252531263109287,0.06795406,0.20387296,0.10079391,12.3333333333333,6.94444444444445,0,0,0.375,0.470329444408417,adults
1666,adults,,I,False,1666__1296_11.jpg,../data/adults/stimuli_I/1666__1296_11.jpg,a drawing of a dog and a cat are standing under a umbrella,,Hard to interpret,,1,0.614702463150024,0.57,65.0,abstract doodle/hard to interpret,,,2.0,1.0,1,0.5,5.10770944757936,11.829375,0.28817173213834,2,32,0.240361988544464,0.490069850983317,0.602184581496167,0.617308336878848,0.309447861810739,0.0,0.28479752,0.1596713,4.11111111111111,5.20833333333333,1,1,0.25,0.5923512315750119,adults
1667,adults,,I,False,1667__1308_11.jpg,../data/adults/stimuli_I/1667__1308_11.jpg,a drawing of a castle with a door and a staircase,,Castle with a drawbridge leading to the main entrance,,5,0.563542723655701,0.71,92.0,castle,,,2.0,3.0,3,1.0,4.69146643397648,6.86875,0.342529932326913,8,18,0.169061243534088,0.44123419769014,0.445476922662441,0.606762402262171,0.293056239826005,0.15846698,0.39262348,0.18521671,74.0,9.61538461538462,0,0,0.75,0.6367713618278505,adults
1675,adults,,I,False,1675__9726_11.jpg,../data/adults/stimuli_I/1675__9726_11.jpg,a drawing of a person holding a baby in a tree,,Hard to interpret,,2,0.601482808589935,0.58,67.0,abstract doodle/hard to interpret,,,2.0,0.0,0,1.0,4.48085565457598,6.411875,0.621880385523712,3,13,0.240361988544464,0.490069850983317,0.602184581496167,0.656703142215753,0.248678039343752,0.0,0.39120013,0.14769898,4.11111111111111,5.20833333333333,1,1,0.0,0.5907414042949675,adults
1676,adults,,I,False,1676__9738_11.jpg,../data/adults/stimuli_I/1676__9738_11.jpg,a drawing of a kettle with a big lid on it,,"A simple drawing of a backpack labeled ""book bag""",,5,0.575148224830627,0.57,65.0,bookbag,writing,,2.0,1.0,2,1.0,6.7593073408984,8.189375,0.306160152416142,5,13,0.169820855249216,0.267392748659198,0.377699412244592,0.632941154671876,0.379884952240982,0.15306708,0.29821834,0.25045922,148.0,5.20833333333333,0,0,0.375,0.5725741124153134,adults
1740,adults,,I,False,1740__1330_11.jpg,../data/adults/stimuli_I/1740__1330_11.jpg,a black and white drawing of a person holding a sign,,A simple sketch of a light bulb with wires,,4,0.364641726016998,0.38,19.0,icecream,,,1.0,1.0,1,1.0,4.59812000592872,2.61125,0.463772546621828,1,4,0.153667858024366,0.338721613249827,0.397111511402635,0.684889835345152,0.233480732625374,0.16124316,0.45860505,0.16932417,74.0,5.20833333333333,0,0,0.25,0.372320863008499,adults
1741,adults,,I,False,1741__1338_11.jpg,../data/adults/stimuli_I/1741__1338_11.jpg,a close up of a person wearing a helmet and a shirt,,A simplistic drawing of a person with a round head and straight body,,3,0.503994941711426,0.54,56.0,person(s),,,2.0,2.0,3,1.0,3.9492919597497,2.218125,0.92630551488531,5,6,0.159312963485718,0.313243685356705,0.350749650552889,0.353394817261516,0.287449530793236,0.105948344,0.1919801,0.17305897,11.3846153846154,5.20833333333333,0,0,0.625,0.521997470855713,adults
1743,adults,,I,False,1743__1356_11.jpg,../data/adults/stimuli_I/1743__1356_11.jpg,a drawing of a popsicle with a long black cord,,Simple outline resembling a popsicle or ice cream on a stick,,4,0.276815861463547,0.27,1.0,tracing,,,2.0,0.0,1,1.0,3.82245924490566,1.83375,0.637182309385631,1,6,0.15908508544653,0.331336080849414,0.383770763874054,0.412264240123834,0.22072120601665,0.13234548,0.2856694,0.15289369,11.3846153846154,5.20833333333333,0,0,0.125,0.2734079307317735,adults
1744,adults,,I,False,1744__1366_11.jpg,../data/adults/stimuli_I/1744__1366_11.jpg,a black and white drawing of a tall arch with a window,,Hard to interpret,,2,0.405562788248062,0.48,40.0,abstract doodle/hard to interpret,,,2.0,0.0,0,1.0,4.20609115692182,2.55375,0.966769592706955,3,10,0.240361988544464,0.490069850983317,0.602184581496167,0.315523946600999,0.16801286148373,0.0,0.2955981,0.13875668,4.11111111111111,5.20833333333333,1,1,0.0,0.442781394124031,adults
1748,adults,,I,False,1748__1376_11.jpg,../data/adults/stimuli_I/1748__1376_11.jpg,a black and white drawing of a lock with a man inside,,A lock with crisscross lines inside a rectangular shape,,4,0.437328219413757,0.46,37.0,bag,,,1.0,1.0,1,1.0,4.40443675713733,3.99375,0.948821938972576,1,11,0.118505172818589,0.25151673708906,0.299347680845994,0.655019918786076,0.20839742171358,0.13988245,0.45621425,0.1590378,74.0,25.0,0,0,0.25,0.44866410970687853,adults
1749,adults,,I,False,1749__381_11.jpg,../data/adults/stimuli_I/1749__381_11.jpg,drawing of a person holding a sign with a brain on it,,A robot with an antenna and brain inside a dome head,,5,0.66439163684845,0.63,81.0,abstract doodle/hard to interpret,,,1.0,1.0,3,1.0,4.9327634915905,5.23625,0.574192516789255,2,13,0.248881384797012,0.541718363761902,0.581754828586886,0.606132265363515,0.353276883141685,0.1486552,0.26700976,0.15601233,4.11111111111111,20.8333333333333,0,1,0.5,0.647195818424225,adults
1750,adults,,I,False,1750__1389_11.jpg,../data/adults/stimuli_I/1750__1389_11.jpg,a drawing of a lock with a key on it,,A simple padlock with a straight shackle and square body,,5,0.413385331630707,0.41,26.0,lock,,,2.0,2.0,2,1.0,4.02712841578742,2.066875,0.921615639985245,2,10,0.122489623875043,0.285532930062202,0.360231676087874,0.361732170639138,0.216630557884588,0.15233484,0.19913273,0.10551977,49.33333333333329,25.0,0,0,0.5,0.41169266581535346,adults
1751,adults,,I,False,1751__1401_11.jpg,../data/adults/stimuli_I/1751__1401_11.jpg,a drawing of a church with a cross on the front,,Simple outline of a building with a circular window and an arched door,,4,0.542084634304047,0.59,70.0,building,,,2.0,2.0,2,1.0,4.85810605049906,6.744375,0.388654337872391,2,17,0.101135882769104,0.232515729442707,0.232902036136266,0.637071378676361,0.292370590569377,0.106725216,0.355576,0.11105964,29.6,9.61538461538462,0,0,0.5,0.5660423171520235,adults
1753,adults,,I,False,1753__1412_11.jpg,../data/adults/stimuli_I/1753__1412_11.jpg,a drawing of a box with a cartoon face on it,,Box with nuclear symbol and structure on top,,4,0.705437898635864,0.79,97.0,abstract doodle/hard to interpret,,,1.0,1.0,1,1.0,9.21087773564685,10.6275,0.893057084071008,2,13,0.195054877099103,0.351976017712832,0.458536033804886,0.715633586604743,0.36662064875628,0.15353453,0.44957605,0.2638054,4.11111111111111,7.8125,0,1,0.25,0.747718949317932,adults
1755,adults,,I,False,1755__1421_11.jpg,../data/adults/stimuli_I/1755__1421_11.jpg,a cartoon drawing of a man sitting at a desk with a laptop,,Person sitting at a table with papers in front,,5,0.693534851074219,0.71,92.0,person(s),book,,2.0,3.0,4,1.0,4.80925015197835,6.994375,0.451466480446927,8,18,0.248802244663239,0.518423215103841,0.563719864861973,0.620006577067774,0.381049111521301,0.20249668,0.2596642,0.22131595,11.3846153846154,10.4166666666667,0,0,0.875,0.7017674255371095,adults
16,adults,,R,False,16__3479_56.jpg,../data/adults/stimuli_R/16__3479_56.jpg,a drawing of a pencil with a drawing of a head,,Sharpened pencil with a dark graphite tip,,5,0.374110877513886,0.39,20.0,pencil,,,2.0,2.0,2,1.0,5.74591736798408,4.65,0.564621348208377,1,11,0.194346535542812,0.350300133228302,0.46853244304657,0.567098880407262,0.213127658261619,0.15584758,0.29351503,0.13681129,14.8,16.4285714285714,0,0,0.5,0.38205543875694303,adults
21,adults,,R,False,21__3515_56.jpg,../data/adults/stimuli_R/21__3515_56.jpg,a drawing of a pencil with a pencil tip on it,,A pencil tip and barrel drawn with minimal lines,,5,0.442721784114838,0.44,33.0,fountain pen,,,2.0,2.0,2,1.0,5.00786770738921,3.19125,0.530187652977971,1,12,0.118239455328019,0.252074003219605,0.354921402477149,0.540252473048226,0.228353459289026,0.1235734,0.37306285,0.118465684,148.0,16.4285714285714,0,0,0.5,0.441360892057419,adults
26,adults,,R,False,26__3560_56.jpg,../data/adults/stimuli_R/26__3560_56.jpg,a drawing of a man with a beard and a mustache,,"Simplified face with two eyes, ears, and a triangular beard",,4,0.418315589427948,0.46,37.0,face,,,2.0,2.0,2,1.0,4.85477774016071,4.344375,0.612815884476534,3,9,0.187758542566467,0.348836380382011,0.416152442464377,0.598422137872578,0.338800611396754,0.09288586,0.21372792,0.16503109,13.4545454545455,8.84615384615385,0,0,0.5,0.439157794713974,adults
27,adults,,R,False,27__3572_56.jpg,../data/adults/stimuli_R/27__3572_56.jpg,a drawing of a man with a chain around his head,,"A simple face with hair, rectangular eyes, and a straight mouth",,5,0.4759261906147,0.45,33.0,present,,,2.0,3.0,3,1.0,5.70173481180745,9.136875,0.331924415713575,6,18,0.190727330359533,0.326936900615692,0.423069979135392,0.729354708817138,0.284223503824433,0.09435893,0.32365575,0.13798636,148.0,8.84615384615385,0,0,0.75,0.46296309530735,adults
32,adults,,R,False,32__3584_56.jpg,../data/adults/stimuli_R/32__3584_56.jpg,a close up of a black and white picture of a triangle,,Outline of a home plate from baseball,,5,0.198966413736343,0.23,0.0,tracing,,,2.0,0.0,0,1.0,4.27454758237121,1.661875,0.692836549123974,1,6,0.174817253660126,0.336694638034541,0.403229057788849,0.308773033812161,0.197061095262796,0.18699361,0.22212271,0.16601989,24.6666666666667,3.48484848484849,0,0,0.0,0.21448320686817152,adults
44,adults,,R,False,44__3668_56.jpg,../data/adults/stimuli_R/44__3668_56.jpg,a drawing of a man with a hat and a bag,,Hard to interpret,,2,0.858196496963501,0.83,98.0,creature(s),writing,,1.0,1.0,1,0.5,5.30902909928091,15.758125,0.249258480289058,1,38,0.244171068419749,0.486912965774536,0.625322490930557,0.698758500911295,0.307921954102113,0.0,0.30282733,0.18718578,9.86666666666667,3.38235294117647,1,0,0.25,0.8440982484817505,adults
46,adults,,R,False,46__3689_56.jpg,../data/adults/stimuli_R/46__3689_56.jpg,a drawing of a drawing of a house with a large window,,Hard to interpret,,2,0.531660914421082,0.45,35.0,house,upside-down,,2.0,2.0,2,1.0,4.98100722462566,6.58125,0.752217508677208,2,16,0.244171068419749,0.486912965774536,0.625322490930557,0.499258499191582,0.291342622258052,0.0,0.18054202,0.12257339,10.5714285714286,3.38235294117647,1,0,0.5,0.49083045721054097,adults
62,adults,,R,False,62__3713_56.jpg,../data/adults/stimuli_R/62__3713_56.jpg,a black and white drawing of a cross with a arrow,,Hard to interpret,,2,0.521348476409912,0.5,47.0,abstract doodle/hard to interpret,,,1.0,0.0,1,1.0,5.04581932722974,4.105,0.663866376754299,1,12,0.244171068419749,0.486912965774536,0.625322490930557,0.47420851266681,0.280987195202634,0.0,0.35782185,0.227807,4.93333333333333,3.38235294117647,1,1,0.125,0.510674238204956,adults
66,adults,,R,False,66__3735_56.jpg,../data/adults/stimuli_R/66__3735_56.jpg,drawing of a person holding a kite above their head,,Stick figure holding a large rectangular object above its head,,3,0.567837715148926,0.59,71.0,person(s),window,,1.0,2.0,1,1.0,4.50705800927956,4.998125,0.681166425004028,1,12,0.205931638964214,0.358753144741058,0.438857386010053,0.669254565596285,0.240986868835706,0.091984846,0.24542518,0.15835384,4.7741935483871,5.47619047619048,0,0,0.375,0.578918857574463,adults
85,adults,,R,False,85__3793_56.jpg,../data/adults/stimuli_R/85__3793_56.jpg,drawing of a black and white picture of a heart and a wire,,Hard to interpret,,2,0.539607882499695,0.49,42.0,pencil,,,1.0,2.0,0,1.0,6.74781900719115,7.854375,0.612792622369355,2,17,0.244171068419749,0.486912965774536,0.625322490930557,0.758535494227943,0.289848554239333,0.0,0.34483117,0.18098919,14.8,3.38235294117647,1,0,0.25,0.5148039412498475,adults
103,adults,,R,False,103__3839_56.jpg,../data/adults/stimuli_R/103__3839_56.jpg,a drawing of a man with a box on his head,,Humanoid robot with antennas and rectangular head and body structure,,4,0.550984382629395,0.56,64.0,rocket,,,1.0,1.0,0,1.0,5.09556819957816,5.22375,0.668341708542714,3,15,0.262791483069476,0.465242477342934,0.541299315768439,0.563141647070347,0.251410503119937,0.13755828,0.2955656,0.14251095,49.33333333333329,5.0,0,0,0.125,0.5554921913146975,adults
110,adults,,R,False,110__3853_56.jpg,../data/adults/stimuli_R/110__3853_56.jpg,drawing of a man sitting at a table with a laptop,,Hard to interpret,,2,0.537896275520325,0.55,59.0,house,upside-down,,2.0,2.0,2,1.0,4.64955282718951,7.81,0.336588913709803,3,15,0.244171068419749,0.486912965774536,0.625322490930557,0.627061719385049,0.220219424780076,0.0,0.25894088,0.11430577,10.5714285714286,3.38235294117647,1,0,0.5,0.5439481377601625,adults
113,adults,,R,False,113__3875_56.jpg,../data/adults/stimuli_R/113__3875_56.jpg,a close up of a drawing of a basketball hoop with a ball,,A square on top of an inverted triangular shape,,5,0.283054709434509,0.28,1.0,tracing,,,2.0,0.0,0,1.0,4.74772791799377,2.43625,0.810011194626579,1,6,0.181091248989105,0.333827495574951,0.394920706748962,0.432946561703955,0.188432315024129,0.12552628,0.16909678,0.123191334,24.6666666666667,3.48484848484849,0,0,0.0,0.28152735471725454,adults
138,adults,,R,False,138__5332_56.jpg,../data/adults/stimuli_R/138__5332_56.jpg,a drawing of a person with a paper bag on their head,,A square-headed figure with a rectangular body and simple limb outlines,,4,0.353599399328232,0.44,31.0,creature(s),,,2.0,2.0,2,1.0,4.61090021679982,3.595625,0.301148447469162,3,11,0.169415831565857,0.339506765574619,0.344254951984276,0.622234051613976,0.257337408185256,0.076441854,0.23521118,0.1239933,9.86666666666667,5.0,0,0,0.5,0.396799699664116,adults
140,adults,,R,False,140__3917_56.jpg,../data/adults/stimuli_R/140__3917_56.jpg,a drawing of a basketball hoop with a basketball in it,,Basketball hoop and net with a backboard,,5,0.538148701190949,0.53,56.0,basketball basket,,,2.0,3.0,3,1.0,5.04473148523905,4.714375,0.764275798241555,1,17,0.215786265385968,0.387434982504545,0.543590131019957,0.663135175292503,0.248195727212312,0.15599242,0.35032913,0.13123046,49.33333333333329,14.375,0,0,0.75,0.5340743505954746,adults
157,adults,,R,False,157__3929_56.jpg,../data/adults/stimuli_R/157__3929_56.jpg,a black and white outline of a map of the state of kentucky,,"Abstract geometric shape, resembling a cross with irregular edges",,3,0.389572083950043,0.36,14.0,tracing,,,1.0,0.0,1,1.0,4.72321148881918,2.635625,0.606186518928901,1,7,0.137583179761978,0.332247793674469,0.375317499079402,0.35110357184504,0.193556272254308,0.10404798,0.34156036,0.18327591,24.6666666666667,3.48484848484849,1,0,0.125,0.3747860419750215,adults
174,adults,,R,False,174__3974_56.jpg,../data/adults/stimuli_R/174__3974_56.jpg,a drawing of two legs with a broken leg and a broken leg,,Two ambiguous shapes resembling legs with geometric elements,,3,0.531724870204926,0.59,70.0,abstract doodle/hard to interpret,,,2.0,1.0,2,1.0,5.02613394686199,4.898125,0.539164813442056,2,13,0.178832818339298,0.373095154762268,0.396026932956392,0.549575612376309,0.198202200510727,0.12194421,0.2921957,0.15106729,4.93333333333333,3.48484848484849,0,1,0.375,0.5608624351024629,adults
180,adults,,R,False,180__4008_56.jpg,../data/adults/stimuli_R/180__4008_56.jpg,a close up of a drawing of a person holding a knife,,Hard to interpret,,2,0.400582551956177,0.37,15.0,abstract doodle/hard to interpret,,,2.0,0.0,0,0.5,4.67802693247331,2.16875,0.953179723502304,1,8,0.244171068419749,0.486912965774536,0.625322490930557,0.326965083848351,0.124550095129505,0.0,0.22448318,0.13221267,4.93333333333333,3.38235294117647,1,1,0.0,0.3852912759780885,adults
181,adults,,R,False,181__5401_56.jpg,../data/adults/stimuli_R/181__5401_56.jpg,a drawing of a bed with a desk and a chair,,Abstract shapes within a box above a triangle,,3,0.33699232339859,0.35,9.0,house,upside-down,,2.0,2.0,2,1.0,4.94349221185852,3.69625,0.910983981693364,3,11,0.147049060639794,0.31049919128418,0.374681532382965,0.489469798853448,0.245240516522962,0.109304465,0.2042987,0.10444526,10.5714285714286,3.48484848484849,1,0,0.5,0.343496161699295,adults
182,adults,,R,False,182__5413_56.jpg,../data/adults/stimuli_R/182__5413_56.jpg,drawing of a toothbrush with a toothpaste on it,,A simplified drawing of a pencil,,5,0.379680156707764,0.43,30.0,pencil,,,2.0,2.0,2,1.0,5.42803650600824,5.724375,0.748513238289206,1,17,0.105448954972685,0.233966157796014,0.309627134181685,0.675464506696888,0.280339629511111,0.11069103,0.27355105,0.144821,14.8,16.4285714285714,0,0,0.5,0.404840078353882,adults
183,adults,,R,False,183__5425_56.jpg,../data/adults/stimuli_R/183__5425_56.jpg,a drawing of a kite with a man ' s face on it,,A simple drawing of a kite with a tail,,4,0.356534242630005,0.4,24.0,house,upside-down,,2.0,2.0,2,1.0,4.70237200367928,3.725625,0.675219371320671,2,10,0.114717178659606,0.199264991327225,0.257147475651056,0.563304217412415,0.277916971202934,0.1510011,0.20705238,0.13265121,10.5714285714286,3.48484848484849,0,0,0.5,0.3782671213150025,adults
197,adults,,R,False,197__5477_56.jpg,../data/adults/stimuli_R/197__5477_56.jpg,drawing of a man with a paper bag on his head,,A stick figure with a square body and an X across it,,4,0.522724747657776,0.55,59.0,person(s),,,2.0,2.0,3,1.0,4.7912413219281,5.4425,0.634521260324258,3,15,0.181250859424419,0.369377911090851,0.407149994799493,0.575202333001779,0.333365537526667,0.08146859,0.2398287,0.1470935,4.7741935483871,5.47619047619048,0,0,0.625,0.5363623738288881,adults
203,adults,,R,False,203__4080_56.jpg,../data/adults/stimuli_R/203__4080_56.jpg,a drawing of a picture of a man holding a sign,,A mouse with a triangular face and whiskers,,3,0.473810315132141,0.56,64.0,mouse,,,2.0,3.0,3,1.0,4.83666194273746,5.305,0.404064417177914,1,9,0.228748055845725,0.451401320183355,0.489476366263081,0.568243399975327,0.30821654045269,0.14054897,0.2624622,0.20745516,148.0,3.48484848484849,0,0,0.75,0.5169051575660706,adults
223,adults,,R,False,223__4150_56.jpg,../data/adults/stimuli_R/223__4150_56.jpg,a drawing of a woman with a hat and a dress,,Child-like drawing of a person with big hair and stick limbs,,4,0.750470519065857,0.62,78.0,person(s),,,2.0,2.0,2,1.0,5.42349085822132,7.58375,0.484575409111013,3,12,0.177403737461343,0.36337673664093,0.439725723250252,0.714063799516139,0.292279716273274,0.10759594,0.29314846,0.14340186,4.7741935483871,5.0,0,0,0.5,0.6852352595329285,adults
242,adults,,R,False,242__4174_56.jpg,../data/adults/stimuli_R/242__4174_56.jpg,a black and white drawing of a person holding a rope,,"A crayon shape with the word ""Crayola"" written on it",,5,0.484496921300888,0.47,39.0,crayon,writing,,2.0,2.0,2,1.0,5.20352915243965,3.9625,0.793319630010278,1,5,0.178013314127127,0.312485218048096,0.38925870592944,0.521022501719028,0.36269936439694,0.15685745,0.24417987,0.2159502,148.0,16.4285714285714,0,0,0.5,0.477248460650444,adults
247,adults,,R,False,247__4186_56.jpg,../data/adults/stimuli_R/247__4186_56.jpg,a drawing of a person with a hat and a sword,,Hard to interpret,,2,0.547966837882996,0.58,69.0,creature(s),,,1.0,1.0,3,1.0,4.4586373201419,5.73625,0.582555970149254,6,13,0.244171068419749,0.486912965774536,0.625322490930557,0.533414720579051,0.264027791530108,0.0,0.27032703,0.11873891,9.86666666666667,3.38235294117647,1,0,0.5,0.5639834189414981,adults
259,adults,,R,False,259__4210_56.jpg,../data/adults/stimuli_R/259__4210_56.jpg,drawing of a pocket with a tie on it,,"Triangle shape with rectangular top, resembling an abstract pencil or pen",,4,0.350481152534485,0.31,4.0,pencil,,,1.0,1.0,0,1.0,4.53838945474907,3.104375,0.495440729483283,1,8,0.132922991165752,0.277538418769836,0.345155181614481,0.471165203169314,0.249810372344094,0.105059385,0.19772065,0.1389524,14.8,3.48484848484849,1,0,0.125,0.33024057626724246,adults
263,adults,,R,False,263__7340_56.jpg,../data/adults/stimuli_R/263__7340_56.jpg,a drawing of a house with a hand holding a pencil,,Abstract geometric shape resembling a house on a cone,,3,0.331610828638077,0.47,38.0,house,upside-down,,2.0,2.0,2,1.0,4.7269556993204,4.321875,0.710394873244746,7,10,0.130414418553445,0.384078067066612,0.313548404785894,0.549785536553522,0.3023687559737,0.11805421,0.28495985,0.11546266,10.5714285714286,12.7777777777778,1,0,0.5,0.4008054143190385,adults
265,adults,,R,False,265__4234_56.jpg,../data/adults/stimuli_R/265__4234_56.jpg,a drawing of a person holding a stick with a dog on it,,Stick figure playing basketball near a hoop with a net,,4,0.541739165782929,0.59,71.0,person(s),football,goal,2.0,3.0,3,1.0,5.26344299225159,4.806875,0.833851845623476,3,14,0.215474771530938,0.451014518737793,0.508116752393051,0.544541364982692,0.397356924312849,0.11276255,0.25858188,0.2241277,4.7741935483871,14.375,0,0,0.75,0.5658695828914645,adults
269,adults,,R,False,269__4255_56.jpg,../data/adults/stimuli_R/269__4255_56.jpg,a drawing of a man with a bird flying over him,,"Airplane drawing with ""LAX"" sign, another plane above",,5,0.695213377475739,0.75,96.0,airplane,airport,writing,2.0,4.0,4,1.0,5.19543809232001,7.650625,0.366015183330641,3,15,0.182914164737301,0.363014502884682,0.429421092833345,0.709252549608747,0.361765085772794,0.1875023,0.2997847,0.22996171,148.0,3.48484848484849,0,0,1.0,0.7226066887378695,adults
275,adults,,R,False,275__4267_56.jpg,../data/adults/stimuli_R/275__4267_56.jpg,a drawing of a man with a sign in his hand,,Stick figure with rectangular body sitting cross-legged,,4,0.524020671844482,0.55,60.0,creature(s),,,1.0,2.0,2,0.5,4.91918371787649,5.378125,0.543449865539762,4,13,0.215669367829631,0.360744476318359,0.448177900801771,0.66000504091314,0.265225908701258,0.088675156,0.19309524,0.11982517,9.86666666666667,5.47619047619048,0,0,0.5,0.537010335922241,adults
285,adults,,R,False,285__4291_56.jpg,../data/adults/stimuli_R/285__4291_56.jpg,a close up of a map of africa with a cat on it,,Abstract shape resembling a fractured stone or shield pattern,,3,0.456423938274384,0.49,46.0,abstract doodle/hard to interpret,,,2.0,1.0,1,1.0,5.0289510780721,5.3425,0.934661476223189,1,7,0.137168816496799,0.300012588500977,0.352689346831401,0.648027155787999,0.257373422139006,0.1220572,0.46121997,0.20013337,4.93333333333333,3.48484848484849,1,1,0.25,0.473211969137192,adults
287,adults,,R,False,287__5668_56.jpg,../data/adults/stimuli_R/287__5668_56.jpg,drawing of a black and white picture of a person holding a box with a face,,Two stick figures inside a hanging box-like structure with a darkened area below,,3,0.539248168468475,0.55,60.0,TV,person,,2.0,3.0,3,1.0,7.32444288681988,7.8325,0.882895803454512,4,9,0.199387955702068,0.419370676241556,0.492635935106034,0.672435092163236,0.321076177592143,0.14241543,0.2425619,0.17912629,148.0,5.47619047619048,0,0,0.75,0.5446240842342376,adults
298,adults,,R,False,298__4331_56.jpg,../data/adults/stimuli_R/298__4331_56.jpg,drawing of a suitcase with a handle and a handle on it,,Hard to interpret,,2,0.388457000255585,0.52,51.0,abstract doodle/hard to interpret,,,2.0,1.0,1,1.0,4.78324292317847,4.30625,0.319687558817994,3,14,0.244171068419749,0.486912965774536,0.625322490930557,0.53485415870905,0.225573832549508,0.0,0.2681417,0.12036715,4.93333333333333,3.38235294117647,1,1,0.25,0.4542285001277925,adults
301,adults,,R,False,301__4343_56.jpg,../data/adults/stimuli_R/301__4343_56.jpg,a cartoon picture of a man sitting on a chair with a broken leg,,Stick figure with arms raised near basketball hoop and backboard,,5,0.579510688781738,0.64,82.0,basketball basket,basketball,person(s),2.0,3.0,3,1.0,6.16164709968874,5.843125,0.799489755241968,2,13,0.20283268673225,0.400567710399628,0.474199144494482,0.657846263774006,0.345833106857457,0.1026541,0.33823895,0.17832704,49.33333333333329,14.375,0,0,0.75,0.609755344390869,adults
302,adults,,R,False,302__4353_56.jpg,../data/adults/stimuli_R/302__4353_56.jpg,a drawing of a man with a face and arms and legs,,A simple stick figure with a rectangular head and minimal features,,5,0.46944335103035,0.5,46.0,person(s),,,2.0,2.0,2,1.0,4.61914628706514,3.8075,0.661634007923761,1,9,0.168315102558426,0.343588570142472,0.378303889480578,0.510103522231024,0.283049517346882,0.080263995,0.17381158,0.103762195,4.7741935483871,5.0,0,0,0.5,0.484721675515175,adults
315,adults,,R,False,315__5734_56.jpg,../data/adults/stimuli_R/315__5734_56.jpg,a drawing of a tree with a piece of paper on it,,Stick figure with a rectangular head and an angry expression,,4,0.544722676277161,0.5,46.0,robot,,,2.0,2.0,2,1.0,4.81935501326351,4.57375,0.845358017968963,4,15,0.210484956445097,0.399599772679799,0.469760267124191,0.580692773949717,0.286352822436928,0.09118681,0.28690824,0.12470964,37.0,5.0,0,0,0.5,0.5223613381385805,adults
324,adults,,R,False,324__5748_56.jpg,../data/adults/stimuli_R/324__5748_56.jpg,there is a black and white drawing of a glass with a cord,,Hard to interpret,,2,0.362783014774323,0.39,21.0,pencil,,,1.0,1.0,0,1.0,7.36670458252373,5.41,0.486770113911562,1,9,0.244171068419749,0.486912965774536,0.625322490930557,0.815548934096482,0.25166003815934,0.0,0.42817736,0.17090817,14.8,3.38235294117647,1,0,0.125,0.37639150738716154,adults
340,adults,,R,False,340__5792_56.jpg,../data/adults/stimuli_R/340__5792_56.jpg,a drawing of a man with a tie and a smile on his face,,"A simple face with eyes, smile, and a small beard",,4,0.430518329143524,0.47,39.0,face,,,2.0,1.0,1,1.0,4.63176947068863,2.900625,0.751099611901682,4,4,0.197206652497447,0.349485754966736,0.444820900825414,0.542911554191352,0.236272334115956,0.10425947,0.21132807,0.13640925,13.4545454545455,8.84615384615385,0,0,0.25,0.45025916457176196,adults
346,adults,,R,False,346__5815_56.jpg,../data/adults/stimuli_R/346__5815_56.jpg,a drawing of a black and white picture of a bikini,,Hard to interpret,,2,0.398706257343292,0.43,29.0,pencil,,,2.0,2.0,0,1.0,4.37566027611837,4.89375,0.656992518293184,1,11,0.244171068419749,0.486912965774536,0.625322490930557,0.600043341891653,0.201615437592543,0.0,0.2602367,0.11472883,14.8,3.38235294117647,1,0,0.25,0.414353128671646,adults
356,adults,,R,False,356__5849_56.jpg,../data/adults/stimuli_R/356__5849_56.jpg,a black and white drawing of a hand holding a box,,Hard to interpret,,2,0.501102983951569,0.46,35.0,rocket,,,2.0,2.0,2,1.0,4.71290030436396,4.258125,0.25398521684923,1,6,0.244171068419749,0.486912965774536,0.625322490930557,0.598942460973431,0.262596539444157,0.0,0.28936005,0.18025497,49.33333333333329,3.38235294117647,1,0,0.5,0.4805514919757845,adults
375,adults,,R,False,375__5952_56.jpg,../data/adults/stimuli_R/375__5952_56.jpg,a drawing of a cross with a heart on top of it,,Abstract humanoid figure sitting cross-legged on a circular object,,3,0.538354873657227,0.55,60.0,robot,,,2.0,2.0,2,1.0,4.76480231969503,4.931875,0.528490759753593,3,12,0.208902525371161,0.459364755730771,0.505242496416419,0.617902453688624,0.241946283579593,0.117563106,0.19820276,0.11224743,37.0,5.0,1,0,0.5,0.5441774368286135,adults
392,adults,,R,False,392__6019_56.jpg,../data/adults/stimuli_R/392__6019_56.jpg,a drawing of a face with a smile on it,,Smiling mask with one eye drawn larger than the other,,4,0.509376883506775,0.47,38.0,face,,,2.0,1.0,2,1.0,4.93637897245429,4.29125,0.933275646572445,2,9,0.216124402515624,0.382734738751335,0.519167811820972,0.63475336368027,0.253754065356234,0.12910864,0.23659158,0.16245489,13.4545454545455,8.84615384615385,0,0,0.375,0.4896884417533875,adults
415,adults,,R,False,415__7560_56.jpg,../data/adults/stimuli_R/415__7560_56.jpg,a drawing of a person holding a sign with a hand,,A simple sketch of a table lamp with a rectangular shade,,4,0.414984941482544,0.38,19.0,abstract doodle/hard to interpret,,,1.0,0.0,0,1.0,4.549261407588,2.38,0.84873407514917,1,7,0.180201221692488,0.372498989105225,0.366565130148239,0.45581081297969,0.212632475564513,0.15996936,0.17943808,0.119024694,4.93333333333333,3.48484848484849,0,1,0.0,0.39749247074127203,adults
427,adults,,R,False,427__6123_56.jpg,../data/adults/stimuli_R/427__6123_56.jpg,drawing of a toilet with a square seat and a square seat,,Hard to interpret,,2,0.314647555351257,0.32,4.0,house,upside-down,,2.0,2.0,2,1.0,4.471771736813,2.571875,0.846369954162354,2,6,0.244171068419749,0.486912965774536,0.625322490930557,0.480198129504851,0.236205686427613,0.0,0.18923181,0.11028079,10.5714285714286,3.38235294117647,1,0,0.5,0.31732377767562847,adults
434,adults,,R,False,434__7593_56.jpg,../data/adults/stimuli_R/434__7593_56.jpg,a close up of a drawing of a vase with a line drawing of a face,,Hard to interpret,,1,0.342312216758728,0.34,8.0,pencil,,,2.0,2.0,2,1.0,4.80048421736016,3.954375,0.599715533881947,1,8,0.244171068419749,0.486912965774536,0.625322490930557,0.618790453612595,0.240084584081319,0.0,0.28094453,0.12339342,14.8,3.38235294117647,1,0,0.5,0.34115610837936405,adults
445,adults,,R,False,445__7637_56.jpg,../data/adults/stimuli_R/445__7637_56.jpg,a drawing of a face with a large nose and a small nose,,Hard to interpret,,1,0.35533145070076,0.34,9.0,abstract doodle/hard to interpret,,,1.0,1.0,0,0.0,4.5834166360431,3.9225,0.427382980855969,3,10,0.244171068419749,0.486912965774536,0.625322490930557,0.516643150749412,0.209118536859576,0.0,0.24923488,0.13489749,4.93333333333333,3.38235294117647,1,1,0.125,0.34766572535038,adults
453,adults,,R,False,453__7720_56.jpg,../data/adults/stimuli_R/453__7720_56.jpg,cartoon drawing of a man holding a large object with a light bulb above it,,A stick figure throwing a basketball into a hoop,,5,0.529927968978882,0.61,74.0,person(s),sun,,1.0,2.0,3,1.0,5.22128171225339,7.035,0.382691131498471,7,12,0.227232979104936,0.407741581932211,0.486959665236452,0.706779602095885,0.301253688378085,0.12247517,0.3031519,0.20197137,4.7741935483871,14.375,0,0,0.625,0.569963984489441,adults
454,adults,,R,False,454__6235_56.jpg,../data/adults/stimuli_R/454__6235_56.jpg,a drawing of two dinosaurs facing each other with their heads in the shape of a heart,,Two dinosaur-like creatures facing each other with a glass in between,,5,0.513814508914948,0.61,75.0,dinasaurs,,,2.0,3.0,4,1.0,4.62107178190301,5.663125,0.269662921348315,5,12,0.251039236660089,0.554239243268967,0.54648575463806,0.685766341037619,0.314480277890672,0.17567356,0.42214686,0.24582577,148.0,3.48484848484849,0,0,0.875,0.5619072544574739,adults
456,adults,,R,False,456__7756_56.jpg,../data/adults/stimuli_R/456__7756_56.jpg,drawing of a house with a sun and a person on a horse,,"House with garage, plants, sun, and path",,5,0.571709036827087,0.67,88.0,house,sun,garage,2.0,4.0,3,1.0,6.116992244942,15.448125,0.323884307543051,4,33,0.198424434849682,0.459482610225678,0.444583084856455,0.856635681856185,0.350630558516153,0.18510044,0.39282784,0.19245797,10.5714285714286,12.7777777777778,0,0,0.875,0.6208545184135434,adults
458,adults,,R,False,458__7780_56.jpg,../data/adults/stimuli_R/458__7780_56.jpg,a drawing of a man with a broken arm and a broken arm,,"A stick figure wearing a shirt with ""I ♥ NY"" written on it",,5,0.556526780128479,0.63,79.0,person(s),writing,,2.0,3.0,3,1.0,4.70857878794836,8.1975,0.355548746233594,4,13,0.211171899894244,0.38697775524722,0.489784210311425,0.781849100869141,0.364611702927146,0.11808956,0.2522836,0.17132641,4.7741935483871,5.47619047619048,0,0,0.75,0.5932633900642394,adults
464,adults,,R,False,464__7839_56.jpg,../data/adults/stimuli_R/464__7839_56.jpg,a drawing of a coffee grinder with a cup of coffee,,Coffee machine with a cup underneath a spout,,4,0.694990694522858,0.7,91.0,coffee machine,,,2.0,4.0,4,1.0,5.73316906069618,9.263125,0.641774397972117,3,26,0.282044811126898,0.504308730620665,0.585589205359768,0.813747268026916,0.380564075680848,0.21795885,0.4608477,0.23149438,148.0,12.7777777777778,0,0,1.0,0.6974953472614289,adults
466,adults,,R,False,466__7862_56.jpg,../data/adults/stimuli_R/466__7862_56.jpg,a drawing of a vase with flowers in it on a table,,"Vase with three flowers, geometric structure around it",,5,0.577182531356812,0.59,70.0,flowers,window,vase,2.0,4.0,4,1.0,4.82125874754759,6.5675,0.70604217880709,1,13,0.195422566482709,0.394279599189758,0.467269134575347,0.669552137082268,0.237864036356393,0.16209003,0.40293908,0.17775515,74.0,3.48484848484849,0,0,1.0,0.5835912656784059,adults
481,adults,,R,False,481__7954_56.jpg,../data/adults/stimuli_R/481__7954_56.jpg,a drawing of a house with a roof and a clock on it,,Two-story house with windows and abstract shapes at the bottom,,3,0.627000033855438,0.53,54.0,house,windows,stairs,2.0,2.0,2,1.0,4.82562704071037,6.8125,0.544203215916912,5,22,0.16368804410838,0.448910355567932,0.369950614568627,0.629137203164815,0.311292592992099,0.1377534,0.23006096,0.12678523,10.5714285714286,12.7777777777778,1,0,0.5,0.578500016927719,adults
482,adults,,R,False,482__7966_56.jpg,../data/adults/stimuli_R/482__7966_56.jpg,a drawing of a cross with a person on it,,Hard to interpret,,2,0.542441129684448,0.5,47.0,abstract doodle/hard to interpret,,,2.0,1.0,1,1.0,4.62620340569418,4.781875,0.339343871633966,17,6,0.244171068419749,0.486912965774536,0.625322490930557,0.439590617880845,0.204682277244421,0.0,0.26608935,0.11760056,4.93333333333333,3.38235294117647,1,1,0.25,0.521220564842224,adults
484,adults,,R,False,484__7990_56.jpg,../data/adults/stimuli_R/484__7990_56.jpg,drawing of a toilet with a lid and a tank on it,,Abstract geometric shapes with straight and curved lines,,3,0.464334070682526,0.49,44.0,toilet,,,1.0,2.0,0,1.0,4.4176597867716,4.250625,0.81379971250599,1,13,0.135572774938008,0.346875846385956,0.337601403904124,0.617413780895924,0.198532618514288,0.122695014,0.24322946,0.12366514,148.0,3.48484848484849,1,0,0.25,0.47716703534126303,adults
485,adults,,R,False,485__8001_56.jpg,../data/adults/stimuli_R/485__8001_56.jpg,a drawing of a hand drawn picture of a person holding a sign,,Hard to interpret,,2,0.390105247497559,0.43,30.0,abstract doodle/hard to interpret,writing,,2.0,1.0,0,1.0,4.71518753704777,3.470625,0.69273679417122,1,8,0.244171068419749,0.486912965774536,0.625322490930557,0.480270968986157,0.264994434763283,0.0,0.21552697,0.19548772,4.93333333333333,3.38235294117647,1,1,0.125,0.4100526237487795,adults
486,adults,,R,False,486__8013_56.jpg,../data/adults/stimuli_R/486__8013_56.jpg,a drawing of a teddy bear with a bow on its head,,Outline resembles a turtle viewed from above,,4,0.509214758872986,0.55,61.0,abstract doodle/hard to interpret,,,1.0,1.0,2,1.0,5.24750237484379,5.823125,0.363880813953488,1,8,0.166066100235812,0.353349447250366,0.374615136499564,0.736115324765967,0.247413058069715,0.15768237,0.36104292,0.13684317,4.93333333333333,3.48484848484849,0,1,0.375,0.529607379436493,adults
487,adults,,R,False,487__8025_56.jpg,../data/adults/stimuli_R/487__8025_56.jpg,a drawing of a person sitting on a toilet with a paper in their hand,,Abstract figure with cross-like arms and bent legs,,3,0.527780115604401,0.48,42.0,person(s),,,2.0,1.0,2,1.0,4.64380618915858,4.14875,0.767830791933104,1,8,0.182329941849115,0.422433887575036,0.451413241113021,0.610132137257494,0.224463082408679,0.0841025,0.19594362,0.13177754,4.7741935483871,5.0,1,0,0.375,0.5038900578022005,adults
489,adults,,R,False,489__8046_56.jpg,../data/adults/stimuli_R/489__8046_56.jpg,a drawing of a robot with a box on top of it,,"Robot, sun, and submarine with ocean waves in simple line drawing",,4,0.676929593086243,0.76,96.0,robot,submarine,sun,1.0,3.0,3,0.5,5.24439648412409,11.565625,0.316799572665878,13,26,0.153124144487132,0.314284781047248,0.366348266601563,0.698353669984053,0.325786362957642,0.1725771,0.35481554,0.20465493,37.0,3.48484848484849,0,0,0.75,0.7184647965431215,adults
492,adults,,R,False,492__8058_56.jpg,../data/adults/stimuli_R/492__8058_56.jpg,a drawing of a man with a hat on his head,,A smiling face with a hat and a triangular beard,,5,0.462966948747635,0.49,46.0,face,,,2.0,2.0,2,1.0,4.67414529564005,3.6475,0.580209241499564,5,10,0.234697327929893,0.366802118229991,0.517671616991948,0.609014745284728,0.292965341109948,0.11614946,0.199157,0.14870486,13.4545454545455,8.84615384615385,0,0,0.5,0.4764834743738175,adults
496,adults,,R,False,496__8100_56.jpg,../data/adults/stimuli_R/496__8100_56.jpg,a drawing of a man holding a sign with a skeleton on it,,"Stick figure with six-pack abs, wearing pants, in a box",,4,0.579095363616943,0.55,61.0,person(s),,,2.0,2.0,3,1.0,5.90090263150678,9.42125,0.505867074811001,3,18,0.24352471569033,0.420162124042574,0.516000897646003,0.708508073956076,0.3430448962654,0.12530556,0.22390652,0.17077772,4.7741935483871,5.47619047619048,0,0,0.625,0.5645476818084716,adults
498,adults,,R,False,498__8112_56.jpg,../data/adults/stimuli_R/498__8112_56.jpg,cartoon drawing of a man with a knife and a box,,"Humanoid figure with large nose, open mouth, arms raised, and hat",,4,0.557615756988525,0.63,80.0,creature(s),,,2.0,2.0,3,1.0,4.76208210266254,8.140625,0.498363673552874,2,21,0.233577581217572,0.452287375926971,0.537188770603464,0.754310254617167,0.34268291790431,0.11540526,0.280848,0.16996272,9.86666666666667,8.84615384615385,0,0,0.625,0.5938078784942624,adults
502,adults,,R,False,502__8136_56.jpg,../data/adults/stimuli_R/502__8136_56.jpg,drawing of a black and white image of a kitchen with a sink,,Hard to interpret,,1,0.463703870773315,0.5,48.0,house,upside-down,,2.0,2.0,2,1.0,5.0933445520139,6.46625,0.727396886096695,2,13,0.244171068419749,0.486912965774536,0.625322490930557,0.58870155068428,0.260011232320365,0.0,0.19628775,0.10540042,10.5714285714286,3.38235294117647,1,0,0.5,0.4818519353866575,adults
511,adults,,R,False,511__8156_56.jpg,../data/adults/stimuli_R/511__8156_56.jpg,a drawing of a hand holding a letter v with a leaf,,Hard to interpret,,2,0.461193889379501,0.43,29.0,abstract doodle/hard to interpret,,,2.0,0.0,0,1.0,4.48907196909644,4.75125,0.32908223143729,2,10,0.244171068419749,0.486912965774536,0.625322490930557,0.552858954749235,0.222042427709543,0.0,0.33143198,0.18175146,4.93333333333333,3.38235294117647,1,1,0.0,0.44559694468975053,adults
513,adults,,R,False,513__8168_56.jpg,../data/adults/stimuli_R/513__8168_56.jpg,a drawing of a man holding a sign with a smile on it,,Simple drawing of a humanoid figure with a smiling face,,5,0.452871263027191,0.47,39.0,person(s),,,2.0,2.0,1,1.0,4.46262452702063,5.081875,0.30374862183021,4,10,0.168162514676896,0.307048398676418,0.374707542342396,0.784590119218882,0.254799483649129,0.094369456,0.32340518,0.10748613,4.7741935483871,5.0,0,0,0.375,0.46143563151359546,adults
517,adults,,R,False,517__8204_56.jpg,../data/adults/stimuli_R/517__8204_56.jpg,a drawing of a fish with a face and a mouth,,Cartoonish face with a square head and pointed ears,,4,0.437324345111847,0.45,35.0,creature(s),,,1.0,1.0,2,1.0,4.7763059541257,3.865,0.568920197665861,4,8,0.227391275478444,0.34425699710846,0.477287142115064,0.694996397284093,0.297945255356446,0.09744519,0.2734578,0.16215274,9.86666666666667,8.84615384615385,0,0,0.375,0.4436621725559235,adults
520,adults,,R,False,520__8227_56.jpg,../data/adults/stimuli_R/520__8227_56.jpg,a drawing of a man with arms outstretched and legs crossed,,Abstract human figure with arms raised,,3,0.402412116527557,0.39,21.0,person(s),,,2.0,1.0,1,1.0,4.50803681917696,3.345625,0.420605654263046,1,9,0.192784763242625,0.485002398490906,0.50822982241093,0.598977336014403,0.177745317219518,0.098078,0.26861578,0.1325936,4.7741935483871,5.0,1,0,0.25,0.3962060582637785,adults
521,adults,,R,False,521__8239_56.jpg,../data/adults/stimuli_R/521__8239_56.jpg,a drawing of a spider with a clock on its back,,Spider with a web-like pattern on its body,,4,0.611793041229248,0.62,78.0,spider,,,2.0,2.0,3,1.0,4.59101604194439,6.97125,0.442264752791069,7,10,0.214310454469295,0.465395867824554,0.503397464752197,0.681407230869126,0.282672678944086,0.18393357,0.44179478,0.19426751,148.0,3.48484848484849,0,0,0.625,0.6158965206146241,adults
522,adults,,R,False,522__8251_56.jpg,../data/adults/stimuli_R/522__8251_56.jpg,drawing of a basketball hoop and a basketball ball,,Basketball hoop and ball on a court,,5,0.538330614566803,0.58,67.0,basketball basket,basketball,,2.0,3.0,3,1.0,4.93917496889479,5.385625,0.70750382848392,2,15,0.22953507548152,0.3977952003479,0.539861532441468,0.580602935530585,0.307138467723844,0.15311822,0.29508057,0.16385037,49.33333333333329,14.375,0,0,0.75,0.5591653072834015,adults
524,adults,,R,False,524__8263_56.jpg,../data/adults/stimuli_R/524__8263_56.jpg,a drawing of two stick figures with arms outstretched and legs crossed,,"Two stick figures; one arm raised, legs apart",,5,0.511153638362885,0.51,49.0,person(s),,,2.0,2.0,2,1.0,4.56188632335147,3.6875,0.297568103538253,2,10,0.214355157950212,0.371911644935608,0.471884485707814,0.483368929218054,0.281353857387786,0.10548345,0.23358195,0.17105456,4.7741935483871,5.47619047619048,0,0,0.5,0.5105768191814425,adults
529,adults,,R,False,529__8275_56.jpg,../data/adults/stimuli_R/529__8275_56.jpg,a drawing of a face with a smile drawn on it,,Simple drawing of a face with angry expression and rectangular eyes,,5,0.444636106491089,0.48,42.0,face,,,2.0,2.0,2,1.0,5.12288131772627,9.5125,0.47131419471845,7,18,0.163047244367166,0.293310105800629,0.392321133155889,0.779489394956097,0.263280469030875,0.10541548,0.30901557,0.1381316,13.4545454545455,5.0,0,0,0.5,0.4623180532455445,adults
530,adults,,R,False,530__8287_56.jpg,../data/adults/stimuli_R/530__8287_56.jpg,a drawing of a man holding a box with a person on it,,Hard to interpret,,1,0.457698106765747,0.49,43.0,person(s),,,2.0,2.0,2,1.0,4.77356199204265,4.865,0.779577643965737,2,7,0.244171068419749,0.486912965774536,0.625322490930557,0.561273035750273,0.211910719604997,0.0,0.15040222,0.09247649,4.7741935483871,3.38235294117647,1,0,0.5,0.47384905338287353,adults
532,adults,,R,False,532__8311_56.jpg,../data/adults/stimuli_R/532__8311_56.jpg,a drawing of a man with a tie on his neck,,Abstract humanoid figure with a circular head and triangular lower body,,4,0.387304395437241,0.47,39.0,person(s),,,2.0,1.0,2,1.0,4.56539252359976,2.76125,0.718940654464781,1,5,0.21025477586658,0.439605388664877,0.452913403511047,0.509090630630129,0.207667900607613,0.1014791,0.29154086,0.1260141,4.7741935483871,5.0,1,0,0.375,0.4286521977186205,adults
533,adults,,R,False,533__8322_56.jpg,../data/adults/stimuli_R/533__8322_56.jpg,a drawing of a bag of food with a piece of bread on it,,Ice cream cone with a triangular wrapper and sprinkles on top,,5,0.431399315595627,0.43,30.0,abstract doodle/hard to interpret,,,1.0,1.0,0,1.0,5.26299547757574,5.621875,0.67998112910835,12,10,0.234997391700745,0.415915131568909,0.549183130264282,0.706305163670257,0.22220835626981,0.17461991,0.36677223,0.16056795,4.93333333333333,12.7777777777778,0,1,0.125,0.4306996577978135,adults
534,adults,,R,False,534__8334_56.jpg,../data/adults/stimuli_R/534__8334_56.jpg,a drawing of a crown and a letter j,,Hard to interpret,,2,0.473410129547119,0.62,78.0,abstract doodle/hard to interpret,,,1.0,1.0,1,1.0,4.54661208241571,4.09625,0.615924836291165,4,11,0.244171068419749,0.486912965774536,0.625322490930557,0.504397187913816,0.193159037270532,0.0,0.24495566,0.14453371,4.93333333333333,3.38235294117647,1,1,0.25,0.5467050647735595,adults
538,adults,,R,False,538__8356_56.jpg,../data/adults/stimuli_R/538__8356_56.jpg,a drawing of a man holding a sign with a smile on his face,,Abstract figure with a boxy body and simple limbs,,3,0.433447360992432,0.49,44.0,creature(s),,,2.0,2.0,2,1.0,4.64659628296103,3.92375,0.419755560008014,2,8,0.181114484005302,0.427877885934051,0.407455205917358,0.621813800264545,0.281655705442303,0.08717002,0.20267074,0.10437813,9.86666666666667,5.0,1,0,0.5,0.461723680496216,adults
541,adults,,R,False,541__8378_56.jpg,../data/adults/stimuli_R/541__8378_56.jpg,a drawing of a cross with a face and a cross on it,,"Abstract human figure with arms outstretched, triangle base, and cross above head",,3,0.467181593179703,0.58,67.0,creature(s),,,2.0,1.0,2,1.0,4.79423632181277,5.555,0.265080903735739,4,19,0.169707228558823,0.382348730284123,0.439190890740804,0.589086683571137,0.230957250865272,0.1000606,0.32293934,0.12817076,9.86666666666667,5.0,1,0,0.375,0.5235907965898514,adults
542,adults,,R,False,542__8390_56.jpg,../data/adults/stimuli_R/542__8390_56.jpg,a drawing of a man with a face drawn on it,,"Abstract face with triangular eyes, large ears, and hair strands",,4,0.574382781982422,0.57,65.0,face,,,2.0,2.0,2,1.0,5.05825353269895,5.81,0.498996127921985,11,12,0.193381238378211,0.398996949195862,0.472517085598445,0.705176273876399,0.290159310839382,0.10073118,0.22906533,0.15972427,13.4545454545455,8.84615384615385,1,0,0.5,0.572191390991211,adults
543,adults,,R,False,543__8402_56.jpg,../data/adults/stimuli_R/543__8402_56.jpg,drawing of a face with a square shaped face on it,,Simple outline resembling a house with windows and a chimney,,4,0.362175226211548,0.4,22.0,house,upside-down,,2.0,2.0,2,1.0,4.89942856299792,3.54875,0.770738003050569,4,12,0.108889805210846,0.254174530506134,0.237663700441341,0.548067457534582,0.24161775014973,0.14611974,0.23370305,0.10330484,10.5714285714286,12.7777777777778,0,0,0.5,0.381087613105774,adults
547,adults,,R,False,547__8438_56.jpg,../data/adults/stimuli_R/547__8438_56.jpg,a close up of a black and white drawing of a hat and tie,,Abstract line drawing of a pen nib and holder,,4,0.477361530065537,0.45,33.0,abstract doodle/hard to interpret,,,1.0,1.0,0,0.5,6.9319134252507,4.72625,0.559139784946237,1,10,0.13033322926363,0.341603517532349,0.332799911499023,0.607028823207714,0.201051501888704,0.13311192,0.33015493,0.1460894,4.93333333333333,16.4285714285714,1,1,0.125,0.4636807650327685,adults
549,adults,,R,False,549__8448_56.jpg,../data/adults/stimuli_R/549__8448_56.jpg,a black and white drawing of a star with a long tail,,Hard to interpret,,2,0.309600383043289,0.34,8.0,abstract doodle/hard to interpret,,,1.0,0.0,0,1.0,4.63273480369448,3.015625,0.372222944004157,1,7,0.244171068419749,0.486912965774536,0.625322490930557,0.547839079448863,0.226864825094991,0.0,0.31360358,0.19039562,4.93333333333333,3.38235294117647,1,1,0.0,0.3248001915216445,adults
551,adults,,R,False,551__8460_56.jpg,../data/adults/stimuli_R/551__8460_56.jpg,drawing of a man with a head and arms on a white background,,A stick figure with a square head and angular limbs,,4,0.517961144447327,0.52,51.0,creature(s),,,2.0,2.0,2,1.0,4.44220807798705,4.965,0.665200391006843,3,13,0.196983683289068,0.349922218923435,0.403539860459557,0.646197152675556,0.235913650265034,0.06175832,0.16192031,0.12933922,9.86666666666667,5.0,0,0,0.5,0.5189805722236636,adults
554,adults,,R,False,554__8483_56.jpg,../data/adults/stimuli_R/554__8483_56.jpg,a close up of a kite with a sign attached to it,,Pencil with complex sketch lines at the tip,,3,0.409107595682144,0.42,27.0,pencil,,,2.0,2.0,2,1.0,5.89000061105688,5.619375,0.618635849361565,1,11,0.140461428110423,0.314904788580679,0.393057250562741,0.809885423259178,0.277627652651591,0.12657231,0.35983983,0.17856432,14.8,16.4285714285714,0,0,0.5,0.414553797841072,adults
556,adults,,R,False,556__8495_56.jpg,../data/adults/stimuli_R/556__8495_56.jpg,a close up of a black and white picture of a window and a window frame,,Hard to interpret,,1,0.292208611965179,0.24,0.0,tracing,,,2.0,0.0,0,1.0,4.60395939941933,1.82,0.930835734870317,2,6,0.244171068419749,0.486912965774536,0.625322490930557,0.36915933224894,0.106923856318389,0.0,0.2377069,0.12993784,24.6666666666667,3.38235294117647,1,0,0.0,0.2661043059825895,adults
558,adults,,R,False,558__8507_56.jpg,../data/adults/stimuli_R/558__8507_56.jpg,a drawing of a man with a cat on his back,,Hard to interpret,,2,0.519020676612854,0.53,53.0,abstract doodle/hard to interpret,,,2.0,1.0,1,1.0,4.56010006460124,5.5125,0.421327967806841,6,6,0.244171068419749,0.486912965774536,0.625322490930557,0.711377649092806,0.235147196944818,0.0,0.32433182,0.13978726,4.93333333333333,3.38235294117647,1,1,0.25,0.524510338306427,adults
562,adults,,R,False,562__8524_56.jpg,../data/adults/stimuli_R/562__8524_56.jpg,a drawing of a kite with a long tail and a long tail,,Geometric shape with triangle on top and bottom,,4,0.21380603313446,0.3,2.0,abstract doodle/hard to interpret,,,2.0,0.0,0,1.0,4.59463047422345,3.214375,0.560197165742452,1,10,0.167719413774047,0.360337853431702,0.399364948272705,0.552212590170138,0.160856167426976,0.11261852,0.27412385,0.12444017,4.93333333333333,3.48484848484849,0,1,0.0,0.25690301656723,adults
563,adults,,R,False,563__8536_56.jpg,../data/adults/stimuli_R/563__8536_56.jpg,drawing of a person holding a piece of paper with a brain in it,,Hard to interpret,,1,0.589994370937347,0.57,66.0,abstract doodle/hard to interpret,,,1.0,1.0,0,1.0,4.6044104022553,4.10125,0.545437042741625,2,7,0.244171068419749,0.486912965774536,0.625322490930557,0.641758558432358,0.26232089794604,0.0,0.31295928,0.14101498,4.93333333333333,3.38235294117647,1,1,0.125,0.5799971854686734,adults
564,adults,,R,False,564__8548_56.jpg,../data/adults/stimuli_R/564__8548_56.jpg,a drawing of a cartoon character with a pencil in his hand,,"A cartoonish character holding a pencil with text ""Me Hoy Minoy.",,4,0.74910968542099,0.66,85.0,creature(s),pen,writing,2.0,2.0,3,1.0,4.78405842142037,8.721875,0.480620888741659,15,15,0.177284945411386,0.319223682926672,0.488221345927872,0.716231915289378,0.473845040029527,0.13571815,0.24194007,0.30211452,9.86666666666667,16.4285714285714,0,0,0.625,0.7045548427104951,adults
567,adults,,R,False,567__8582_56.jpg,../data/adults/stimuli_R/567__8582_56.jpg,a drawing of a man holding a sign with his hands,,A stick figure with a smiling face and large arms and legs,,4,0.473632514476776,0.52,52.0,creature(s),,,2.0,2.0,2,1.0,4.5614120539266,8.238125,0.200143472022956,4,14,0.224595446956959,0.379635334014893,0.474050132873661,0.647551177559573,0.274905705923514,0.08759396,0.26594475,0.12865995,9.86666666666667,5.47619047619048,0,0,0.5,0.496816257238388,adults
568,adults,,R,False,568__8593_56.jpg,../data/adults/stimuli_R/568__8593_56.jpg,a drawing of a heart with a piece of paper in it,,Hard to interpret,,2,0.439490765333176,0.43,30.0,rocket,,,1.0,1.0,1,1.0,4.45387796191659,4.42375,0.367778541953232,7,7,0.244171068419749,0.486912965774536,0.625322490930557,0.567141163973463,0.239100025331487,0.0,0.25376397,0.146548,49.33333333333329,3.38235294117647,1,0,0.25,0.434745382666588,adults
570,adults,,R,False,570__8605_56.jpg,../data/adults/stimuli_R/570__8605_56.jpg,a black and white drawing of a cup of coffee with a butterfly on it,,Abstract shape resembling a butterfly with antennae,,4,0.464192569255829,0.55,59.0,butterfly,,,2.0,2.0,3,1.0,4.87680551434873,6.480625,0.236220983011283,1,9,0.160219411823814,0.347528915033606,0.387384854995301,0.735938496631977,0.307484973650117,0.12286632,0.30879107,0.1777493,148.0,3.48484848484849,1,0,0.625,0.5070962846279146,adults
575,adults,,R,False,575__8629_56.jpg,../data/adults/stimuli_R/575__8629_56.jpg,drawing of a man with a hat and tie standing in a circle,,Stick figure person with buttons on its torso,,4,0.451415449380875,0.46,37.0,person(s),,,2.0,1.0,2,1.0,4.72047238333442,3.6575,0.443589465698494,8,8,0.222106264704091,0.411944252608545,0.495972945926153,0.435191473422936,0.230474691262998,0.098302506,0.21769647,0.098322965,4.7741935483871,5.47619047619048,0,0,0.375,0.4557077246904375,adults
577,adults,,R,False,577__8641_56.jpg,../data/adults/stimuli_R/577__8641_56.jpg,a close up of a drawing of a chair and a table,,Hard to interpret,,2,0.324672907590866,0.32,4.0,abstract doodle/hard to interpret,,,2.0,0.0,0,1.0,4.88344282103431,2.479375,0.943913873936447,2,8,0.244171068419749,0.486912965774536,0.625322490930557,0.347508728735408,0.148777105445822,0.0,0.20334439,0.1503346,4.93333333333333,3.38235294117647,1,1,0.0,0.32233645379543296,adults
583,adults,,R,False,583__8665_56.jpg,../data/adults/stimuli_R/583__8665_56.jpg,drawing of a man with a piece of paper in his mouth,,Robot-like figure with a triangular body and rectangular features,,2,0.57121741771698,0.68,88.0,creature(s),road,,1.0,2.0,3,1.0,5.13910358156962,8.459375,0.53371166762118,8,28,0.198219037268271,0.375252068042755,0.459921447033967,0.650880243715263,0.242632125270921,0.09766291,0.3922938,0.12155124,9.86666666666667,5.0,0,0,0.625,0.6256087088584901,adults
584,adults,,R,False,584__8677_56.jpg,../data/adults/stimuli_R/584__8677_56.jpg,a drawing of a man holding a sign with a smile on his face,,Stick figure with a square body and triangular skirt,,5,0.496466606855392,0.45,33.0,person(s),,,2.0,2.0,2,1.0,4.7412902678506,3.59375,0.60900841080124,2,9,0.183465052636559,0.355599543786021,0.416232789530323,0.483952559495829,0.280636656615386,0.0869339,0.2069039,0.11617507,4.7741935483871,5.47619047619048,0,0,0.5,0.473233303427696,adults
587,adults,,R,False,587__8699_56.jpg,../data/adults/stimuli_R/587__8699_56.jpg,a drawing of a man with a hat and a cane,,"A simple, abstract drawing of a figure with a square head and triangular legs",,4,0.349254190921783,0.4,24.0,person(s),,,2.0,1.0,2,1.0,4.541506177161,2.751875,0.538158819395643,4,5,0.153868070014233,0.334066450595856,0.31508334368964,0.540383384756814,0.230693674812994,0.08559333,0.18289454,0.10870936,4.7741935483871,5.0,1,0,0.375,0.3746270954608915,adults
588,adults,,R,False,588__8711_56.jpg,../data/adults/stimuli_R/588__8711_56.jpg,a drawing of a baseball bat with a white background,,Geometric shape resembling a stylized shield or banner,,4,0.137738436460495,0.26,0.0,tracing,,,2.0,0.0,0,1.0,5.05069987834592,2.94375,0.664909969257795,1,8,0.124663397709912,0.216770244644297,0.304777938412304,0.532504311789294,0.221346156474619,0.12259499,0.25823984,0.13599099,24.6666666666667,3.48484848484849,0,0,0.0,0.1988692182302475,adults
590,adults,,R,False,590__8735_56.jpg,../data/adults/stimuli_R/590__8735_56.jpg,drawing of a man with a smile on his face,,Square-headed figure with simple facial features and stick-like arms,,4,0.409566670656204,0.42,27.0,creature(s),,,1.0,1.0,2,1.0,4.74149218104143,3.865,0.5853228962818,5,9,0.182144392600988,0.415943503379822,0.41497094168999,0.676988762780738,0.254007576564399,0.07115839,0.25967968,0.118719414,9.86666666666667,5.0,0,0,0.375,0.41478333532810197,adults
591,adults,,R,False,591__8747_56.jpg,../data/adults/stimuli_R/591__8747_56.jpg,a close up of a toilet with a paper towel in it,,Hard to interpret,,2,0.280867487192154,0.25,0.0,tracing,,,2.0,0.0,0,1.0,4.45233652762843,2.080625,0.778607943373968,1,7,0.244171068419749,0.486912965774536,0.625322490930557,0.471355836331367,0.153324358912901,0.0,0.21198139,0.11522336,24.6666666666667,3.38235294117647,1,0,0.0,0.26543374359607697,adults
592,adults,,R,False,592__8759_56.jpg,../data/adults/stimuli_R/592__8759_56.jpg,a drawing of a man with a paper face on his head,,Facial features with exaggerated hair and possibly a goatee,,3,0.43742772936821,0.51,50.0,face,,,2.0,1.0,2,1.0,4.76322906496626,5.884375,0.500353556781219,5,14,0.227421018192641,0.434738457202911,0.576005493164389,0.675779808447313,0.24838048042199,0.1413025,0.20507912,0.13802037,13.4545454545455,8.84615384615385,0,0,0.375,0.47371386468410503,adults
594,adults,,R,False,594__8781_56.jpg,../data/adults/stimuli_R/594__8781_56.jpg,a drawing of a martini glass with a knot in it,,A glass and a rectangular object with abstract markings,,3,0.637983441352844,0.67,87.0,painting,martini glass,,1.0,2.0,3,1.0,5.2186462611024,5.200625,0.791182501708818,3,5,0.168730000408882,0.373286347785185,0.413002098381643,0.698714450451519,0.267697391903205,0.132301,0.316207,0.15170766,148.0,3.48484848484849,1,0,0.625,0.6539917206764221,adults
598,adults,,R,False,598__8793_56.jpg,../data/adults/stimuli_R/598__8793_56.jpg,a drawing of a person with a knife in their hand,,Simple drawing of a person with a smiling face and elongated arms,,4,0.481552481651306,0.52,52.0,person(s),,,2.0,1.0,2,1.0,4.80950524198554,4.234375,0.54774897680764,12,12,0.16488516330719,0.322190801966737,0.381605808282415,0.651392562464157,0.253424968768455,0.09992759,0.23853853,0.099920355,4.7741935483871,5.0,0,0,0.375,0.500776240825653,adults
601,adults,,R,False,601__8805_56.jpg,../data/adults/stimuli_R/601__8805_56.jpg,a drawing of a person hanging upside down on a rope,,Stick figure hanging upside down with arms extended,,4,0.439735114574432,0.44,32.0,person(s),upside-down,,2.0,1.0,2,1.0,4.58951787104246,4.175625,0.307586206896552,3,11,0.211037146387269,0.41783867531534,0.501223653627851,0.562853996988094,0.245932459954583,0.09315856,0.23633511,0.1359171,4.7741935483871,5.47619047619048,0,0,0.375,0.439867557287216,adults
607,adults,,R,False,607__8837_56.jpg,../data/adults/stimuli_R/607__8837_56.jpg,a drawing of a computer with a keyboard and mouse,,A computer monitor with a keyboard and mouse attached,,5,0.570113897323608,0.71,92.0,display,keyboard,computer mouse,2.0,4.0,3,1.0,4.81426302953103,8.64125,0.37045307925165,4,29,0.239114091449135,0.470818344257072,0.582148859757046,0.821856793026289,0.254282909945388,0.21614036,0.5223089,0.1962147,148.0,3.48484848484849,0,0,0.875,0.640056948661804,adults
614,adults,,R,False,614__8861_56.jpg,../data/adults/stimuli_R/614__8861_56.jpg,a drawing of a chair with a tv on top of it,,Hard to interpret,,2,0.563278734683991,0.68,88.0,abstract doodle/hard to interpret,,,1.0,1.0,4,1.0,5.11449874445922,6.85,0.520507873280637,3,14,0.244171068419749,0.486912965774536,0.625322490930557,0.687429470511453,0.273473420170756,0.0,0.26512355,0.1670294,4.93333333333333,3.38235294117647,1,1,0.625,0.6216393673419955,adults
618,adults,,R,False,618__8904_56.jpg,../data/adults/stimuli_R/618__8904_56.jpg,a drawing of a toilet with a toilet seat and a toilet paper holder,,Abstract shape resembling a box with two arms and a circular bottom,,3,0.429950624704361,0.38,18.0,abstract doodle/hard to interpret,,,2.0,1.0,1,1.0,4.62012656032474,4.07,0.274836349634193,1,8,0.17306576096227,0.394441425800324,0.384967648087003,0.521850414737735,0.244578662299107,0.11222509,0.24513225,0.16641209,4.93333333333333,3.48484848484849,1,1,0.25,0.40497531235218054,adults
625,adults,,R,False,625__8924_56.jpg,../data/adults/stimuli_R/625__8924_56.jpg,a close up of a kite with a string attached to it,,Hard to interpret,,2,0.284330815076828,0.33,5.0,abstract doodle/hard to interpret,,,2.0,0.0,0,1.0,4.70884087171785,3.443125,0.769333333333333,1,8,0.244171068419749,0.486912965774536,0.625322490930557,0.503822592240235,0.175387449619655,0.0,0.19546306,0.110035315,4.93333333333333,3.38235294117647,1,1,0.0,0.30716540753841404,adults
632,adults,,R,False,632__8948_56.jpg,../data/adults/stimuli_R/632__8948_56.jpg,a drawing of a person with a skis and a pole,,Stick figure with outstretched arms and bent legs,,5,0.413398832082748,0.5,47.0,person(s),,,2.0,2.0,2,1.0,4.78151405765511,3.918125,0.704592470004137,1,6,0.20555876460321,0.373901166087318,0.464536309242249,0.518060613661888,0.210775543525098,0.07529864,0.20309457,0.112686396,4.7741935483871,5.47619047619048,0,0,0.5,0.456699416041374,adults
634,adults,,R,False,634__8960_56.jpg,../data/adults/stimuli_R/634__8960_56.jpg,a drawing of a man with a mohawk and a shirt,,A simple drawing of a face with spiky hair,,4,0.627701640129089,0.58,68.0,face,,,2.0,2.0,3,1.0,5.71559751101192,9.218125,0.41885911588776,5,14,0.159441819224248,0.294701337814331,0.38731114713086,0.814384791446418,0.340857703334748,0.103466,0.3082813,0.16500297,13.4545454545455,5.0,0,0,0.625,0.6038508200645445,adults
635,adults,,R,False,635__8972_56.jpg,../data/adults/stimuli_R/635__8972_56.jpg,a close up of a pair of scissors and a pair of scissors,,Stick figure doing a martial arts kick inside a frame,,4,0.464150071144104,0.41,25.0,person(s),,,1.0,0.0,1,0.0,4.5611567104791,2.850625,0.893094896227647,3,4,0.227880762345744,0.42477503867298,0.475908279418945,0.612503647754384,0.178724294953324,0.12958165,0.4206894,0.17337413,4.7741935483871,5.47619047619048,0,0,0.125,0.43707503557205196,adults
680,adults,,R,False,680__402_56.jpg,../data/adults/stimuli_R/680__402_56.jpg,a drawing of a man holding a sign with a person standing behind him,,Stick figure with crossed legs and a neutral face,,5,0.544974029064179,0.53,54.0,person(s),,,2.0,2.0,2,1.0,4.80339764524042,5.12125,0.693042722893469,4,9,0.205575680068049,0.382816135883331,0.462806550431641,0.576262047337977,0.298425891480625,0.08581235,0.17835209,0.1123847,4.7741935483871,5.47619047619048,0,0,0.5,0.5374870145320896,adults
681,adults,,R,False,681__1442_56.jpg,../data/adults/stimuli_R/681__1442_56.jpg,a drawing of a man holding a box with a bird on it,,Hard to interpret,,2,0.474873453378677,0.5,47.0,abstract doodle/hard to interpret,,,1.0,1.0,0,0.5,4.64976036210521,2.97375,0.812467599792639,1,8,0.244171068419749,0.486912965774536,0.625322490930557,0.437918538380244,0.20341778654417,0.0,0.18789172,0.12453075,4.93333333333333,3.38235294117647,1,1,0.125,0.48743672668933846,adults
685,adults,,R,False,685__416_56.jpg,../data/adults/stimuli_R/685__416_56.jpg,a drawing of a face with glasses and a tie,,Abstract face sketch with glasses and smile,,4,0.473068118095398,0.42,28.0,face,,,1.0,0.0,1,1.0,4.72295772462385,4.501875,0.885565788273913,1,9,0.187552001317965,0.430736422538757,0.466082958345589,0.57948350099811,0.219053377413937,0.11202161,0.26804572,0.13799481,13.4545454545455,8.84615384615385,1,0,0.125,0.446534059047699,adults
720,adults,,R,False,720__6459_56.jpg,../data/adults/stimuli_R/720__6459_56.jpg,a drawing of a man with a sign in his hand,,A simple drawing of a person with basic shapes for body features,,5,0.466838330030441,0.5,47.0,person(s),,,2.0,2.0,2,1.0,4.54294821081762,4.524375,0.561693477108008,8,6,0.14625232540057,0.284673669477512,0.308105844742407,0.629251040420368,0.234631063196598,0.10368477,0.17700133,0.10911665,4.7741935483871,5.0,0,0,0.5,0.48341916501522053,adults
733,adults,,R,False,733__6613_56.jpg,../data/adults/stimuli_R/733__6613_56.jpg,there is a drawing of a person holding a pair of scissors,,A stick figure holding a soccer ball under a goal net,,4,0.704391837120056,0.65,83.0,person(s),football,goal,2.0,3.0,4,1.0,5.07168857166802,9.86875,0.745608559964334,1,19,0.218748616054735,0.408660685499865,0.47181024979414,0.690789124191587,0.364675724717355,0.1280857,0.36276594,0.2240645,4.7741935483871,14.375,0,0,0.875,0.677195918560028,adults
737,adults,,R,False,737__6661_56.jpg,../data/adults/stimuli_R/737__6661_56.jpg,there is a drawing of a man sitting in a bathtub,,Two plants in a pot with abstract shapes above them,,4,0.497768938541412,0.49,43.0,flowers,,,1.0,1.0,3,1.0,4.85347294575495,3.97375,0.883166631198127,1,9,0.211872624643287,0.423525537462564,0.487199797081927,0.46214864953374,0.2144975066041,0.15903153,0.21795507,0.1346801,74.0,3.48484848484849,1,0,0.5,0.493884469270706,adults
738,adults,,R,False,738__6672_56.jpg,../data/adults/stimuli_R/738__6672_56.jpg,a drawing of a person throwing a basketball ball at a hoop,,A basketball approaching a hoop with backboard and net,,5,0.504835963249207,0.58,68.0,abstract doodle/hard to interpret,,,1.0,1.0,3,1.0,4.77635783081446,4.506875,0.733881396637724,5,11,0.22854790347243,0.434614283878037,0.532360929163776,0.539466427184585,0.301239546344025,0.14599751,0.23603973,0.1601167,4.93333333333333,14.375,0,1,0.5,0.5424179816246035,adults
914,adults,,R,False,914__9378_56.jpg,../data/adults/stimuli_R/914__9378_56.jpg,a drawing of a man ' s torso with a pencil in his mouth,,Hard to interpret,,1,0.454270482063293,0.44,32.0,abstract doodle/hard to interpret,,,1.0,1.0,1,1.0,4.60910674282159,2.869375,0.744134078212291,5,9,0.244171068419749,0.486912965774536,0.625322490930557,0.476097031397154,0.174515004445715,0.0,0.28584358,0.15284948,4.93333333333333,3.38235294117647,1,1,0.25,0.4471352410316465,adults
915,adults,,R,False,915__9390_56.jpg,../data/adults/stimuli_R/915__9390_56.jpg,a drawing of a circle with a line in the middle,,A circle inside a diamond inside a rectangle,,4,0.658335566520691,0.55,61.0,flag,,,1.0,3.0,3,1.0,4.86409318332815,5.674375,0.734988713318284,1,14,0.180965532006886,0.289699912071228,0.347453197685074,0.558937435083546,0.264646472649754,0.16689052,0.3603769,0.1873334,4.93333333333333,3.48484848484849,0,0,0.75,0.6041677832603456,adults
916,adults,,R,False,916__9402_56.jpg,../data/adults/stimuli_R/916__9402_56.jpg,a drawing of a house with a tree in front of it,,An upside-down house with a tree beside it,,4,0.576877117156982,0.51,50.0,house,upside-down,tree,3.0,2.0,3,1.0,5.00706766689938,7.090625,0.583818215226312,5,17,0.199925041207661,0.447768449783325,0.442401223468922,0.592841714737259,0.284896565597922,0.16888633,0.24942005,0.13216016,10.5714285714286,12.7777777777778,0,0,0.625,0.543438558578491,adults
920,adults,,R,False,920__9450_56.jpg,../data/adults/stimuli_R/920__9450_56.jpg,a drawing of a man with a stick in his hand,,Person lying in a bed with hand-drawn body and hair,,3,0.59369283914566,0.56,63.0,person(s),bed,,2.0,2.0,2,0.5,5.24492350293114,7.2,0.645685779392745,2,14,0.203808665275574,0.455724537372589,0.486095338231046,0.715406207106885,0.309708463436187,0.14480385,0.37705567,0.16234902,4.7741935483871,5.47619047619048,0,0,0.5,0.57684641957283,adults
938,adults,,R,False,938__7054_56.jpg,../data/adults/stimuli_R/938__7054_56.jpg,a drawing of a triangle with a bag on it,,Hard to interpret,,2,0.334780514240265,0.38,19.0,house,upside-down,,2.0,2.0,2,1.0,4.7566769596877,3.18375,0.806956296870959,2,9,0.244171068419749,0.486912965774536,0.625322490930557,0.462225577223537,0.23507370322884,0.0,0.18806387,0.118159845,10.5714285714286,3.38235294117647,1,0,0.5,0.3573902571201325,adults
978,adults,,R,False,978__9590_56.jpg,../data/adults/stimuli_R/978__9590_56.jpg,a drawing of a man laying on a couch watching tv,,"Person lying upside down on a couch, watching a television",,4,0.75662636756897,0.72,93.0,tv,person(s),couch,2.0,4.0,4,1.0,5.47196874353131,10.52,0.421312780128178,6,24,0.284633679113764,0.522948385652803,0.61909250134781,0.748246328714259,0.334775941277418,0.20071569,0.29230192,0.21162352,148.0,5.47619047619048,0,0,1.0,0.738313183784485,adults
981,adults,,R,False,981__7126_56.jpg,../data/adults/stimuli_R/981__7126_56.jpg,cartoon stick man holding a piece of paper with a face,,A stick figure holding a large camera over its head,,5,0.640529811382294,0.68,88.0,person(s),camera,,2.0,4.0,4,1.0,4.90696544709589,5.5125,0.696053736356003,2,12,0.248799473190365,0.39983586668479,0.517434434661366,0.724786984433195,0.301629243042511,0.11638925,0.3497763,0.18499759,4.7741935483871,5.47619047619048,0,0,1.0,0.660264905691147,adults
987,adults,,R,False,987__9684_56.jpg,../data/adults/stimuli_R/987__9684_56.jpg,a black and white drawing of a wine glass with a handwritten word,,Hard to interpret,,1,0.590451240539551,0.53,54.0,pencil,,,1.0,1.0,2,1.0,5.90849464034358,7.518125,0.739508227029026,1,16,0.244171068419749,0.486912965774536,0.625322490930557,0.727228424041497,0.261895025300075,0.0,0.28776044,0.12630734,14.8,3.38235294117647,1,0,0.375,0.5602256202697755,adults
991,adults,,R,False,991__7228_56.jpg,../data/adults/stimuli_R/991__7228_56.jpg,a black and white drawing of a star of david,,Interlocking black lines forming a complex star shape,,4,0.480042636394501,0.42,27.0,star,,,2.0,1.0,2,0.5,5.94077696114863,10.61125,0.49863948516391,1,24,0.176149476996094,0.358864188194275,0.394792484616333,0.774295872566986,0.268917436963143,0.16818918,0.4455588,0.21198492,148.0,3.48484848484849,0,0,0.375,0.4500213181972505,adults
992,adults,,R,False,992__7233_56.jpg,../data/adults/stimuli_R/992__7233_56.jpg,a drawing of a person standing in front of a mirror with a person standing in front of it,,Two puppets on stage with two people standing in front watching,,5,0.644962191581726,0.67,88.0,puppet show,person(s),,2.0,4.0,4,1.0,4.91347537446392,7.159375,0.484720208756161,8,13,0.265472932727757,0.596433389080566,0.62826986649869,0.58155319730109,0.338923513068079,0.19937634,0.25272575,0.2626711,148.0,5.47619047619048,0,0,1.0,0.657481095790863,adults
1621,adults,,R,False,1621__1240_56.jpg,../data/adults/stimuli_R/1621__1240_56.jpg,a drawing of a basketball player jumping to dunk the ball,,Person shooting basketball towards hoop,,5,0.60821008682251,0.68,88.0,person(s),basketball basket,basketball,2.0,4.0,4,1.0,4.95078420036534,6.8275,0.661399819765695,4,15,0.254260942085924,0.488616585731506,0.589538430544044,0.738609518925866,0.341417825872567,0.156328,0.3748124,0.19080558,4.7741935483871,14.375,0,0,1.0,0.644105043411255,adults
1622,adults,,R,False,1622__7246_56.jpg,../data/adults/stimuli_R/1622__7246_56.jpg,a drawing of a television with a remote control and a tv screen,,"Rectangular object with antennas on top, circular object with angled lines below",,3,0.433000802993774,0.48,41.0,abstract doodle/hard to interpret,,,1.0,1.0,0,0.5,4.3591434235392095,2.18375,0.611679085080575,2,6,0.180384793235678,0.353100001811981,0.382381618022919,0.354664445221658,0.240465677387986,0.13563348,0.20936127,0.16496082,4.93333333333333,3.48484848484849,0,1,0.125,0.456500401496887,adults
1626,adults,,R,False,1626__1261_56.jpg,../data/adults/stimuli_R/1626__1261_56.jpg,drawing of a ice cream cone with a smiley face and a clock,,"Ice cream cone being filled, with happy face and ""ICE CREAM"" text",,5,0.749865412712097,0.77,97.0,icecream machine,ice cream cone,text,2.0,4.0,4,1.0,5.46963994183653,12.474375,0.397712274527057,20,24,0.241237969250916,0.390283149191235,0.518557758245334,0.719527187190084,0.457797334125113,0.17342043,0.38533336,0.29887372,148.0,12.7777777777778,0,0,1.0,0.7599327063560485,adults
1663,adults,,R,False,1663__1271_56.jpg,../data/adults/stimuli_R/1663__1271_56.jpg,drawing of a black and white outline of a bear with a hat,,Hard to interpret,,1,0.625213146209717,0.59,71.0,sheep,,,1.0,2.0,2,1.0,5.67118600804555,6.18125,0.662741857742891,3,9,0.244171068419749,0.486912965774536,0.625322490930557,0.688607926236392,0.220924677812928,0.0,0.31184942,0.14302182,4.93333333333333,3.38235294117647,1,0,0.5,0.6076065731048585,adults
1664,adults,,R,False,1664__1281_56.jpg,../data/adults/stimuli_R/1664__1281_56.jpg,a drawing of a man with glasses and a smile on his face,,"Person with glasses, smiling, and hair parted down the middle",,4,0.681048929691315,0.61,74.0,face,,,2.0,3.0,3,1.0,4.85274198957279,14.641875,0.20422150619846,6,35,0.256688460309,0.527512417063487,0.578794739734655,0.761986305374206,0.296415522394564,0.15669689,0.28331584,0.19288173,13.4545454545455,8.84615384615385,0,0,0.75,0.6455244648456575,adults
1665,adults,,R,False,1665__1291_56.jpg,../data/adults/stimuli_R/1665__1291_56.jpg,a drawing of a vase with a fish in it,,"Amphora-like shape with wavy and straight lines, possibly fish scales",,3,0.45109349489212,0.48,42.0,fish,,,2.0,2.0,3,1.0,4.43430408942321,4.263125,0.816001431895472,2,4,0.190578974416373,0.398678779602051,0.413312698204081,0.63303228606202,0.27201369560961,0.1651017,0.31570274,0.16972873,148.0,3.48484848484849,0,0,0.625,0.46554674744605995,adults
1666,adults,,R,False,1666__1302_56.jpg,../data/adults/stimuli_R/1666__1302_56.jpg,drawing of a face with a smile drawn on it,,Cartoonish square-faced character with rectangular eyes and a wide smile,,4,0.522049427032471,0.53,55.0,face,,,2.0,2.0,2,1.0,4.75348580902841,7.05375,0.436206291661794,6,19,0.222588466251583,0.349566140796771,0.479319302995162,0.669841561480531,0.271681643817169,0.104892276,0.2314764,0.12339859,13.4545454545455,8.84615384615385,0,0,0.5,0.5260247135162355,adults
1667,adults,,R,False,1667__364_56.jpg,../data/adults/stimuli_R/1667__364_56.jpg,a drawing of a house with a man holding a dog and a woman holding a dog,,Two stick figures holding hands in front of a house,,4,0.585145711898804,0.63,80.0,house,person(s),,2.0,2.0,2,1.0,4.68192510774158,4.38375,0.593796547796373,2,11,0.198296833139845,0.451618850231171,0.419140388863129,0.525660087397003,0.34879224311857,0.15568364,0.21953726,0.21618247,10.5714285714286,5.47619047619048,0,0,0.5,0.607572855949402,adults
1675,adults,,R,False,1675__9732_56.jpg,../data/adults/stimuli_R/1675__9732_56.jpg,a drawing of a cartoon character with a square face,,A robot-like figure with square head and stick arms,,5,0.559358417987824,0.54,56.0,creature(s),,,2.0,2.0,2,1.0,4.83243777531803,4.74375,0.805699946226922,3,12,0.221799671649933,0.382393002510071,0.472610919035131,0.554541326620188,0.299657661946941,0.08116196,0.1931406,0.12202607,9.86666666666667,5.0,0,0,0.5,0.549679208993912,adults
1676,adults,,R,False,1676__9744_56.jpg,../data/adults/stimuli_R/1676__9744_56.jpg,drawing of a hand holding a pot with a handle,,Upside-down bottle with tubes and a square on top,,4,0.494335174560547,0.47,38.0,pencil,,,1.0,1.0,1,1.0,5.01904098948907,3.57875,0.437603013892159,1,6,0.228957639398714,0.407726287841797,0.499213576316834,0.792755030117294,0.214244627554107,0.17396517,0.39908966,0.13498779,14.8,12.7777777777778,0,0,0.25,0.4821675872802735,adults
1740,adults,,R,False,1740__1335_56.jpg,../data/adults/stimuli_R/1740__1335_56.jpg,a drawing of a robot with a mask on his head,,"Robot-like figure with square head, rectangular body, and triangular legs",,4,0.494420945644379,0.5,47.0,robot,person,,1.0,2.0,2,1.0,4.6997391460544,4.76875,0.358862144420131,1,11,0.219167802433032,0.390282571315765,0.466853586843823,0.669021251854836,0.306654224906575,0.08420292,0.23940177,0.17071156,37.0,5.0,0,0,0.5,0.4972104728221895,adults
1741,adults,,R,False,1741__1343_56.jpg,../data/adults/stimuli_R/1741__1343_56.jpg,a drawing of a man and woman with a pencil in their hands,,"Two faces looking at each other, forming a heart shape",,5,0.492257446050644,0.59,71.0,person(s),kissing,,2.0,3.0,4,1.0,4.92595782468981,3.67625,0.717130620985011,4,8,0.215182887602871,0.413542628288269,0.509600818729449,0.584596682823731,0.271712004498631,0.16128051,0.21813591,0.22639613,4.7741935483871,3.48484848484849,0,0,0.875,0.541128723025322,adults
1743,adults,,R,False,1743__1361_56.jpg,../data/adults/stimuli_R/1743__1361_56.jpg,a drawing of a truck and a bus with a cross on it,,"A building with two vehicles in front, possibly cars",,5,0.576873064041138,0.61,75.0,house,car(s),,2.0,3.0,4,1.0,4.91235791835696,7.209375,0.4109852906841,10,21,0.230083332652846,0.546188470948429,0.530695321005303,0.64449830516256,0.295992507054806,0.18751474,0.2662527,0.18277001,10.5714285714286,3.48484848484849,0,0,0.875,0.593436532020569,adults
1744,adults,,R,False,1744__1371_56.jpg,../data/adults/stimuli_R/1744__1371_56.jpg,a close up of a drawing of a cat ' s face with a smile,,"Simple geometric shapes, possibly resembling a face with two eyes and a mouth",,4,0.277879297733307,0.24,0.0,abstract doodle/hard to interpret,,,2.0,0.0,1,1.0,4.0689966628049,1.881875,0.926866237211065,3,5,0.152499657571351,0.288677453994751,0.321796952646696,0.412677725962039,0.137269154478016,0.113570824,0.23842378,0.13512361,4.93333333333333,3.48484848484849,0,1,0.125,0.2589396488666535,adults
1748,adults,,R,False,1748__1379_56.jpg,../data/adults/stimuli_R/1748__1379_56.jpg,a drawing of a man with his arms out and his back turned,,Stick figure with extended arms and angular shapes on torso,,4,0.563013017177582,0.54,57.0,person(s),smoking,,1.0,2.0,3,1.0,4.4792399285929,5.593125,0.490687873844481,2,14,0.184200931537094,0.361923933029175,0.431072022382737,0.711024570647132,0.226737611020053,0.07536163,0.3502467,0.17938387,4.7741935483871,5.47619047619048,0,0,0.625,0.551506508588791,adults
1749,adults,,R,False,1749__1385_56.jpg,../data/adults/stimuli_R/1749__1385_56.jpg,a drawing of a black and white picture of a cat with a hat,,"Pencil drawing with whiskers and a tail, resembling a mouse",,4,0.387377321720123,0.41,26.0,rat,,,2.0,2.0,3,1.0,4.58503051846871,2.82,0.6,1,8,0.161978950382532,0.353080570697784,0.39654787758278,0.583789792758739,0.241987488663204,0.12271093,0.31629983,0.17142709,148.0,3.48484848484849,0,0,0.625,0.3986886608600615,adults
1750,adults,,R,False,1750__1395_56.jpg,../data/adults/stimuli_R/1750__1395_56.jpg,a drawing of a man with a hat and a smile on his face,,"Abstract humanoid figure with a square head and large ears, smiling",,4,0.451005429029465,0.47,39.0,person(s),,,2.0,2.0,2,1.0,4.41566107630374,2.97375,0.447903590258599,5,4,0.231363819160232,0.406784653663635,0.491256683543722,0.628889479522904,0.300287988621637,0.092963174,0.22793922,0.21973269,4.7741935483871,8.84615384615385,1,0,0.5,0.46050271451473246,adults
1751,adults,,R,False,1751__1407_56.jpg,../data/adults/stimuli_R/1751__1407_56.jpg,a drawing of a person with a paper cut out of it,,Abstract shape resembling a humanoid figure with raised arms and wide feet,,3,0.388631075620651,0.52,51.0,creature(s),,,1.0,1.0,2,1.0,4.84674446217049,5.771875,0.2561276187868,1,11,0.186119891867645,0.423491333514968,0.419758267977081,0.733464209222426,0.253144275005954,0.09645733,0.23861142,0.1803008,9.86666666666667,5.0,1,0,0.375,0.4543155378103255,adults
1753,adults,,R,False,1753__1415_56.jpg,../data/adults/stimuli_R/1753__1415_56.jpg,a drawing of a bird with a box on its back,,"Creature with antennae and wings, with a graph on its body",,4,0.627597808837891,0.73,94.0,abstract doodle/hard to interpret,,,1.0,1.0,2,1.0,4.9491167230326,8.966875,0.420097408564602,2,24,0.190544891920989,0.425864543072255,0.444351043960513,0.690291745006986,0.357850145778805,0.15029918,0.30890086,0.2289434,4.93333333333333,3.48484848484849,0,1,0.375,0.6787989044189455,adults
1755,adults,,R,False,1755__1426_56.jpg,../data/adults/stimuli_R/1755__1426_56.jpg,a drawing of a person sitting on a bench with a box,,Stick figure sitting at a table or desk with a smile,,4,0.610979199409485,0.58,67.0,person(s),chair,,2.0,3.0,4,1.0,4.74856996318447,5.58125,0.601184529755958,2,10,0.22673240581364,0.398952841758728,0.482918798923492,0.607806853030908,0.361941976558035,0.11489377,0.21861656,0.20090444,4.7741935483871,5.47619047619048,0,0,0.875,0.5954895997047425,adults
0,AI,,G,False,Dalle01.png,../data/AI/prompt_1/stimuli_G/Dalle01.png,a drawing of a letter d with a bird on it,,"Abstract shapes including circles, lines, and patterns",,3,0.575919270515442,0.72,93.0,abstract doodle/hard to interpret,,,2.0,0.0,1,0.0,5.15179465452295,14.021875,0.348837209302326,1,30,0.129784516705004,0.266126551214651,0.359832386965524,0.743760672942845,0.277957495928068,0.060826384,0.39818206,0.17368004,2.38095238095238,4.10714285714286,1,1,0.125,0.647959635257721,prompt1
0,AI,,G,False,Dalle02.png,../data/AI/prompt_1/stimuli_G/Dalle02.png,a drawing of a light bulb with three candles in it,,Stylized simple face with minimalistic expression inside a circle,,4,0.381227999925613,0.58,69.0,abstract doodle/hard to interpret,,,2.0,0.0,2,1.0,4.13593942531511,4.681875,0.801255863216826,1,13,0.160068016044132,0.316060442689682,0.437010288238525,0.371478720242357,0.224551039589943,0.11536392,0.23142824,0.11722304,2.38095238095238,3.70967741935484,0,1,0.25,0.4806139999628065,prompt1
0,AI,,G,False,Dalle03.png,../data/AI/prompt_1/stimuli_G/Dalle03.png,a drawing of a man in a cage with a cat,,Hard to interpret,,2,0.659325838088989,0.82,98.0,sculpture,,,1.0,2.0,3,0.5,4.17152644071707,18.07,0.708503865393361,1,82,0.248445093631744,0.458286789553569,0.628205258494772,0.763677833486146,0.376595391096068,0.0,0.36665583,0.22650445,150.0,3.19444444444444,1,0,0.625,0.7396629190444945,prompt1
0,AI,,G,False,Dalle04.png,../data/AI/prompt_1/stimuli_G/Dalle04.png,drawing of a tent with a canopy and a pole,,Hard to interpret,,2,0.467133462429047,0.52,51.0,abstract doodle/hard to interpret,,,2.0,0.0,2,0.5,4.57001472680776,6.906875,0.806335182890697,1,23,0.248445093631744,0.458286789553569,0.628205258494772,0.693340262049009,0.316300140435984,0.0,0.39018187,0.1663706,2.38095238095238,3.19444444444444,1,1,0.25,0.49356673121452355,prompt1
0,AI,,G,False,Dalle05.png,../data/AI/prompt_1/stimuli_G/Dalle05.png,a drawing of a no entry sign with a pencil in it,,"Letter ""N"" inside concentric circles",,5,0.567538201808929,0.58,68.0,letter,,,1.0,1.0,1,0.5,4.25550700562432,15.600625,0.609510675247727,1,48,0.179912030696869,0.350407502079456,0.49890810251236,0.523854247236562,0.326592211354868,0.13269182,0.31480575,0.18675146,150.0,4.10714285714286,0,0,0.25,0.5737691009044645,prompt1
0,AI,,G,False,Dalle06.png,../data/AI/prompt_1/stimuli_G/Dalle06.png,a drawing of a bullet with a bullet inside of it,,A large pen surrounded by a circle and various small items below it,,4,0.557417809963226,0.86,99.0,abstract doodle/hard to interpret,,,1.0,0.0,1,0.5,4.35724549484221,8.729375,0.344523582037697,3,35,0.154055884238725,0.344423374201259,0.430482361883975,0.42583542190825,0.316024089626183,0.1419114,0.3434643,0.2039254,2.38095238095238,6.38888888888889,0,1,0.125,0.708708904981613,prompt1
0,AI,,G,False,Dalle07.png,../data/AI/prompt_1/stimuli_G/Dalle07.png,drawing of a flower with a stem in a vase with a flower in it,,Geometric shapes and lines resembling abstract flowers and structures,,4,0.552774310112,0.57,65.0,abstract doodle/hard to interpret,,,2.0,0.0,1,1.0,4.270243312449,10.395,0.481751306016561,1,35,0.123388156486963,0.303191939091442,0.382328748703003,0.692370594190209,0.237996616422351,0.08156148,0.3777922,0.12004654,2.38095238095238,4.10714285714286,1,1,0.125,0.5613871550559999,prompt1
0,AI,,G,False,Dalle08.png,../data/AI/prompt_1/stimuli_G/Dalle08.png,a drawing of a woman sitting in a chair in a room,,Hard to interpret,,2,0.602136373519898,0.83,98.0,abstract doodle/hard to interpret,,,2.0,1.0,1,0.0,4.795010573416,16.865,0.567999631438312,2,47,0.248445093631744,0.458286789553569,0.628205258494772,0.748191887312128,0.310458312393729,0.0,0.37994856,0.16382928,2.38095238095238,3.19444444444444,1,1,0.25,0.716068186759949,prompt1
0,AI,,G,False,Dalle09.png,../data/AI/prompt_1/stimuli_G/Dalle09.png,a drawing of a piano with a piano stand inside of it,,Hard to interpret,,2,0.505880236625671,0.67,87.0,abstract doodle/hard to interpret,,,2.0,0.0,1,0.0,4.63319551070721,11.70125,0.60129616770823,3,31,0.248445093631744,0.458286789553569,0.628205258494772,0.514168613056698,0.31259204390029,0.0,0.37658438,0.17867622,2.38095238095238,3.19444444444444,1,1,0.125,0.5879401183128355,prompt1
0,AI,,G,False,Dalle10.png,../data/AI/prompt_1/stimuli_G/Dalle10.png,a close up of a door with a curved arch over it,,A door under a semi-circular structure or archway,,4,0.40571528673172,0.38,18.0,door,curtain,,2.0,2.0,2,1.0,4.0377780697542,8.400625,0.857939508506616,2,37,0.23731929063797,0.378222726477546,0.517328039328099,0.636627623405639,0.281362602560001,0.13940826,0.4269546,0.15576632,12.5,6.05263157894737,0,0,0.5,0.39285764336586004,prompt1
0,AI,,G,False,Dalle11.png,../data/AI/prompt_1/stimuli_G/Dalle11.png,a drawing of a pair of scissors in a circle,,Hard to interpret,,2,0.48027166724205,0.62,76.0,abstract doodle/hard to interpret,,,2.0,0.0,1,0.5,3.9725333602212,8.485625,0.546668378482475,2,24,0.248445093631744,0.458286789553569,0.628205258494772,0.566270462067188,0.322994010509757,0.0,0.35826498,0.24166909,2.38095238095238,3.19444444444444,1,1,0.125,0.550135833621025,prompt1
0,AI,,G,False,Dalle12.png,../data/AI/prompt_1/stimuli_G/Dalle12.png,a drawing of a city with a clock tower and a clock tower,,Abstract city skyline with various tall buildings and an arch,,4,0.675316452980042,0.82,98.0,city,skiscapers,,2.0,3.0,3,0.5,5.1240374956189,14.990625,0.58711165377832,1,42,0.185788929462433,0.414193756657278,0.477560608241593,0.754455241868965,0.3513347108945,0.13604194,0.4446457,0.16817597,75.0,6.05263157894737,1,0,0.75,0.7476582264900209,prompt1
0,AI,,G,False,Dalle13.png,../data/AI/prompt_1/stimuli_G/Dalle13.png,a drawing of a circle with a piano keyboard inside of it,,Circular maze with paths; has geometric shapes and abstract features,,4,0.613464117050171,0.75,96.0,maze,,,1.0,1.0,1,0.0,4.00535056115988,16.885,0.502777416135052,1,66,0.179675459861755,0.410461169793044,0.478746517859295,0.576945320777633,0.28811721245321,0.10172875,0.42072916,0.16267318,150.0,4.10714285714286,1,0,0.25,0.6817320585250854,prompt1
0,AI,,G,False,Dalle14.png,../data/AI/prompt_1/stimuli_G/Dalle14.png,a drawing of a man sitting at a table with a banana and a bowl,,"Circle divided with mountain, moon, horizontal lines, and abstract shapes",,4,0.554944157600403,0.74,95.0,moon,mounatin,,1.0,1.0,1,0.5,4.06645613149945,8.4475,0.692662189196913,1,21,0.14119416475296,0.297044494660034,0.3807133436203,0.508777859515758,0.269322831552403,0.102215484,0.3928179,0.14039284,150.0,3.70967741935484,1,0,0.25,0.6474720788002015,prompt1
0,AI,,G,False,Dalle15.png,../data/AI/prompt_1/stimuli_G/Dalle15.png,a drawing of a circular window with a cross in the middle,,Geometric pattern with concentric circles and intersecting lines,,4,0.526106476783752,0.64,81.0,abstract doodle/hard to interpret,,,2.0,0.0,1,0.0,4.15837422578596,11.89,0.594805523081298,1,33,0.159545515762136,0.397412580174582,0.462830825532401,0.482345017611669,0.281720325872379,0.09214639,0.35632858,0.1618545,2.38095238095238,4.10714285714286,0,1,0.125,0.5830532383918761,prompt1
0,AI,,G,False,Dalle16.png,../data/AI/prompt_1/stimuli_G/Dalle16.png,cartoon of a man standing in front of a box with a bird on top,,Hard to interpret,,1,0.557919025421143,0.71,92.0,person(s),fruit(s),table,2.0,2.0,2,0.5,4.36256369201764,7.505625,0.837105764002175,1,20,0.248445093631744,0.458286789553569,0.628205258494772,0.697324414245617,0.304029613522288,0.0,0.3296738,0.1341596,5.55555555555556,3.19444444444444,1,0,0.5,0.6339595127105715,prompt1
0,AI,,G,False,Dalle17.png,../data/AI/prompt_1/stimuli_G/Dalle17.png,a drawing of a circular object with a black and white design,,Abstract lines and shapes within concentric circles and squares. Hard to interpret,,3,0.653465628623962,0.85,99.0,abstract doodle/hard to interpret,,,2.0,0.0,1,0.0,4.13704686476881,32.294375,0.569861194128977,1,257,0.141259125396064,0.332885781910592,0.423035229625417,0.744273197925639,0.342064694718721,0.08263014,0.48152265,0.19647375,2.38095238095238,4.10714285714286,1,1,0.125,0.751732814311981,prompt1
0,AI,,G,False,Dalle18.png,../data/AI/prompt_1/stimuli_G/Dalle18.png,a drawing of a golf ball and a club on a white background,,A spherical birdcage hanging from a stand with a perch inside,,4,0.529809594154358,0.6,74.0,abstract doodle/hard to interpret,,,2.0,0.0,2,1.0,3.97358424918168,11.80375,0.576238264810618,1,43,0.191849887371063,0.416643048324766,0.535545913246517,0.722572874397097,0.309751946695742,0.15475875,0.4234864,0.16632958,2.38095238095238,6.38888888888889,0,1,0.25,0.564904797077179,prompt1
0,AI,,G,False,Dalle19.png,../data/AI/prompt_1/stimuli_G/Dalle19.png,a drawing of a cross and a heart with a ribbon,,"Abstract lines forming a symmetrical, ambiguous shape possibly resembling a face",,3,0.528380274772644,0.58,68.0,abstract doodle/hard to interpret,,,2.0,0.0,1,0.0,4.40976641174223,7.2725,0.437616041589306,1,8,0.13746190071106,0.361216130365381,0.388508200645447,0.532096789036889,0.312136224758691,0.100796536,0.42180148,0.22597384,2.38095238095238,3.70967741935484,1,1,0.125,0.5541901373863221,prompt1
0,AI,,G,False,Dalle20.png,../data/AI/prompt_1/stimuli_G/Dalle20.png,a drawing of a large circle with a door and a window,,"Abstract shapes with steps and arch-like structures, possibly architectural",,3,0.557665586471558,0.64,82.0,abstract doodle/hard to interpret,,,2.0,0.0,1,0.0,4.2112843926986,9.858125,0.406460786815911,3,30,0.146191000938416,0.364187340861181,0.425555152462576,0.659952389157977,0.288227691529081,0.099949926,0.3884075,0.18848732,2.38095238095238,4.10714285714286,1,1,0.125,0.598832793235779,prompt1
0,AI,,G,False,Dalle21.png,../data/AI/prompt_1/stimuli_G/Dalle21.png,a black and white drawing of a sun over a building,,Circle with a sun and abstract geometric shapes inside,,4,0.449032992124558,0.71,92.0,sun,,,2.0,1.0,2,0.5,4.20147101026692,7.6675,0.663589438157634,2,15,0.141858994960785,0.352940797805786,0.417946338653564,0.389174656549732,0.291913602501252,0.0863693,0.30099648,0.16951227,150.0,3.70967741935484,1,0,0.375,0.579516496062279,prompt1
0,AI,,G,False,Dalle22.png,../data/AI/prompt_1/stimuli_G/Dalle22.png,a drawing of a man looking out a window at a cat,,Hard to interpret,,2,0.598670721054077,0.69,90.0,abstract doodle/hard to interpret,,,2.0,0.0,1,0.0,4.37694540564951,9.091875,0.806825639903741,1,24,0.248445093631744,0.458286789553569,0.628205258494772,0.65077787555122,0.267855955043588,0.0,0.3169527,0.11682328,2.38095238095238,3.19444444444444,1,1,0.125,0.6443353605270385,prompt1
0,AI,,G,False,Dalle23.png,../data/AI/prompt_1/stimuli_G/Dalle23.png,a drawing of a drawing of a person standing on a stage,,Hard to interpret,,2,0.488818734884262,0.55,60.0,abstract doodle/hard to interpret,,,2.0,0.0,1,0.5,4.44499538053148,5.24125,0.729849553019842,1,11,0.248445093631744,0.458286789553569,0.628205258494772,0.548633489769856,0.226753509518327,0.0,0.35719123,0.16115347,2.38095238095238,3.19444444444444,1,1,0.125,0.519409367442131,prompt1
0,AI,,G,False,Dalle24.png,../data/AI/prompt_1/stimuli_G/Dalle24.png,a black and white drawing of a butterfly with a city in the background,,Abstract shape resembling butterfly with barcode pattern inside,,3,0.667235732078552,0.8,98.0,abstract doodle/hard to interpret,,,2.0,0.0,1,0.5,4.58962260029693,30.866875,0.568503099629082,2,95,0.159073581750774,0.365599196124053,0.424971997737885,0.73182677096068,0.327076247038556,0.121802226,0.56314147,0.20998256,2.38095238095238,4.10714285714286,1,1,0.125,0.733617866039276,prompt1
0,AI,,G,False,Dalle25.png,../data/AI/prompt_1/stimuli_G/Dalle25.png,a drawing of a man with a tie and a laptop,,Hard to interpret,,2,0.530618786811829,0.49,44.0,abstract doodle/hard to interpret,,,2.0,0.0,1,0.5,5.10506926206988,8.54875,0.497707831182948,1,15,0.248445093631744,0.458286789553569,0.628205258494772,0.571134384482948,0.271296636309479,0.0,0.37181753,0.12371321,2.38095238095238,3.19444444444444,1,1,0.125,0.5103093934059144,prompt1
0,AI,,G,False,Dalle26.png,../data/AI/prompt_1/stimuli_G/Dalle26.png,a drawing of a cartoon character in a circle with a clock,,Hard to interpret,,2,0.628556847572327,0.75,96.0,tree(s),park,baloon,1.0,1.0,2,0.0,4.32140862578765,15.60625,0.556814604973245,4,47,0.248445093631744,0.458286789553569,0.628205258494772,0.681241826572942,0.329527765752463,0.0,0.33119652,0.19622838,150.0,3.19444444444444,1,0,0.375,0.6892784237861636,prompt1
0,AI,,G,False,Dalle27.png,../data/AI/prompt_1/stimuli_G/Dalle27.png,a close up of a circle with a chinese writing on it,,Abstract shapes similar to lines and crosses within a circle,,3,0.558595538139343,0.68,88.0,abstract doodle/hard to interpret,,,2.0,0.0,1,0.0,4.75117616281727,7.79375,0.810664210418586,1,19,0.122676849365234,0.321357647221018,0.354525923728943,0.498332125503549,0.259966650331935,0.063631855,0.25390196,0.14576593,2.38095238095238,4.10714285714286,1,1,0.125,0.6192977690696715,prompt1
0,AI,,G,False,Dalle28.png,../data/AI/prompt_1/stimuli_G/Dalle28.png,a drawing of a light bulb with a square shape on it,,Hard to interpret,,2,0.532361090183258,0.73,94.0,abstract doodle/hard to interpret,,,2.0,0.0,1,0.5,4.66966312272905,9.46625,0.563128491620112,12,16,0.248445093631744,0.458286789553569,0.628205258494772,0.641927199351871,0.252069410987787,0.0,0.46770954,0.15935637,2.38095238095238,3.19444444444444,1,1,0.125,0.631180545091629,prompt1
0,AI,,G,False,Dalle29.png,../data/AI/prompt_1/stimuli_G/Dalle29.png,a drawing of a circular design with a letter in the middle,,Abstract circular pattern with geometric shapes and symbols inside,,3,0.658406257629395,0.87,99.0,abstract doodle/hard to interpret,,,2.0,0.0,1,0.0,4.18818146488096,23.435,0.435167972380826,2,102,0.147892713546753,0.40706193447113,0.424752933524636,0.679925556691439,0.335845173253131,0.07118373,0.44191965,0.17203602,2.38095238095238,4.10714285714286,1,1,0.125,0.7642031288146975,prompt1
0,AI,,G,False,Dalle30.png,../data/AI/prompt_1/stimuli_G/Dalle30.png,a drawing of a door in a circular shape with a line drawing,,Concentric circles with a central pattern resembling a door,,3,0.647744536399841,0.64,82.0,abstract doodle/hard to interpret,,,2.0,0.0,1,0.0,4.23300957857217,21.464375,0.362692471999851,2,89,0.170932471752167,0.344565114054984,0.441300988197327,0.694101434645642,0.244800164206571,0.114746615,0.51562345,0.17085457,2.38095238095238,4.10714285714286,0,1,0.125,0.6438722681999205,prompt1
0,AI,,G,False,Dalle31.png,../data/AI/prompt_1/stimuli_G/Dalle31.png,a drawing of a house with a gate and a window,,"Abstract geometric pattern with intersecting lines, resembling a house within a circle",,3,0.511597335338593,0.53,55.0,house,,,1.0,1.0,1,0.0,4.62119033496756,7.520625,0.814420803782506,2,24,0.144232928752899,0.430699867925044,0.389841890940552,0.606050562288857,0.290037667148732,0.08294377,0.4057762,0.18213423,50.0,4.10714285714286,1,0,0.25,0.5207986676692965,prompt1
0,AI,,G,False,Dalle32.png,../data/AI/prompt_1/stimuli_G/Dalle32.png,a drawing of a plant with a bunch of leaves in a circle,,Hard to interpret,,2,0.52110880613327,0.62,78.0,plant(s),,,1.0,1.0,1,0.0,4.18779425609461,8.851875,0.841308271338645,1,15,0.248445093631744,0.458286789553569,0.628205258494772,0.546337478174175,0.334473463301429,0.0,0.37164554,0.20975462,50.0,3.19444444444444,1,0,0.25,0.570554403066635,prompt1
0,AI,,G,False,Dalle33.png,../data/AI/prompt_1/stimuli_G/Dalle33.png,a black and white drawing of a circle with a square in the middle,,"Geometric design with circles, lines, and triangles",,4,0.497073590755463,0.55,61.0,abstract doodle/hard to interpret,,,2.0,0.0,1,0.0,4.23129904465451,7.665,0.503190690690691,1,23,0.1537707860743,0.333352426688445,0.421032871069482,0.438157267759483,0.305837001452852,0.10309329,0.42598885,0.19222124,2.38095238095238,4.10714285714286,0,1,0.125,0.5235367953777315,prompt1
0,AI,,G,False,Dalle34.png,../data/AI/prompt_1/stimuli_G/Dalle34.png,a drawing of a kite with a man inside of it,,Hard to interpret,,2,0.565283536911011,0.65,84.0,abstract doodle/hard to interpret,,,2.0,0.0,1,0.0,4.56151994705974,13.711875,0.427889961954931,1,29,0.248445093631744,0.458286789553569,0.628205258494772,0.693208168367468,0.266845955433006,0.0,0.42984962,0.13527742,2.38095238095238,3.19444444444444,1,1,0.125,0.6076417684555055,prompt1
0,AI,,G,False,Dalle35.png,../data/AI/prompt_1/stimuli_G/Dalle35.png,a drawing of a plate with a bunch of food on it,,Abstract shapes and lines arranged within a circular pattern,,4,0.599055945873261,0.75,96.0,abstract doodle/hard to interpret,,,2.0,0.0,1,0.0,4.16940360548924,13.675,0.578299937533035,1,38,0.134868741035461,0.339950780271017,0.398195862770081,0.443355064913147,0.302052760674669,0.06267775,0.36177364,0.18544014,2.38095238095238,4.10714285714286,1,1,0.125,0.6745279729366305,prompt1
0,AI,,G,False,Dalle36.png,../data/AI/prompt_1/stimuli_G/Dalle36.png,a drawing of a stylized design with a curved design,,Abstract lines and curves intersecting within geometric shapes,,4,0.58498752117157,0.66,85.0,abstract doodle/hard to interpret,,,2.0,0.0,1,0.0,4.11419021822256,10.16625,0.433506767936527,25,36,0.151213978267132,0.398178082650246,0.3997900247699,0.715350931043083,0.289868018299532,0.07936025,0.39887092,0.1561133,2.38095238095238,4.10714285714286,1,1,0.125,0.622493760585785,prompt1
0,AI,,G,False,Dalle37.png,../data/AI/prompt_1/stimuli_G/Dalle37.png,a drawing of a face with a long nose and a long nose,,Hard to interpret,,1,0.622885584831238,0.69,90.0,abstract doodle/hard to interpret,,,2.0,0.0,1,0.0,4.50738478695103,12.291875,0.643534293714787,2,28,0.248445093631744,0.458286789553569,0.628205258494772,0.601171355943814,0.244776792752187,0.0,0.2559144,0.10733275,2.38095238095238,3.19444444444444,1,1,0.125,0.656442792415619,prompt1
0,AI,,G,False,Dalle38.png,../data/AI/prompt_1/stimuli_G/Dalle38.png,a drawing of a circle with a face and a line of lines,,"Geometric shapes including triangles, rectangles, circle, and arcs arranged together",,4,0.576765358448029,0.55,59.0,abstract doodle/hard to interpret,,,2.0,0.0,1,0.0,4.83859429267557,9.93625,0.591169508387938,5,28,0.161726236343384,0.312549928204713,0.422604620456696,0.49042319878207,0.225937442266519,0.10647397,0.3118945,0.13035879,2.38095238095238,4.10714285714286,0,1,0.125,0.5633826792240145,prompt1
0,AI,,G,False,Dalle39.png,../data/AI/prompt_1/stimuli_G/Dalle39.png,a drawing of a drawing of a building with a mountain in the background,,Geometric shapes resembling buildings inside a wavy-bordered frame,,4,0.57176274061203,0.66,86.0,abstract doodle/hard to interpret,,,2.0,0.0,1,0.5,4.65973021175146,8.476875,0.745618765165813,1,23,0.155831983337879,0.329279820003504,0.424224478728308,0.578782824721871,0.301604436263444,0.11477816,0.3195901,0.17453124,2.38095238095238,4.10714285714286,0,1,0.125,0.6158813703060151,prompt1
0,AI,,G,False,Dalle40.png,../data/AI/prompt_1/stimuli_G/Dalle40.png,a drawing of a tunnel with a door in the middle,,Abstract geometric pattern with concentric arches and angular shapes,,4,0.636036992073059,0.78,97.0,abstract doodle/hard to interpret,,,2.0,0.0,1,0.0,4.42044418864799,21.13625,0.519883853048857,1,78,0.153447132891752,0.425084888935089,0.459742784500122,0.605222339527789,0.332089782784411,0.08306025,0.42946106,0.2147418,2.38095238095238,4.10714285714286,1,1,0.125,0.7080184960365294,prompt1
0,AI,,G,False,Dalle41.png,../data/AI/prompt_1/stimuli_G/Dalle41.png,a drawing of a chair and a table with a clock on it,,Abstract composition with geometric shapes and intersecting lines,,4,0.659074604511261,0.7,91.0,abstract doodle/hard to interpret,,,2.0,0.0,1,0.0,4.57115559573267,17.5325,0.532881815103285,1,71,0.144860446453094,0.427832109565499,0.433629751205444,0.699635118998881,0.251285303133341,0.08716108,0.3843142,0.12890162,2.38095238095238,4.10714285714286,1,1,0.125,0.6795373022556305,prompt1
0,AI,,G,False,Dalle42.png,../data/AI/prompt_1/stimuli_G/Dalle42.png,a drawing of a rainbow over a road with a rainbow in the background,,A curved path leading into an arch under a rainbow,,4,0.576059877872467,0.53,55.0,door,river,arch,1.0,1.0,2,1.0,4.21258524976867,7.39875,0.467141185647426,1,16,0.194547414779663,0.297740557722466,0.475428104400635,0.538624868575101,0.284471269737345,0.15748051,0.3845116,0.18133238,12.5,6.05263157894737,0,0,0.375,0.5530299389362335,prompt1
0,AI,,G,False,Dalle43.png,../data/AI/prompt_1/stimuli_G/Dalle43.png,a drawing of a man sitting in a window looking out,,"A figure sitting at a round window frame, viewed from outside",,4,0.574372291564941,0.68,88.0,person(s),window,,1.0,2.0,3,1.0,4.39994931437312,12.933125,0.626554590338104,2,30,0.215463135783293,0.42281619974423,0.521605835008795,0.655001207176917,0.315855399165515,0.15984671,0.4116462,0.2023137,5.55555555555556,6.38888888888889,0,0,0.625,0.6271861457824706,prompt1
0,AI,,G,False,Dalle44.png,../data/AI/prompt_1/stimuli_G/Dalle44.png,a drawing of a basketball court with a heart and a ball,,"Heart above a square, with two ovals on each side",,4,0.482060611248016,0.52,51.0,heart,abstract doodle/hard to interpret,,1.0,0.0,1,0.5,4.22113086860027,4.83625,0.717275435021163,3,9,0.202977692725928,0.356766621970135,0.48541259765625,0.366088607187012,0.281328052978234,0.16541454,0.28547636,0.17425315,150.0,6.38888888888889,0,0,0.125,0.501030305624008,prompt1
0,AI,,G,False,Dalle45.png,../data/AI/prompt_1/stimuli_G/Dalle45.png,a drawing of a drum with musical notes and notes on it,,A circular harp with leaves and music notes around it,,5,0.612271010875702,0.66,85.0,abstract doodle/hard to interpret,,,2.0,0.0,1,0.5,4.24726159307003,11.425625,0.745669264540721,3,29,0.183430790901184,0.359447958420032,0.489084035808799,0.671994017314916,0.30685780995524,0.1628849,0.45237613,0.19124894,2.38095238095238,6.38888888888889,0,1,0.125,0.636135505437851,prompt1
0,AI,,G,False,Dalle46.png,../data/AI/prompt_1/stimuli_G/Dalle46.png,a drawing of a spiral staircase with a square and a square,,Geometric spiral with intersecting lines and rectangles forming a pattern,,5,0.479696244001389,0.51,50.0,abstract doodle/hard to interpret,,,2.0,0.0,1,0.0,4.2065082509276,7.865625,0.548022061620388,1,22,0.159757187380957,0.365048411343847,0.451745781198395,0.507320407404453,0.301496236978469,0.10508158,0.39415655,0.19104478,2.38095238095238,4.10714285714286,0,1,0.125,0.4948481220006945,prompt1
0,AI,,G,False,Dalle47.png,../data/AI/prompt_1/stimuli_G/Dalle47.png,a drawing of a circle with a line drawn in it,,Hard to interpret,,4,0.548752009868622,0.54,58.0,abstract doodle/hard to interpret,,,2.0,0.0,1,0.0,4.3780895211565,17.410625,0.389971960347074,1,47,0.248445093631744,0.458286789553569,0.628205258494772,0.625972578973971,0.246432045510324,0.0,0.40935975,0.12687972,2.38095238095238,3.19444444444444,1,1,0.125,0.544376004934311,prompt1
0,AI,,G,False,Dalle48.png,../data/AI/prompt_1/stimuli_G/Dalle48.png,a drawing of a pumpkin and a pumpkin on a cart,,Hard to interpret,,2,0.666244268417358,0.76,96.0,abstract doodle/hard to interpret,,,2.0,0.0,2,0.0,4.38187833901034,14.748125,0.497493008138275,3,41,0.248445093631744,0.458286789553569,0.628205258494772,0.71238125498672,0.294053430181145,0.0,0.40459052,0.16824034,2.38095238095238,3.19444444444444,1,1,0.25,0.713122134208679,prompt1
0,AI,,G,False,Dalle49.png,../data/AI/prompt_1/stimuli_G/Dalle49.png,a drawing of a bench with a basket on top of it,,Hard to interpret,,2,0.537640869617462,0.69,89.0,abstract doodle/hard to interpret,,,2.0,0.0,1,0.0,4.60360864382893,27.071875,0.44517620238736,1,148,0.248445093631744,0.458286789553569,0.628205258494772,0.813495713214964,0.300637925782946,0.0,0.4999579,0.21178684,2.38095238095238,3.19444444444444,1,1,0.125,0.613820434808731,prompt1
0,AI,,G,False,Dalle50.png,../data/AI/prompt_1/stimuli_G/Dalle50.png,a drawing of a person standing under a rainbow in a white room,,Hard to interpret,,1,0.578545451164246,0.59,70.0,abstract doodle/hard to interpret,,,2.0,0.0,1,0.0,4.05791731169458,9.688125,0.7511115931027,4,36,0.248445093631744,0.458286789553569,0.628205258494772,0.647422575413254,0.250691507343646,0.0,0.3521067,0.20054364,2.38095238095238,3.19444444444444,1,1,0.125,0.584272725582123,prompt1
0,AI,,I,False,Dalle01.png,../data/AI/prompt_1/stimuli_I/Dalle01.png,a drawing of a man sitting in a chair with a bandage on his arm,,Abstract figure resembling a wrapped human torso with lines,,3,0.6110018491745,0.62,78.0,person(s),,,2.0,2.0,2,0.5,4.27674901516657,10.391875,0.735165543930056,1,43,0.16233858949955,0.433220429218424,0.417953670024872,0.699875638418007,0.335088139917461,0.106074765,0.31465095,0.19487247,7.14285714285714,5.73684210526316,1,0,0.5,0.61550092458725,prompt1
0,AI,,I,False,Dalle02.png,../data/AI/prompt_1/stimuli_I/Dalle02.png,a drawing of a heart with a flower in it,,Hard to interpret,,3,0.536261081695557,0.48,41.0,abstract doodle/hard to interpret,,,2.0,0.0,2,0.5,5.57965988784256,6.091875,0.669842172614816,2,5,0.240361928939819,0.490069835786213,0.602184653282166,0.629527266858873,0.2872468013839,0.0,0.24873257,0.12150911,2.38095238095238,2.5952380952381,1,1,0.25,0.5081305408477785,prompt1
0,AI,,I,False,Dalle03.png,../data/AI/prompt_1/stimuli_I/Dalle03.png,a black and white drawing of a plant in a pot,,Hard to interpret,,4,0.583824634552002,0.65,83.0,abstract doodle/hard to interpret,,,2.0,0.0,1,0.0,5.15723350054888,12.595,0.486638626229405,3,37,0.240361928939819,0.490069835786213,0.602184653282166,0.56623112109392,0.30597393814649,0.0,0.41913947,0.18594715,2.38095238095238,2.5952380952381,1,1,0.125,0.6169123172760009,prompt1
0,AI,,I,False,Dalle04.png,../data/AI/prompt_1/stimuli_I/Dalle04.png,a drawing of a circle with a line going through it,,Hard to interpret,,2,0.409329324960709,0.51,50.0,abstract doodle/hard to interpret,,,2.0,0.0,0,0.0,4.21366745535478,2.8025,0.741055614594403,3,5,0.240361928939819,0.490069835786213,0.602184653282166,0.266086645761849,0.252298730954075,0.0,0.35834292,0.16274069,2.38095238095238,2.5952380952381,1,1,0.0,0.45966466248035454,prompt1
0,AI,,I,False,Dalle05.png,../data/AI/prompt_1/stimuli_I/Dalle05.png,a drawing of a woman with a hat and a dress,,Hard to interpret,,2,0.493894398212433,0.57,65.0,abstract doodle/hard to interpret,,,2.0,0.0,1,0.0,4.24352012965516,7.6225,0.392799159583612,3,14,0.240361928939819,0.490069835786213,0.602184653282166,0.49796624037813,0.33052188648159,0.0,0.34257644,0.1661062,2.38095238095238,2.5952380952381,1,1,0.125,0.5319471991062165,prompt1
0,AI,,I,False,Dalle06.png,../data/AI/prompt_1/stimuli_I/Dalle06.png,a cartoon of a man with a bug in his head,,Abstract face with a large eye above it,,3,0.614459753036499,0.71,92.0,bug,abstract doodle/hard to interpret,,1.0,1.0,2,1.0,4.41132052026314,5.035,0.862703725261933,2,10,0.192170072068566,0.399287050898703,0.483253629013679,0.502433968393069,0.351877275691795,0.115695015,0.28264457,0.21702723,150.0,4.73913043478261,1,0,0.375,0.6622298765182495,prompt1
0,AI,,I,False,Dalle07.png,../data/AI/prompt_1/stimuli_I/Dalle07.png,a drawing of a man looking out a window at a person,,A person inside a window with a light above,,5,0.579662442207336,0.72,93.0,person(s),lamp,,2.0,2.0,2,1.0,4.61845546033697,8.7075,0.531122940855933,1,32,0.198660838683792,0.452971680550923,0.509782671345312,0.62170221254646,0.262126396573908,0.18037118,0.29775554,0.1859314,7.14285714285714,5.73684210526316,0,0,0.5,0.649831221103668,prompt1
0,AI,,I,False,Dalle08.png,../data/AI/prompt_1/stimuli_I/Dalle08.png,a drawing of a black and white picture of a hat and scissors,,Hard to interpret,,1,0.64973509311676,0.69,90.0,abstract doodle/hard to interpret,,,2.0,0.0,1,0.0,5.62124193031249,12.6175,0.457456770085523,5,13,0.240361928939819,0.490069835786213,0.602184653282166,0.709851883535851,0.287830655192708,0.0,0.36008644,0.14456618,2.38095238095238,2.5952380952381,1,1,0.125,0.66986754655838,prompt1
0,AI,,I,False,Dalle09.png,../data/AI/prompt_1/stimuli_I/Dalle09.png,a drawing of a building with a sign that says life is a book,,"Abstract geometric shapes with the words ""Line Ambition"" below",,5,0.654610216617584,0.65,84.0,abstract doodle/hard to interpret,writing,,2.0,0.0,1,0.0,4.73691904165323,9.3225,0.703895121643767,3,26,0.134639024734497,0.282680728515408,0.409244691774564,0.69392024598812,0.563040205986576,0.09768315,0.38491744,0.4482748,2.38095238095238,4.73913043478261,1,1,0.125,0.6523051083087921,prompt1
0,AI,,I,False,Dalle10.png,../data/AI/prompt_1/stimuli_I/Dalle10.png,a drawing of a plant with three leaves in a bowl,,Two stylized trees under a crescent moon with lines and dots,,3,0.560023069381714,0.74,94.0,tree(s),,,2.0,2.0,2,0.5,6.36282113342458,12.085,0.472997720222745,5,18,0.187909245491028,0.363853492507129,0.419430946145596,0.645275769564778,0.35633559320298,0.169642,0.29347953,0.21163377,150.0,3.02777777777778,0,0,0.5,0.650011534690857,prompt1
0,AI,,I,False,Dalle11.png,../data/AI/prompt_1/stimuli_I/Dalle11.png,a drawing of a person holding a flower in their hand,,A hand holding a stylized flower with flowing petals and stem,,5,0.629961609840393,0.6,73.0,flower,,,1.0,1.0,1,0.0,4.30949399904152,6.58625,0.807787569840447,2,13,0.204392790794373,0.368748109601381,0.494798332762817,0.577128374634836,0.307685791944241,0.14568165,0.3022319,0.15951845,150.0,3.02777777777778,0,0,0.25,0.6149808049201965,prompt1
0,AI,,I,False,Dalle12.png,../data/AI/prompt_1/stimuli_I/Dalle12.png,a black and white drawing of a man in a suit and tie,,Hard to interpret,,2,0.649623930454254,0.81,98.0,abstract doodle/hard to interpret,,,2.0,0.0,1,0.0,6.65090316916428,13.6825,0.478508111724369,2,17,0.240361928939819,0.490069835786213,0.602184653282166,0.644736531001685,0.30336127444079,0.0,0.3276297,0.1757176,2.38095238095238,2.5952380952381,1,1,0.125,0.7298119652271271,prompt1
0,AI,,I,False,Dalle13.png,../data/AI/prompt_1/stimuli_I/Dalle13.png,there is a drawing of a lamp that is on a pole,,Hard to interpret,,1,0.647263288497925,0.71,92.0,abstract doodle/hard to interpret,,,2.0,0.0,1,0.0,5.75387980289174,13.15125,0.542045041772612,2,32,0.240361928939819,0.490069835786213,0.602184653282166,0.61740672198598,0.233258718131069,0.0,0.40933663,0.12031331,2.38095238095238,2.5952380952381,1,1,0.125,0.6786316442489625,prompt1
0,AI,,I,False,Dalle14.png,../data/AI/prompt_1/stimuli_I/Dalle14.png,there is a drawing of a pair of headphones on a box,,Rectangular plug with tangled cables coming out,,4,0.528856754302979,0.56,64.0,abstract doodle/hard to interpret,,,2.0,0.0,1,0.0,4.3224366436203,5.550625,0.689769837647519,4,15,0.229329705238342,0.442286772796117,0.53882446653697,0.527802779598916,0.31524627798441,0.21064863,0.3454017,0.20366521,2.38095238095238,3.02777777777778,0,1,0.125,0.5444283771514895,prompt1
0,AI,,I,False,Dalle15.png,../data/AI/prompt_1/stimuli_I/Dalle15.png,a drawing of a clock with a man on it,,Hard to interpret,,3,0.553013801574707,0.62,76.0,abstract doodle/hard to interpret,,,2.0,0.0,1,0.0,4.26235310244549,7.5075,0.455478302565332,2,20,0.240361928939819,0.490069835786213,0.602184653282166,0.511806383902263,0.286405283261492,0.0,0.36963257,0.1625139,2.38095238095238,2.5952380952381,1,1,0.125,0.5865069007873536,prompt1
0,AI,,I,False,Dalle16.png,../data/AI/prompt_1/stimuli_I/Dalle16.png,a drawing of a square with a line drawing of a square,,Hard to interpret,,3,0.625722110271454,0.61,75.0,frame,,,1.0,1.0,1,0.0,4.09255626153575,9.67625,0.382899504670722,1,32,0.240361928939819,0.490069835786213,0.602184653282166,0.614390660555569,0.260978893085201,0.0,0.40704384,0.13815907,150.0,2.5952380952381,1,0,0.25,0.617861055135727,prompt1
0,AI,,I,False,Dalle17.png,../data/AI/prompt_1/stimuli_I/Dalle17.png,a close up of a black and white drawing of a sewing machine,,Abstract lines and shapes form a rollercoaster-like structure,,3,0.502270936965942,0.44,31.0,abstract doodle/hard to interpret,,,2.0,0.0,1,0.0,5.65120505053491,9.16375,0.294618694822767,1,19,0.168377747036351,0.38584951716213,0.44586740272842,0.591872157874784,0.272093454937408,0.12666813,0.3095762,0.15628198,2.38095238095238,4.73913043478261,1,1,0.125,0.47113546848297105,prompt1
0,AI,,I,False,Dalle18.png,../data/AI/prompt_1/stimuli_I/Dalle18.png,there is a drawing of a woman looking at a man in a mirror,,Three abstract human profiles facing each other,,4,0.521549582481384,0.59,71.0,face(s),,,1.0,1.0,2,0.5,5.11883499367471,5.86875,0.507933497692648,2,6,0.187553644180298,0.461328371206771,0.506891756839051,0.541821157813062,0.283670006507398,0.1314876,0.29375955,0.18358195,8.82352941176471,5.73684210526316,1,0,0.375,0.5557747912406921,prompt1
0,AI,,I,False,Dalle19.png,../data/AI/prompt_1/stimuli_I/Dalle19.png,a black and white drawing of a circle with a leaf and a letter,,Stylized side profile of a face within a circular and geometric design,,3,0.528793334960938,0.6,73.0,face(s),plant,,1.0,1.0,2,0.0,4.70788045133143,9.785625,0.367935968954645,1,11,0.166407704353333,0.356171808014619,0.445744249478324,0.480380257742784,0.378019026819766,0.10228882,0.3718272,0.22253194,8.82352941176471,4.73913043478261,0,0,0.375,0.564396667480469,prompt1
0,AI,,I,False,Dalle20.png,../data/AI/prompt_1/stimuli_I/Dalle20.png,drawing of a basket with a bunch of books on it,,Hard to interpret,,2,0.760220289230347,0.76,96.0,abstract doodle/hard to interpret,,,1.0,1.0,3,1.0,5.29312799200155,23.3675,0.383251025944216,5,89,0.240361928939819,0.490069835786213,0.602184653282166,0.761388660553045,0.336919409988453,0.0,0.47421294,0.21601436,2.38095238095238,2.5952380952381,1,1,0.5,0.7601101446151735,prompt1
0,AI,,I,False,Dalle21.png,../data/AI/prompt_1/stimuli_I/Dalle21.png,a drawing of a basketball court with a ball on the side,,Hard to interpret,,3,0.524377763271332,0.52,52.0,abstract doodle/hard to interpret,,,2.0,0.0,1,0.0,4.20684641203691,6.176875,0.299563507032387,16,16,0.240361928939819,0.490069835786213,0.602184653282166,0.567298536196174,0.241704385692255,0.0,0.44953388,0.19613166,2.38095238095238,2.5952380952381,1,1,0.125,0.522188881635666,prompt1
0,AI,,I,False,Dalle22.png,../data/AI/prompt_1/stimuli_I/Dalle22.png,a drawing of a handbag with a handle and a handle,,"An abstract representation, potentially depicting a handbag with handles",,3,0.533157110214233,0.54,57.0,bag,,,2.0,2.0,2,1.0,5.73822023097786,12.934375,0.265569659927911,1,35,0.166421165083576,0.379631463852355,0.458318623404584,0.646377009282528,0.276093504966687,0.08681381,0.36987668,0.0995499,6.81818181818182,8.38461538461539,1,0,0.5,0.5365785551071165,prompt1
0,AI,,I,False,Dalle23.png,../data/AI/prompt_1/stimuli_I/Dalle23.png,a drawing of a woman with glasses and a headband,,Profile outline of a person with glasses and a ponytail,,4,0.505958139896393,0.56,64.0,face(s),glasses,,2.0,2.0,3,1.0,4.46794309497766,5.57375,0.47185709470846,2,6,0.211056232452393,0.48873518373773,0.481673240661621,0.585508148722665,0.327106632195737,0.14545563,0.28732213,0.17243823,8.82352941176471,5.73684210526316,0,0,0.625,0.5329790699481965,prompt1
0,AI,,I,False,Dalle24.png,../data/AI/prompt_1/stimuli_I/Dalle24.png,there is a drawing of a door with a circle on it,,Hard to interpret,,2,0.338304281234741,0.37,16.0,abstract doodle/hard to interpret,,,2.0,0.0,0,0.0,3.79659886101275,3.438125,0.482773339837795,6,14,0.240361928939819,0.490069835786213,0.602184653282166,0.551071081347391,0.277543225193047,0.0,0.40040565,0.17909566,2.38095238095238,2.5952380952381,1,1,0.0,0.3541521406173705,prompt1
0,AI,,I,False,Dalle25.png,../data/AI/prompt_1/stimuli_I/Dalle25.png,a drawing of a man ' s face with a hat on,,Side profile outline of a head with geometric elements,,4,0.517448425292969,0.52,51.0,face(s),helmet,,1.0,1.0,3,1.0,4.57148054245561,7.42375,0.553794913201453,2,19,0.15962541103363,0.335920512907548,0.428813610743664,0.717736559148019,0.28799908814389,0.11014868,0.3984532,0.14652698,8.82352941176471,4.73913043478261,0,0,0.5,0.5187242126464845,prompt1
0,AI,,I,False,Dalle26.png,../data/AI/prompt_1/stimuli_I/Dalle26.png,a close up of a drawing of a black and white object,,Hard to interpret,,5,0.40875381231308,0.37,15.0,abstract doodle/hard to interpret,,,2.0,0.0,0,0.0,4.20007271649832,4.245,0.617550917777219,2,7,0.240361928939819,0.490069835786213,0.602184653282166,0.638387327200087,0.253908163458658,0.0,0.28399107,0.12737283,2.38095238095238,2.5952380952381,1,1,0.0,0.38937690615653997,prompt1
0,AI,,I,False,Dalle27.png,../data/AI/prompt_1/stimuli_I/Dalle27.png,a close up of a drawing of a person with a smile on his face,,"Abstract face with simple lines and geometric shapes, smiling expression",,5,0.54305112361908,0.64,81.0,face(s),,,2.0,2.0,2,1.0,8.02599949147233,8.7075,0.618103318439681,3,11,0.162506630271277,0.336931049823761,0.42477599234724,0.649723728669121,0.299338102602654,0.09437494,0.2752752,0.14840586,8.82352941176471,4.73913043478261,1,0,0.5,0.5915255618095401,prompt1
0,AI,,I,False,Dalle28.png,../data/AI/prompt_1/stimuli_I/Dalle28.png,a drawing of a stylized figure with a long tail,,Hard to interpret,,3,0.46707671880722,0.35,11.0,abstract doodle/hard to interpret,,,2.0,0.0,1,0.0,4.15201729158096,3.960625,0.813036333759357,1,6,0.240361928939819,0.490069835786213,0.602184653282166,0.605093905648259,0.257738361687228,0.0,0.2559538,0.13206379,2.38095238095238,2.5952380952381,1,1,0.125,0.40853835940361,prompt1
0,AI,,I,False,Dalle29.png,../data/AI/prompt_1/stimuli_I/Dalle29.png,a drawing of a person sitting on a table with a book,,Abstract figure with a hat inside a circle and rectangular frame,,3,0.607450127601624,0.72,93.0,person(s),,,2.0,2.0,2,0.5,4.77149876502286,10.08875,0.430116764947085,1,17,0.181112766265869,0.382012821315954,0.433918867473669,0.537147201671388,0.314244285872347,0.11246302,0.3004434,0.16664222,7.14285714285714,5.73684210526316,1,0,0.5,0.663725063800812,prompt1
0,AI,,I,False,Dalle30.png,../data/AI/prompt_1/stimuli_I/Dalle30.png,a drawing of a woman with a fish in her hair,,A smiling face with wavy hair above a leaf-like shape,,5,0.647842884063721,0.73,94.0,person(s),,,2.0,2.0,1,1.0,6.95206855306139,16.14,0.366727068772112,2,17,0.208890795707703,0.392035883427735,0.502093434333801,0.653380806298608,0.325097145040237,0.14179921,0.29589236,0.2128799,7.14285714285714,3.02777777777778,0,0,0.375,0.6889214420318606,prompt1
0,AI,,I,False,Dalle31.png,../data/AI/prompt_1/stimuli_I/Dalle31.png,a drawing of a circle with a leaf and a circle with a black dot,,Hard to interpret,,2,0.588914394378662,0.66,84.0,abstract doodle/hard to interpret,,,2.0,0.0,2,0.0,4.98532012248916,12.334375,0.403080576536165,3,27,0.240361928939819,0.490069835786213,0.602184653282166,0.607585230583344,0.266264768094504,0.0,0.35692483,0.11486043,2.38095238095238,2.5952380952381,1,1,0.25,0.624457197189331,prompt1
0,AI,,I,False,Dalle32.png,../data/AI/prompt_1/stimuli_I/Dalle32.png,a drawing of a woman holding a knife in her hand,,Silhouette of a person with abstract shapes around head and shoulders,,4,0.503778994083405,0.56,63.0,face(s),,,1.0,1.0,0,0.5,4.42701880941148,5.31625,0.876033652117639,1,8,0.184066832065582,0.380977135329757,0.449751350298443,0.542926266386653,0.286086878157983,0.10559118,0.24726076,0.16685075,8.82352941176471,5.73684210526316,1,0,0.125,0.5318894970417025,prompt1
0,AI,,I,False,Dalle33.png,../data/AI/prompt_1/stimuli_I/Dalle33.png,a drawing of a arch with a long curved top,,Hard to interpret,,1,0.298940002918243,0.44,33.0,abstract doodle/hard to interpret,,,2.0,0.0,1,0.0,4.53682359135567,5.851875,0.359326754253194,2,17,0.240361928939819,0.490069835786213,0.602184653282166,0.641056484597608,0.214679085101554,0.0,0.28046617,0.18467921,2.38095238095238,2.5952380952381,1,1,0.125,0.3694700014591215,prompt1
0,AI,,I,False,Dalle34.png,../data/AI/prompt_1/stimuli_I/Dalle34.png,a drawing of a bird sitting on top of a suitcase,,A stylized handbag with a floral design on it,,3,0.568209886550903,0.7,91.0,abstract doodle/hard to interpret,,,2.0,0.0,1,0.0,5.67878057343029,10.543125,0.556043046357616,1,13,0.217247843742371,0.468330085277557,0.518685847520828,0.610533059573153,0.344197041599843,0.10415933,0.33575273,0.13949268,2.38095238095238,8.38461538461539,0,1,0.125,0.6341049432754515,prompt1
0,AI,,I,False,Dalle35.png,../data/AI/prompt_1/stimuli_I/Dalle35.png,a drawing of a diamond in a frame with a white background,,Geometric diamond shape within a rectangular frame,,4,0.621871471405029,0.63,79.0,diamond,,,2.0,1.0,1,0.0,4.92751145290768,13.3775,0.658727419169256,1,36,0.168093552107002,0.364335894584656,0.449617895506745,0.796643450584525,0.313102700248644,0.14046963,0.56360924,0.17951582,150.0,3.02777777777778,0,0,0.25,0.6259357357025145,prompt1
0,AI,,I,False,Dalle36.png,../data/AI/prompt_1/stimuli_I/Dalle36.png,drawing of a chair with a box on it and a chair with a pillow,,Hard to interpret,,1,0.588256597518921,0.6,72.0,abstract doodle/hard to interpret,,,2.0,0.0,1,0.0,6.17046895128478,12.525625,0.424201815806225,1,24,0.240361928939819,0.490069835786213,0.602184653282166,0.64860986045928,0.269028741629064,0.0,0.3293976,0.12527171,2.38095238095238,2.5952380952381,1,1,0.125,0.5941282987594605,prompt1
0,AI,,I,False,Dalle37.png,../data/AI/prompt_1/stimuli_I/Dalle37.png,there is a black and white drawing of a apple and a book,,Hard to interpret,,2,0.622146785259247,0.63,79.0,fruit,abstract doodle/hard to interpret,,1.0,1.0,1,0.0,5.30494744047581,10.36,0.588634837894404,2,16,0.240361928939819,0.490069835786213,0.602184653282166,0.605296049999094,0.449385940491075,0.0,0.3696105,0.3292864,75.0,2.5952380952381,1,0,0.25,0.6260733926296236,prompt1
0,AI,,I,False,Dalle38.png,../data/AI/prompt_1/stimuli_I/Dalle38.png,there is a black and white drawing of a window with a curved glass,,Simple geometric shapes forming a dome-like structure with lines,,3,0.51561826467514,0.51,50.0,abstract doodle/hard to interpret,,,2.0,0.0,0,0.0,6.7210359992233,8.465,0.615590154668311,1,14,0.134036898612976,0.284545340673486,0.318971614898942,0.678941227740119,0.23549476243164,0.11508546,0.40346727,0.19947973,2.38095238095238,4.73913043478261,0,1,0.0,0.5128091323375701,prompt1
0,AI,,I,False,Dalle39.png,../data/AI/prompt_1/stimuli_I/Dalle39.png,a drawing of a bag with a string tied to it,,Hard to interpret,,1,0.405967593193054,0.42,28.0,abstract doodle/hard to interpret,,,2.0,0.0,2,0.5,4.3665727637772,3.67,0.719052852432811,1,5,0.240361928939819,0.490069835786213,0.602184653282166,0.430507813145303,0.233475136702077,0.0,0.28027356,0.15103045,2.38095238095238,2.5952380952381,1,1,0.25,0.41298379659652695,prompt1
0,AI,,I,False,Dalle40.png,../data/AI/prompt_1/stimuli_I/Dalle40.png,a black and white drawing of a flower in a window,,A flower inside a helmet-like structure with tusks,,4,0.51483815908432,0.57,65.0,plant(s),abstract doodle/hard to interpret,,1.0,1.0,1,0.5,4.89520586507532,8.275625,0.553279071943119,2,15,0.211300420087549,0.423463804229015,0.519176006317139,0.682288964211423,0.315754574298154,0.1626744,0.4706025,0.23547325,150.0,3.02777777777778,0,0,0.25,0.54241907954216,prompt1
0,AI,,I,False,Dalle41.png,../data/AI/prompt_1/stimuli_I/Dalle41.png,there is a drawing of a man with a hat on,,Hard to interpret,,2,0.517368376255035,0.67,88.0,abstract doodle/hard to interpret,,,2.0,0.0,1,1.0,5.8910786330873,8.280625,0.483654525274947,2,14,0.240361928939819,0.490069835786213,0.602184653282166,0.682905688404379,0.30293627738168,0.0,0.3662972,0.15499318,2.38095238095238,2.5952380952381,1,1,0.125,0.5936841881275174,prompt1
0,AI,,I,False,Dalle42.png,../data/AI/prompt_1/stimuli_I/Dalle42.png,there is a black and white drawing of a circle with a line,,Hard to interpret,,2,0.579282283782959,0.57,65.0,abstract doodle/hard to interpret,,,2.0,0.0,1,0.0,4.91716392624849,9.018125,0.618578032137354,1,17,0.240361928939819,0.490069835786213,0.602184653282166,0.588351834198701,0.244570609629721,0.0,0.41275162,0.13759944,2.38095238095238,2.5952380952381,1,1,0.125,0.5746411418914794,prompt1
0,AI,,I,False,Dalle43.png,../data/AI/prompt_1/stimuli_I/Dalle43.png,drawing of a vase with a plant in it sitting on a table,,Abstract drawing with geometric shapes and lines; possibly a cityscape or structure,,3,0.55854719877243,0.68,88.0,abstract doodle/hard to interpret,,,2.0,0.0,1,0.0,4.30999931522266,7.190625,0.803552585297221,2,42,0.128696910816614,0.340805332088629,0.373530268669128,0.679415756622084,0.299709471092636,0.10530703,0.41843504,0.18039441,2.38095238095238,4.73913043478261,1,1,0.125,0.6192735993862151,prompt1
0,AI,,I,False,Dalle44.png,../data/AI/prompt_1/stimuli_I/Dalle44.png,a drawing of a face with a square in the middle,,Face with geometric shapes and crescent moons,,5,0.598515629768372,0.63,79.0,face(s),,,2.0,2.0,2,0.5,4.06879062342799,5.035,0.67240680713128,2,13,0.193471241386457,0.366163416643545,0.484071523900536,0.543776840247768,0.315614405748096,0.12435136,0.31972447,0.14820334,8.82352941176471,4.73913043478261,0,0,0.5,0.614257814884186,prompt1
0,AI,,I,False,Dalle45.png,../data/AI/prompt_1/stimuli_I/Dalle45.png,a drawing of a rainbow arch with a black outline on a white background,,A triangular shape inside an arch with multiple layers drawn above,,5,0.512771546840668,0.59,71.0,tent,arch,,1.0,1.0,1,0.5,4.43141919520671,9.766875,0.501638740563432,2,35,0.130140364170074,0.306356590607368,0.353747844696045,0.622701135625775,0.315963772668564,0.13746774,0.42780876,0.24375907,150.0,4.73913043478261,0,0,0.25,0.551385773420334,prompt1
0,AI,,I,False,Dalle46.png,../data/AI/prompt_1/stimuli_I/Dalle46.png,a drawing of a circular object with a curved design,,Hard to interpret,,3,0.639404773712158,0.53,54.0,abstract doodle/hard to interpret,,,2.0,0.0,0,0.0,4.91304926790438,22.721875,0.348431383891556,1,70,0.240361928939819,0.490069835786213,0.602184653282166,0.747850782294662,0.260309209774244,0.0,0.45311457,0.15744379,2.38095238095238,2.5952380952381,1,1,0.0,0.584702386856079,prompt1
0,AI,,I,False,Dalle47.png,../data/AI/prompt_1/stimuli_I/Dalle47.png,a drawing of a glass of water and a wire on a table,,Hard to interpret,,2,0.631706416606903,0.69,89.0,glass,,,1.0,1.0,2,0.5,4.70694331065332,11.729375,0.492588948487638,1,36,0.240361928939819,0.490069835786213,0.602184653282166,0.784501169832187,0.332107509508047,0.0,0.47888654,0.18255365,150.0,2.5952380952381,1,0,0.375,0.6608532083034515,prompt1
0,AI,,I,False,Dalle48.png,../data/AI/prompt_1/stimuli_I/Dalle48.png,a drawing of a man with a face and a cigarette in his mouth,,Abstract humanoid face with geometric shapes and asymmetrical features,,4,0.505702376365662,0.57,66.0,face(s),,,2.0,2.0,2,0.5,4.30403128650949,5.135,0.722447378742319,2,21,0.214098930358887,0.398059570673678,0.505897193795609,0.632200883097699,0.307799468716283,0.11720319,0.42146888,0.14640072,8.82352941176471,4.73913043478261,1,0,0.5,0.537851188182831,prompt1
0,AI,,I,False,Dalle49.png,../data/AI/prompt_1/stimuli_I/Dalle49.png,a drawing of a door with a handle and a handle,,Hard to interpret,,2,0.572915017604828,0.6,73.0,abstract doodle/hard to interpret,,,2.0,0.0,1,0.0,6.02087994421494,11.670625,0.254383726440888,3,23,0.240361928939819,0.490069835786213,0.602184653282166,0.595442778842667,0.209846076623106,0.0,0.4264235,0.12487656,2.38095238095238,2.5952380952381,1,1,0.125,0.586457508802414,prompt1
0,AI,,I,False,Dalle50.png,../data/AI/prompt_1/stimuli_I/Dalle50.png,a drawing of a man ' s face with a line drawing of a face,,Hard to interpret,,3,0.578442990779877,0.68,88.0,eye,face(s),,2.0,1.0,2,0.0,4.3310376873435,6.439375,0.617476851851852,1,16,0.240361928939819,0.490069835786213,0.602184653282166,0.615212460254168,0.282859302944186,0.0,0.3005033,0.16303118,150.0,2.5952380952381,1,0,0.375,0.6292214953899385,prompt1
0,AI,,R,False,Dalle01.png,../data/AI/prompt_1/stimuli_R/Dalle01.png,a drawing of a black and white picture of a tall tower,,Hard to interpret,,4,0.583602070808411,0.62,77.0,abstract doodle/hard to interpret,,,2.0,0.0,0,0.0,4.57387196901009,16.87125,0.476321174912724,1,65,0.244171008815108,0.486913069692643,0.625322546838748,0.788510384640532,0.232380868606106,0.0,0.4804651,0.12960704,1.82926829268293,3.08108108108108,1,1,0.0,0.6018010354042055,prompt1
0,AI,,R,False,Dalle02.png,../data/AI/prompt_1/stimuli_R/Dalle02.png,a black and white drawing of a star of david,,Overlapping triangles and rectangles forming a complex geometric pattern,,4,0.546873509883881,0.6,73.0,abstract doodle/hard to interpret,,,2.0,0.0,1,0.0,4.22531416457787,9.9925,0.306295947876381,1,31,0.167169074157581,0.370968200506674,0.415161311626434,0.549547819851208,0.2656420289419,0.06153174,0.26888365,0.1442155,1.82926829268293,6.70588235294118,0,1,0.125,0.5734367549419405,prompt1
0,AI,,R,False,Dalle03.png,../data/AI/prompt_1/stimuli_R/Dalle03.png,a black and white drawing of a three - dimensional structure with a triangle,,Geometric shapes overlapping with lines and triangles,,3,0.553087174892426,0.59,71.0,abstract doodle/hard to interpret,,,2.0,0.0,1,0.0,4.15381489621939,13.194375,0.27756878158338,1,38,0.155001163482666,0.326782385898685,0.342027982594249,0.530289635184587,0.210972524673753,0.06664648,0.29019526,0.11215261,1.82926829268293,6.70588235294118,0,1,0.125,0.5715435874462129,prompt1
0,AI,,R,False,Dalle04.png,../data/AI/prompt_1/stimuli_R/Dalle04.png,a drawing of a door with a window and a curtain,,Vertical striped pattern inside a rectangular frame on a slightly tilted structure,,4,0.530245006084442,0.66,86.0,painting,,,1.0,1.0,0,0.5,4.08725883751522,20.511875,0.655431906468745,2,92,0.195885539054871,0.38140765539362,0.409429812993395,0.686359113813497,0.235794824935424,0.15090773,0.38882938,0.12361856,37.5,3.45454545454545,0,0,0.125,0.595122503042221,prompt1
0,AI,,R,False,Dalle05.png,../data/AI/prompt_1/stimuli_R/Dalle05.png,a drawing of a geometric design with a triangle and a square,,Geometric design with overlapping squares and triangles in a vertical alignment,,5,0.399699538946152,0.55,60.0,abstract doodle/hard to interpret,,,2.0,0.0,1,0.0,4.36408597219635,15.59875,0.761413966962868,1,82,0.174496868312726,0.341734528541565,0.381672528635335,0.74034777986776,0.224377119254232,0.09399785,0.3284102,0.07346498,1.82926829268293,6.70588235294118,0,1,0.125,0.474849769473076,prompt1
0,AI,,R,False,Dalle06.png,../data/AI/prompt_1/stimuli_R/Dalle06.png,a close up of a picture of a picture frame with a surfboard,,Abstract overlapping rectangular and elliptical shapes with lines,,3,0.583393812179565,0.56,64.0,abstract doodle/hard to interpret,,,2.0,0.0,0,0.0,4.59494797093867,22.045625,0.353383322137294,1,73,0.150538715623833,0.331666390051436,0.32377787374126,0.674299213845419,0.242286583691491,0.068932466,0.42054373,0.122415684,1.82926829268293,6.70588235294118,1,1,0.0,0.5716969060897825,prompt1
0,AI,,R,False,Dalle07.png,../data/AI/prompt_1/stimuli_R/Dalle07.png,a black and white drawing of a heart with a frame,,Geometric shapes with a central rectangle and triangular patterns,,4,0.660095632076263,0.69,90.0,abstract doodle/hard to interpret,,,2.0,0.0,1,0.0,5.10511388510166,18.96875,0.284951521379742,3,45,0.168443838543428,0.351338565349579,0.36740140526311,0.651295225371521,0.23796709357362,0.084793925,0.29612997,0.08371455,1.82926829268293,6.70588235294118,0,1,0.125,0.6750478160381315,prompt1
0,AI,,R,False,Dalle08.png,../data/AI/prompt_1/stimuli_R/Dalle08.png,a drawing of a square shaped object with a thin line,,"Overlapping rectangular shapes with curved lines intersecting, resembling a stylized pattern",,4,0.566355645656586,0.52,53.0,abstract doodle/hard to interpret,,,2.0,0.0,0,0.0,4.61100830759494,17.558125,0.246948094306216,1,49,0.153663328071633,0.305864769569919,0.331974208233432,0.522480684857415,0.297977937478253,0.06708122,0.46518403,0.22374766,1.82926829268293,6.70588235294118,0,1,0.0,0.5431778228282931,prompt1
0,AI,,R,False,Dalle09.png,../data/AI/prompt_1/stimuli_R/Dalle09.png,a drawing of a picture of a knife and a piece of paper,,Hard to interpret,,2,0.640557110309601,0.7,91.0,painting,frame,,1.0,1.0,2,0.0,6.83361886161626,17.34625,0.253932284724074,2,32,0.244171008815108,0.486913069692643,0.625322546838748,0.677662735764168,0.222499093791311,0.0,0.3280977,0.11024411,37.5,3.08108108108108,1,0,0.375,0.6702785551548005,prompt1
0,AI,,R,False,Dalle10.png,../data/AI/prompt_1/stimuli_R/Dalle10.png,a drawing of a barcode with a door open and a door open,,Abstract geometric lines with triangular shapes on top,,3,0.527084708213806,0.56,64.0,abstract doodle/hard to interpret,,,2.0,0.0,0,0.0,4.78267736538175,17.900625,0.698938177350709,5,58,0.125946812275241,0.346295198577355,0.340044498443604,0.614186888671287,0.295020947718233,0.07362985,0.46502423,0.16752115,1.82926829268293,3.45454545454545,1,1,0.0,0.5435423541069031,prompt1
0,AI,,R,False,Dalle11.png,../data/AI/prompt_1/stimuli_R/Dalle11.png,a black and white drawing of a rose with arrows in the center,,Geometric rose atop a shield with two crossed arrows,,5,0.494535803794861,0.48,41.0,abstract doodle/hard to interpret,,,2.0,0.0,3,1.0,4.92401628237832,8.416875,0.254759368196767,121,16,0.13542000825166,0.230078279972076,0.351141533323617,0.647221536052773,0.290243453653486,0.16364926,0.3649805,0.1377972,1.82926829268293,3.45454545454545,0,1,0.375,0.4872679018974305,prompt1
0,AI,,R,False,Dalle12.png,../data/AI/prompt_1/stimuli_R/Dalle12.png,a close up of a drawing of a basketball hoop with a net,,"Geometric shapes, mainly triangles, overlapping in a complex pattern. ",,4,0.548057675361633,0.62,77.0,abstract doodle/hard to interpret,,,2.0,0.0,1,0.0,5.19029403740126,16.9175,0.497388079193439,1,53,0.16168145398122,0.320486128330231,0.426934029277206,0.736565010759232,0.231964070358067,0.060590822,0.29286847,0.081787325,1.82926829268293,6.70588235294118,0,1,0.125,0.5840288376808165,prompt1
0,AI,,R,False,Dalle13.png,../data/AI/prompt_1/stimuli_R/Dalle13.png,a black and white drawing of a geometric object with a square in the middle,,"Overlapping geometric shapes, primarily squares and lines, form a complex pattern",,4,0.539062559604645,0.49,43.0,abstract doodle/hard to interpret,,,2.0,0.0,0,0.0,4.74465889331198,12.245625,0.49650921227395,1,34,0.154535513575606,0.311229866073734,0.404933858505943,0.713784107457431,0.210708130299473,0.059181917,0.2864831,0.091652945,1.82926829268293,6.70588235294118,0,1,0.0,0.5145312798023225,prompt1
0,AI,,R,False,Dalle14.png,../data/AI/prompt_1/stimuli_R/Dalle14.png,a black and white drawing of a triangle with leaves,,Geometric shapes with floral elements integrated into the design,,4,0.442221492528915,0.57,65.0,abstract doodle/hard to interpret,,,2.0,0.0,1,0.0,4.48091154124323,15.043125,0.254244615626474,2,47,0.172040203566521,0.344616532325745,0.436837673187256,0.7861839341337,0.289802179524629,0.10953148,0.4171391,0.11008678,1.82926829268293,3.45454545454545,0,1,0.125,0.5061107462644575,prompt1
0,AI,,R,False,Dalle15.png,../data/AI/prompt_1/stimuli_R/Dalle15.png,there is a black and white drawing of a square with a clock,,Hard to interpret,,3,0.560531258583069,0.47,39.0,abstract doodle/hard to interpret,,,2.0,0.0,1,0.0,5.12004923887027,7.784375,0.758724867173664,1,19,0.244171008815108,0.486913069692643,0.625322546838748,0.698236501083526,0.193977730971419,0.0,0.36457112,0.09705351,1.82926829268293,3.08108108108108,1,1,0.125,0.5152656292915345,prompt1
0,AI,,R,False,Dalle16.png,../data/AI/prompt_1/stimuli_R/Dalle16.png,a drawing of a geometric object with a triangle in the middle,,Hard to interpret,,1,0.586907267570496,0.58,69.0,abstract doodle/hard to interpret,,,2.0,0.0,1,0.0,4.5660178960882,12.596875,0.65698768129134,1,56,0.244171008815108,0.486913069692643,0.625322546838748,0.7433595872219,0.217278021919459,0.0,0.27544022,0.10237284,1.82926829268293,3.08108108108108,1,1,0.125,0.5834536337852481,prompt1
0,AI,,R,False,Dalle17.png,../data/AI/prompt_1/stimuli_R/Dalle17.png,a black and white drawing of a geometric design with a ball,,Geometric shapes and lines intersect with circles in abstract pattern,,4,0.599071860313416,0.57,65.0,abstract doodle/hard to interpret,,,2.0,0.0,1,0.0,4.93626912347503,19.9475,0.331715729525949,3,48,0.153143882751465,0.345839580645535,0.393255537145332,0.637119505227219,0.214265217850583,0.067561805,0.2890655,0.11478253,1.82926829268293,6.70588235294118,1,1,0.125,0.5845359301567079,prompt1
0,AI,,R,False,Dalle18.png,../data/AI/prompt_1/stimuli_R/Dalle18.png,a drawing of a chair with a curved seat and a curved back,,Hard to interpret,,1,0.525628328323364,0.42,27.0,abstract doodle/hard to interpret,,,2.0,0.0,1,0.0,4.71708132339829,15.101875,0.448173583090613,1,52,0.244171008815108,0.486913069692643,0.625322546838748,0.761518480773711,0.204039950920908,0.0,0.39443535,0.11006111,1.82926829268293,3.08108108108108,1,1,0.125,0.472814164161682,prompt1
0,AI,,R,False,Dalle19.png,../data/AI/prompt_1/stimuli_R/Dalle19.png,a drawing of a kite with a man on it,,A simplistic drawing of a moth with large wings,,4,0.43932455778122,0.48,42.0,bug,,,1.0,1.0,2,0.0,4.48561995750234,8.229375,0.192684371822909,1,27,0.155874233737673,0.320807933807373,0.363028526306152,0.641739863672408,0.260741497789774,0.1567254,0.29893738,0.18022835,75.0,3.6774193548387104,0,0,0.375,0.45966227889060995,prompt1
0,AI,,R,False,Dalle20.png,../data/AI/prompt_1/stimuli_R/Dalle20.png,a black and white drawing of a triangular object with a line drawing of a triangle,,Geometric design with intersecting lines forming a triangle and diamond shapes,,4,0.383211374282837,0.4,23.0,abstract doodle/hard to interpret,,,2.0,0.0,1,0.0,4.58199693987331,6.63625,0.547875154293775,1,19,0.132330282648762,0.239535927772522,0.337034543575914,0.547313197312185,0.185851643792436,0.09261308,0.24608703,0.087269336,1.82926829268293,3.45454545454545,0,1,0.125,0.3916056871414185,prompt1
0,AI,,R,False,Dalle21.png,../data/AI/prompt_1/stimuli_R/Dalle21.png,a drawing of a dog with a long tail and a long tail,,"Abstract geometric shapes, possibly resembling a stylized bird",,3,0.547685384750366,0.88,99.0,snake,,,1.0,1.0,3,1.0,4.75441335836811,42.338125,0.304482630185526,1,220,0.141991428018126,0.301680445671082,0.352158784866333,0.749040375582614,0.272113288528887,0.081913546,0.5587791,0.14580718,150.0,3.45454545454545,1,0,0.5,0.713842692375183,prompt1
0,AI,,R,False,Dalle22.png,../data/AI/prompt_1/stimuli_R/Dalle22.png,a drawing of a kite with a long string attached to it,,Abstract geometric shapes with mountain and flowing draped element,,4,0.503542304039002,0.58,68.0,painting,mountain,,1.0,1.0,1,0.0,4.48236295961731,16.6725,0.282110981761738,1,53,0.14642976841749,0.379679441452026,0.413606012678504,0.709822634340839,0.26190177889219,0.10791601,0.31417426,0.122506335,37.5,3.45454545454545,1,0,0.25,0.541771152019501,prompt1
0,AI,,R,False,Dalle23.png,../data/AI/prompt_1/stimuli_R/Dalle23.png,a black and white drawing of a woman with a face in a frame,,Abstract face with plants and geometric shapes,,4,0.625032186508179,0.61,75.0,painting,face,,1.0,1.0,2,0.5,5.148867867577,12.886875,0.458232364028002,2,37,0.163951208355949,0.393331706523895,0.448346879979781,0.587813701385008,0.274078890669947,0.0830674,0.35042468,0.13787965,37.5,3.45454545454545,1,0,0.375,0.6175160932540895,prompt1
0,AI,,R,False,Dalle24.png,../data/AI/prompt_1/stimuli_R/Dalle24.png,a close up of a kite with a string attached to it,,"Geometric shape with symmetrical lines and patterns, resembling an abstract diamond",,4,0.455942243337631,0.71,93.0,abstract doodle/hard to interpret,,,2.0,0.0,1,0.0,4.9433999050987,31.7175,0.447459665016917,1,152,0.120479986610408,0.30317759513855,0.318404495716095,0.727313194539681,0.222059577063568,0.08783502,0.40271848,0.09988808,1.82926829268293,3.45454545454545,1,1,0.125,0.5829711216688155,prompt1
0,AI,,R,False,Dalle25.png,../data/AI/prompt_1/stimuli_R/Dalle25.png,a drawing of a geometric object with a rose on top,,Geometric shapes with overlapping lines forming an abstract pattern,,4,0.508089780807495,0.54,57.0,abstract doodle/hard to interpret,,,2.0,0.0,2,0.0,4.92085343424206,12.54375,0.291712267436076,1,28,0.139465264113826,0.331902861595154,0.363497100084846,0.640339441028091,0.277899911220785,0.05346067,0.31329256,0.11731334,1.82926829268293,6.70588235294118,1,1,0.25,0.5240448904037476,prompt1
0,AI,,R,False,Dalle26.png,../data/AI/prompt_1/stimuli_R/Dalle26.png,a drawing of a basketball hoop with a basketball on it,,"Abstract lines and geometric shapes, possibly representing a structure or object",,3,0.460182547569275,0.46,37.0,abstract doodle/hard to interpret,,,2.0,0.0,1,0.0,4.30804919484839,7.0275,0.675442405819129,2,27,0.112865322061458,0.258978411020134,0.320632298030393,0.572074596414622,0.260055197606108,0.06354971,0.3279506,0.20556338,1.82926829268293,3.45454545454545,1,1,0.125,0.46009127378463754,prompt1
0,AI,,R,False,Dalle27.png,../data/AI/prompt_1/stimuli_R/Dalle27.png,a drawing of a kite with a box on it,,Abstract geometric shapes including triangles and a rectangle,,4,0.477390348911285,0.52,52.0,abstract doodle/hard to interpret,,,2.0,0.0,1,0.0,5.10552583113059,9.901875,0.555027335393392,1,31,0.144493103027344,0.33455103635788,0.349008640587844,0.630385341197841,0.201414721622345,0.065697104,0.2965297,0.08052487,1.82926829268293,3.45454545454545,1,1,0.125,0.4986951744556425,prompt1
0,AI,,R,False,Dalle28.png,../data/AI/prompt_1/stimuli_R/Dalle28.png,a black and white drawing of a geometric design with lines,,Overlapping geometric shapes and lines forming an abstract pattern,,4,0.431007146835327,0.41,26.0,abstract doodle/hard to interpret,,,2.0,0.0,1,0.0,4.33159997087053,9.87375,0.465226040488357,1,42,0.141751459732563,0.315703749656677,0.384306811350989,0.581727373216644,0.228549438519554,0.05012588,0.23220308,0.09007764,1.82926829268293,6.70588235294118,1,1,0.125,0.4205035734176635,prompt1
0,AI,,R,False,Dalle29.png,../data/AI/prompt_1/stimuli_R/Dalle29.png,a drawing of a geometric design with a eye and a triangle,,Abstract geometric shapes and lines resembling an eye and arrows,,4,0.661968171596527,0.74,95.0,abstract doodle/hard to interpret,,,2.0,0.0,1,0.0,4.73745991340636,14.1675,0.4046061317295,8,38,0.10101150864294,0.272942998198956,0.291722889994638,0.544836237746516,0.242228635276817,0.081374444,0.32470244,0.08639882,1.82926829268293,3.45454545454545,1,1,0.125,0.7009840857982634,prompt1
0,AI,,R,False,Dalle30.png,../data/AI/prompt_1/stimuli_R/Dalle30.png,a black and white drawing of a plant with a triangle,,Abstract geometric shapes with leaf-like elements intersecting,,4,0.555493414402008,0.57,65.0,plant(s),,,1.0,1.0,2,0.5,4.49170271888791,11.16625,0.502982180101724,1,31,0.163672089576721,0.36676738759182,0.382763385772705,0.570402107389889,0.220026692421388,0.08058335,0.4407393,0.13624744,50.0,6.70588235294118,1,0,0.375,0.562746707201004,prompt1
0,AI,,R,False,Dalle31.png,../data/AI/prompt_1/stimuli_R/Dalle31.png,a drawing of a picture of a man in a suit and tie,,Abstract geometric shapes with a side profile of a face,,4,0.593214690685272,0.7,91.0,face(s),,,1.0,1.0,2,0.0,5.12075442605017,14.504375,0.458562522918959,2,32,0.168814400575823,0.397833228111267,0.382756278843432,0.61643374653945,0.255602822920399,0.08198461,0.2856577,0.11182455,21.4285714285714,3.6774193548387104,1,0,0.375,0.646607345342636,prompt1
0,AI,,R,False,Dalle32.png,../data/AI/prompt_1/stimuli_R/Dalle32.png,a drawing of a picture of a kite with a string attached to it,,Hard to interpret,,1,0.489181309938431,0.55,61.0,abstract doodle/hard to interpret,,,2.0,0.0,1,0.0,4.70213019527205,10.211875,0.332977303070761,1,29,0.244171008815108,0.486913069692643,0.625322546838748,0.605457444559542,0.186732301456393,0.0,0.24202915,0.08472917,1.82926829268293,3.08108108108108,1,1,0.125,0.5195906549692155,prompt1
0,AI,,R,False,Dalle33.png,../data/AI/prompt_1/stimuli_R/Dalle33.png,a close up of a drawing of a bird with a long tail,,Hard to interpret,,2,0.527937531471252,0.55,59.0,abstract doodle/hard to interpret,,,2.0,0.0,1,0.0,4.4801215691386,10.2775,0.771552836238989,1,41,0.244171008815108,0.486913069692643,0.625322546838748,0.674732611314632,0.228836788328914,0.0,0.32980877,0.13355777,1.82926829268293,3.08108108108108,1,1,0.125,0.538968765735626,prompt1
0,AI,,R,False,Dalle34.png,../data/AI/prompt_1/stimuli_R/Dalle34.png,a drawing of a person sitting on a chair with a hat on,,Hard to interpret,,2,0.518830835819244,0.63,80.0,abstract doodle/hard to interpret,,,2.0,0.0,1,0.0,4.74693393570869,8.6525,0.292921505324531,1,11,0.244171008815108,0.486913069692643,0.625322546838748,0.742449769465163,0.24509319681105,0.0,0.3480249,0.14838012,1.82926829268293,3.08108108108108,1,1,0.125,0.574415417909622,prompt1
0,AI,,R,False,Dalle35.png,../data/AI/prompt_1/stimuli_R/Dalle35.png,a drawing of a man ' s face with a square in the middle,,Profile of a face integrated with geometric shapes,,4,0.549460113048554,0.59,70.0,face(s),,,2.0,2.0,3,0.0,4.39173497165935,7.16625,0.375808936825886,1,17,0.205236720726684,0.421084642410278,0.450937953647252,0.72363660949579,0.280642238092119,0.12236071,0.4750692,0.18784069,21.4285714285714,3.6774193548387104,0,0,0.625,0.569730056524277,prompt1
0,AI,,R,False,Dalle36.png,../data/AI/prompt_1/stimuli_R/Dalle36.png,a black and white drawing of a square with a line in the middle,,Abstract overlapping lines and shapes intersecting vertically and diagonally,,5,0.472679257392883,0.5,48.0,abstract doodle/hard to interpret,,,2.0,0.0,0,0.0,4.24447132765866,6.435625,0.306279133534412,3,10,0.150509884923106,0.313208758831024,0.351910552496346,0.524787448147974,0.224133962654102,0.072722696,0.37041038,0.15854636,1.82926829268293,6.70588235294118,1,1,0.0,0.48633962869644154,prompt1
0,AI,,R,False,Dalle37.png,../data/AI/prompt_1/stimuli_R/Dalle37.png,a black and white drawing of a diamond with a line drawing of a diamond,,Geometric outline of a diamond shape composed of triangles,,5,0.320148080587387,0.43,29.0,abstract doodle/hard to interpret,,,2.0,0.0,2,1.0,4.26393387710938,7.335,0.573455529177939,1,25,0.142559937086108,0.278788387775421,0.325683254850388,0.421286136738369,0.375394285213238,0.10999353,0.30244893,0.20918079,1.82926829268293,3.45454545454545,0,1,0.25,0.3750740402936935,prompt1
0,AI,,R,False,Dalle38.png,../data/AI/prompt_1/stimuli_R/Dalle38.png,a drawing of a picture of a broken window with broken glass,,Hard to interpret,,4,0.529807150363922,0.53,54.0,abstract doodle/hard to interpret,,,2.0,0.0,1,0.0,4.34611544166575,10.685,0.58427523650923,2,36,0.244171008815108,0.486913069692643,0.625322546838748,0.638862963797683,0.209667166851331,0.0,0.25226715,0.07679432,1.82926829268293,3.08108108108108,1,1,0.125,0.529903575181961,prompt1
0,AI,,R,False,Dalle39.png,../data/AI/prompt_1/stimuli_R/Dalle39.png,a drawing of a rain drop with a line drawing of a square,,"Abstract design with rain, geometric lines, and plant elements",,3,0.69101482629776,0.73,94.0,raindrops,plant(s),,2.0,2.0,2,0.5,4.9933449948405695,22.028125,0.46588554421128,12,76,0.153984239459976,0.411074066822174,0.419243574142456,0.755038600245768,0.29372101078232,0.114926934,0.42806822,0.15518317,150.0,3.45454545454545,1,0,0.5,0.71050741314888,prompt1
0,AI,,R,False,Dalle40.png,../data/AI/prompt_1/stimuli_R/Dalle40.png,a close up of a kite with a triangle on it,,Abstract geometric shape resembling a kite with lines and triangles,,4,0.425109803676605,0.39,21.0,house,,,1.0,1.0,1,0.0,4.34159229205936,4.929375,0.48115411967896,1,21,0.0960599126780069,0.236276745796204,0.262522534282357,0.588041419778679,0.18016848759686,0.08509246,0.27779865,0.124458626,150.0,3.45454545454545,1,0,0.25,0.4075549018383025,prompt1
0,AI,,R,False,Dalle41.png,../data/AI/prompt_1/stimuli_R/Dalle41.png,a drawing of a geometric object with a triangular shape,,Hard to interpret,,2,0.376871824264526,0.5,47.0,abstract doodle/hard to interpret,,,2.0,0.0,1,0.0,4.71031455690255,7.593125,0.319338422391858,13,24,0.244171008815108,0.486913069692643,0.625322546838748,0.72411068364217,0.193149861189061,0.0,0.3384705,0.120401725,1.82926829268293,3.08108108108108,1,1,0.125,0.43843591213226296,prompt1
0,AI,,R,False,Dalle42.png,../data/AI/prompt_1/stimuli_R/Dalle42.png,there is a drawing of a broken umbrella hanging from a pole,,Hard to interpret,,3,0.413492143154144,0.42,28.0,abstract doodle/hard to interpret,,,2.0,0.0,0,0.0,4.61069123866534,6.265625,0.572622312942527,2,25,0.244171008815108,0.486913069692643,0.625322546838748,0.683184199090238,0.258603317005864,0.0,0.3642213,0.14726862,1.82926829268293,3.08108108108108,1,1,0.0,0.416746071577072,prompt1
0,AI,,R,False,Dalle43.png,../data/AI/prompt_1/stimuli_R/Dalle43.png,a drawing of a geometric structure with a star of david,,"Overlapping geometric shapes, including triangles and rectangles, in a complex arrangement",,5,0.544312179088593,0.47,38.0,abstract doodle/hard to interpret,,,2.0,0.0,0,0.0,4.56621590047813,13.088125,0.264251089988355,1,52,0.17257974474671,0.300097107887268,0.410459567363206,0.756431413816022,0.227861270909972,0.061710794,0.30299965,0.10467758,1.82926829268293,6.70588235294118,0,1,0.0,0.5071560895442965,prompt1
0,AI,,R,False,Dalle44.png,../data/AI/prompt_1/stimuli_R/Dalle44.png,a drawing of a geometric face with a pointed head,,Abstract geometric face within layered framework and angles,,4,0.527393817901611,0.57,65.0,face(s),,,1.0,1.0,2,0.0,4.97727001110397,11.388125,0.616817777777778,1,31,0.173044422501985,0.418190921437198,0.427072133247382,0.701194057618726,0.33456066443927,0.09673661,0.32393402,0.17991263,21.4285714285714,3.6774193548387104,1,0,0.375,0.5486969089508055,prompt1
0,AI,,R,False,Dalle45.png,../data/AI/prompt_1/stimuli_R/Dalle45.png,a black and white drawing of a star of david,,Interlocking triangles and rectangles forming a symmetrical pattern,,5,0.509905278682709,0.67,87.0,abstract doodle/hard to interpret,,,2.0,0.0,1,1.0,5.14772580777551,18.004375,0.552392935143861,1,52,0.172105589854045,0.322848260402679,0.379351735115051,0.717694180069159,0.261330115542699,0.103343174,0.27329105,0.10114721,1.82926829268293,6.70588235294118,0,1,0.125,0.5899526393413546,prompt1
0,AI,,R,False,Dalle46.png,../data/AI/prompt_1/stimuli_R/Dalle46.png,a black and white photo of a decorative window with a flower,,Intricate geometric pattern with a central symmetrical floral motif,,5,0.750007271766663,0.79,97.0,abstract doodle/hard to interpret,pattern,,2.0,1.0,2,1.0,5.97351051742337,30.335625,0.324940850854873,3,60,0.1636602184975,0.414953266683025,0.478698134422302,0.695829022212103,0.294918913511287,0.11147326,0.51631296,0.17746668,1.82926829268293,3.45454545454545,0,1,0.375,0.7700036358833315,prompt1
0,AI,,R,False,Dalle47.png,../data/AI/prompt_1/stimuli_R/Dalle47.png,a drawing of a basket with a heart on it,,Heart shape above a diamond-patterned umbrella,,4,0.447185039520264,0.47,39.0,abstract doodle/hard to interpret,,,2.0,0.0,1,1.0,4.71262634569146,5.0175,0.855647208121827,3,10,0.181314446769417,0.370239593372368,0.399428927864367,0.611377514767839,0.271501787723104,0.14975746,0.36468974,0.16490647,1.82926829268293,3.45454545454545,0,1,0.125,0.458592519760132,prompt1
0,AI,,R,False,Dalle48.png,../data/AI/prompt_1/stimuli_R/Dalle48.png,a black and white drawing of a geometric design,,Abstract arrangement of overlapping triangles and geometric shapes,,4,0.692060589790344,0.68,89.0,abstract doodle/hard to interpret,pattern,,2.0,1.0,1,0.0,5.56208293402254,24.505,0.342838112725243,5,54,0.168017720223001,0.383718013763428,0.393518315973077,0.657101714212443,0.22088300914067,0.06990863,0.30188712,0.08143632,1.82926829268293,6.70588235294118,1,1,0.25,0.686030294895172,prompt1
0,AI,,R,False,Dalle49.png,../data/AI/prompt_1/stimuli_R/Dalle49.png,a drawing of a glass box with a ladder inside,,"A simple, rectangular object with a grid pattern at the base",,4,0.486255764961243,0.6,72.0,abstract doodle/hard to interpret,,,2.0,0.0,0,0.5,4.73092255786943,10.929375,0.436154013487057,1,57,0.14643852157133,0.333959082781049,0.357834281727754,0.809845573864369,0.266954254998545,0.13242911,0.4276774,0.16244204,1.82926829268293,3.45454545454545,0,1,0.0,0.5431278824806215,prompt1
0,AI,,R,False,Dalle50.png,../data/AI/prompt_1/stimuli_R/Dalle50.png,a drawing of a picture of a geometric design with a square and a rectangle,,Geometric shapes overlapping and intersecting in an abstract composition,,4,0.48871123790741,0.51,49.0,abstract doodle/hard to interpret,,,2.0,0.0,1,0.0,4.77436417311014,11.086875,0.309639353419684,3,34,0.169217348098755,0.450226637707552,0.41542143363548,0.530141837065582,0.193528517568659,0.06944071,0.24098997,0.08453469,1.82926829268293,6.70588235294118,1,1,0.125,0.499355618953705,prompt1
0,AI,,G,False,Dalle01.png,../data/AI/prompt_2/stimuli_G/Dalle01.png,a drawing of a bottle of liquid sitting on a shelf,,A bottle displayed under a glass dome on a square base,,4,0.599462747573853,0.77,97.0,container,,,2.0,2.0,2,1.0,4.97778770401549,12.54875,0.523892538056844,2,39,0.218969153227259,0.396982491016388,0.537349343299866,0.804141523631014,0.305327691074375,0.16011962,0.4393906,0.17421119,150.0,6.38888888888889,0,0,0.5,0.6847313737869265,prompt2
0,AI,,G,False,Dalle02.png,../data/AI/prompt_2/stimuli_G/Dalle02.png,there is a drawing of a drink with a straw in it,,A can and straws with abstract elements inside,,3,0.608328461647034,0.65,83.0,can,straw,,2.0,2.0,3,1.0,4.70033984029154,7.205625,0.465748123989442,285,21,0.152214825153351,0.30248914070395,0.417119229860259,0.815934507907902,0.346619587082157,0.16043188,0.59015286,0.24239612,150.0,6.38888888888889,1,0,0.625,0.629164230823517,prompt2
0,AI,,G,False,Dalle03.png,../data/AI/prompt_2/stimuli_G/Dalle03.png,drawing of a door and a road with a mountain in the background,,A door in a tunnel with mountains in the background,,4,0.573911368846893,0.65,83.0,door,path,,2.0,2.0,3,1.0,4.85063387754995,8.38125,0.620440309506264,1,24,0.225328862667084,0.444962067751946,0.531620562076569,0.709300402323916,0.31990143993264,0.16282041,0.38837892,0.16804032,12.5,6.05263157894737,0,0,0.625,0.6119556844234465,prompt2
0,AI,,G,False,Dalle04.png,../data/AI/prompt_2/stimuli_G/Dalle04.png,a black and white drawing of a house with a cactus plant,,"Dome-shaped structure with door, surrounded by plants and trees",,5,0.719839215278626,0.76,96.0,door,house,plant(s),2.0,3.0,2,0.5,4.56203489224844,13.06375,0.40290151697568,4,35,0.187620759010315,0.475882351398468,0.482287049293518,0.701825586559309,0.346990003836841,0.10557987,0.36074743,0.17989989,12.5,6.05263157894737,0,0,0.625,0.7399196076393131,prompt2
0,AI,,G,False,Dalle05.png,../data/AI/prompt_2/stimuli_G/Dalle05.png,a drawing of a shelf with books and a computer on it,,Books and objects neatly arranged on a circular shelf,,5,0.645102143287659,0.79,97.0,bookshelf,books,,2.0,3.0,2,0.5,4.28967004560093,14.426875,0.611897869232976,2,56,0.217870354652405,0.452043040157647,0.52237771518164,0.787314174634631,0.310818729122893,0.15265155,0.494821,0.13648151,150.0,6.38888888888889,0,0,0.625,0.7175510716438296,prompt2
0,AI,,G,False,Dalle06.png,../data/AI/prompt_2/stimuli_G/Dalle06.png,drawing of a building with a clock and a man on a slide,,A house inside a glass dome with people outside it,,4,0.598374605178833,0.67,87.0,house,,,2.0,2.0,2,0.5,4.5156791123748,10.013125,0.853128839218484,2,30,0.220008240937694,0.499450385570526,0.545082181692123,0.730082494120808,0.344976642497529,0.14070016,0.32357597,0.1718419,50.0,6.05263157894737,0,0,0.5,0.6341873025894165,prompt2
0,AI,,G,False,Dalle07.png,../data/AI/prompt_2/stimuli_G/Dalle07.png,a drawing of a room with a window and a lamp,,Open arched window with two hanging lamps on either side,,5,0.498275935649872,0.55,59.0,doors,lamps,,1.0,1.0,2,0.5,4.174279225016,9.428125,0.52597060847739,3,37,0.230547904968262,0.480653970280525,0.557843744754791,0.669913970147092,0.279493181023947,0.14688317,0.42428643,0.1462898,150.0,6.05263157894737,0,0,0.375,0.524137967824936,prompt2
0,AI,,G,False,Dalle08.png,../data/AI/prompt_2/stimuli_G/Dalle08.png,a coloring page of a globe with a bunch of items,,"Objects in front of a globe, including food and electronics",,4,0.702742397785187,0.82,98.0,globe,food,,2.0,2.0,3,1.0,4.20154796123181,13.4325,0.514345041382739,1,41,0.184894062889324,0.355780086265806,0.512981593608856,0.720391390229609,0.362039839687819,0.16152856,0.4405118,0.18809924,150.0,6.38888888888889,0,0,0.625,0.7613711988925935,prompt2
0,AI,,G,False,Dalle09.png,../data/AI/prompt_2/stimuli_G/Dalle09.png,a black and white illustration of a garbage can with a trash can in the background,,"Trash bin with lid and bag beside, lines suggesting motion",,5,0.669320285320282,0.78,97.0,trash container,trashbag,,2.0,2.0,2,0.5,4.22495344739557,11.9,0.635425462050849,8,37,0.170233477936178,0.400735020637512,0.452032668949147,0.748771372696669,0.377100988693229,0.17458293,0.5618401,0.26671728,150.0,6.38888888888889,0,0,0.5,0.724660142660141,prompt2
0,AI,,G,False,Dalle10.png,../data/AI/prompt_2/stimuli_G/Dalle10.png,a drawing of a pineapple with a basket of fruit on it,,Abstract shape resembling a pineapple with curved lines above it,,3,0.502010226249695,0.72,93.0,pineapple,,,2.0,2.0,2,0.5,4.5530051832662,7.14625,0.822925843395347,1,16,0.115855329283753,0.300681036670145,0.370726346969605,0.577798572238666,0.318874696608458,0.11614393,0.36193323,0.20310548,150.0,4.10714285714286,1,0,0.5,0.6110051131248475,prompt2
0,AI,,G,False,Dalle11.png,../data/AI/prompt_2/stimuli_G/Dalle11.png,a drawing of a cat sitting in a mirror with a cat on a bike,,A simple cat drawing inside a circular frame with plants and bottles,,4,0.674120664596558,0.9,99.0,cat(s),plant(s),,2.0,2.0,3,1.0,5.74264312181577,16.795,0.222644936429238,3,37,0.148491433352741,0.277862603473297,0.353308618068695,0.678977110633122,0.314613414685349,0.1496608,0.37652522,0.21057072,75.0,6.38888888888889,0,0,0.625,0.787060332298279,prompt2
0,AI,,G,False,Dalle12.png,../data/AI/prompt_2/stimuli_G/Dalle12.png,a drawing of a small arch with a door and a window,,A dome-shaped structure with a moon and an arched window,,4,0.447772443294525,0.51,49.0,door,moon,,1.0,1.0,2,1.0,4.58510881228515,5.32125,0.753573907009022,1,12,0.195829606553357,0.442759070231969,0.488261044025421,0.559970216468877,0.33134768380676,0.13034785,0.3654495,0.20441313,12.5,6.05263157894737,0,0,0.375,0.47888622164726247,prompt2
0,AI,,G,False,Dalle13.png,../data/AI/prompt_2/stimuli_G/Dalle13.png,a drawing of a sandwich with a knife and fork on a plate,,Bread and knife on a plate,,5,0.497182428836823,0.62,78.0,toast,knife,plate,2.0,3.0,2,0.5,4.31145467832351,7.731875,0.697131226981973,3,24,0.258489489555359,0.42616353708993,0.556864380836487,0.704892631539539,0.285789798580566,0.20176327,0.5338814,0.19129919,150.0,6.38888888888889,0,0,0.625,0.5585912144184115,prompt2
0,AI,,G,False,Dalle14.png,../data/AI/prompt_2/stimuli_G/Dalle14.png,a drawing of a small house with a door and a window,,"A domed structure with plants around it, featuring double doors",,5,0.666463792324066,0.73,94.0,door,building,flowers,2.0,3.0,3,1.0,7.29837190904657,25.373125,0.430659051763213,1,78,0.201953148609019,0.474773824214935,0.510284751040651,0.872143986436652,0.344644754993885,0.111982964,0.4894151,0.16662598,12.5,6.05263157894737,0,0,0.75,0.6982318961620331,prompt2
0,AI,,G,False,Dalle15.png,../data/AI/prompt_2/stimuli_G/Dalle15.png,cartoon drawing of a man sleeping in a hamster wheel,,A person with a smiling face resting on a striped circular object,,3,0.500561237335205,0.6,73.0,face(s),abstract doodle/hard to interpret,,1.0,1.0,2,0.0,3.3827848610956,9.058125,0.822140353570241,4,69,0.191296219825745,0.406847459281905,0.538084433617724,0.692740261566742,0.270158435822652,0.14789024,0.38215232,0.19311069,75.0,6.38888888888889,0,0,0.375,0.5502806186676025,prompt2
0,AI,,G,False,Dalle16.png,../data/AI/prompt_2/stimuli_G/Dalle16.png,a drawing of a table with a vase and a chair,,Simple drawing of fruits on a table with a circular background,,4,0.570089817047119,0.71,92.0,fruit,table,,2.0,2.0,2,0.0,4.39510105332391,6.683125,0.729514100504183,1,17,0.137067198753357,0.291178086137118,0.347659409046173,0.55677623346688,0.343569629022364,0.14419284,0.31576994,0.16518258,150.0,6.38888888888889,0,0,0.5,0.6400449085235596,prompt2
0,AI,,G,False,Dalle17.png,../data/AI/prompt_2/stimuli_G/Dalle17.png,a black and white drawing of a house with a cactus plant,,A house facade with a tall flower and cactus in pots,,4,0.643608272075653,0.74,95.0,door,plant(s),window,2.0,3.0,2,1.0,5.02340199853189,13.620625,0.55012853470437,3,54,0.199321031570435,0.454214795059406,0.537002742290497,0.770807305411822,0.328031125718321,0.14585553,0.4235878,0.15229315,12.5,6.38888888888889,0,0,0.625,0.6918041360378264,prompt2
0,AI,,G,False,Dalle18.png,../data/AI/prompt_2/stimuli_G/Dalle18.png,a drawing of a fish in a bowl with a plant in it,,"Plant on ornate table with dish, encircled by lines",,4,0.708796739578247,0.89,99.0,plant(s),,,1.0,1.0,1,0.5,5.81455697189868,17.73375,0.421925484652666,2,17,0.176786541938782,0.384476845068647,0.463636040687561,0.633463030571352,0.319093443536477,0.15862107,0.32258567,0.14140335,50.0,6.38888888888889,0,0,0.25,0.7993983697891235,prompt2
0,AI,,G,False,Dalle19.png,../data/AI/prompt_2/stimuli_G/Dalle19.png,a cartoon train with a bunch of items on the tracks,,Food items and a bottle in front of a large plate,,4,0.719866991043091,0.86,99.0,trash,,,1.0,1.0,2,0.5,4.9068021042686,19.2625,0.39440272187876,4,70,0.223005937158706,0.443336606025696,0.548108845949173,0.836165351965901,0.312983638498783,0.16708538,0.5351036,0.19825083,150.0,6.38888888888889,0,0,0.375,0.7899334955215456,prompt2
0,AI,,G,False,Dalle20.png,../data/AI/prompt_2/stimuli_G/Dalle20.png,a drawing of a window with a lamp and a plant in a pot,,A faucet and potted plant under an arched window,,4,0.551821053028107,0.62,78.0,plant(s),abstract doodle/hard to interpret,,1.0,1.0,3,1.0,4.30542339410431,8.318125,0.848043676069154,2,21,0.215799736034884,0.419333644449736,0.515702873468399,0.68867531351351,0.335671928673999,0.13510934,0.38524514,0.15775344,50.0,6.05263157894737,0,0,0.5,0.5859105265140535,prompt2
0,AI,,G,False,Dalle21.png,../data/AI/prompt_2/stimuli_G/Dalle21.png,"a drawing of a kitchen with a refrigerator, coffee cup, and other items",,"Coffee shop items inside a circle: cup, pastry, machine, plants, drinks",,4,0.682743787765503,0.77,96.0,cup(s),digital device,,2.0,2.0,2,0.5,5.04209008267672,11.895,0.720372509890418,5,20,0.191751718521118,0.335211793637627,0.453431010246277,0.712703134795185,0.343864073396219,0.149923,0.39180586,0.18455566,75.0,6.38888888888889,0,0,0.5,0.7263718938827515,prompt2
0,AI,,G,False,Dalle22.png,../data/AI/prompt_2/stimuli_G/Dalle22.png,a drawing of a house with a magnifying glass over it,,"House inside a circle with trees, clock, and cup",,4,0.757488250732422,0.99,100.0,house,trees,cup,2.0,3.0,3,0.5,4.36049507450396,18.768125,0.443501808872998,3,74,0.18497633934021,0.419053860222146,0.435765266418457,0.693680958081714,0.317959264142139,0.1360774,0.32931185,0.1814156,50.0,6.38888888888889,0,0,0.75,0.873744125366211,prompt2
0,AI,,G,False,Dalle23.png,../data/AI/prompt_2/stimuli_G/Dalle23.png,a drawing of a door with a bamboo plant in the corner,,"Circular structure with door and small window, plant growing outside",,4,0.577421426773071,0.74,94.0,door,abstract doodle/hard to interpret,,1.0,1.0,1,0.5,4.28268644147807,12.2775,0.668082239925024,1,36,0.199647068977356,0.436636788744831,0.466249092407497,0.632075322887201,0.382426634267642,0.118135214,0.3792069,0.25055385,12.5,6.05263157894737,0,0,0.25,0.6587107133865355,prompt2
0,AI,,G,False,Dalle24.png,../data/AI/prompt_2/stimuli_G/Dalle24.png,a drawing of two beds with a table and chairs in the middle,,"Two beds, sun symbol, surrounding plants and objects",,4,0.632914662361145,0.89,99.0,bed(s),sun,,2.0,2.0,2,0.5,4.38422818479769,11.901875,0.822836775610222,2,39,0.181313704330545,0.366240959353475,0.465591609477997,0.665034579813233,0.367512195350498,0.15691948,0.33070868,0.19272944,150.0,6.38888888888889,0,0,0.5,0.7614573311805726,prompt2
0,AI,,G,False,Dalle25.png,../data/AI/prompt_2/stimuli_G/Dalle25.png,a drawing of a bird cage with a bird inside of it,,Two differently shaped bottles inside a circle with abstract lines,,4,0.545076251029968,0.73,94.0,vase(s),,,1.0,1.0,2,0.5,4.34076676094055,8.518125,0.566428101349128,1,28,0.150879919528961,0.340855996038198,0.409479838892216,0.768761899557933,0.381786516648931,0.11047463,0.45456567,0.1748552,150.0,6.38888888888889,1,0,0.375,0.637538125514984,prompt2
0,AI,,G,False,Dalle26.png,../data/AI/prompt_2/stimuli_G/Dalle26.png,a drawing of a building with a door and windows,,A simple house with a large door and two windows,,5,0.538331151008606,0.53,54.0,door,house,windows,2.0,2.0,3,1.0,4.19453049133952,8.10125,0.357522123893805,1,39,0.218801187348294,0.413329966067964,0.483311801154124,0.639695090955621,0.279224911934738,0.14282513,0.43440118,0.16928312,12.5,6.05263157894737,0,0,0.625,0.534165575504303,prompt2
0,AI,,G,False,Dalle27.png,../data/AI/prompt_2/stimuli_G/Dalle27.png,a drawing of a tent with a window and a door,,Abstract shapes form a geometric structure with a square and curved lines,,3,0.545108497142792,0.59,72.0,abstract doodle/hard to interpret,mountain,,1.0,1.0,1,1.0,4.77698744553382,7.166875,0.794203825049278,2,24,0.154151439666748,0.394725322723389,0.41199793887126,0.546478964896994,0.297229309908903,0.08691196,0.3191095,0.16466668,2.38095238095238,4.10714285714286,1,1,0.25,0.567554248571396,prompt2
0,AI,,G,False,Dalle28.png,../data/AI/prompt_2/stimuli_G/Dalle28.png,a drawing of a tent with a bed and a chair,,A small dome-shaped structure with a door and steps,,5,0.635795474052429,0.79,97.0,door,building,,2.0,2.0,2,1.0,4.37353372948618,12.673125,0.527769110764431,3,39,0.201925563697482,0.442332489560022,0.521714448928833,0.799070425180836,0.325064465170974,0.11725191,0.43988284,0.1874689,12.5,6.05263157894737,0,0,0.5,0.7128977370262145,prompt2
0,AI,,G,False,Dalle29.png,../data/AI/prompt_2/stimuli_G/Dalle29.png,a drawing of a small house with a cross on the front,,"A hut with a door, windows, and two potted plants",,5,0.651044964790344,0.74,95.0,door,building,plant(s),2.0,2.0,2,1.0,4.40537626444782,17.099375,0.375782038345106,15,47,0.209947037103947,0.42619913816452,0.483949184417725,0.722931927480616,0.366174211385486,0.12361224,0.34938833,0.21931335,12.5,6.05263157894737,0,0,0.5,0.695522482395172,prompt2
0,AI,,G,False,Dalle30.png,../data/AI/prompt_2/stimuli_G/Dalle30.png,a drawing of a bed with a rail and a pillow,,Bed with semicircle frame extending above the mattress,,4,0.471272945404053,0.59,71.0,abstract doodle/hard to interpret,,,2.0,0.0,3,0.5,4.16409353382597,6.554375,0.640183542998556,1,19,0.235924065113068,0.464400887489319,0.555486977100372,0.775698880980881,0.369347521130025,0.18899325,0.5924128,0.22279803,2.38095238095238,6.38888888888889,0,1,0.375,0.5306364727020265,prompt2
0,AI,,G,False,Dalle31.png,../data/AI/prompt_2/stimuli_G/Dalle31.png,there is a drawing of a coffee cup with a cactus in it,,A cactus in a mug on a table under an arch,,4,0.63580846786499,0.71,92.0,cup(s),table,,1.0,1.0,2,0.5,4.19154362820707,12.928125,0.473401541394774,2,47,0.203518736152723,0.386300009080768,0.462263707844765,0.80708640485676,0.274724336567652,0.16261083,0.4975686,0.1620907,75.0,6.38888888888889,0,0,0.375,0.672904233932495,prompt2
0,AI,,G,False,Dalle32.png,../data/AI/prompt_2/stimuli_G/Dalle32.png,a drawing of a bird in a cage with a door open,,Hard to interpret,,2,0.670740067958832,0.83,98.0,abstract doodle/hard to interpret,arch,,1.0,1.0,3,0.5,4.42477944729426,17.61625,0.451536643026005,3,64,0.248445093631744,0.458286789553569,0.628205258494772,0.790469446186186,0.331282487753803,0.0,0.43951058,0.19512029,2.38095238095238,3.19444444444444,1,1,0.5,0.7503700339794159,prompt2
0,AI,,G,False,Dalle33.png,../data/AI/prompt_2/stimuli_G/Dalle33.png,a drawing of a window with a bird flying over it,,"Abstract drawing with arch, windows, plants, and butterflies",,4,0.585039615631104,0.65,83.0,painting(s),arch,,1.0,1.0,2,0.0,4.22681894995857,10.66375,0.526873895415324,3,30,0.132635525903967,0.337190926419875,0.350826959336607,0.623769916547224,0.307698311262238,0.117504634,0.41071668,0.15219402,150.0,4.10714285714286,1,0,0.375,0.6175198078155519,prompt2
0,AI,,G,False,Dalle34.png,../data/AI/prompt_2/stimuli_G/Dalle34.png,a black and white drawing of a bus on a road,,A bus with clouds in the background,,5,0.693459331989288,0.72,93.0,bus,clouds,,2.0,3.0,4,1.0,4.63001920436535,19.579375,0.464093119798132,4,58,0.216927803067201,0.450267282144264,0.487243815876359,0.856217667901964,0.346384950638295,0.20052806,0.66988504,0.19175431,150.0,6.05263157894737,0,0,0.875,0.706729665994644,prompt2
0,AI,,G,False,Dalle35.png,../data/AI/prompt_2/stimuli_G/Dalle35.png,"a drawing of a kitchen with a sink, refrigerator and a trash can",,Hard to interpret,,2,0.507610559463501,0.69,90.0,abstract doodle/hard to interpret,,,2.0,0.0,2,0.5,4.28864517960733,6.709375,0.79462285287528,4,19,0.248445093631744,0.458286789553569,0.628205258494772,0.656481594931395,0.253691240726634,0.0,0.34056917,0.16895612,2.38095238095238,3.19444444444444,1,1,0.25,0.5988052797317505,prompt2
0,AI,,G,False,Dalle36.png,../data/AI/prompt_2/stimuli_G/Dalle36.png,coloring pages of a toaster with a slice of cheese in it,,Toaster with a circular background and slices of bread inside,,5,0.68173623085022,0.88,99.0,car,arch,,1.0,1.0,2,0.5,4.68886963885901,12.915625,0.551130610867364,4,48,0.206001222133636,0.356469373597782,0.501614183187485,0.754912638089265,0.414158550519092,0.16233614,0.529432,0.30683023,150.0,6.38888888888889,0,0,0.375,0.78086811542511,prompt2
0,AI,,G,False,Dalle37.png,../data/AI/prompt_2/stimuli_G/Dalle37.png,a drawing of a clock with a toothbrush and a toothbrush in it,,Various tools and objects arranged inside a circular shape,,3,0.504757404327393,0.7,91.0,tooth brush,,,1.0,1.0,2,0.5,4.29744273207419,7.79875,0.892538379150303,2,22,0.173329451879322,0.436969501881882,0.473971708833328,0.480706170844864,0.248258741882552,0.12511991,0.3887393,0.14615718,150.0,6.38888888888889,0,0,0.375,0.6023787021636965,prompt2
0,AI,,G,False,Dalle38.png,../data/AI/prompt_2/stimuli_G/Dalle38.png,"a drawing of a shelf with a book, a vase, and a picture",,"Shelf with books, bottles, and framed picture hanging underneath",,4,0.619408965110779,0.86,99.0,shelf,frame,,1.0,1.0,2,0.5,4.62002640665228,9.96875,0.885482380359224,1,30,0.232317447662354,0.453955336032967,0.540807962417603,0.586133628848501,0.331476996043339,0.16993153,0.31291083,0.16284995,150.0,6.38888888888889,0,0,0.375,0.7397044825553896,prompt2
0,AI,,G,False,Dalle39.png,../data/AI/prompt_2/stimuli_G/Dalle39.png,a drawing of a bed with a window and a door,,"Abstract illustration featuring circular and rectangular shapes, potentially a vehicle",,3,0.452116906642914,0.59,71.0,abstract doodle/hard to interpret,,,2.0,0.0,1,0.0,4.24044987081679,8.165,0.801190651183302,2,31,0.130889348334707,0.351456861241366,0.374667406082153,0.59648392997333,0.252876245857852,0.10843551,0.38967127,0.14057085,2.38095238095238,3.70967741935484,1,1,0.125,0.521058453321457,prompt2
0,AI,,G,False,Dalle40.png,../data/AI/prompt_2/stimuli_G/Dalle40.png,a black and white drawing of a circular object with a square in the middle,,Abstract shapes with overlapping circles and lines around a central rectangle,,4,0.617777585983276,0.58,68.0,abstract doodle/hard to interpret,,,2.0,0.0,1,0.0,4.50927015031973,16.363125,0.480513447432763,3,42,0.133081547434236,0.345740458115365,0.386421900582966,0.56796374810349,0.264847868627136,0.07212159,0.37700236,0.15198204,2.38095238095238,4.10714285714286,1,1,0.125,0.598888792991638,prompt2
0,AI,,G,False,Dalle41.png,../data/AI/prompt_2/stimuli_G/Dalle41.png,a drawing of a clock with a box and a cup of coffee,,Hard to interpret,,2,0.681833982467651,0.8,98.0,present,abstract doodle/hard to interpret,,1.0,1.0,2,0.5,4.6233179988895,16.114375,0.643915182874245,1,46,0.248445093631744,0.458286789553569,0.628205258494772,0.681353065904986,0.324846506057979,0.0,0.37268907,0.16622573,150.0,3.19444444444444,1,0,0.375,0.7409169912338256,prompt2
0,AI,,G,False,Dalle42.png,../data/AI/prompt_2/stimuli_G/Dalle42.png,drawing of a wine glass and a wine glass on a stand,,Overlapping outline of two wine glasses and an abstract shape,,4,0.540721654891968,0.7,91.0,wine glasses,,,1.0,1.0,2,0.5,5.78205794431106,10.52125,0.607351292853554,1,27,0.161145567893982,0.338395814251775,0.426842893769912,0.750549883529152,0.303390647460384,0.12818372,0.425677,0.15569468,150.0,6.38888888888889,1,0,0.375,0.620360827445984,prompt2
0,AI,,G,False,Dalle43.png,../data/AI/prompt_2/stimuli_G/Dalle43.png,a drawing of a bird in a cage with a piece of paper hanging from it,,A butterfly hanging upside down inside a birdcage,,5,0.563052833080292,0.72,93.0,abstract doodle/hard to interpret,,,2.0,0.0,1,0.0,4.23712683356547,12.628125,0.564787388925147,10,52,0.208788073324801,0.403276246883757,0.533352998891293,0.785315967675541,0.347204486944154,0.16048858,0.44968528,0.20424108,2.38095238095238,6.38888888888889,0,1,0.125,0.641526416540146,prompt2
0,AI,,G,False,Dalle44.png,../data/AI/prompt_2/stimuli_G/Dalle44.png,a drawing of a tent with a window and a door,,A dome-shaped tent with a window and decorative hanging,,5,0.483481556177139,0.5,48.0,door,,,1.0,1.0,2,1.0,4.29958530782385,8.2025,0.787877442273535,1,31,0.171050047011674,0.39140540880609,0.466269715615204,0.804991538846288,0.368866915840985,0.124899626,0.52333176,0.21026585,12.5,6.05263157894737,0,0,0.375,0.49174077808856953,prompt2
0,AI,,G,False,Dalle45.png,../data/AI/prompt_2/stimuli_G/Dalle45.png,a drawing of a handbag with a flower on a table,,Hard to interpret,,2,0.55114096403122,0.7,91.0,bag,flowers,,1.0,1.0,1,0.5,4.7141523497897,8.934375,0.671719477673272,2,13,0.248445093631744,0.458286789553569,0.628205258494772,0.460394893353515,0.301843375131425,0.0,0.29721242,0.15881282,150.0,3.19444444444444,1,0,0.25,0.62557048201561,prompt2
0,AI,,G,False,Dalle46.png,../data/AI/prompt_2/stimuli_G/Dalle46.png,a drawing of a baseball helmet with a bat and glove,,Abstract outline resembling a person with a life preserver,,2,0.523947954177856,0.68,88.0,abstract doodle/hard to interpret,,,2.0,0.0,1,0.5,4.14192272730153,8.45625,0.696267584164453,1,24,0.15480375289917,0.363158445452405,0.406216126865629,0.720067655555909,0.306043895560337,0.13811654,0.4825434,0.21155098,2.38095238095238,6.38888888888889,1,1,0.125,0.6019739770889281,prompt2
0,AI,,G,False,Dalle47.png,../data/AI/prompt_2/stimuli_G/Dalle47.png,drawing of a person holding a pair of scissors in front of a mirror,,Hard to interpret,,1,0.509926557540894,0.65,83.0,abstract doodle/hard to interpret,,,2.0,0.0,2,0.5,4.48336617378465,7.783125,0.663172265834512,2,18,0.248445093631744,0.458286789553569,0.628205258494772,0.472589298220855,0.306682679653189,0.0,0.39175493,0.19468102,2.38095238095238,3.19444444444444,1,1,0.25,0.579963278770447,prompt2
0,AI,,G,False,Dalle48.png,../data/AI/prompt_2/stimuli_G/Dalle48.png,a drawing of a bus with a clock on the front of it,,Abstract drawing of a building encircled by lines and shapes,,4,0.667395889759064,0.79,98.0,building,,,1.0,1.0,1,0.0,4.2201090325184,17.176875,0.52380295928683,2,76,0.123580627227983,0.360387365829568,0.326682011682866,0.713985235000236,0.284752508468206,0.09485529,0.42799273,0.1540992,150.0,4.10714285714286,1,0,0.25,0.7286979448795321,prompt2
0,AI,,G,False,Dalle49.png,../data/AI/prompt_2/stimuli_G/Dalle49.png,drawing of a baby crib with a crib and a crib in the background,,Hard to interpret,,3,0.514052152633667,0.72,93.0,abstract doodle/hard to interpret,,,2.0,0.0,1,0.0,4.31659506871324,10.45875,0.716045803739672,5,40,0.248445093631744,0.458286789553569,0.628205258494772,0.750160532338804,0.297269421038904,0.0,0.5089389,0.18772084,2.38095238095238,3.19444444444444,1,1,0.125,0.6170260763168335,prompt2
0,AI,,G,False,Dalle50.png,../data/AI/prompt_2/stimuli_G/Dalle50.png,a drawing of a city with a rainbow in the middle,,Abstract city skyline within a circular frame,,4,0.565415620803833,0.66,86.0,city,,,1.0,1.0,2,0.5,3.85973983160566,11.495,0.720458721409111,1,71,0.183784222119576,0.437945246696472,0.477354526519775,0.754372473990358,0.328154880678546,0.119892314,0.39478406,0.14878576,75.0,6.05263157894737,1,0,0.375,0.6127078104019166,prompt2
0,AI,,I,False,Dalle01.png,../data/AI/prompt_2/stimuli_I/Dalle01.png,a drawing of a person sitting on a chair with a phone,,A padlock with a video camera attached on top,,4,0.662637650966644,0.75,96.0,abstract doodle/hard to interpret,,,2.0,0.0,1,1.0,4.85156454380665,10.346875,0.283099872657813,8,35,0.180467367172241,0.366123638518072,0.462028893111413,0.66294206797417,0.306825888575505,0.17458892,0.3822158,0.19677342,2.38095238095238,18.1666666666667,0,1,0.125,0.7063188254833219,prompt2
0,AI,,I,False,Dalle02.png,../data/AI/prompt_2/stimuli_I/Dalle02.png,a black and white drawing of a hand holding a purse,,"Padlock with a plant design inside, lines and shapes around",,4,0.599863529205322,0.79,97.0,abstract doodle/hard to interpret,,,2.0,0.0,1,1.0,8.59448914885136,14.7725,0.426020243698021,1,19,0.109672659059007,0.25181750213556,0.319844763288213,0.653232285289751,0.309449995749429,0.13080217,0.3825577,0.16724744,2.38095238095238,18.1666666666667,0,1,0.125,0.694931764602661,prompt2
0,AI,,I,False,Dalle03.png,../data/AI/prompt_2/stimuli_I/Dalle03.png,a drawing of a bucket with a watering can and a watering hose,,"Bucket with a spout on a stand, decorated with patterns",,4,0.494350641965866,0.64,81.0,watering can,,,1.0,2.0,2,0.5,4.48948071439021,7.029375,0.848515812598989,1,17,0.223012208938599,0.389837246830381,0.518184392560458,0.776404785173797,0.319961275467882,0.16582045,0.42341906,0.17154367,150.0,3.02777777777778,0,0,0.5,0.567175320982933,prompt2
0,AI,,I,False,Dalle04.png,../data/AI/prompt_2/stimuli_I/Dalle04.png,a drawing of a hat and a bag with a handle,,Abstract representation of a lock within a square border,,3,0.58343768119812,0.63,79.0,abstract doodle/hard to interpret,,,2.0,0.0,2,1.0,4.35770486474863,12.026875,0.368337260396103,2,33,0.119578130220062,0.288602113723755,0.298686945594908,0.689604494034269,0.262682383739741,0.13874574,0.35752496,0.11489944,2.38095238095238,18.1666666666667,1,1,0.25,0.60671884059906,prompt2
0,AI,,I,False,Dalle05.png,../data/AI/prompt_2/stimuli_I/Dalle05.png,cartoon drawing of a man with a microphone and a speaker,,"Stick figure using a tool, connected to a box, with a coiled cable",,4,0.609364151954651,0.7,91.0,person(s),abstract doodle/hard to interpret,,1.0,1.0,3,1.0,5.24903637544109,7.79875,0.498937462052216,2,12,0.181881774551761,0.355300526478902,0.450385543681052,0.650341834595586,0.366473614868448,0.15707603,0.36181873,0.19919819,7.14285714285714,3.02777777777778,0,0,0.5,0.6546820759773255,prompt2
0,AI,,I,False,Dalle06.png,../data/AI/prompt_2/stimuli_I/Dalle06.png,someone is putting a piece of paper in a bag,,Hand placed over a square object within a circle outline,,4,0.464244484901428,0.5,46.0,hand,bag,,2.0,2.0,3,1.0,4.40499073821018,4.600625,0.621917111619629,1,9,0.183604825520226,0.286903717723599,0.421579395438468,0.660473155588622,0.288703800862274,0.14688674,0.4469985,0.17727868,75.0,3.02777777777778,0,0,0.625,0.482122242450714,prompt2
0,AI,,I,False,Dalle07.png,../data/AI/prompt_2/stimuli_I/Dalle07.png,a drawing of a man sitting at a table with a cup of coffee,,Abstract face with a plant and two cups below,,4,0.618448913097382,0.66,86.0,cup(s),abstract doodle/hard to interpret,,1.0,1.0,1,1.0,4.31758415919572,6.981875,0.427368751307258,4,19,0.200843620250008,0.387583439432092,0.491788269068205,0.577384109106337,0.31186149393995,0.12984325,0.37606087,0.15658867,150.0,3.02777777777778,1,0,0.25,0.6392244565486911,prompt2
0,AI,,I,False,Dalle08.png,../data/AI/prompt_2/stimuli_I/Dalle08.png,a drawing of a purse with a shoe on the ground,,Bag design with detailed side view and a small cartoon character,,4,0.516419172286987,0.56,64.0,bag,,,1.0,1.0,2,1.0,4.66085730148824,6.8625,0.822909467864547,2,24,0.199772953987122,0.403397780758076,0.495464026927948,0.755375221784458,0.279883971860202,0.12586942,0.369125,0.11567155,6.81818181818182,8.38461538461539,0,0,0.375,0.5382095861434935,prompt2
0,AI,,I,False,Dalle09.png,../data/AI/prompt_2/stimuli_I/Dalle09.png,drawing of a bird in a bird bath with a bird on the top,,"Apple under a dome, possibly on a stand or platform",,4,0.496808648109436,0.61,74.0,abstract doodle/hard to interpret,,,2.0,0.0,1,1.0,4.12596056674078,4.178125,0.871061843640607,1,14,0.224113821983337,0.420743644237518,0.533535895732885,0.554595748750253,0.277034968976944,0.1755474,0.34678268,0.1662797,2.38095238095238,3.02777777777778,0,1,0.125,0.553404324054718,prompt2
0,AI,,I,False,Dalle10.png,../data/AI/prompt_2/stimuli_I/Dalle10.png,a drawing of a teapot and a cup on a table,,"Teapot with a handle and spout, next to a small, simple ball",,5,0.542924523353577,0.65,83.0,kettle,,,1.0,1.0,2,1.0,4.24466512722158,6.105,0.717067321418375,4,16,0.218742178753483,0.427707535854206,0.499817878018743,0.759428402041305,0.329149032441987,0.16762894,0.41139293,0.15935406,75.0,3.02777777777778,0,0,0.375,0.5964622616767885,prompt2
0,AI,,I,False,Dalle11.png,../data/AI/prompt_2/stimuli_I/Dalle11.png,drawing of a bag with scissors and a pair of scissors in it,,Abstract shape with a circular element inside a larger form,,3,0.479062676429749,0.64,81.0,abstract doodle/hard to interpret,,,2.0,0.0,2,1.0,4.31880461781327,8.285625,0.660022251066197,2,25,0.180410206317902,0.360571980476379,0.444217416988764,0.586793051734005,0.303518972596442,0.12785049,0.39759815,0.16291408,2.38095238095238,3.02777777777778,1,1,0.25,0.5595313382148746,prompt2
0,AI,,I,False,Dalle12.png,../data/AI/prompt_2/stimuli_I/Dalle12.png,"a drawing of a bag, a canister, and a canister of eggs",,Bags and a container with rocks and fish-like objects inside,,4,0.607757806777954,0.65,83.0,bag(s),,,1.0,1.0,2,1.0,4.2832334595876,8.775625,0.289074613319215,2,27,0.230337858200073,0.473733409456414,0.544981327952067,0.760408192411649,0.345805683355378,0.16863325,0.3067298,0.142771,6.81818181818182,3.02777777777778,0,0,0.375,0.628878903388977,prompt2
0,AI,,I,False,Dalle13.png,../data/AI/prompt_2/stimuli_I/Dalle13.png,a drawing of a purse with a handle and a handle,,Padlock illustration with a rectangular body and shackle,,5,0.472652763128281,0.63,79.0,abstract doodle/hard to interpret,,,2.0,0.0,2,1.0,4.88165036360542,4.79375,0.543193717277487,1,9,0.114363431930542,0.267334222793579,0.30973891557819,0.506352087414361,0.226117048395729,0.13854828,0.29501098,0.099706575,2.38095238095238,18.1666666666667,0,1,0.25,0.5513263815641405,prompt2
0,AI,,I,False,Dalle14.png,../data/AI/prompt_2/stimuli_I/Dalle14.png,there is a drawing of a bag of apples and a apple,,"Two apples with leaves, one inside a container next to dots",,5,0.583210945129395,0.72,93.0,fruit,container,,2.0,2.0,2,0.5,4.95850142440583,8.780625,0.529128483261642,3,16,0.21874725818634,0.398793321811954,0.496978938939694,0.669368673024082,0.341105249366578,0.18540582,0.35227835,0.18759905,75.0,3.02777777777778,0,0,0.5,0.6516054725646975,prompt2
0,AI,,I,False,Dalle15.png,../data/AI/prompt_2/stimuli_I/Dalle15.png,a drawing of a lock and a vase on a table,,"Bottle, box with handle, and a ball on a shelf",,5,0.585816860198975,0.82,98.0,bag,vase,,1.0,1.0,2,1.0,4.74227995340691,10.5925,0.370010475743236,3,28,0.231852471828461,0.471347554664241,0.517420141850701,0.723976515724212,0.307132485424305,0.16879466,0.40243095,0.19089998,6.81818181818182,3.02777777777778,0,0,0.375,0.7029084300994874,prompt2
0,AI,,I,False,Dalle16.png,../data/AI/prompt_2/stimuli_I/Dalle16.png,a drawing of a bag with a handle and a handle,,One bag inside another bag with a looped handle,,4,0.523921489715576,0.67,87.0,bag,,,1.0,1.0,1,1.0,4.14760254157595,5.648125,0.502097902097902,1,17,0.256953283729952,0.5278639793396,0.574534381953812,0.566115361829396,0.258568997937527,0.14526716,0.28681737,0.089272395,6.81818181818182,8.38461538461539,0,0,0.25,0.596960744857788,prompt2
0,AI,,I,False,Dalle17.png,../data/AI/prompt_2/stimuli_I/Dalle17.png,a drawing of a person sitting on a box with a lamp,,A simple line drawing of a lock and keyhole shape,,4,0.393098413944244,0.49,46.0,abstract doodle/hard to interpret,,,2.0,0.0,0,0.5,4.14755638241165,2.57375,0.448338452946104,20,8,0.0657247900962829,0.127562292072908,0.182448912712995,0.426438392749826,0.190454401951871,0.12767997,0.33516687,0.14770396,2.38095238095238,18.1666666666667,0,1,0.0,0.44154920697212197,prompt2
0,AI,,I,False,Dalle18.png,../data/AI/prompt_2/stimuli_I/Dalle18.png,a drawing of a handbag with a handle and a string,,A simple line drawing of a handbag with two handles,,4,0.426362633705139,0.48,41.0,bag,,,2.0,2.0,1,1.0,4.47602478093091,3.9,0.784201760647157,1,12,0.149397304690043,0.301687577417122,0.360735058784485,0.727824540942618,0.259837414417132,0.07960452,0.25734797,0.0873286,6.81818181818182,8.38461538461539,0,0,0.375,0.45318131685256946,prompt2
0,AI,,I,False,Dalle19.png,../data/AI/prompt_2/stimuli_I/Dalle19.png,a drawing of a woman ' s face with a bow in a bag,,Line drawing of a handbag with visible handles and a central pocket,,4,0.524279654026032,0.58,68.0,bag,,,2.0,2.0,2,1.0,4.37709943335006,8.37375,0.437245169296224,2,24,0.163797616958618,0.337398449701024,0.388426459525438,0.707090670428355,0.308592062288702,0.081086576,0.28671357,0.1080763,6.81818181818182,8.38461538461539,0,0,0.5,0.552139827013016,prompt2
0,AI,,I,False,Dalle20.png,../data/AI/prompt_2/stimuli_I/Dalle20.png,a drawing of a handbag with a straw and a drink,,A bag with plants and a drink with straw,,4,0.628219246864319,0.72,93.0,bag,,,1.0,1.0,3,1.0,4.81801352778711,14.16875,0.391940256446386,1,52,0.267622172832489,0.501388534944908,0.594560826148937,0.758579006543849,0.339571630556351,0.17202449,0.40423155,0.15582922,6.81818181818182,3.02777777777778,0,0,0.5,0.6741096234321595,prompt2
0,AI,,I,False,Dalle21.png,../data/AI/prompt_2/stimuli_I/Dalle21.png,a drawing of a handbag with a handle on a white background,,A simple drawing of a handbag with two handles,,5,0.506397366523743,0.57,66.0,bag,,,2.0,2.0,2,1.0,4.97125743404764,5.33,0.873904680487284,2,10,0.172220647335053,0.310148119926453,0.390168583979094,0.699947166957823,0.260046481447959,0.08245841,0.38094237,0.09891274,6.81818181818182,8.38461538461539,0,0,0.5,0.5381986832618715,prompt2
0,AI,,I,False,Dalle22.png,../data/AI/prompt_2/stimuli_I/Dalle22.png,a drawing of a man holding a bowl and a spoon,,"A bucket hanging inside a simple, stylized well or structure",,4,0.510980844497681,0.62,77.0,abstract doodle/hard to interpret,,,2.0,0.0,2,1.0,4.50588785112343,3.946875,0.748941536798487,1,9,0.171242773532867,0.314902980023799,0.393651604652405,0.661479741417652,0.282224342187024,0.16400978,0.36985475,0.14853372,2.38095238095238,3.02777777777778,0,1,0.25,0.5654904222488405,prompt2
0,AI,,I,False,Dalle23.png,../data/AI/prompt_2/stimuli_I/Dalle23.png,there is a drawing of a bird in a cage,,Hard to interpret,,1,0.563793301582336,0.74,95.0,abstract doodle/hard to interpret,,,2.0,0.0,1,1.0,5.75202771645517,8.205,0.566785439137134,2,23,0.240361928939819,0.490069835786213,0.602184653282166,0.624664533898465,0.304612250338276,0.0,0.37417433,0.16305792,2.38095238095238,2.5952380952381,1,1,0.125,0.651896650791168,prompt2
0,AI,,I,False,Dalle24.png,../data/AI/prompt_2/stimuli_I/Dalle24.png,a drawing of a circular arch with a circular object on it,,"Abstract geometric shapes with arches, a circle, and straight lines",,4,0.538324594497681,0.6,72.0,bag,arch,,1.0,1.0,1,0.5,3.91947551755693,9.73625,0.369637999581502,1,31,0.118922352790833,0.309392094612122,0.344950238171205,0.562448987648578,0.254940800752271,0.09544471,0.4427123,0.21190755,6.81818181818182,4.73913043478261,1,0,0.25,0.5691622972488405,prompt2
0,AI,,I,False,Dalle25.png,../data/AI/prompt_2/stimuli_I/Dalle25.png,a drawing of a purse with a handle on a white background,,Drawing of a handbag with a large rectangular pocket,,5,0.512535929679871,0.58,67.0,bag,,,2.0,1.0,2,1.0,4.7870080706889695,9.040625,0.398514228154117,1,22,0.180095900291447,0.345871846254821,0.433776617050171,0.626873499464389,0.302066888337361,0.094802655,0.2787915,0.11724202,6.81818181818182,8.38461538461539,0,0,0.375,0.5462679648399356,prompt2
0,AI,,I,False,Dalle26.png,../data/AI/prompt_2/stimuli_I/Dalle26.png,a drawing of a suitcase with a smile on it,,Smiling square object with a handle and legs on a grid,,4,0.514790952205658,0.66,85.0,bag,smiley face,,1.0,1.0,3,1.0,4.6623586755584,7.2375,0.342611848770863,2,16,0.199771976498124,0.33860119215257,0.458599122846178,0.609430341152307,0.323241891156908,0.14903757,0.3627922,0.19928412,6.81818181818182,3.02777777777778,0,0,0.5,0.587395476102829,prompt2
0,AI,,I,False,Dalle27.png,../data/AI/prompt_2/stimuli_I/Dalle27.png,cartoon drawing of a man in a bathtub with a towel and a fish,,Hard to interpret,,2,0.647562384605408,0.67,87.0,abstract doodle/hard to interpret,,,2.0,0.0,1,0.5,4.97071252814965,7.7975,0.780067998300043,3,14,0.240361928939819,0.490069835786213,0.602184653282166,0.623482277472812,0.352617904371141,0.0,0.30278188,0.21078193,2.38095238095238,2.5952380952381,1,1,0.125,0.658781192302704,prompt2
0,AI,,I,False,Dalle28.png,../data/AI/prompt_2/stimuli_I/Dalle28.png,a drawing of a hot air balloon with a string tied to it,,Hot air balloon with ropes and basket in outline drawing,,4,0.591772019863129,0.64,82.0,abstract doodle/hard to interpret,,,2.0,0.0,1,0.5,4.5298553959813,7.4925,0.764848730142669,1,22,0.190293669700623,0.317486146613542,0.444702419954393,0.787152507303481,0.396895263357433,0.16932085,0.47626773,0.2715757,2.38095238095238,3.02777777777778,0,1,0.125,0.6158860099315645,prompt2
0,AI,,I,False,Dalle29.png,../data/AI/prompt_2/stimuli_I/Dalle29.png,a drawing of a white bag with a handle and a handle,,Hard to interpret,,2,0.518502950668335,0.44,33.0,bag,writing,,1.0,1.0,2,1.0,4.5744466854482,5.171875,0.611983842010772,3,10,0.240361928939819,0.490069835786213,0.602184653282166,0.600284085127631,0.499397017077664,0.0,0.2708651,0.38760957,6.81818181818182,2.5952380952381,1,0,0.375,0.47925147533416745,prompt2
0,AI,,I,False,Dalle30.png,../data/AI/prompt_2/stimuli_I/Dalle30.png,there is a clock that is sitting in a box,,Circular object with line and dots on a rectangular base with diagonal lines,,3,0.526103734970093,0.58,67.0,abstract doodle/hard to interpret,,,2.0,0.0,1,1.0,4.46862581950629,3.97125,0.856215457496272,8,11,0.159707248210907,0.331330855568101,0.375924304017503,0.630466998642607,0.271430447702285,0.14075293,0.40297365,0.15433352,2.38095238095238,3.02777777777778,0,1,0.125,0.5530518674850464,prompt2
0,AI,,I,False,Dalle31.png,../data/AI/prompt_2/stimuli_I/Dalle31.png,a drawing of a bag with a handle and a ball inside,,A rectangular handbag with vertical stripes and a rounded handle,,4,0.545618057250977,0.63,80.0,bag,,,2.0,2.0,2,1.0,4.1556415435405,7.391875,0.638197076340011,1,24,0.212814033031464,0.447150707244873,0.519684195518494,0.612446140047192,0.275233112331656,0.10014801,0.3662077,0.105702855,6.81818181818182,8.38461538461539,0,0,0.5,0.5878090286254885,prompt2
0,AI,,I,False,Dalle32.png,../data/AI/prompt_2/stimuli_I/Dalle32.png,a drawing of a umbrella with a chain hanging from it,,"Umbrella with raindrops falling around it; some are inside, others outside",,4,0.582959055900574,0.58,69.0,umbrella,rain,,2.0,2.0,3,0.5,4.52871987431315,10.2625,0.422876277758195,2,40,0.23409073149617,0.406841737235836,0.500259667619486,0.813972422755952,0.285799912246315,0.20061085,0.6084042,0.18151554,150.0,3.02777777777778,0,0,0.625,0.5814795279502869,prompt2
0,AI,,I,False,Dalle33.png,../data/AI/prompt_2/stimuli_I/Dalle33.png,a drawing of a bag with a hat on top of it,,A shopping bag and a cupcake with frosting,,5,0.618096172809601,0.7,91.0,bag,pineapple,,2.0,2.0,2,1.0,8.4645249857123,15.36125,0.241587025774689,2,20,0.255193679905686,0.469062654320159,0.576041723725692,0.74538709375194,0.387122312186369,0.17938188,0.37403333,0.18462737,6.81818181818182,3.02777777777778,0,0,0.5,0.6590480864048005,prompt2
0,AI,,I,False,Dalle34.png,../data/AI/prompt_2/stimuli_I/Dalle34.png,cartoon drawing of a man running with a stick in his hand,,"Person with a book, sitting with legs stretched out",,4,0.465483784675598,0.61,74.0,legs,abstract doodle/hard to interpret,,1.0,1.0,1,0.5,4.83344147381856,4.999375,0.633965686645,2,8,0.246654987335205,0.537234682193517,0.58457225561142,0.66250191970285,0.335714172757917,0.14692621,0.31065264,0.16961744,150.0,9.90909090909091,0,0,0.25,0.537741892337799,prompt2
0,AI,,I,False,Dalle35.png,../data/AI/prompt_2/stimuli_I/Dalle35.png,a drawing of a lantern and a trash can on a table,,Street lamp post with a trash can and curved pole,,5,0.525282323360443,0.69,90.0,booth,trashcan,,1.0,1.0,2,0.5,4.80258207397795,7.479375,0.644914538932264,3,24,0.200158762922359,0.415954997057314,0.523719100730472,0.773453231734181,0.269906463807468,0.18606758,0.4878139,0.16524516,150.0,3.02777777777778,0,0,0.375,0.6076411616802215,prompt2
0,AI,,I,False,Dalle36.png,../data/AI/prompt_2/stimuli_I/Dalle36.png,a drawing of a purse with a handle and a hook,,"Handbag with a clasp and long strap, abstract design elements",,4,0.452618807554245,0.53,56.0,bag,,,2.0,2.0,2,1.0,4.4891445723790495,4.30625,0.721537857983523,2,11,0.210386157035828,0.44843053817749,0.510180323709229,0.525669880655069,0.230963631191469,0.110461354,0.37703812,0.11477339,6.81818181818182,8.38461538461539,1,0,0.5,0.4913094037771225,prompt2
0,AI,,I,False,Dalle37.png,../data/AI/prompt_2/stimuli_I/Dalle37.png,a close up of a black and white drawing of a bag,,Minimalist outline of a shopping bag with handle,,5,0.500714898109436,0.5,47.0,bag,,,1.0,1.0,1,1.0,4.12319542326154,4.14,0.450983606557377,2,15,0.184064865112305,0.368033092261347,0.43889731168747,0.605266285662389,0.273656327318342,0.115745984,0.2782597,0.113199614,6.81818181818182,8.38461538461539,0,0,0.25,0.500357449054718,prompt2
0,AI,,I,False,Dalle38.png,../data/AI/prompt_2/stimuli_I/Dalle38.png,a drawing of a toaster with a toaster on top of it,,"A box, possibly with a handle, featuring a central oval shape",,4,0.52013111114502,0.57,64.0,abstract doodle/hard to interpret,,,2.0,0.0,1,1.0,4.59155228943487,5.311875,0.643499636851221,5,16,0.185049116611481,0.370566844940186,0.460212978111923,0.668445706772246,0.259892399678879,0.14584418,0.38672256,0.17636189,2.38095238095238,3.02777777777778,0,1,0.125,0.5450655555725099,prompt2
0,AI,,I,False,Dalle39.png,../data/AI/prompt_2/stimuli_I/Dalle39.png,a drawing of a bird cage with gloves and a glove,,Hands near a birdcage or dome-like structure,,3,0.592199742794037,0.66,86.0,hand(s),platter with lid,,1.0,1.0,3,1.0,4.22012814657186,12.268125,0.416880335434829,1,34,0.190188884735107,0.391558867441382,0.498220950471105,0.7153872062645,0.342961224793398,0.15894745,0.44931784,0.2128013,75.0,3.02777777777778,0,0,0.5,0.6260998713970185,prompt2
0,AI,,I,False,Dalle40.png,../data/AI/prompt_2/stimuli_I/Dalle40.png,a drawing of a light bulb with a fist in it,,"Lightbulb with hand inside, surrounded by stylized lines",,5,0.692302227020264,0.76,96.0,light bulb,,,2.0,3.0,3,0.5,4.53812113870998,8.975625,0.567643849912243,12,22,0.154223084449768,0.347884774208069,0.399294054550286,0.728021269861555,0.306858931139557,0.15446116,0.45430574,0.16368051,150.0,3.02777777777778,0,0,0.75,0.726151113510132,prompt2
0,AI,,I,False,Dalle41.png,../data/AI/prompt_2/stimuli_I/Dalle41.png,a drawing of a lock with a spoon on it,,A padlock with an inserted key shown in a simple drawing,,5,0.534238219261169,0.59,72.0,lock,,,1.0,1.0,2,1.0,4.52106287965185,5.503125,0.6740294057863,2,11,0.0993184388090094,0.244153238658703,0.25915515422821,0.593234175614035,0.275945753840765,0.14041086,0.42955464,0.16855113,150.0,18.1666666666667,0,0,0.375,0.5621191096305844,prompt2
0,AI,,I,False,Dalle42.png,../data/AI/prompt_2/stimuli_I/Dalle42.png,a drawing of a handbag with a handle and a strap,,A handbag with vertical stripes and two handles,,5,0.575827240943909,0.6,73.0,bag,,,2.0,2.0,2,1.0,4.91514861878292,8.8825,0.735059847660501,1,25,0.221507549285889,0.457335575143563,0.557031210837887,0.766914268101424,0.323020617133777,0.09389887,0.3061815,0.11788906,6.81818181818182,8.38461538461539,0,0,0.5,0.5879136204719545,prompt2
0,AI,,I,False,Dalle43.png,../data/AI/prompt_2/stimuli_I/Dalle43.png,a drawing of a bird cage with a bird inside of it,,A lantern with a geometric dome and vertical bars,,5,0.512034177780151,0.57,67.0,abstract doodle/hard to interpret,,,2.0,0.0,1,1.0,4.10975716567107,6.938125,0.715985565200429,1,22,0.183748662471771,0.370147269074537,0.429593597078704,0.660150187627561,0.297548748063692,0.1626434,0.40486655,0.18786585,2.38095238095238,3.02777777777778,0,1,0.125,0.5410170888900755,prompt2
0,AI,,I,False,Dalle44.png,../data/AI/prompt_2/stimuli_I/Dalle44.png,a drawing of a teapot with a handle and a handle,,Abstract lines and shapes resembling a teapot or kettle,,4,0.550089478492737,0.64,82.0,kettle,,,1.0,0.0,1,1.0,4.19776371368299,10.105625,0.415102770330652,3,28,0.148117303848267,0.296471553830596,0.413775444030762,0.737143212682312,0.307838371365733,0.123664856,0.48695225,0.1745958,75.0,3.02777777777778,1,0,0.125,0.5950447392463685,prompt2
0,AI,,I,False,Dalle45.png,../data/AI/prompt_2/stimuli_I/Dalle45.png,a drawing of a car with a steering wheel and a steering wheel,,Line drawing of a camera with overlapping shapes,,4,0.616397142410278,0.7,92.0,abstract doodle/hard to interpret,,,2.0,0.0,1,1.0,3.92372039323314,10.794375,0.441192411924119,1,46,0.179666150828232,0.343889455315156,0.319278399987315,0.707603737793097,0.29610940900273,0.16433565,0.47747225,0.17902462,2.38095238095238,4.73913043478261,0,1,0.125,0.658198571205139,prompt2
0,AI,,I,False,Dalle46.png,../data/AI/prompt_2/stimuli_I/Dalle46.png,a drawing of a table with a vase on it and a candle on top,,"Structural design with vase, circular object, and columns",,4,0.546887636184692,0.65,83.0,table,,,1.0,1.0,2,0.5,4.10662370772008,6.39375,0.476624743197875,1,25,0.162935426060232,0.463137968276082,0.452194094657898,0.840127050836403,0.288178864961486,0.14881705,0.61034226,0.19773419,150.0,3.02777777777778,0,0,0.375,0.598443818092346,prompt2
0,AI,,I,False,Dalle47.png,../data/AI/prompt_2/stimuli_I/Dalle47.png,a drawing of a bag with a handle and a handle,,"Tote bag with handles and open top, minimal empty design",,5,0.490728735923767,0.54,58.0,bag,,,1.0,1.0,2,1.0,4.32096380869356,7.694375,0.654810718031849,1,41,0.240560650825501,0.470735653362741,0.498586118221283,0.716612804244944,0.304123065615115,0.14568524,0.34673595,0.14121142,6.81818181818182,8.38461538461539,0,0,0.375,0.5153643679618836,prompt2
0,AI,,I,False,Dalle48.png,../data/AI/prompt_2/stimuli_I/Dalle48.png,"there is a drawing of a kitchen set with a kettle, a basket, and a bottle",,Containers and shapes possibly representing bottles and boxes of personal care products,,4,0.623989284038544,0.75,95.0,bag,,,1.0,1.0,2,1.0,5.17332670802779,12.04125,0.394262212183528,5,40,0.19696980714798,0.38316939422993,0.484628588877403,0.737731316329864,0.348480526777032,0.16150203,0.37410653,0.19134411,6.81818181818182,3.02777777777778,0,0,0.375,0.6869946420192721,prompt2
0,AI,,I,False,Dalle49.png,../data/AI/prompt_2/stimuli_I/Dalle49.png,a drawing of a handbag with a handle and a handle,,Basket with a handle and a rectangular base,,4,0.606025338172913,0.71,92.0,bag,,,2.0,2.0,2,1.0,5.30166194433399,14.58375,0.451503491520593,1,39,0.229087054729462,0.371660176365985,0.534343302249908,0.706884615754634,0.323050813245583,0.15872017,0.32215983,0.14414838,6.81818181818182,3.02777777777778,0,0,0.5,0.6580126690864565,prompt2
0,AI,,I,False,Dalle50.png,../data/AI/prompt_2/stimuli_I/Dalle50.png,cartoon of a man in a crib with a cat in it,,Object resembling a sundae in a cup and an arrow below,,4,0.507065534591675,0.57,67.0,bag,,,1.0,1.0,1,1.0,4.1052204816716,5.81,0.771546391752577,4,22,0.206712829666564,0.369000911712647,0.450044545528617,0.668530626343381,0.272819889785347,0.16912186,0.36768275,0.15612161,6.81818181818182,3.02777777777778,0,0,0.25,0.5385327672958375,prompt2
0,AI,,R,False,Dalle01.png,../data/AI/prompt_2/stimuli_R/Dalle01.png,a drawing of a chair with a straw and a glass,,Swing seat under a simple frame next to a tall cylinder,,4,0.533534407615662,0.670000016689301,87.0,abstract doodle/hard to interpret,,,2.0,0.0,1,0.0,4.44236176295411,10.299375,0.533845632274833,1,33,0.224703834968575,0.455681768398389,0.548783752249702,0.741444541712964,0.294053362359631,0.1802565,0.37828824,0.1625733,1.82926829268293,5.18181818181818,0,1,0.125,0.6017672121524815,prompt2
0,AI,,R,False,Dalle02.png,../data/AI/prompt_2/stimuli_R/Dalle02.png,there is a drawing of a vase with a plant on it,,"Two overhead shower heads with water flowing, and a cup on top",,4,0.547843873500824,0.670000016689301,88.0,abstract doodle/hard to interpret,,,2.0,0.0,2,1.0,4.51308747023662,8.9,0.488418495705734,1,24,0.267051545733024,0.513820350170136,0.541590213775635,0.863926331249123,0.28507703705859,0.21144748,0.58725226,0.16243365,1.82926829268293,5.18181818181818,0,1,0.25,0.6089219450950625,prompt2
0,AI,,R,False,Dalle03.png,../data/AI/prompt_2/stimuli_R/Dalle03.png,a drawing of a desk with drawers and a shelf,,A desk or cabinet with multiple drawers and a flat top,,5,0.63437807559967,0.810000002384186,98.0,dresser,,,2.0,3.0,1,0.5,4.321618677486,17.96625,0.221123976277888,1,80,0.248010084151619,0.455560326576233,0.51398457711797,0.876009622441144,0.308743831297591,0.1720222,0.68804085,0.16491799,150.0,5.18181818181818,0,0,0.5,0.722189038991928,prompt2
0,AI,,R,False,Dalle04.png,../data/AI/prompt_2/stimuli_R/Dalle04.png,cartoon of a man sitting at a desk with a computer and a wheel chair,,"Person at desk with computer, drink, and bowl",,4,0.715389311313629,0.879999995231628,99.0,desk,display,plant,2.0,3.0,1,0.5,4.59046665691317,21.65,0.333478671608168,4,83,0.271187110472492,0.492701753756456,0.548510107309228,0.863260208315786,0.300600856180839,0.16836926,0.45114994,0.13345182,75.0,5.18181818181818,0,0,0.5,0.7976946532726286,prompt2
0,AI,,R,False,Dalle05.png,../data/AI/prompt_2/stimuli_R/Dalle05.png,someone holding a book with a picture of a person in it,,Person holding paper with a drawing of a potted plant and flower,,4,0.580084323883057,0.699999988079071,91.0,mobile phone,hand,,2.0,2.0,2,1.0,6.47979708707197,12.050625,0.547423474298916,1,30,0.186730086803436,0.373787760734558,0.457157877514235,0.749847074476877,0.330552536169723,0.15463607,0.41565666,0.18406379,150.0,5.18181818181818,0,0,0.5,0.6400421559810641,prompt2
0,AI,,R,False,Dalle06.png,../data/AI/prompt_2/stimuli_R/Dalle06.png,a drawing of a trash can with a broom and a trash can,,"A shredder with paper being shredded, hanging cord above",,4,0.456678807735443,0.5799999833107,68.0,abstract doodle/hard to interpret,,,2.0,0.0,1,0.5,5.89344563529214,19.145625,0.796898265869471,1,83,0.227461416579219,0.436717569828033,0.533636840202619,0.746744147120394,0.274745268021043,0.19936451,0.42941976,0.1428659,1.82926829268293,11.4,0,1,0.125,0.5183393955230715,prompt2
0,AI,,R,False,Dalle07.png,../data/AI/prompt_2/stimuli_R/Dalle07.png,a drawing of a table and chair with a vase on top,,"Chair, table with vase, and a cube-like frame structure",,5,0.655848324298859,0.680000007152557,89.0,chair,abstract doodle/hard to interpret,,2.0,1.0,3,1.0,4.92885677452986,9.799375,0.449024516574586,3,32,0.203120565042423,0.415650231112546,0.478352277180687,0.873927574991671,0.325703551919039,0.123001635,0.43664104,0.15805872,37.5,5.18181818181818,0,0,0.5,0.667924165725708,prompt2
0,AI,,R,False,Dalle08.png,../data/AI/prompt_2/stimuli_R/Dalle08.png,a black and white drawing of a boat with a sail in the water,,"Umbrella and paper boat with raindrops, sitting on a wavy surface",,5,0.599616527557373,0.740000009536743,95.0,abstract doodle/hard to interpret,,,2.0,0.0,3,1.0,5.83981133807608,14.234375,0.329882409263637,8,37,0.218152390828585,0.416179095734411,0.482800245285034,0.793895396167848,0.30686186712218,0.17815197,0.5277412,0.20048106,1.82926829268293,11.4,0,1,0.375,0.6698082685470581,prompt2
0,AI,,R,False,Dalle09.png,../data/AI/prompt_2/stimuli_R/Dalle09.png,a drawing of a roll of paper with a pair of scissors,,Hard to interpret,,2,0.482119232416153,0.620000004768372,78.0,abstract doodle/hard to interpret,,,2.0,0.0,1,0.5,4.54018281241906,19.49,0.734182194616977,2,79,0.244171008815108,0.486913069692643,0.625322546838748,0.690508018643002,0.277542294667663,0.0,0.480728,0.16127296,1.82926829268293,3.08108108108108,1,1,0.125,0.5510596185922625,prompt2
0,AI,,R,False,Dalle10.png,../data/AI/prompt_2/stimuli_R/Dalle10.png,there is a drawing of a person standing in a box,,Hard to interpret,,2,0.494247615337372,0.5799999833107,67.0,abstract doodle/hard to interpret,,,2.0,0.0,2,0.0,4.14916145419577,5.961875,0.222225006107148,1,15,0.244171008815108,0.486913069692643,0.625322546838748,0.606822013415728,0.26212395384389,0.0,0.31050828,0.17973132,1.82926829268293,3.08108108108108,1,1,0.25,0.537123799324036,prompt2
0,AI,,R,False,Dalle11.png,../data/AI/prompt_2/stimuli_R/Dalle11.png,a drawing of a bag hanging from a pole with a handle,,Hard to interpret,,1,0.431711167097092,0.569999992847443,66.0,abstract doodle/hard to interpret,,,2.0,0.0,1,0.0,4.29149692637623,6.129375,0.478384739254304,1,13,0.244171008815108,0.486913069692643,0.625322546838748,0.695235874323204,0.295645827339075,0.0,0.38605747,0.18233834,1.82926829268293,3.08108108108108,1,1,0.125,0.5008555799722675,prompt2
0,AI,,R,False,Dalle12.png,../data/AI/prompt_2/stimuli_R/Dalle12.png,a drawing of a machine with a bunch of sticks on it,,"Many vertical lines resembling sticks or poles, with decorative top design",,4,0.68871009349823,0.740000009536743,95.0,abstract doodle/hard to interpret,,,2.0,0.0,1,0.5,5.4380113867003,17.281875,0.490966400950184,1,72,0.133239090442657,0.280424909617,0.370415329933167,0.730549848455444,0.372033847173677,0.13776729,0.51686835,0.25052768,1.82926829268293,3.45454545454545,0,1,0.125,0.7143550515174866,prompt2
0,AI,,R,False,Dalle13.png,../data/AI/prompt_2/stimuli_R/Dalle13.png,a drawing of a television and a remote control on a bed,,"Abstract shapes resembling a TV, gaming console, and drink container",,3,0.566004991531372,0.730000019073486,94.0,abstract doodle/hard to interpret,,,2.0,0.0,2,1.0,4.11435786551011,10.62125,0.500162813415826,1,50,0.175668169518221,0.333198487758637,0.377175197264571,0.781753803015226,0.287911895627909,0.11637284,0.47413892,0.1393158,1.82926829268293,3.45454545454545,1,1,0.25,0.648002505302429,prompt2
0,AI,,R,False,Dalle14.png,../data/AI/prompt_2/stimuli_R/Dalle14.png,a drawing of a chair with a ladder and a chair in front of it,,Hard to interpret,,2,0.499419152736664,0.759999990463257,96.0,bottle,arch,,1.0,0.0,2,0.5,4.20235032804139,31.06625,0.46007352331463,3,173,0.244171008815108,0.486913069692643,0.625322546838748,0.849489067226657,0.30224764081674,0.0,0.48802415,0.15758441,75.0,3.08108108108108,1,0,0.25,0.6297095715999604,prompt2
0,AI,,R,False,Dalle15.png,../data/AI/prompt_2/stimuli_R/Dalle15.png,there is a drawing of a cup and a mug on a table,,"A frame, a bowl with handles, and a mug",,5,0.347210049629211,0.509999990463257,50.0,frame,bowl,cup,2.0,1.0,3,1.0,4.14601961808474,4.786875,0.221882498887893,1,14,0.248616576194763,0.453726676328579,0.480769468614708,0.694280102345298,0.261986444639635,0.1561662,0.44208097,0.1626058,37.5,5.18181818181818,0,0,0.5,0.42860502004623396,prompt2
0,AI,,R,False,Dalle16.png,../data/AI/prompt_2/stimuli_R/Dalle16.png,a drawing of a table and chairs with a vase on it,,Chairs and a table with bags or containers on top,,4,0.707455396652222,0.800000011920929,98.0,chair(s),window,plant(s),2.0,3.0,3,1.0,4.35206964088306,14.33375,0.386064030131827,2,58,0.233657524963763,0.455828547477722,0.560894131660461,0.875031304292009,0.295315015714638,0.14189127,0.4962326,0.14283796,37.5,5.18181818181818,0,0,0.75,0.7537277042865755,prompt2
0,AI,,R,False,Dalle17.png,../data/AI/prompt_2/stimuli_R/Dalle17.png,a drawing of a glass of wine with a stem,,Glass or cup with a spiral base design,,4,0.536370933055878,0.490000009536743,45.0,glass,,,1.0,1.0,3,1.0,4.41738881181844,5.8225,0.289473684210526,8,18,0.223613593147559,0.46295426675541,0.512984067975524,0.776399637672401,0.297077067955293,0.17179435,0.4460004,0.18709561,150.0,3.45454545454545,0,0,0.5,0.5131854712963105,prompt2
0,AI,,R,False,Dalle18.png,../data/AI/prompt_2/stimuli_R/Dalle18.png,a drawing of a basketball hoop with a net and a ball,,Geometric shapes resembling a basketball net and scattered cubes,,4,0.514039397239685,0.540000021457672,58.0,abstract doodle/hard to interpret,,,2.0,0.0,1,1.0,4.65568014588411,10.134375,0.415367777484243,1,30,0.162168841103448,0.331061045261056,0.417310083944205,0.812178591776388,0.301332613429547,0.118774675,0.42801923,0.20616154,1.82926829268293,3.45454545454545,0,1,0.125,0.5270197093486785,prompt2
0,AI,,R,False,Dalle19.png,../data/AI/prompt_2/stimuli_R/Dalle19.png,a line drawing of a bed with a person on it,,Hard to interpret,,2,0.590287327766419,0.689999997615814,90.0,bed,painting,,1.0,1.0,1,0.5,4.66434620391736,10.145625,0.582919204873357,3,36,0.244171008815108,0.486913069692643,0.625322546838748,0.549929546176926,0.290067717779656,0.0,0.4352606,0.19449545,150.0,3.08108108108108,1,0,0.25,0.6401436626911166,prompt2
0,AI,,R,False,Dalle20.png,../data/AI/prompt_2/stimuli_R/Dalle20.png,a drawing of a book with a tree in it,,A book with a small plant growing from it,,5,0.602123618125916,0.689999997615814,90.0,book,tree,,1.0,1.0,2,0.5,4.13887571525542,14.606875,0.460937291616655,1,69,0.222220659255981,0.426651000976563,0.561125954490239,0.751515686248619,0.319493733472929,0.16336074,0.38245314,0.15468985,150.0,5.18181818181818,0,0,0.375,0.646061807870865,prompt2
0,AI,,R,False,Dalle21.png,../data/AI/prompt_2/stimuli_R/Dalle21.png,there is a drawing of a hanging basket with a monkey on it,,"Boat suspended between branches, suggesting an imaginative flying contraption",,4,0.553201735019684,0.709999978542328,92.0,abstract doodle/hard to interpret,,,2.0,0.0,1,0.5,4.6511312269622,10.080625,0.222772933622089,1,34,0.193052936014357,0.423634707927704,0.517866760492325,0.762144481358346,0.236691227329657,0.17504735,0.47037444,0.16745575,1.82926829268293,11.4,0,1,0.125,0.631600856781006,prompt2
0,AI,,R,False,Dalle22.png,../data/AI/prompt_2/stimuli_R/Dalle22.png,a drawing of a window with a bird flying out of it,,"A window frame showing sky, clouds, and lines suggesting fields",,5,0.60516345500946,0.610000014305115,76.0,window,,,2.0,2.0,2,0.5,4.17767544752123,14.661875,0.494074131958011,2,60,0.166622151933779,0.3859641782024,0.39792152630815,0.743912767669993,0.296612143453214,0.15537402,0.48674107,0.16848318,75.0,11.4,0,0,0.5,0.6075817346572875,prompt2
0,AI,,R,False,Dalle23.png,../data/AI/prompt_2/stimuli_R/Dalle23.png,drawing of a chair with a shelf and a chair seat,,A simple sketch of a rectangular chair with a circular element,,4,0.547360301017761,0.600000023841858,74.0,abstract doodle/hard to interpret,,,2.0,0.0,0,0.0,4.67982760004379,7.724375,0.556663065894137,2,27,0.177833833952679,0.355505704879761,0.356676063339474,0.756975536115549,0.238809266461737,0.13842666,0.406598,0.14345022,1.82926829268293,5.18181818181818,0,1,0.0,0.5736801624298096,prompt2
0,AI,,R,False,Dalle24.png,../data/AI/prompt_2/stimuli_R/Dalle24.png,a drawing of a table with utensils and a computer,,Hard to interpret,,2,0.653174877166748,0.769999980926514,96.0,table,frame,,1.0,2.0,1,0.5,5.49536443504532,18.374375,0.340199185151652,3,66,0.244171008815108,0.486913069692643,0.625322546838748,0.83923132205513,0.33606001589962,0.0,0.48457432,0.1815106,75.0,3.08108108108108,1,0,0.375,0.7115874290466311,prompt2
0,AI,,R,False,Dalle25.png,../data/AI/prompt_2/stimuli_R/Dalle25.png,a black and white drawing of a desk with a computer and a lamp,,"Workspace with monitor, lamp, books, and desk accessories",,5,0.667377650737763,0.930000007152557,99.0,desk,display,lamp,2.0,3.0,1,0.5,4.66232059692364,19.4475,0.324340188703857,2,66,0.251472055912018,0.50241084404024,0.585193102669304,0.772110246941518,0.302216088521689,0.16453281,0.45650873,0.12170605,75.0,5.18181818181818,0,0,0.5,0.79868882894516,prompt2
0,AI,,R,False,Dalle26.png,../data/AI/prompt_2/stimuli_R/Dalle26.png,there are two pencils and a sign on a white background,,Tablet and stylus with geometric design and pattern,,4,0.477932453155518,0.490000009536743,44.0,pen,abstract doodle/hard to interpret,,1.0,1.0,2,1.0,4.69231575009892,10.56375,0.676669893514037,2,49,0.177024364471436,0.323733110650366,0.437249686554055,0.595453416836191,0.312613828214476,0.15045944,0.5358378,0.22122045,150.0,3.45454545454545,0,0,0.375,0.4839662313461305,prompt2
0,AI,,R,False,Dalle27.png,../data/AI/prompt_2/stimuli_R/Dalle27.png,a drawing of a window with a clock on it and a window sill,,Hard to interpret,,2,0.586284756660461,0.699999988079071,91.0,abstract doodle/hard to interpret,,,1.0,1.0,1,0.5,4.26467857419621,13.181875,0.550065240823736,2,46,0.244171008815108,0.486913069692643,0.625322546838748,0.729972572758222,0.332089144632772,0.0,0.41532364,0.18782087,1.82926829268293,3.08108108108108,1,1,0.25,0.643142372369766,prompt2
0,AI,,R,False,Dalle28.png,../data/AI/prompt_2/stimuli_R/Dalle28.png,a drawing of a picture frame and a chair with a table,,Abstract shapes resembling furniture and geometric forms,,3,0.498508214950562,0.689999997615814,90.0,abstract doodle/hard to interpret,,,2.0,0.0,1,0.5,4.31052843084425,9.471875,0.478972725788012,2,36,0.146069347858429,0.396898210048676,0.394799517965255,0.738489097842574,0.320706644027507,0.07724279,0.41642532,0.16611283,1.82926829268293,3.45454545454545,1,1,0.125,0.594254106283188,prompt2
0,AI,,R,False,Dalle29.png,../data/AI/prompt_2/stimuli_R/Dalle29.png,a drawing of a chair and a table with a plant on it,,Chair with table and plant near it,,5,0.639304399490356,0.699999988079071,91.0,chair,plant,table,2.0,2.0,1,0.5,4.56607598522163,14.393125,0.323780217487678,1,51,0.233111010008393,0.485824346542358,0.57007128835574,0.896670056105001,0.273188518023426,0.12262535,0.5234227,0.12968013,37.5,5.18181818181818,0,0,0.375,0.6696521937847135,prompt2
0,AI,,R,False,Dalle30.png,../data/AI/prompt_2/stimuli_R/Dalle30.png,there is a drawing of a glass with a liquid inside,,Geometric shapes with a small detached oval above,,4,0.544856309890747,0.550000011920929,60.0,abstract doodle/hard to interpret,,,2.0,0.0,2,0.0,5.52964599454665,9.7325,0.528407340580029,2,25,0.156913211529658,0.34918389623261,0.345947345849712,0.703269982311076,0.248414316883476,0.10854043,0.38616794,0.16521381,1.82926829268293,3.45454545454545,0,1,0.25,0.547428160905838,prompt2
0,AI,,R,False,Dalle31.png,../data/AI/prompt_2/stimuli_R/Dalle31.png,a drawing of a window with a pair of scissors in it,,"Open window with curtains tied back, object hanging in the middle",,5,0.585538625717163,0.779999971389771,97.0,window,curtains,,2.0,2.0,3,1.0,4.08792251565183,16.321875,0.35437176893684,1,65,0.221934768922947,0.485432386398315,0.49464145270833,0.819449322309501,0.294279614794023,0.15630472,0.4932402,0.1471787,75.0,11.4,0,0,0.625,0.682769298553467,prompt2
0,AI,,R,False,Dalle32.png,../data/AI/prompt_2/stimuli_R/Dalle32.png,a drawing of a drawing of a person with a hat on,,Hard to interpret,,2,0.506663024425507,0.569999992847443,65.0,abstract doodle/hard to interpret,,,2.0,0.0,2,1.0,4.32601224673719,5.825625,0.413133402275078,5,21,0.244171008815108,0.486913069692643,0.625322546838748,0.713058767288785,0.195543268549683,0.0,0.38704142,0.1514915,1.82926829268293,3.08108108108108,1,1,0.25,0.538331508636475,prompt2
0,AI,,R,False,Dalle33.png,../data/AI/prompt_2/stimuli_R/Dalle33.png,a drawing of a table and a chair with a bag on it,,Hard to interpret,,2,0.557386338710785,0.839999973773956,98.0,abstract doodle/hard to interpret,,,2.0,0.0,1,0.5,4.30268193636379,11.78875,0.387898895235489,3,29,0.244171008815108,0.486913069692643,0.625322546838748,0.73884494247944,0.324448680435467,0.0,0.47788543,0.19914876,1.82926829268293,3.08108108108108,1,1,0.125,0.6986931562423705,prompt2
0,AI,,R,False,Dalle34.png,../data/AI/prompt_2/stimuli_R/Dalle34.png,there is a drawing of a crib with birds on it,,Hard to interpret,,2,0.68682861328125,0.709999978542328,92.0,abstract doodle/hard to interpret,,,2.0,0.0,1,0.0,4.94821463973411,12.950625,0.518306539853548,2,39,0.244171008815108,0.486913069692643,0.625322546838748,0.817042282425496,0.305117118108703,0.0,0.5387214,0.19939789,1.82926829268293,3.08108108108108,1,1,0.125,0.6984142959117889,prompt2
0,AI,,R,False,Dalle35.png,../data/AI/prompt_2/stimuli_R/Dalle35.png,there is a drawing of a basket of fruit and a shopping cart,,Basket with fruit and vegetables on a table or counter,,3,0.59593790769577,0.759999990463257,96.0,abstract doodle/hard to interpret,,,2.0,0.0,2,0.5,4.37744316627465,13.47625,0.52137076747787,1,71,0.249601870822678,0.417605340480804,0.56459308055598,0.792291722979964,0.315769360988457,0.16112907,0.49147883,0.16358776,1.82926829268293,5.18181818181818,0,1,0.25,0.6779689490795135,prompt2
0,AI,,R,False,Dalle36.png,../data/AI/prompt_2/stimuli_R/Dalle36.png,a drawing of a chair and a table with a sign,,"Chair, stack of books, cup, and easel with blank canvas",,5,0.645841300487518,0.759999990463257,96.0,frame,cup,abstract doodle/hard to interpret,1.0,1.0,4,1.0,4.75899382452171,12.99125,0.296532178454288,1,31,0.189286578340137,0.350298623749572,0.478232591046844,0.747098607030921,0.30234427019143,0.13969818,0.40237802,0.13506408,37.5,5.18181818181818,0,0,0.625,0.7029206454753875,prompt2
0,AI,,R,False,Dalle37.png,../data/AI/prompt_2/stimuli_R/Dalle37.png,a drawing of a kitchen sink with a window and a sink,,Window with slatted shutters and a hanging object above,,5,0.709780633449554,0.839999973773956,99.0,abstract doodle/hard to interpret,,,2.0,0.0,1,0.0,5.25930648939386,15.558125,0.398534659889694,2,52,0.220657037457403,0.431899845600128,0.506009817839836,0.821627606329223,0.280941615870439,0.15036818,0.4366994,0.14135572,1.82926829268293,11.4,0,1,0.125,0.7748903036117549,prompt2
0,AI,,R,False,Dalle38.png,../data/AI/prompt_2/stimuli_R/Dalle38.png,a drawing of a bench with a table and a bookcase,,Abstract geometric shapes resembling shelves and a table with wheels,,3,0.615451574325562,0.72000002861023,93.0,abstract doodle/hard to interpret,,,2.0,0.0,1,0.5,4.45477559826762,17.63625,0.438981069292684,1,77,0.171395877433309,0.406915843486786,0.405523503155916,0.827854492135144,0.277275528780581,0.10001631,0.49548537,0.15188733,1.82926829268293,3.45454545454545,1,1,0.125,0.667725801467896,prompt2
0,AI,,R,False,Dalle39.png,../data/AI/prompt_2/stimuli_R/Dalle39.png,a drawing of a man standing on a platform with a machine,,"Table with glass, containers, and background objects, possibly kitchen setting",,4,0.609831809997559,0.8299999833107,98.0,table,lamp,glass,1.0,1.0,1,0.5,4.27830927438902,17.255,0.389492051182629,1,62,0.211599503564888,0.471789956092835,0.524038614275372,0.824526623856244,0.28489200554489,0.12853198,0.48479518,0.16022737,75.0,5.18181818181818,0,0,0.25,0.7199158966541295,prompt2
0,AI,,R,False,Dalle40.png,../data/AI/prompt_2/stimuli_R/Dalle40.png,a drawing of a computer with a keyboard and a monitor,,A computer with wings and a drink icon on the screen,,4,0.759143948554993,1.0,100.0,display,desk,,2.0,2.0,1,0.5,5.68357424186187,26.54625,0.32677203373463,1,73,0.222398267841441,0.451955854892731,0.479947997326968,0.839495540584359,0.367536284100655,0.1805232,0.46839246,0.21422653,75.0,5.18181818181818,0,0,0.375,0.8795719742774966,prompt2
0,AI,,R,False,Dalle41.png,../data/AI/prompt_2/stimuli_R/Dalle41.png,there is a computer monitor and keyboard on a desk,,"A computer monitor, keyboard, and mouse with connected wires",,5,0.567168235778809,0.730000019073486,94.0,display,keyboard,computer mouse,2.0,2.0,1,0.5,5.76716739832457,11.93375,0.549618320610687,1,39,0.229344771543455,0.462167918682098,0.543941159004671,0.815452352751823,0.297350466115931,0.19538452,0.45534477,0.15619914,75.0,5.18181818181818,0,0,0.375,0.6485841274261475,prompt2
0,AI,,R,False,Dalle42.png,../data/AI/prompt_2/stimuli_R/Dalle42.png,there is a drawing of a desk with a mirror and a vase,,"Various objects, including bottles and candles, placed on a sill with a mirror",,4,0.555535554885864,0.72000002861023,93.0,plant,candle,vase,2.0,2.0,2,1.0,4.71994677616755,11.155,0.457998295475599,1,35,0.209873723395243,0.51150780916214,0.518520892770343,0.767715513769384,0.287752075538973,0.15738262,0.41760093,0.13128544,50.0,5.18181818181818,0,0,0.5,0.6377677917480471,prompt2
0,AI,,R,False,Dalle43.png,../data/AI/prompt_2/stimuli_R/Dalle43.png,a drawing of a bench and a lamp in a room,,"Bench with cushions, potted plant, floor lamp, and window backdrop",,5,0.637213110923767,0.740000009536743,95.0,bench,plant,lamp,2.0,2.0,1,0.5,5.30412201350945,14.528125,0.436697018834976,4,45,0.236099944347145,0.455060823412562,0.552354534180866,0.825547611638493,0.268592277051471,0.14558691,0.4935049,0.148531,150.0,5.18181818181818,0,0,0.375,0.688606560230255,prompt2
0,AI,,R,False,Dalle44.png,../data/AI/prompt_2/stimuli_R/Dalle44.png,"a drawing of a desk with a computer, pen, and glasses",,"A table with a mirror, plant, and small items",,5,0.601162433624268,0.839999973773956,98.0,frame,plant,,2.0,2.0,1,0.5,4.8404696067158,15.2175,0.217821003512819,2,34,0.209914897690422,0.528958857059479,0.534248054027557,0.825001871896986,0.290748510419953,0.12593508,0.4640971,0.16263205,37.5,5.18181818181818,0,0,0.375,0.7205812036991119,prompt2
0,AI,,R,False,Dalle45.png,../data/AI/prompt_2/stimuli_R/Dalle45.png,drawing of a bed with a pillow and a headphone in a box,,"Person lying in bed, view from the foot, blanket covering body",,4,0.597064852714539,0.689999997615814,90.0,abstract doodle/hard to interpret,,,2.0,0.0,1,0.5,4.14339588865301,10.451875,0.512687427912342,1,38,0.261400743639424,0.485110998153687,0.564994070827607,0.836278971199414,0.264330941776385,0.21165106,0.50805414,0.1613082,1.82926829268293,11.4,0,1,0.125,0.6435324251651765,prompt2
0,AI,,R,False,Dalle46.png,../data/AI/prompt_2/stimuli_R/Dalle46.png,a drawing of a chair in a room with a window,,Chair in front of a rectangular frame or window,,4,0.57549262046814,0.639999985694885,81.0,chair,,,1.0,1.0,3,0.5,4.43881182713235,10.224375,0.474306149420819,1,38,0.231364506835119,0.391426086425781,0.51922047252777,0.825731442962364,0.234080786637932,0.14046487,0.4183086,0.12238886,37.5,5.18181818181818,0,0,0.5,0.6077463030815125,prompt2
0,AI,,R,False,Dalle47.png,../data/AI/prompt_2/stimuli_R/Dalle47.png,a drawing of a potted plant on a table with a watering can,,Potted plant on a table with two pots on a shelf,,5,0.690044522285461,0.860000014305115,99.0,plant(s),shelf,,2.0,2.0,3,1.0,4.84156238125948,17.504375,0.436974789915966,4,77,0.265527113346628,0.491919309382479,0.569427200487515,0.779013415698454,0.309823157264087,0.15514724,0.44223872,0.15341444,50.0,5.18181818181818,0,0,0.625,0.775022268295288,prompt2
0,AI,,R,False,Dalle48.png,../data/AI/prompt_2/stimuli_R/Dalle48.png,a drawing of a tall tower with a door and a window,,"Tall, open framework structure resembling a tower with multiple levels",,4,0.552029609680176,0.649999976158142,83.0,abstract doodle/hard to interpret,,,2.0,0.0,1,0.5,6.01447261316872,24.03625,0.533157819837769,1,94,0.206101107233695,0.524894952774048,0.502146214374673,0.862643794115082,0.294236903646511,0.17892006,0.544521,0.16567521,1.82926829268293,3.45454545454545,0,1,0.125,0.6010147929191589,prompt2
0,AI,,R,False,Dalle49.png,../data/AI/prompt_2/stimuli_R/Dalle49.png,a drawing of a bottle of water on a block,,"A bottle with an abstract pattern, placed on a block",,5,0.534698307514191,0.670000016689301,88.0,bottle,,,1.0,1.0,2,1.0,4.24852538351332,9.82125,0.528846535636292,2,53,0.174118806474278,0.357324659824371,0.479350209236145,0.830428967800862,0.304364422947734,0.14510337,0.6559987,0.17254767,75.0,3.45454545454545,1,0,0.375,0.602349162101746,prompt2
0,AI,,R,False,Dalle50.png,../data/AI/prompt_2/stimuli_R/Dalle50.png,a drawing of a picture frame with a sun in the background,,A painting on an easel with a sun in the background,,4,0.58497542142868,0.699999988079071,91.0,frame,sun,,2.0,2.0,1,0.5,5.38278376983589,11.36,0.472863053081832,1,38,0.190915561805295,0.470126036390535,0.503987580775474,0.685246556206904,0.298365978483057,0.17423499,0.4508791,0.16840173,37.5,11.4,0,0,0.375,0.6424877047538755,prompt2
0,AI,,G,False,Dalle01.png,../data/AI/prompt_3/stimuli_G/Dalle01.png,a drawing of a person in a helmet with a microphone,,Person with short hair inside a circular shape,,4,0.608577907085419,0.63,81.0,person(s),,,2.0,2.0,2,0.0,4.37525541978361,8.808125,0.677355676434462,1,17,0.186790585517883,0.356828849221135,0.51049689979842,0.666034791684529,0.2891132494449,0.1340899,0.29866475,0.16694942,5.55555555555556,6.38888888888889,0,0,0.5,0.6192889535427095,prompt3
0,AI,,G,False,Dalle02.png,../data/AI/prompt_3/stimuli_G/Dalle02.png,a drawing of a man with a halo and a pair of scissors,,Human figure with circular elements and lines above and around it,,4,0.703879594802856,0.76,96.0,person(s),,,2.0,1.0,2,0.5,4.87647512003592,13.04375,0.635250533718448,2,36,0.162359714508057,0.319018820494974,0.406658481757818,0.720780379659451,0.268793904336354,0.106121086,0.3325534,0.14074187,5.55555555555556,3.70967741935484,0,0,0.375,0.731939797401428,prompt3
0,AI,,G,False,Dalle03.png,../data/AI/prompt_3/stimuli_G/Dalle03.png,a black and white drawing of a clock with a face on it,,Hard to interpret,,3,0.623185098171234,0.85,99.0,person(s),,,2.0,1.0,1,0.0,5.42529337535546,13.835,0.554652213188799,4,23,0.248445093631744,0.458286789553569,0.628205258494772,0.538392710092592,0.297671233336073,0.0,0.28467804,0.16184992,5.55555555555556,3.19444444444444,1,0,0.25,0.736592549085617,prompt3
0,AI,,G,False,Dalle04.png,../data/AI/prompt_3/stimuli_G/Dalle04.png,a drawing of a man with a knife and fork in his hand,,A person resting their head on crossed arms with a circular line above,,4,0.646853625774384,0.78,97.0,person(s),,,2.0,3.0,2,0.5,4.91662457445028,13.243125,0.634276445082197,1,30,0.172880411148071,0.443033320994178,0.469797953063188,0.756050245569328,0.313672858329591,0.14226732,0.35473964,0.17227308,5.55555555555556,6.38888888888889,0,0,0.625,0.713426812887192,prompt3
0,AI,,G,False,Dalle05.png,../data/AI/prompt_3/stimuli_G/Dalle05.png,a drawing of a man and woman in a circle with a cross,,Three abstract figures inside concentric circles with a horizontal line,,4,0.550272941589356,0.74,95.0,person(s),,,2.0,1.0,2,0.5,4.26862792255577,10.4975,0.83044783010157,1,20,0.138841152191162,0.356596689122816,0.389142453670502,0.500799065248289,0.338860763571585,0.09273267,0.32735544,0.16608073,5.55555555555556,3.70967741935484,1,0,0.375,0.6451364707946781,prompt3
0,AI,,G,False,Dalle06.png,../data/AI/prompt_3/stimuli_G/Dalle06.png,a close up of a bird in a cage with a plant inside,,Bird sitting on a branch inside a glass bell jar,,5,0.553906917572022,0.73,94.0,bird,cage,,2.0,2.0,2,0.5,6.02359184910162,12.156875,0.488595926390348,2,13,0.227642751563869,0.42527562379837,0.546451720383865,0.690664766782438,0.329239761153847,0.1775172,0.48291856,0.18522456,75.0,6.38888888888889,0,0,0.5,0.641953458786011,prompt3
0,AI,,G,False,Dalle07.png,../data/AI/prompt_3/stimuli_G/Dalle07.png,a drawing of a man with a nose and a nose ring,,Overlapping outlines of two faces in profile view,,5,0.53583037853241,0.69,89.0,person(s),,,2.0,3.0,3,1.0,4.60308215602889,6.859375,0.758353851565248,2,13,0.225135445594788,0.568598721539897,0.502246409654617,0.734997396761852,0.295724525221779,0.17267546,0.48915067,0.18483727,5.55555555555556,3.70967741935484,0,0,0.75,0.612915189266205,prompt3
0,AI,,G,False,Dalle08.png,../data/AI/prompt_3/stimuli_G/Dalle08.png,a drawing of a man and woman standing in a doorway,,Silhouettes of two figures inside an arch-like structure,,4,0.51779979467392,0.58,68.0,person(s),arch,,1.0,1.0,1,0.5,4.22414474772015,6.695625,0.629897073880476,1,18,0.176494240760803,0.383785513607482,0.514784783124924,0.629403451420807,0.306750723571797,0.124573305,0.40049466,0.1701614,5.55555555555556,6.05263157894737,0,0,0.25,0.54889989733696,prompt3
0,AI,,G,False,Dalle09.png,../data/AI/prompt_3/stimuli_G/Dalle09.png,a close up of a bird in a circle with a person in it,,Abstract bird-like figure within a circle with minimalistic lines,,4,0.508225023746491,0.65,83.0,bird,,,1.0,1.0,2,0.0,5.30545571628647,8.261875,0.871996749123787,1,10,0.131840765476227,0.345281979160426,0.362854838371277,0.523398144587216,0.289916652881055,0.09007658,0.25517315,0.16375525,75.0,3.70967741935484,1,0,0.375,0.5791125118732455,prompt3
0,AI,,G,False,Dalle10.png,../data/AI/prompt_3/stimuli_G/Dalle10.png,a drawing of a man in a suit with a tie and a hat,,Abstract figures in a protective embrace within a circular shape,,4,0.540406882762909,0.61,74.0,person(s),arch,,2.0,2.0,1,0.5,4.18382485703265,8.493125,0.809387092747472,1,24,0.166522026062012,0.377171021019549,0.457534952686278,0.575774054120679,0.288004345695179,0.09329611,0.29002577,0.14307417,5.55555555555556,3.70967741935484,1,0,0.375,0.5752034413814545,prompt3
0,AI,,G,False,Dalle11.png,../data/AI/prompt_3/stimuli_G/Dalle11.png,a drawing of a man and woman standing in front of a mannequin,,Three abstract human-like figures standing inside a circular frame,,4,0.604195296764374,0.77,96.0,creature(s),,,2.0,2.0,2,0.5,4.45997541693426,10.16375,0.839530859450106,1,29,0.192191243171692,0.41631911445615,0.493099361246785,0.626450582060032,0.328666449590759,0.11418424,0.27687865,0.15704927,150.0,3.70967741935484,1,0,0.5,0.687097648382187,prompt3
0,AI,,G,False,Dalle12.png,../data/AI/prompt_3/stimuli_G/Dalle12.png,a drawing of a man falling off a building with a hammer,,Abstract geometric shapes and lines within a circle,,4,0.528463125228882,0.71,92.0,abstract doodle/hard to interpret,,,2.0,0.0,1,0.0,4.79988688219549,11.144375,0.756316573962991,1,28,0.137236688650747,0.337814510269268,0.393290024795831,0.576923607170956,0.335981589988561,0.058012325,0.271308,0.18281093,2.38095238095238,4.10714285714286,1,1,0.125,0.6192315626144409,prompt3
0,AI,,G,False,Dalle13.png,../data/AI/prompt_3/stimuli_G/Dalle13.png,a drawing of a woman with a cup of coffee in her hand,,"Two abstract faces facing each other, surrounded by swirls and curves",,4,0.621922612190247,0.72,93.0,person(s),kissing,,2.0,2.0,3,0.5,4.28014468922331,11.33,0.61407133904678,1,37,0.180007934570313,0.386062246145673,0.484384640585918,0.6515848169423,0.365370302961558,0.10687636,0.28273782,0.18879953,5.55555555555556,3.70967741935484,1,0,0.625,0.6709613060951235,prompt3
0,AI,,G,False,Dalle14.png,../data/AI/prompt_3/stimuli_G/Dalle14.png,a drawing of a person with a light bulb above their head,,Abstract figure with a circular head and radiating lines above,,4,0.543693363666534,0.67,87.0,person(s),,,2.0,1.0,2,0.0,4.35273483667315,7.94625,0.584940883634101,4,15,0.158533682910579,0.399815231534121,0.390062790812933,0.496951497141231,0.275530342271571,0.0971228,0.2882394,0.14952996,5.55555555555556,3.70967741935484,1,0,0.375,0.606846681833267,prompt3
0,AI,,G,False,Dalle15.png,../data/AI/prompt_3/stimuli_G/Dalle15.png,drawing of a couple of birds with a heart in a circle,,Abstract figures with heart symbol and circular elements,,4,0.541910171508789,0.67,86.0,abstract doodle/hard to interpret,,,2.0,0.0,1,0.0,4.02337276796484,8.359375,0.906869891760548,1,27,0.163304557603325,0.350427190972185,0.427294015884399,0.634933617796112,0.354556429187352,0.08826868,0.28175023,0.14018463,2.38095238095238,3.70967741935484,1,1,0.125,0.6059550857543945,prompt3
0,AI,,G,False,Dalle16.png,../data/AI/prompt_3/stimuli_G/Dalle16.png,a drawing of a man and a woman in a circle,,Hard to interpret,,2,0.609859585762024,0.88,99.0,person(s),,,1.0,1.0,1,0.5,4.37383329602876,10.99125,0.653444371393089,1,29,0.248445093631744,0.458286789553569,0.628205258494772,0.579363344984517,0.29014493258107,0.0,0.2588851,0.11902028,5.55555555555556,3.19444444444444,1,0,0.25,0.744929792881012,prompt3
0,AI,,G,False,Dalle17.png,../data/AI/prompt_3/stimuli_G/Dalle17.png,a drawing of a man standing next to a woman on a surfboard,,Two abstract human figures stretching or exercising within a circle,,4,0.507966279983521,0.65,83.0,person(s),,,2.0,1.0,2,0.5,4.28237174002928,5.7475,0.849848923968675,1,12,0.18301784992218,0.446105225268162,0.482195302313426,0.60792891576918,0.33343389258426,0.10501907,0.26298928,0.20712996,5.55555555555556,3.70967741935484,1,0,0.375,0.5789831399917604,prompt3
0,AI,,G,False,Dalle18.png,../data/AI/prompt_3/stimuli_G/Dalle18.png,a black and white image of a person holding a dog in a circle,,Abstract labyrinth with horse and two human figures intertwined,,3,0.617464542388916,0.93,99.0,abstract doodle/hard to interpret,,,2.0,0.0,1,0.5,4.8217569636915,24.26375,0.525290875688916,1,78,0.194210100519054,0.482487603500116,0.492548882961273,0.613070451184017,0.313792634862551,0.12832025,0.34192693,0.15422618,2.38095238095238,3.70967741935484,1,1,0.125,0.7737322711944581,prompt3
0,AI,,G,False,Dalle19.png,../data/AI/prompt_3/stimuli_G/Dalle19.png,a drawing of a man playing a game of basketball with a bat,,Hard to interpret,,1,0.569509863853455,0.55,60.0,abstract doodle/hard to interpret,,,2.0,0.0,2,0.5,4.47957999563674,9.02875,0.535411584735602,2,26,0.248445093631744,0.458286789553569,0.628205258494772,0.535660773129348,0.256771557372837,0.0,0.30165988,0.15382469,2.38095238095238,3.19444444444444,1,1,0.25,0.5597549319267275,prompt3
0,AI,,G,False,Dalle20.png,../data/AI/prompt_3/stimuli_G/Dalle20.png,there is a drawing of a man and a woman standing in a doorway,,Two people walking and one bent over within archway,,4,0.55028909444809,0.71,92.0,person(s),animal,arch,2.0,2.0,2,0.5,4.33628889843202,8.075,0.5394879022786,2,18,0.240285263044519,0.524324611554283,0.603340530196396,0.661527572201199,0.35212265565342,0.15852077,0.33855903,0.21629548,5.55555555555556,6.05263157894737,0,0,0.5,0.630144547224045,prompt3
0,AI,,G,False,Dalle21.png,../data/AI/prompt_3/stimuli_G/Dalle21.png,drawing of a man and a woman sitting in a chair,,Abstract figures of two people inside a circular shape,,4,0.620831489562988,0.69,90.0,person(s),painting,,1.0,2.0,2,0.0,4.68877282930613,10.568125,0.670682013154132,1,27,0.169444729718879,0.430307848164673,0.469744443893433,0.66300528255064,0.359219974592534,0.07968463,0.28357667,0.18032405,5.55555555555556,3.70967741935484,1,0,0.5,0.6554157447814939,prompt3
0,AI,,G,False,Dalle22.png,../data/AI/prompt_3/stimuli_G/Dalle22.png,a drawing of a woman holding a candle in her hand,,Abstract shapes forming a figure with flowing elements inside a circle,,3,0.560912489891052,0.74,95.0,abstract doodle/hard to interpret,,,2.0,0.0,2,0.0,4.30758932318704,7.21375,0.642653093024464,1,18,0.153580358411051,0.365425489272205,0.401780366897583,0.579726060967766,0.255938671551315,0.08436882,0.36027795,0.13965885,2.38095238095238,3.70967741935484,1,1,0.25,0.650456244945526,prompt3
0,AI,,G,False,Dalle23.png,../data/AI/prompt_3/stimuli_G/Dalle23.png,a black and white drawing of a bird in a cage,,Abstract geometric figure with two flowers inside a circle,,4,0.623868107795715,0.83,98.0,abstract doodle/hard to interpret,flowers,,1.0,1.0,2,0.5,4.4685495518766,12.85625,0.622406511083023,4,28,0.16109113925152,0.393620353747021,0.432155609130859,0.597530101507712,0.332667352427103,0.09220513,0.27148795,0.16932759,2.38095238095238,4.10714285714286,1,1,0.375,0.7269340538978575,prompt3
0,AI,,G,False,Dalle24.png,../data/AI/prompt_3/stimuli_G/Dalle24.png,a drawing of a black and white image of a clock,,Hard to interpret,,2,0.520354092121124,0.66,85.0,abstract doodle/hard to interpret,,,2.0,0.0,1,0.5,4.52107130213875,7.03875,0.660374501589865,2,20,0.248445093631744,0.458286789553569,0.628205258494772,0.503822661998858,0.24857367199999,0.0,0.30198234,0.15011844,2.38095238095238,3.19444444444444,1,1,0.125,0.590177046060562,prompt3
0,AI,,G,False,Dalle25.png,../data/AI/prompt_3/stimuli_G/Dalle25.png,a drawing of a man and a woman in a circle,,Hard to interpret,,3,0.571984469890595,0.66,86.0,abstract doodle/hard to interpret,,,2.0,0.0,1,0.0,4.27920317465932,9.545,0.623267007898037,13,21,0.248445093631744,0.458286789553569,0.628205258494772,0.524193759086472,0.28806863906597,0.0,0.23014311,0.14104803,2.38095238095238,3.19444444444444,1,1,0.125,0.6159922349452975,prompt3
0,AI,,G,False,Dalle26.png,../data/AI/prompt_3/stimuli_G/Dalle26.png,drawing of a man standing in a circle with a baby in it,,"Abstract figures arranged around central small figure, encircled by a border",,3,0.634359955787659,0.75,95.0,person(s),,,2.0,1.0,1,0.0,4.78311313567201,9.0325,0.665835622226917,3,10,0.152458837481805,0.360832612539309,0.407031774520874,0.588796623501883,0.344633865060171,0.098605745,0.35541677,0.19172867,5.55555555555556,3.70967741935484,1,0,0.25,0.6921799778938296,prompt3
0,AI,,G,False,Dalle27.png,../data/AI/prompt_3/stimuli_G/Dalle27.png,a drawing of a man holding a microphone in a circle,,"Person with halo and flute, standing within a circle",,3,0.546428442001343,0.7,91.0,person(s),,,2.0,2.0,2,0.5,4.66807602144485,7.8225,0.724587450209508,2,11,0.203399777412415,0.466556354360472,0.558677196502686,0.554156225441365,0.321613116282767,0.14684318,0.24958429,0.21619749,5.55555555555556,6.38888888888889,0,0,0.5,0.6232142210006715,prompt3
0,AI,,G,False,Dalle28.png,../data/AI/prompt_3/stimuli_G/Dalle28.png,a black and white image of a monkey with a knife and fork,,Abstract depiction of a monkey inside a circle,,5,0.687829375267029,0.94,99.0,person(s),,,1.0,1.0,2,0.5,8.21319782385888,24.0325,0.528236859077717,1,26,0.164754678919631,0.380069997917109,0.439924564357075,0.609158550417075,0.356844984667635,0.107029416,0.26568684,0.19800289,5.55555555555556,3.70967741935484,1,0,0.375,0.8139146876335145,prompt3
0,AI,,G,False,Dalle29.png,../data/AI/prompt_3/stimuli_G/Dalle29.png,a black and white logo of two people holding hands,,Two abstract figures facing each other with a book below,,3,0.52934056520462,0.66,84.0,person(s),silhouette,,2.0,1.0,2,0.5,5.30464782029448,9.09625,0.811741160773849,1,13,0.203094696629674,0.442030532420591,0.496710479259491,0.468889020092653,0.303048970832741,0.13048819,0.24011476,0.13308486,5.55555555555556,3.70967741935484,1,0,0.375,0.59467028260231,prompt3
0,AI,,G,False,Dalle30.png,../data/AI/prompt_3/stimuli_G/Dalle30.png,a drawing of a man with a bucket and a cane,,Abstract figure with a hat and pipe standing by a cylindrical object,,3,0.609580099582672,0.66,85.0,person(s),,,2.0,1.0,3,0.5,4.40519379319539,8.858125,0.484119049450127,2,21,0.16598916053772,0.397836190397626,0.476767599582672,0.650546726131977,0.299098525965726,0.1377906,0.3640033,0.2372056,5.55555555555556,6.38888888888889,1,0,0.5,0.634790049791336,prompt3
0,AI,,G,False,Dalle31.png,../data/AI/prompt_3/stimuli_G/Dalle31.png,a black and white drawing of a no dogs allowed sign,,Two figures inside a circle engaged in a sport activity,,4,0.517360091209412,0.78,97.0,abstract doodle/hard to interpret,person(s),,1.0,1.0,1,0.5,4.41762877182601,9.655625,0.708698501105742,1,19,0.202612805210779,0.52287957072258,0.560885297086397,0.578434999891786,0.358656019745875,0.12133732,0.23388405,0.19358036,2.38095238095238,3.70967741935484,0,1,0.25,0.6486800456047059,prompt3
0,AI,,G,False,Dalle32.png,../data/AI/prompt_3/stimuli_G/Dalle32.png,a drawing of a person sitting on a chair with a laptop,,Hard to interpret,,1,0.561048686504364,0.67,87.0,abstract doodle/hard to interpret,person(s),,1.0,1.0,1,0.0,4.33786681088181,6.908125,0.660940226876091,1,13,0.248445093631744,0.458286789553569,0.628205258494772,0.674706355785552,0.298279517130062,0.0,0.35019732,0.17534342,2.38095238095238,3.19444444444444,1,1,0.25,0.615524343252182,prompt3
0,AI,,G,False,Dalle33.png,../data/AI/prompt_3/stimuli_G/Dalle33.png,a black and white logo with a stylized image of a person in a circle,,"Abstract symbol featuring circles, lines, and a sun-like motif in a circle",,3,0.6451336145401,0.8,98.0,abstract doodle/hard to interpret,pattern,,2.0,0.0,1,0.0,4.07378653159741,8.825,0.539675174013921,1,30,0.146403533649017,0.37734160951798,0.397376239299774,0.576447166624438,0.293025053358527,0.08764039,0.36361474,0.13496199,2.38095238095238,3.70967741935484,1,1,0.125,0.72256680727005,prompt3
0,AI,,G,False,Dalle34.png,../data/AI/prompt_3/stimuli_G/Dalle34.png,a drawing of two faces with a cross and a cross on the other side,,Two abstract human faces connected with geometric lines and shapes,,4,0.679896593093872,0.76,96.0,person(s),,,2.0,2.0,2,0.5,4.31210028645084,12.983125,0.647313821040988,1,53,0.162725806236267,0.374878626313168,0.465936843641177,0.680598502048984,0.320800076866178,0.09620874,0.33045614,0.17244938,5.55555555555556,3.70967741935484,1,0,0.5,0.7199482965469359,prompt3
0,AI,,G,False,Dalle35.png,../data/AI/prompt_3/stimuli_G/Dalle35.png,a drawing of a drawing of a person holding a pair of scissors,,Hard to interpret,,1,0.675966143608093,0.88,99.0,playing card,,,1.0,2.0,4,1.0,4.76120309865984,9.754375,0.50218839951106,1,21,0.248445093631744,0.458286789553569,0.628205258494772,0.683422528244385,0.268961018238961,0.0,0.37896568,0.19054607,150.0,3.19444444444444,1,0,0.75,0.7779830718040466,prompt3
0,AI,,G,False,Dalle36.png,../data/AI/prompt_3/stimuli_G/Dalle36.png,a drawing of a tall tower with a clock on top,,Hard to interpret,,2,0.62833845615387,0.81,98.0,abstract doodle/hard to interpret,,,2.0,0.0,1,0.0,7.40883676485424,13.21625,0.461447628773856,1,17,0.248445093631744,0.458286789553569,0.628205258494772,0.588477845741802,0.267250819569546,0.0,0.3353994,0.13048112,2.38095238095238,3.19444444444444,1,1,0.125,0.7191692280769351,prompt3
0,AI,,G,False,Dalle37.png,../data/AI/prompt_3/stimuli_G/Dalle37.png,a drawing of two cats with glasses and a cane,,"Two stylized cats sitting with a circle and letters ""AL"" above",,5,0.668764710426331,0.84,98.0,cat(s),,,2.0,2.0,2,0.5,4.73890640336651,12.095625,0.46491741448823,2,29,0.203563451766968,0.402982574790197,0.479156522700578,0.576661974754906,0.368285552143551,0.16773319,0.32642594,0.23516484,75.0,6.38888888888889,0,0,0.5,0.7543823552131654,prompt3
0,AI,,G,False,Dalle38.png,../data/AI/prompt_3/stimuli_G/Dalle38.png,a drawing of a group of people standing around a circle,,"Abstract figures, possibly people, overlapping within a circular shape",,3,0.627448081970215,0.7,91.0,abstract doodle/hard to interpret,person(s),,1.0,1.0,1,0.0,4.19237978374611,13.306875,0.494430600174138,3,49,0.156193962324024,0.358388464402808,0.433710813522339,0.639565886157846,0.264315676159213,0.083791964,0.30684534,0.13809815,2.38095238095238,3.70967741935484,1,1,0.25,0.6637240409851075,prompt3
0,AI,,G,False,Dalle39.png,../data/AI/prompt_3/stimuli_G/Dalle39.png,a line drawing of a man walking with a cane and a woman walking with a cane,,Abstract figures walking in a circular path or doorway suggestion,,3,0.561066329479218,0.68,89.0,person(s),,,2.0,2.0,2,0.5,4.54591056361606,7.865625,0.656709535276938,2,13,0.170846819877625,0.326184928417206,0.442452788352966,0.511757658568556,0.295125895257376,0.1130981,0.30906066,0.17534694,5.55555555555556,4.10714285714286,1,0,0.5,0.6205331647396091,prompt3
0,AI,,G,False,Dalle40.png,../data/AI/prompt_3/stimuli_G/Dalle40.png,a drawing of a woman holding a baby in a circle,,"Two figures resembling pencils, embracing in a circular shape",,5,0.568342328071594,0.82,98.0,person(s),,,1.0,1.0,1,0.0,4.26409450107343,13.5725,0.608747514910537,2,37,0.156461094512376,0.329317788163357,0.437524292616587,0.610783195141233,0.342947861794244,0.10984464,0.25724077,0.15379865,5.55555555555556,3.70967741935484,0,0,0.25,0.694171164035797,prompt3
0,AI,,G,False,Dalle41.png,../data/AI/prompt_3/stimuli_G/Dalle41.png,a drawing of a man standing in a circle with a surfboard,,"Abstract figure surrounded by overlapping, swirling lines and shapes",,3,0.665135741233826,0.76,96.0,abstract doodle/hard to interpret,person(s),,1.0,0.0,1,0.0,4.67133323333722,20.260625,0.623419869347586,2,79,0.128332428435537,0.357870004050135,0.386196576726232,0.75036534263098,0.286699220631281,0.088640764,0.37666917,0.13352689,2.38095238095238,3.70967741935484,1,1,0.125,0.712567870616913,prompt3
0,AI,,G,False,Dalle42.png,../data/AI/prompt_3/stimuli_G/Dalle42.png,a drawing of a gas pump with a hose attached to it,,Hard to interpret,,2,0.580197930335999,0.71,92.0,abstract doodle/hard to interpret,,,2.0,0.0,1,0.0,4.3297377343444,7.225625,0.730950958561886,1,12,0.248445093631744,0.458286789553569,0.628205258494772,0.62120681987073,0.309325527892003,0.0,0.3507402,0.17633884,2.38095238095238,3.19444444444444,1,1,0.125,0.6450989651679995,prompt3
0,AI,,G,False,Dalle43.png,../data/AI/prompt_3/stimuli_G/Dalle43.png,drawing of a man with a sign and a person with a hat,,Hard to interpret,,2,0.663188576698303,0.62,77.0,face(s),,,1.0,1.0,2,0.0,5.22952278228074,8.61,0.57147808005545,2,12,0.248445093631744,0.458286789553569,0.628205258494772,0.522030739064001,0.267599300292029,0.0,0.29653496,0.14434044,75.0,3.19444444444444,1,0,0.375,0.6415942883491514,prompt3
0,AI,,G,False,Dalle44.png,../data/AI/prompt_3/stimuli_G/Dalle44.png,a drawing of a man standing on a scale with a woman standing behind him,,Hard to interpret,,1,0.601159393787384,0.68,89.0,abstract doodle/hard to interpret,,,2.0,0.0,1,0.0,4.4143848316035,9.113125,0.703500960006536,1,17,0.248445093631744,0.458286789553569,0.628205258494772,0.658529651795153,0.336281057139165,0.0,0.28055432,0.15357956,2.38095238095238,3.19444444444444,1,1,0.125,0.6405796968936921,prompt3
0,AI,,G,False,Dalle45.png,../data/AI/prompt_3/stimuli_G/Dalle45.png,a drawing of a man in a cage with a monkey on it,,Group of people interacting around a central figure or object,,3,0.70123690366745,0.87,99.0,person(s),,,2.0,1.0,1,0.0,4.35923455561228,12.781875,0.678368915192266,1,20,0.199861407279968,0.495560615990198,0.577704966068268,0.592042857785614,0.359933770179951,0.15283388,0.2580381,0.19964202,5.55555555555556,3.70967741935484,0,0,0.25,0.785618451833725,prompt3
0,AI,,G,False,Dalle46.png,../data/AI/prompt_3/stimuli_G/Dalle46.png,a drawing of a man in a wheelchair with a cane,,"Abstract shapes within a circle, possibly a person with a wheelchair",,3,0.607495367527008,0.73,94.0,abstract doodle/hard to interpret,,,2.0,0.0,1,0.5,4.19260019565925,11.54125,0.764334305150632,1,45,0.140413863609563,0.33870283826623,0.418893873691559,0.691975276685553,0.348261132221891,0.09623358,0.35784572,0.17883506,2.38095238095238,3.70967741935484,1,1,0.125,0.668747683763504,prompt3
0,AI,,G,False,Dalle47.png,../data/AI/prompt_3/stimuli_G/Dalle47.png,drawing of a man on a bicycle with a bird on top,,A person sitting inside a round cage suspended by a hook,,4,0.610653936862946,0.81,98.0,person(s),bed,,1.0,1.0,2,0.5,4.08741858359145,12.215,0.644103413143148,1,68,0.216018246649607,0.48316304335484,0.601334720849991,0.7150936973752,0.345218731985208,0.15583782,0.39306927,0.19995382,5.55555555555556,6.38888888888889,0,0,0.375,0.710326968431473,prompt3
0,AI,,G,False,Dalle48.png,../data/AI/prompt_3/stimuli_G/Dalle48.png,a drawing of a goat with a fork and knife in it,,Hard to interpret,,2,0.638008236885071,0.75,96.0,animal,,,1.0,1.0,1,0.5,4.737219027635,10.62125,0.652099336266687,1,24,0.248445093631744,0.458286789553569,0.628205258494772,0.661674304184957,0.338777020751683,0.0,0.3404612,0.15365249,150.0,3.19444444444444,1,0,0.25,0.6940041184425355,prompt3
0,AI,,G,False,Dalle49.png,../data/AI/prompt_3/stimuli_G/Dalle49.png,a drawing of a woman sitting on a horse in a circle,,"A person interacting with two abstract, horse-like figures in a circle",,3,0.551805436611176,0.71,92.0,horse,person(s),,2.0,2.0,2,0.5,5.09145867833529,6.513125,0.944910479529235,1,12,0.180431593630814,0.392037492753192,0.485509499475643,0.682932631040732,0.326835864612054,0.10832338,0.36592594,0.16910204,150.0,3.70967741935484,1,0,0.5,0.630902718305588,prompt3
0,AI,,G,False,Dalle50.png,../data/AI/prompt_3/stimuli_G/Dalle50.png,a drawing of a man and a woman standing in a circle,,"Abstract figures in front of a circle, possibly two people",,3,0.594396471977234,0.66,85.0,person(s),,,1.0,1.0,2,0.5,4.29991899120946,6.935625,0.54888122124634,4,19,0.176149894228582,0.412228167057037,0.471815466880798,0.614594884710757,0.286763355618802,0.086022645,0.3765802,0.16150662,5.55555555555556,3.70967741935484,1,0,0.375,0.627198235988617,prompt3
0,AI,,I,False,Dalle01.png,../data/AI/prompt_3/stimuli_I/Dalle01.png,a cartoon drawing of a man sitting on a laptop computer,,A stylized figure in a crouching or seated position,,4,0.442322641611099,0.53,56.0,person(s),,,1.0,1.0,2,1.0,4.54722963080814,4.71625,0.673610035620257,2,12,0.20293800813329,0.339185377310834,0.455500364303589,0.613990723563513,0.346223152606574,0.11757455,0.35343796,0.16986379,7.14285714285714,9.90909090909091,0,0,0.375,0.4861613208055495,prompt3
0,AI,,I,False,Dalle02.png,../data/AI/prompt_3/stimuli_I/Dalle02.png,a drawing of a man sitting on a chair talking on a phone,,"A person sitting on a box, hand on chin, thoughtful pose",,5,0.55880618095398,0.6,74.0,abstract doodle/hard to interpret,,,2.0,0.0,3,1.0,4.28517016197132,4.799375,0.778232975187447,1,12,0.23820960521698,0.447884510268374,0.54594612121582,0.577820842535249,0.286828305539576,0.13929339,0.25508243,0.14221594,2.38095238095238,9.90909090909091,0,1,0.375,0.57940309047699,prompt3
0,AI,,I,False,Dalle03.png,../data/AI/prompt_3/stimuli_I/Dalle03.png,a close up of a drawing of a person with a hat on,,"Two faces with bird on head, abstract style",,4,0.545051038265228,0.6,72.0,abstract doodle/hard to interpret,,,2.0,0.0,1,0.0,5.33401196684238,5.324375,0.664843398771167,1,14,0.205020546913147,0.398579102712247,0.500451058122452,0.617186448439046,0.315918808297163,0.124293566,0.35463792,0.14616847,2.38095238095238,4.73913043478261,1,1,0.125,0.572525519132614,prompt3
0,AI,,I,False,Dalle04.png,../data/AI/prompt_3/stimuli_I/Dalle04.png,drawing of a dolphin and a bird with a long nose,,Hard to interpret,,1,0.504215896129608,0.57,65.0,abstract doodle/hard to interpret,,,2.0,0.0,3,0.5,4.23480983613468,3.345,0.641316310807836,3,5,0.240361928939819,0.490069835786213,0.602184653282166,0.574089691470139,0.328209884546327,0.0,0.39103293,0.2004251,2.38095238095238,2.5952380952381,1,1,0.375,0.537107948064804,prompt3
0,AI,,I,False,Dalle05.png,../data/AI/prompt_3/stimuli_I/Dalle05.png,a drawing of a woman sitting in a chair with a cat,,"Person sitting on a throne with hands folded, abstract style",,4,0.676720142364502,0.76,96.0,person(s),,,2.0,2.0,2,1.0,5.62746828151285,11.67875,0.483456354889648,1,22,0.216002464294434,0.472901463508606,0.502537190914154,0.761056599607686,0.293286207439408,0.12176059,0.40986267,0.18107405,7.14285714285714,9.90909090909091,1,0,0.5,0.718360071182251,prompt3
0,AI,,I,False,Dalle06.png,../data/AI/prompt_3/stimuli_I/Dalle06.png,a drawing of a person sitting in a chair with a laptop,,Hard to interpret,,2,0.534906387329102,0.56,63.0,abstract doodle/hard to interpret,,,2.0,0.0,1,0.0,4.31931998874469,5.780625,0.811773022299338,2,15,0.240361928939819,0.490069835786213,0.602184653282166,0.650521942246881,0.279598318693473,0.0,0.31633717,0.12510486,2.38095238095238,2.5952380952381,1,1,0.125,0.547453193664551,prompt3
0,AI,,I,False,Dalle07.png,../data/AI/prompt_3/stimuli_I/Dalle07.png,a drawing of a man with a hat and a cane,,Hard to interpret,,3,0.534892916679382,0.54,57.0,abstract doodle/hard to interpret,,,2.0,0.0,1,0.0,5.142836829894,6.325,0.477222883639326,1,6,0.240361928939819,0.490069835786213,0.602184653282166,0.533178922807518,0.314073957831329,0.0,0.30824825,0.1597524,2.38095238095238,2.5952380952381,1,1,0.125,0.537446458339691,prompt3
0,AI,,I,False,Dalle08.png,../data/AI/prompt_3/stimuli_I/Dalle08.png,cartoon of a man standing next to a stool with a knife in his hand,,"Two abstract figures, one standing, another upside down, with a stool",,4,0.612021207809448,0.69,90.0,person(s),stool,,2.0,0.0,0,0.0,5.18822236887243,9.08125,0.367235105869975,6,29,0.216827988624573,0.440597159880315,0.465580376054025,0.745297110776377,0.362216362560818,0.13506359,0.44800076,0.20717785,7.14285714285714,5.73684210526316,1,0,0.0,0.651010603904724,prompt3
0,AI,,I,False,Dalle09.png,../data/AI/prompt_3/stimuli_I/Dalle09.png,a close up of a drawing of a person sitting on a chair,,Abstract lines forming a stylized letter and geometric shapes,,3,0.564669489860535,0.52,53.0,abstract doodle/hard to interpret,,,2.0,0.0,1,0.0,4.77355676200913,5.518125,0.812177790163021,1,14,0.126957468571812,0.301058629186708,0.39314329624176,0.580826408187398,0.316846218058563,0.09095211,0.29984757,0.16160882,2.38095238095238,4.73913043478261,1,1,0.125,0.5423347449302676,prompt3
0,AI,,I,False,Dalle10.png,../data/AI/prompt_3/stimuli_I/Dalle10.png,a close up of a black and white drawing of a person,,Hard to interpret,,2,0.563617706298828,0.52,51.0,abstract doodle/hard to interpret,,,2.0,0.0,1,0.0,7.50269875731077,7.52,0.713473160327053,2,4,0.240361928939819,0.490069835786213,0.602184653282166,0.552653185323855,0.248752249239979,0.0,0.2890209,0.107768334,2.38095238095238,2.5952380952381,1,1,0.125,0.5418088531494141,prompt3
0,AI,,I,False,Dalle11.png,../data/AI/prompt_3/stimuli_I/Dalle11.png,a drawing of a man sitting in a chair with a dog on his lap,,"Person sitting on a chair, raising both hands",,4,0.641413927078247,0.65,83.0,person(s),,,2.0,1.0,4,0.5,7.08183879615057,10.425,0.68049449353589,2,23,0.268752856924958,0.514394984078258,0.576854194590199,0.641791700340656,0.304156436555045,0.15417929,0.24416056,0.15540768,7.14285714285714,9.90909090909091,0,0,0.625,0.6457069635391235,prompt3
0,AI,,I,False,Dalle12.png,../data/AI/prompt_3/stimuli_I/Dalle12.png,a drawing of a man in a white shirt and a hat,,Hard to interpret,,2,0.538234114646912,0.57,65.0,abstract doodle/hard to interpret,,,2.0,0.0,2,0.5,5.65551801555831,8.775625,0.411799463660743,4,12,0.240361928939819,0.490069835786213,0.602184653282166,0.585731328367638,0.277845940452129,0.0,0.30796334,0.14273837,2.38095238095238,2.5952380952381,1,1,0.25,0.554117057323456,prompt3
0,AI,,I,False,Dalle13.png,../data/AI/prompt_3/stimuli_I/Dalle13.png,a close up of a person with a hair style on a white background,,Hard to interpret,,2,0.523214876651764,0.58,68.0,abstract doodle/hard to interpret,,,2.0,0.0,2,0.0,4.97108767955116,3.961875,0.833968905837489,1,6,0.240361928939819,0.490069835786213,0.602184653282166,0.525683315757313,0.259698225139518,0.0,0.30218887,0.13209996,2.38095238095238,2.5952380952381,1,1,0.25,0.551607438325882,prompt3
0,AI,,I,False,Dalle14.png,../data/AI/prompt_3/stimuli_I/Dalle14.png,a drawing of a person leaning over a pole with a head on it,,"Abstract figure leaning over or peering, minimalistic lines",,4,0.433453232049942,0.6,72.0,person(s),,,2.0,1.0,2,0.5,5.27075182622356,5.1575,0.723005410348244,1,10,0.161746671095687,0.340001444220586,0.402987789751551,0.596067374286616,0.303453442148769,0.09964229,0.40677318,0.16533516,7.14285714285714,5.73684210526316,1,0,0.375,0.516726616024971,prompt3
0,AI,,I,False,Dalle15.png,../data/AI/prompt_3/stimuli_I/Dalle15.png,a drawing of a man sitting on a chair with his arms crossed,,Abstract figure sitting with crossed legs,,4,0.611650168895721,0.64,82.0,person(s),,,1.0,1.0,2,0.0,4.71767450259215,6.8675,0.619645197056748,3,12,0.207072662885625,0.48233161814009,0.493990689874249,0.673813661007125,0.341856606326156,0.10067053,0.34007907,0.1625832,7.14285714285714,9.90909090909091,1,0,0.375,0.6258250844478606,prompt3
0,AI,,I,False,Dalle16.png,../data/AI/prompt_3/stimuli_I/Dalle16.png,a drawing of a man sitting on a chair with a book,,Hard to interpret,,3,0.452893912792206,0.49,46.0,abstract doodle/hard to interpret,,,2.0,0.0,1,0.0,5.29060648662798,4.325625,0.593327247074446,3,7,0.240361928939819,0.490069835786213,0.602184653282166,0.609848420728337,0.303163262998565,0.0,0.29148683,0.17213735,2.38095238095238,2.5952380952381,1,1,0.125,0.471446956396103,prompt3
0,AI,,I,False,Dalle17.png,../data/AI/prompt_3/stimuli_I/Dalle17.png,a drawing of a man sitting on a chair with a skateboard,,"Abstract human figure sitting on a chair, minimalist design",,4,0.546793758869171,0.67,87.0,person(s),,,2.0,2.0,3,1.0,4.19675690720887,5.315,0.782085288716588,2,13,0.200933218002319,0.432742238044739,0.475186617661319,0.593660137400021,0.356047300388435,0.11142476,0.4210488,0.21796808,7.14285714285714,9.90909090909091,1,0,0.625,0.6083968794345855,prompt3
0,AI,,I,False,Dalle18.png,../data/AI/prompt_3/stimuli_I/Dalle18.png,a drawing of a man with a nose ring and a nose ring,,Abstract line drawing of a face in profile,,4,0.549930036067963,0.57,66.0,person(s),,,2.0,2.0,2,1.0,4.72965024110322,4.849375,0.783467558121866,1,11,0.13851045736608,0.346662799914562,0.374818958352865,0.677242191786679,0.299096889887304,0.088712454,0.3460241,0.12946156,7.14285714285714,4.73913043478261,1,0,0.5,0.5599650180339815,prompt3
0,AI,,I,False,Dalle19.png,../data/AI/prompt_3/stimuli_I/Dalle19.png,a drawing of a man with a large arm and a small arm,,"Abstract figure with arms extended, one leg forward, over geometric shapes",,3,0.551747262477875,0.56,63.0,person(s),,,2.0,1.0,1,0.0,4.71638628972876,6.115625,0.516802906448683,1,14,0.190066397190094,0.384156924014,0.442880902118628,0.651299365326217,0.262662253857583,0.111223936,0.40724438,0.15728655,7.14285714285714,5.73684210526316,1,0,0.25,0.5558736312389375,prompt3
0,AI,,I,False,Dalle20.png,../data/AI/prompt_3/stimuli_I/Dalle20.png,a drawing of a woman holding a baby in her arms,,Hard to interpret,,3,0.64299863576889,0.77,96.0,face(s),arm(s),,1.0,1.0,3,0.5,5.36692781750993,14.188125,0.49922679273627,5,27,0.240361928939819,0.490069835786213,0.602184653282166,0.704600176245537,0.327648239307312,0.0,0.46692315,0.19596398,8.82352941176471,2.5952380952381,1,0,0.5,0.706499317884445,prompt3
0,AI,,I,False,Dalle21.png,../data/AI/prompt_3/stimuli_I/Dalle21.png,a drawing of a man with a mustache and a face,,Abstract face made of minimal lines within a geometric shape,,4,0.465541958808899,0.49,44.0,face(s),,,1.0,1.0,1,0.0,5.05260857966861,4.5575,0.677153243847875,1,6,0.139798045158386,0.328707794210547,0.424080321302372,0.633545731286644,0.2447246262035,0.07878162,0.31635064,0.13776535,8.82352941176471,4.73913043478261,1,0,0.25,0.47777097940444946,prompt3
0,AI,,I,False,Dalle22.png,../data/AI/prompt_3/stimuli_I/Dalle22.png,a drawing of a man standing on a block with his legs bent,,"Person in running start position on blocks, viewed from behind",,5,0.58971905708313,0.71,92.0,runner,,,2.0,3.0,3,1.0,4.29340169785217,6.625,0.702864447155889,1,16,0.231278657913208,0.487434699007989,0.559055771883977,0.729600932048331,0.357139664626432,0.18677095,0.36904055,0.23379855,150.0,5.73684210526316,0,0,0.75,0.6498595285415649,prompt3
0,AI,,I,False,Dalle23.png,../data/AI/prompt_3/stimuli_I/Dalle23.png,a drawing of a man sitting in a chair with a bird on his shoulder,,Hard to interpret,,2,0.570248782634735,0.61,75.0,abstract doodle/hard to interpret,,,2.0,0.0,1,0.0,4.44076825250775,6.36,0.706941024739125,1,18,0.240361928939819,0.490069835786213,0.602184653282166,0.579677960878041,0.281660840854823,0.0,0.3366727,0.12102085,2.38095238095238,2.5952380952381,1,1,0.125,0.5901243913173675,prompt3
0,AI,,I,False,Dalle24.png,../data/AI/prompt_3/stimuli_I/Dalle24.png,a drawing of a face with a long nose and a nose ring,,Abstract drawing of a face with long hair and hand,,4,0.604480087757111,0.66,85.0,face(s),,,2.0,1.0,2,0.5,5.93974321783218,8.439375,0.504906600249066,4,11,0.177913904190063,0.399259191729402,0.457566618919373,0.606880311394081,0.301761569466783,0.11418064,0.2931245,0.16546384,8.82352941176471,4.73913043478261,1,0,0.375,0.6322400438785556,prompt3
0,AI,,I,False,Dalle25.png,../data/AI/prompt_3/stimuli_I/Dalle25.png,cartoon of a man holding a pair of scissors and a rabbit,,Person holding a rabbit-like creature on a stick or staff,,4,0.65786212682724,0.8,98.0,person(s),rabbit,,2.0,1.0,1,0.5,5.88674972412018,12.281875,0.416253123570197,7,17,0.234804034233093,0.382972579687016,0.584007138967088,0.742479297144318,0.484927382659825,0.16845286,0.34549454,0.3175157,7.14285714285714,3.02777777777778,0,0,0.25,0.72893106341362,prompt3
0,AI,,I,False,Dalle26.png,../data/AI/prompt_3/stimuli_I/Dalle26.png,a drawing of a man standing in front of a door,,A humanoid figure wearing sunglasses with a neutral expression,,5,0.611613988876343,0.59,71.0,person(s),,,2.0,1.0,2,0.0,7.37683792903374,9.35625,0.718789965568126,2,13,0.226369023323059,0.48112975004702,0.52526533453075,0.622853024692961,0.33060765012122,0.14198689,0.24561653,0.18017511,7.14285714285714,5.73684210526316,0,0,0.375,0.6008069944381715,prompt3
0,AI,,I,False,Dalle27.png,../data/AI/prompt_3/stimuli_I/Dalle27.png,a drawing of a man with a sad face and eyes,,"Person with closed eyes resting on arm, minimalistic style",,4,0.509037971496582,0.53,55.0,face(s),,,2.0,1.0,2,0.5,4.55512840816148,3.4975,0.847218133647336,3,4,0.192940950393677,0.428199836152775,0.476590068543548,0.638743330590444,0.321339167636613,0.14392427,0.29433697,0.14479163,8.82352941176471,5.73684210526316,0,0,0.375,0.519518985748291,prompt3
0,AI,,I,False,Dalle28.png,../data/AI/prompt_3/stimuli_I/Dalle28.png,a drawing of a man is throwing a frisbee in the air,,"Abstract human figure in dynamic, playful motion",,4,0.483127325773239,0.55,60.0,person(s),,,2.0,1.0,2,0.5,4.94113451903918,5.379375,0.634730538922156,2,9,0.218447327613831,0.504815012503564,0.534193158149719,0.685941513107991,0.307172673957841,0.12364938,0.33711395,0.17540348,7.14285714285714,5.73684210526316,1,0,0.375,0.5165636628866195,prompt3
0,AI,,I,False,Dalle29.png,../data/AI/prompt_3/stimuli_I/Dalle29.png,a drawing of a person standing in front of a fountain,,Abstract figure resembling a seated person in meditation pose,,3,0.586237132549286,0.7,91.0,abstract doodle/hard to interpret,,,2.0,0.0,1,0.0,4.95413193464359,10.77125,0.541317709643794,1,28,0.209454106721036,0.448129144199439,0.483927161459495,0.640136946607489,0.270288237837226,0.10029622,0.39941543,0.15831856,2.38095238095238,9.90909090909091,1,1,0.125,0.643118566274643,prompt3
0,AI,,I,False,Dalle30.png,../data/AI/prompt_3/stimuli_I/Dalle30.png,a drawing of a couple of faces with a man and a woman,,Abstract faces consisting of geometric shapes and lines,,4,0.684104859828949,0.8,98.0,face(s),,,2.0,1.0,2,1.0,5.62997304479525,10.05,0.468618708737032,3,18,0.141632676124573,0.342745642147828,0.437043402371203,0.585749983127718,0.357101616690723,0.069892295,0.313129,0.19126436,8.82352941176471,4.73913043478261,1,0,0.375,0.7420524299144745,prompt3
0,AI,,I,False,Dalle31.png,../data/AI/prompt_3/stimuli_I/Dalle31.png,a cartoon drawing of a man with a rope around his neck,,"Oval shape with legs, arms, and eyes, depicting a simple character",,5,0.509361624717712,0.56,64.0,creature(s),,,1.0,1.0,2,1.0,4.48086859969819,4.716875,0.56727017324801,3,9,0.156080832714983,0.288454749836169,0.365924813394259,0.719803670071308,0.404715829613268,0.12293557,0.42115897,0.25553837,75.0,5.73684210526316,0,0,0.375,0.534680812358856,prompt3
0,AI,,I,False,Dalle32.png,../data/AI/prompt_3/stimuli_I/Dalle32.png,a drawing of a man with a broken leg and a crutch,,"A person with a hole in their chest, with straight arms and bags",,3,0.64405745267868,0.6,73.0,person(s),,,2.0,2.0,3,1.0,4.35392744180361,5.733125,0.665434979904058,2,14,0.2093585729599,0.424180132871274,0.50729039311409,0.655645928688643,0.350590151004099,0.1672386,0.24794304,0.19404146,7.14285714285714,3.02777777777778,0,0,0.625,0.62202872633934,prompt3
0,AI,,I,False,Dalle33.png,../data/AI/prompt_3/stimuli_I/Dalle33.png,a drawing of a woman with a head in a line,,"Two faces, abstract lines, and geometric shapes with mirrored elements",,3,0.653790473937988,0.73,94.0,abstract doodle/hard to interpret,,,2.0,0.0,2,1.0,4.89145873891642,8.879375,0.604047415153018,3,18,0.149495363235474,0.350562037577809,0.423598238992897,0.574432320406538,0.290828268145865,0.09226697,0.27982625,0.14293496,2.38095238095238,4.73913043478261,1,1,0.25,0.6918952369689939,prompt3
0,AI,,I,False,Dalle34.png,../data/AI/prompt_3/stimuli_I/Dalle34.png,a drawing of a woman ' s face with a line drawing of her face,,Hard to interpret,,2,0.457432985305786,0.46,36.0,face(s),,,1.0,1.0,1,0.0,4.57711007358986,3.875,0.651495568685377,1,4,0.240361928939819,0.490069835786213,0.602184653282166,0.669171007928184,0.23113704602771,0.0,0.4901124,0.14761458,8.82352941176471,2.5952380952381,1,0,0.25,0.45871649265289305,prompt3
0,AI,,I,False,Dalle35.png,../data/AI/prompt_3/stimuli_I/Dalle35.png,there is a black and white picture of a man and a woman,,Hard to interpret,,2,0.619551718235016,0.74,95.0,abstract doodle/hard to interpret,,,2.0,0.0,0,0.0,10.2876254311815,14.165,0.419396433470508,6,18,0.240361928939819,0.490069835786213,0.602184653282166,0.700130045550319,0.246671817715395,0.0,0.47029138,0.12558413,2.38095238095238,2.5952380952381,1,1,0.0,0.679775859117508,prompt3
0,AI,,I,False,Dalle36.png,../data/AI/prompt_3/stimuli_I/Dalle36.png,a drawing of a man with a tennis ball in his hand,,Profile of a face with geometric lines and an isolated circle,,4,0.496556609869003,0.57,65.0,face(s),,,2.0,2.0,3,1.0,4.74484145013969,5.14375,0.538261290713161,5,8,0.168323626022121,0.419219178534125,0.401648914715711,0.581794809933078,0.270522261487247,0.11153115,0.2822926,0.16384171,8.82352941176471,4.73913043478261,0,0,0.625,0.5332783049345015,prompt3
0,AI,,I,False,Dalle37.png,../data/AI/prompt_3/stimuli_I/Dalle37.png,a drawing of a ghost with eyes and a nose,,A stylized ghost with exaggerated eyes and a wide mouth,,5,0.67103898525238,0.66,84.0,ghost,,,2.0,1.0,3,1.0,7.58700647391177,17.3975,0.460507683432108,2,22,0.189569689086707,0.348602633136589,0.446526050567627,0.656100597998544,0.308260130112199,0.15191832,0.3283948,0.20332637,150.0,5.73684210526316,0,0,0.5,0.66551949262619,prompt3
0,AI,,I,False,Dalle38.png,../data/AI/prompt_3/stimuli_I/Dalle38.png,a drawing of a man with a beard and a mustache,,"Oval-headed figure with glasses, arms, and large hands",,5,0.524653136730194,0.54,58.0,creature(s),,,1.0,1.0,1,1.0,4.44223456644906,3.854375,0.445895691609977,1,2,0.221801208150313,0.422726137123291,0.500552952289581,0.550814789643441,0.338363068356619,0.13615291,0.31737316,0.18580964,75.0,5.73684210526316,0,0,0.25,0.5323265683650971,prompt3
0,AI,,I,False,Dalle39.png,../data/AI/prompt_3/stimuli_I/Dalle39.png,a close up of a black and white drawing of a bird,,Abstract figure with an ovular head and elongated arms,,4,0.538576364517212,0.67,87.0,abstract doodle/hard to interpret,,,2.0,0.0,1,1.0,5.84598852260755,4.779375,0.638922722966572,1,7,0.197285354137421,0.427586598026353,0.485923320894042,0.572521311824403,0.243180778725246,0.1276194,0.4398932,0.15875241,2.38095238095238,5.73684210526316,1,1,0.125,0.604288182258606,prompt3
0,AI,,I,False,Dalle40.png,../data/AI/prompt_3/stimuli_I/Dalle40.png,a drawing of a man holding a pole with a stick in his hand,,Person leaning back with legs crossed in archway,,4,0.576301336288452,0.59,70.0,person(s),,,2.0,1.0,1,0.0,5.42480574373018,5.471875,0.816329554715863,1,11,0.194578480397371,0.397254770748741,0.463524703559311,0.547762391520804,0.343661427694631,0.14370811,0.24779487,0.19742775,7.14285714285714,9.90909090909091,0,0,0.25,0.583150668144226,prompt3
0,AI,,I,False,Dalle41.png,../data/AI/prompt_3/stimuli_I/Dalle41.png,there is a black and white drawing of a woman with a headband,,Hard to interpret,,1,0.500037908554077,0.64,82.0,abstract doodle/hard to interpret,,,2.0,0.0,1,0.0,5.25635553855464,7.18625,0.828568212516884,2,12,0.240361928939819,0.490069835786213,0.602184653282166,0.607938617736651,0.252786249693765,0.0,0.29301962,0.1415617,2.38095238095238,2.5952380952381,1,1,0.125,0.5700189542770385,prompt3
0,AI,,I,False,Dalle42.png,../data/AI/prompt_3/stimuli_I/Dalle42.png,there is a black and white drawing of a woman in a dress,,Abstract figures resembling a person and a smaller shape beneath an arch,,3,0.57772821187973,0.61,74.0,abstract doodle/hard to interpret,,,2.0,0.0,0,0.0,5.65936749385266,8.9025,0.741726420297849,1,22,0.136940956115723,0.357946138320748,0.376283861620195,0.615922518219143,0.316748745615702,0.101422034,0.3555206,0.18486011,2.38095238095238,4.73913043478261,1,1,0.0,0.593864105939865,prompt3
0,AI,,I,False,Dalle43.png,../data/AI/prompt_3/stimuli_I/Dalle43.png,arafed drawing of a man sitting in a chair with a bird on his shoulder,,Abstract geometric figure with a hat and a box-shaped body,,3,0.530443787574768,0.61,75.0,person(s),,,1.0,1.0,3,1.0,4.51240559328813,6.730625,0.746514429973033,2,16,0.182699907857184,0.408977967768251,0.453562915325165,0.61577912422096,0.278094813700053,0.10484549,0.3090724,0.12611035,7.14285714285714,5.73684210526316,1,0,0.5,0.570221893787384,prompt3
0,AI,,I,False,Dalle44.png,../data/AI/prompt_3/stimuli_I/Dalle44.png,cartoon drawing of a man holding a flag with a bird on it,,Hard to interpret,,2,0.552484035491943,0.59,70.0,abstract doodle/hard to interpret,,,2.0,0.0,1,0.0,4.35263163886225,6.80625,0.749279538904899,2,23,0.240361928939819,0.490069835786213,0.602184653282166,0.760498652852764,0.312235367385239,0.0,0.4026401,0.14543249,2.38095238095238,2.5952380952381,1,1,0.125,0.5712420177459715,prompt3
0,AI,,I,False,Dalle45.png,../data/AI/prompt_3/stimuli_I/Dalle45.png,a drawing of a person with a knife and a knife in their hand,,"Abstract lines forming a figure, possibly a person standing or posing",,3,0.53611570596695,0.52,53.0,abstract doodle/hard to interpret,,,2.0,0.0,1,0.0,4.98588771673196,5.295,0.63855421686747,1,12,0.1622633934021,0.3551671120624,0.401407754337324,0.564671605339307,0.236340218811533,0.09598104,0.28566867,0.117567085,2.38095238095238,5.73684210526316,1,1,0.125,0.528057852983475,prompt3
0,AI,,I,False,Dalle46.png,../data/AI/prompt_3/stimuli_I/Dalle46.png,a drawing of a man with a hat and a face,,Hard to interpret,,3,0.626032471656799,0.56,62.0,face(s),,,1.0,1.0,2,0.5,4.53401939260282,8.0425,0.510025297479621,1,20,0.240361928939819,0.490069835786213,0.602184653282166,0.644055233776734,0.282197125375132,0.0,0.30611497,0.12097907,8.82352941176471,2.5952380952381,1,0,0.375,0.5930162358283995,prompt3
0,AI,,I,False,Dalle47.png,../data/AI/prompt_3/stimuli_I/Dalle47.png,a drawing of a woman with a snake in her arms,,"Abstract figure seated on a chair, composed of continuous lines",,4,0.613530874252319,0.47,40.0,abstract doodle/hard to interpret,,,2.0,0.0,1,0.0,6.43678724418534,6.920625,0.825167517059077,1,6,0.174706816673279,0.415511113867495,0.43276459780161,0.649849162223822,0.353052297057411,0.09862477,0.28828174,0.20664577,2.38095238095238,9.90909090909091,1,1,0.125,0.5417654371261595,prompt3
0,AI,,I,False,Dalle48.png,../data/AI/prompt_3/stimuli_I/Dalle48.png,cartoon of a man with a crown on his head and a bird in his hand,,"Abstract figure with long hair and a crown, holding a cup",,4,0.600528299808502,0.65,83.0,abstract doodle/hard to interpret,,,2.0,0.0,2,1.0,4.26790260458299,8.485,0.822749769314655,2,34,0.226088331574896,0.477495893165347,0.521469801664352,0.677868416462964,0.336528280444177,0.12481518,0.40268534,0.19098009,2.38095238095238,3.02777777777778,1,1,0.25,0.625264149904251,prompt3
0,AI,,I,False,Dalle49.png,../data/AI/prompt_3/stimuli_I/Dalle49.png,a drawing of a man sitting on the ground with his legs crossed,,Seated person with legs crossed and one hand supporting on the floor,,4,0.615775585174561,0.63,80.0,person(s),,,2.0,2.0,3,1.0,4.64666031086103,8.104375,0.577478895407068,2,15,0.246456384658813,0.445435149831627,0.521461546421051,0.70733352300131,0.310304713655486,0.1399059,0.3199068,0.1576687,7.14285714285714,9.90909090909091,0,0,0.625,0.6228877925872804,prompt3
0,AI,,I,False,Dalle50.png,../data/AI/prompt_3/stimuli_I/Dalle50.png,there is a black and white drawing of a man and a woman,,"Abstract faces using minimal lines and shapes, featuring two human-like figures",,4,0.57458484172821,0.66,84.0,face(s),,,1.0,1.0,1,1.0,5.87802223735763,5.1475,0.784041286224692,11,8,0.153334379196167,0.359154443715645,0.437797639501235,0.525734657462398,0.271407189696672,0.089114405,0.31508225,0.13739595,8.82352941176471,4.73913043478261,1,0,0.25,0.6172924208641051,prompt3
0,AI,,R,False,Dalle01.png,../data/AI/prompt_3/stimuli_R/Dalle01.png,there is a drawing of a man with a box on his head,,Abstract geometric shapes forming a figure-like structure,,3,0.519569456577301,0.53,53.0,abstract doodle/hard to interpret,,,2.0,0.0,1,1.0,4.37994552976464,5.918125,0.221819093273177,1,18,0.147694808519499,0.387734591960907,0.362384839342213,0.734184079875171,0.180872552385965,0.06590622,0.41880804,0.1120759,1.82926829268293,3.45454545454545,1,1,0.125,0.5247847282886505,prompt3
0,AI,,R,False,Dalle02.png,../data/AI/prompt_3/stimuli_R/Dalle02.png,a drawing of a man with a hat and a tie holding a kite,,Abstract geometric shapes resembling a person with hat and patterned clothing,,4,0.52817040681839,0.58,67.0,abstract doodle/hard to interpret,,,2.0,0.0,2,0.5,4.29453381894189,7.145,0.595305303818155,1,18,0.163673093100004,0.355973124504089,0.402921104605263,0.553374342900536,0.286228365621813,0.08736991,0.31296313,0.1449719,1.82926829268293,3.6774193548387104,1,1,0.25,0.554085203409195,prompt3
0,AI,,R,False,Dalle03.png,../data/AI/prompt_3/stimuli_R/Dalle03.png,a drawing of a man sitting on a toilet with a cat on top,,Hard to interpret,,1,0.592461943626404,0.62,78.0,creature(s),,,1.0,1.0,2,1.0,5.23506949659761,11.441875,0.481445375966725,5,29,0.244171008815108,0.486913069692643,0.625322546838748,0.769471051080561,0.246169224249068,0.0,0.35861248,0.15088527,25.0,3.08108108108108,1,0,0.375,0.606230971813202,prompt3
0,AI,,R,False,Dalle04.png,../data/AI/prompt_3/stimuli_R/Dalle04.png,a drawing of a man with a box on his head,,Abstract figure resembling an hourglass with a cube head and curvy lines,,3,0.642989933490753,0.71,92.0,person(s),,,2.0,2.0,3,1.0,5.36934483694834,16.45625,0.544046600226376,1,59,0.178240228996262,0.407891869544983,0.409136379309676,0.660048097302515,0.23671399516769,0.10241711,0.32204247,0.12487756,9.375,3.6774193548387104,1,0,0.625,0.6764949667453765,prompt3
0,AI,,R,False,Dalle05.png,../data/AI/prompt_3/stimuli_R/Dalle05.png,a drawing of a man holding a kite in his hands,,Hard to interpret,,3,0.565397381782532,0.48,41.0,abstract doodle/hard to interpret,,,2.0,0.0,2,1.0,4.71341506764619,10.47,0.588354392411233,1,31,0.244171008815108,0.486913069692643,0.625322546838748,0.760792932489768,0.287489293213076,0.0,0.3647005,0.15648563,1.82926829268293,3.08108108108108,1,1,0.25,0.522698690891266,prompt3
0,AI,,R,False,Dalle06.png,../data/AI/prompt_3/stimuli_R/Dalle06.png,drawing of a man with a tie and a paper bag,,Abstract human figure with a rectangular torso and oval head,,4,0.430536419153214,0.42,28.0,stick figure,,,2.0,1.0,2,1.0,4.32336010086371,4.734375,0.214632463081617,3,18,0.203063535507705,0.442781209945679,0.462333110709971,0.596399529840012,0.230660130333364,0.093112975,0.31652638,0.15072386,150.0,3.6774193548387104,1,0,0.375,0.425268209576607,prompt3
0,AI,,R,False,Dalle07.png,../data/AI/prompt_3/stimuli_R/Dalle07.png,a drawing of two kites with faces and a box on the bottom,,Two abstract kite-like shapes with circular and triangular patterns,,4,0.634219586849213,0.7,91.0,abstract doodle/hard to interpret,,,2.0,0.0,1,1.0,4.28308292234109,9.570625,0.225070422535211,11,23,0.129074923451248,0.292296528816223,0.309960383770488,0.482587045903736,0.207658477259986,0.098384656,0.3377834,0.14667995,1.82926829268293,3.45454545454545,1,1,0.125,0.6671097934246064,prompt3
0,AI,,R,False,Dalle08.png,../data/AI/prompt_3/stimuli_R/Dalle08.png,a drawing of a person with a hand on a pole above their head,,Hard to interpret,,2,0.654994368553162,0.65,83.0,face(s),hand,,2.0,1.0,1,1.0,4.89837837369628,7.20625,0.220048438335483,1,19,0.244171008815108,0.486913069692643,0.625322546838748,0.664446521937433,0.260251539389803,0.0,0.3267179,0.16693725,21.4285714285714,3.08108108108108,1,0,0.25,0.652497184276581,prompt3
0,AI,,R,False,Dalle09.png,../data/AI/prompt_3/stimuli_R/Dalle09.png,a black and white image of a robot with a face,,"Abstract figure with circular head, stick body, and layered arc design",,4,0.673426449298859,0.72,93.0,abstract doodle/hard to interpret,,,2.0,0.0,1,0.0,5.9193785020124,16.561875,0.663414200130494,1,58,0.171430328913882,0.417249721802763,0.393464052287581,0.794675056145432,0.289302666685821,0.091277905,0.62626106,0.1702205,1.82926829268293,3.6774193548387104,1,1,0.125,0.6967132246494294,prompt3
0,AI,,R,False,Dalle10.png,../data/AI/prompt_3/stimuli_R/Dalle10.png,drawing of a man with a knife and fork in his hand,,A simplistic drawing of a standing stick figure with crossed legs,,4,0.553784966468811,0.52,52.0,abstract doodle/hard to interpret,,,2.0,0.0,2,1.0,5.64399952513064,7.75375,0.512829332049254,6,21,0.158137729278937,0.29643440246582,0.362108826637268,0.719472647722685,0.256280725948384,0.12383653,0.33123922,0.13389938,1.82926829268293,3.6774193548387104,0,1,0.25,0.5368924832344055,prompt3
0,AI,,R,False,Dalle11.png,../data/AI/prompt_3/stimuli_R/Dalle11.png,a cartoon character is running with a shield in his hand,,"Anthropomorphic goat-like creature with arms raised, standing in a shield shape",,4,0.61022025346756,0.6,73.0,creature(s),,,2.0,1.0,2,0.0,4.41405323909892,8.8175,0.180696833830413,23,23,0.19806251548975,0.375685893040054,0.45561946531708,0.759190080912809,0.309803333108904,0.15666851,0.37174457,0.17477821,25.0,3.6774193548387104,0,0,0.375,0.60511012673378,prompt3
0,AI,,R,False,Dalle12.png,../data/AI/prompt_3/stimuli_R/Dalle12.png,a drawing of a person holding a picture of a person,,Abstract depiction of a parent holding a child in their arms,,3,0.643800735473633,0.68,88.0,person(s),,,1.0,1.0,2,1.0,4.95074749186338,10.984375,0.694870906922159,1,25,0.196042478084564,0.474537523118404,0.491103857225409,0.688247454061072,0.348980208659115,0.15995035,0.30275497,0.22783403,9.375,11.4,1,0,0.375,0.6619003677368165,prompt3
0,AI,,R,False,Dalle13.png,../data/AI/prompt_3/stimuli_R/Dalle13.png,there is a drawing of a man sitting on a chair,,"Abstract figure sitting or squatting, composed of geometric shapes and lines",,4,0.657534718513489,0.65,83.0,person(s),,,2.0,1.0,3,1.0,4.48090728912051,12.310625,0.221464884202598,1,31,0.173011590658926,0.372527480125427,0.417786444293644,0.63554610396782,0.270728932449304,0.1020567,0.30859774,0.13584146,9.375,3.6774193548387104,1,0,0.5,0.6537673592567446,prompt3
0,AI,,R,False,Dalle14.png,../data/AI/prompt_3/stimuli_R/Dalle14.png,a drawing of a stick figure holding a barbell in his hands,,A stick figure with outstretched arms and large hands,,5,0.630459785461426,0.61,76.0,person(s),,,2.0,1.0,1,0.5,4.80838659868155,9.095625,0.221018261127185,1,25,0.20426640459699,0.373997352957567,0.475803522813529,0.756213314886406,0.344900948952776,0.12665386,0.4253598,0.19397476,9.375,3.6774193548387104,0,0,0.25,0.620229892730713,prompt3
0,AI,,R,False,Dalle15.png,../data/AI/prompt_3/stimuli_R/Dalle15.png,a drawing of a bird with a heart on its head,,Abstract bird with geometric shapes and a heart symbol on its body,,4,0.601586580276489,0.64,82.0,creature(s),,,1.0,0.0,2,0.0,4.44092146556809,9.01625,0.391522862264085,3,33,0.170262604308842,0.342083930969238,0.388177835236658,0.604166978865933,0.325328104705869,0.12204329,0.3165597,0.18959731,25.0,3.45454545454545,1,0,0.25,0.6207932901382445,prompt3
0,AI,,R,False,Dalle16.png,../data/AI/prompt_3/stimuli_R/Dalle16.png,cartoon drawing of a man with a hat on his head,,Anthropomorphic rabbit figure standing upright with simple lines,,4,0.518855452537537,0.59,72.0,creature(s),,,1.0,1.0,3,1.0,5.19022963664705,7.205625,0.424785328103467,2,20,0.179911960368634,0.399762809276581,0.394000315308589,0.774062090337205,0.289342466662713,0.13870022,0.4068467,0.18524869,25.0,3.6774193548387104,0,0,0.5,0.5544277262687685,prompt3
0,AI,,R,False,Dalle17.png,../data/AI/prompt_3/stimuli_R/Dalle17.png,there is a metal stand with a glass top and a metal base,,Hard to interpret,,1,0.569951713085175,0.63,81.0,abstract doodle/hard to interpret,,,2.0,0.0,2,1.0,5.76089483747721,13.79125,0.201471335865307,1,35,0.244171008815108,0.486913069692643,0.625322546838748,0.89580102557842,0.249463664220266,0.0,0.50076693,0.16738193,1.82926829268293,3.08108108108108,1,1,0.25,0.5999758565425874,prompt3
0,AI,,R,False,Dalle18.png,../data/AI/prompt_3/stimuli_R/Dalle18.png,a drawing of a man with a beard and a face mask,,Abstract line drawing resembling a stylized insect or beetle,,3,0.647998213768005,0.74,95.0,bug,,,1.0,1.0,2,1.0,6.09665420906291,14.72125,0.408861650343088,2,20,0.122327551564264,0.287150587183162,0.322821278740243,0.738516325482965,0.266044648340706,0.10525711,0.37232167,0.15794702,75.0,3.6774193548387104,1,0,0.375,0.6939991068840026,prompt3
0,AI,,R,False,Dalle19.png,../data/AI/prompt_3/stimuli_R/Dalle19.png,a drawing of a man standing on a stool with a knife in his hand,,"Stylized figure sitting cross-legged, arms crossed",,4,0.536805868148804,0.51,50.0,person(s),,,2.0,1.0,3,1.0,4.9550886752846,6.49125,0.381670295362116,10,21,0.214375112727265,0.362610220909119,0.498546987685381,0.6344298355007,0.244221724364788,0.1409603,0.3297053,0.13973904,9.375,3.6774193548387104,0,0,0.5,0.523402934074402,prompt3
0,AI,,R,False,Dalle20.png,../data/AI/prompt_3/stimuli_R/Dalle20.png,a drawing of a man standing in a bathtub with a towel on his head,,Abstract figure with elongated arms and head above body,,3,0.524163603782654,0.6,72.0,abstract doodle/hard to interpret,,,2.0,0.0,2,1.0,4.47229718761431,8.750625,0.493828816742688,1,33,0.194720971898973,0.469034763036086,0.492774933145935,0.754631214996872,0.239825372813145,0.09058826,0.33617797,0.15177958,1.82926829268293,3.6774193548387104,1,1,0.25,0.562081801891327,prompt3
0,AI,,R,False,Dalle21.png,../data/AI/prompt_3/stimuli_R/Dalle21.png,a close up of a drawing of a person with a kite,,Abstract geometric shapes resembling three figures,,4,0.552220821380615,0.62,77.0,abstract doodle/hard to interpret,,,2.0,0.0,2,1.0,4.68991268940089,11.65,0.289749379928183,2,25,0.154483556747437,0.394473350377478,0.373297117549008,0.574948728551778,0.292671328622506,0.08137579,0.25631776,0.13716438,1.82926829268293,3.45454545454545,1,1,0.25,0.5861104106903074,prompt3
0,AI,,R,False,Dalle22.png,../data/AI/prompt_3/stimuli_R/Dalle22.png,a drawing of a face with a cross and a fish on it,,Abstract line drawing resembling a face with geometric shapes,,4,0.601300835609436,0.61,75.0,face(s),,,2.0,1.0,2,1.0,4.79575230433498,8.705625,0.221235162739341,1,19,0.11617594264889,0.318972945213318,0.322203416955673,0.700357771068124,0.266642485746481,0.07188965,0.33675092,0.14775462,21.4285714285714,3.6774193548387104,1,0,0.375,0.605650417804718,prompt3
0,AI,,R,False,Dalle23.png,../data/AI/prompt_3/stimuli_R/Dalle23.png,there are many black and white pictures of a group of people,,Eleven abstract stick figures arranged in two rows,,5,0.665536403656006,0.79,97.0,abstract doodle/hard to interpret,,,2.0,0.0,3,1.0,4.14307551162575,20.505625,0.222415617428108,1,70,0.184425760243786,0.385375898640629,0.451444322042977,0.652300981197979,0.245560379625125,0.13605621,0.4802459,0.18281637,1.82926829268293,3.6774193548387104,1,1,0.375,0.727768201828003,prompt3
0,AI,,R,False,Dalle24.png,../data/AI/prompt_3/stimuli_R/Dalle24.png,a drawing of a man with a hat and a tie,,Abstract figure with geometric shapes resembling a human form,,4,0.465566456317902,0.48,42.0,abstract doodle/hard to interpret,,,2.0,0.0,2,1.0,4.35257337721817,4.518125,0.216149982403942,1,12,0.165516843466945,0.447068078728559,0.40699824136485,0.540778752686894,0.256810039455223,0.06405652,0.29990393,0.18282089,1.82926829268293,3.6774193548387104,1,1,0.25,0.472783228158951,prompt3
0,AI,,R,False,Dalle25.png,../data/AI/prompt_3/stimuli_R/Dalle25.png,a drawing of two people standing in front of a door,,Two seated figures back-to-back with a striped panel between them,,5,0.603875517845154,0.71,93.0,person(s),,,2.0,1.0,1,0.5,4.39886854188226,17.200625,0.651444059766764,3,48,0.213520667519437,0.388453006744385,0.546986731707258,0.642984364712329,0.367509859077556,0.16529034,0.36191893,0.25613773,9.375,3.6774193548387104,0,0,0.25,0.656937758922577,prompt3
0,AI,,R,False,Dalle26.png,../data/AI/prompt_3/stimuli_R/Dalle26.png,a drawing of a man with a hat and a tie on his head,,"Abstract figure with geometric body, simplified eyes, mouth, and arms",,3,0.527137279510498,0.53,56.0,person(s),,,1.0,1.0,3,1.0,4.10240412055667,5.38125,0.221775911768392,1,10,0.163524558334077,0.417576874350122,0.380377017282069,0.741520884340002,0.268019780870846,0.0778441,0.3371178,0.14775212,9.375,3.6774193548387104,1,0,0.5,0.528568639755249,prompt3
0,AI,,R,False,Dalle27.png,../data/AI/prompt_3/stimuli_R/Dalle27.png,a drawing of a group of people doing different poses,,Abstract humanoid figures in varied dynamic and static poses,,5,0.744409441947937,0.9,99.0,person(s),,,2.0,0.0,3,0.5,4.42092451951813,18.708125,0.222016199252053,1,101,0.220975730302837,0.474528758199736,0.500841528177261,0.684910669752559,0.288363077706007,0.12613331,0.44431758,0.18861486,9.375,3.6774193548387104,1,0,0.375,0.8222047209739685,prompt3
0,AI,,R,False,Dalle28.png,../data/AI/prompt_3/stimuli_R/Dalle28.png,a drawing of a man with a tie and a suit on,,Abstract humanoid figure with elongated limbs and geometric shapes,,4,0.601742625236511,0.54,57.0,person(s),,,2.0,2.0,2,1.0,4.38151944305014,5.42625,0.618486696230599,1,17,0.199037301597755,0.462329415221775,0.451450401717468,0.584221667984285,0.280538399737795,0.094229616,0.3305311,0.14317259,9.375,3.6774193548387104,1,0,0.5,0.5708713126182555,prompt3
0,AI,,R,False,Dalle29.png,../data/AI/prompt_3/stimuli_R/Dalle29.png,a drawing of a basketball hoop with a basketball on it,,Hard to interpret,,2,0.558734059333801,0.5,48.0,abstract doodle/hard to interpret,,,2.0,0.0,0,0.0,5.05628197200962,12.08625,0.369856254728463,3,37,0.244171008815108,0.486913069692643,0.625322546838748,0.73519266304884,0.229121818038029,0.0,0.31779927,0.14972895,1.82926829268293,3.08108108108108,1,1,0.0,0.5293670296669005,prompt3
0,AI,,R,False,Dalle30.png,../data/AI/prompt_3/stimuli_R/Dalle30.png,a drawing of a cartoon character with a tie around his neck,,Abstract face with spiral neck and exaggerated eyes,,4,0.620882034301758,0.65,83.0,face(s),,,1.0,1.0,2,1.0,5.13215660141107,12.229375,0.534347416530021,3,25,0.187756445212987,0.437366452060129,0.521376879297308,0.780673671874144,0.254660860473024,0.101386525,0.34699872,0.13093972,21.4285714285714,3.6774193548387104,1,0,0.375,0.6354410171508791,prompt3
0,AI,,R,False,Dalle31.png,../data/AI/prompt_3/stimuli_R/Dalle31.png,a close up of a drawing of a person with a triangle,,Hard to interpret,,3,0.398480474948883,0.45,34.0,abstract doodle/hard to interpret,,,2.0,0.0,1,1.0,4.61874610749759,3.76,0.476528099111874,4,8,0.244171008815108,0.486913069692643,0.625322546838748,0.269529451722675,0.189909154812945,0.0,0.36153206,0.1657783,1.82926829268293,3.08108108108108,1,1,0.125,0.4242402374744415,prompt3
0,AI,,R,False,Dalle32.png,../data/AI/prompt_3/stimuli_R/Dalle32.png,a black and white drawing of a cat standing on a mop,,A person standing in front of paneled windows or shutters,,4,0.60710883140564,0.67,87.0,person(s),,,2.0,0.0,1,0.5,4.33580264150559,14.9175,0.810460239424492,1,74,0.233241246149464,0.435969063875291,0.562548704451165,0.630959830686102,0.372879128975952,0.16517535,0.4834083,0.22609787,9.375,11.4,0,0,0.125,0.63855441570282,prompt3
0,AI,,R,False,Dalle33.png,../data/AI/prompt_3/stimuli_R/Dalle33.png,a drawing of a man sitting on a toilet with his legs crossed,,Hard to interpret,,2,0.565854787826538,0.67,86.0,abstract doodle/hard to interpret,,,2.0,0.0,2,1.0,4.53639403252344,10.45375,0.339930024054231,2,34,0.244171008815108,0.486913069692643,0.625322546838748,0.749408431172321,0.252995100424284,0.0,0.32495043,0.16348672,1.82926829268293,3.08108108108108,1,1,0.25,0.617927393913269,prompt3
0,AI,,R,False,Dalle34.png,../data/AI/prompt_3/stimuli_R/Dalle34.png,a drawing of a glass of wine with a handle and a rope,,Hard to interpret,,2,0.548324108123779,0.52,52.0,abstract doodle/hard to interpret,,,2.0,0.0,1,1.0,5.68360580583195,11.813125,0.493445294784581,1,20,0.244171008815108,0.486913069692643,0.625322546838748,0.7109879203224,0.243322616436919,0.0,0.34008822,0.14604416,1.82926829268293,3.08108108108108,1,1,0.125,0.5341620540618894,prompt3
0,AI,,R,False,Dalle35.png,../data/AI/prompt_3/stimuli_R/Dalle35.png,a drawing of a man with a striped shirt on,,A stylized person with short hair and a striped shirt,,5,0.694259583950043,0.71,92.0,person(s),,,2.0,2.0,3,1.0,5.09170263330787,15.955625,0.394422621679977,4,60,0.201134431294533,0.370460033416748,0.478385059737268,0.839760671155209,0.286440149246889,0.14704427,0.38098225,0.15525113,9.375,3.6774193548387104,0,0,0.625,0.7021297919750215,prompt3
0,AI,,R,False,Dalle36.png,../data/AI/prompt_3/stimuli_R/Dalle36.png,a drawing of three people on a pole with one holding a pair of scissors,,Hard to interpret,,2,0.550942659378052,0.61,75.0,abstract doodle/hard to interpret,,,2.0,0.0,1,0.0,4.56113075335214,7.02125,0.330091160670682,11,23,0.244171008815108,0.486913069692643,0.625322546838748,0.597250943889328,0.22346680871892,0.0,0.30932146,0.16610955,1.82926829268293,3.08108108108108,1,1,0.125,0.580471329689026,prompt3
0,AI,,R,False,Dalle37.png,../data/AI/prompt_3/stimuli_R/Dalle37.png,a drawing of a dog with a hat on its head,,Stylized line drawing of a dog with geometric patterns,,4,0.655338764190674,0.76,96.0,animal,,,2.0,2.0,3,1.0,4.86423177266495,17.608125,0.31091556672952,1,42,0.131471856657039,0.286180359948851,0.308865070343018,0.814776948362892,0.340704893230559,0.120908186,0.4563443,0.19443066,150.0,3.6774193548387104,0,0,0.625,0.707669382095337,prompt3
0,AI,,R,False,Dalle38.png,../data/AI/prompt_3/stimuli_R/Dalle38.png,a drawing of a woman with a suitcase and a bag,,Abstract outline of a standing person wearing a dress,,4,0.590914368629456,0.59,70.0,person(s),,,2.0,2.0,4,1.0,4.66859105058752,8.10125,0.505939835217475,1,23,0.189424849817169,0.41014164686203,0.467361180028985,0.745475381349277,0.300437460621433,0.14654899,0.2887103,0.15166473,9.375,3.6774193548387104,1,0,0.75,0.5904571843147279,prompt3
0,AI,,R,False,Dalle39.png,../data/AI/prompt_3/stimuli_R/Dalle39.png,a black and white drawing of a person holding a mirror,,Hard to interpret,,1,0.625108182430267,0.69,90.0,abstract doodle/hard to interpret,,,2.0,0.0,1,0.5,6.54324019792336,13.21125,0.422153395277584,1,22,0.244171008815108,0.486913069692643,0.625322546838748,0.67587261594564,0.245857637228308,0.0,0.37215772,0.13802516,1.82926829268293,3.08108108108108,1,1,0.125,0.6575540912151334,prompt3
0,AI,,R,False,Dalle40.png,../data/AI/prompt_3/stimuli_R/Dalle40.png,a drawing of a man with a hat and a tie,,Hard to interpret,,2,0.598734378814697,0.63,79.0,person(s),,,2.0,2.0,3,1.0,4.51150176292017,9.128125,0.545789889712802,2,30,0.244171008815108,0.486913069692643,0.625322546838748,0.716521679044578,0.238728284515134,0.0,0.3306554,0.122767545,9.375,3.08108108108108,1,0,0.625,0.6143671894073486,prompt3
0,AI,,R,False,Dalle41.png,../data/AI/prompt_3/stimuli_R/Dalle41.png,there is a drawing of a suit hanger with a pair of scissors,,Hard to interpret,,1,0.5953528881073,0.66,85.0,abstract doodle/hard to interpret,,,2.0,0.0,1,0.5,5.28895611476985,8.5775,0.580995775784328,1,21,0.244171008815108,0.486913069692643,0.625322546838748,0.67811143297827,0.225140374064936,0.0,0.31716597,0.1370811,1.82926829268293,3.08108108108108,1,1,0.125,0.62767644405365,prompt3
0,AI,,R,False,Dalle42.png,../data/AI/prompt_3/stimuli_R/Dalle42.png,a drawing of a pair of scissors on a stand,,Hard to interpret,,3,0.479724496603012,0.54,58.0,abstract doodle/hard to interpret,,,2.0,0.0,0,1.0,5.05977370556591,12.383125,0.378000139948219,1,40,0.244171008815108,0.486913069692643,0.625322546838748,0.667415320648561,0.232142377825855,0.0,0.3870562,0.1586914,1.82926829268293,3.08108108108108,1,1,0.0,0.5098622483015061,prompt3
0,AI,,R,False,Dalle43.png,../data/AI/prompt_3/stimuli_R/Dalle43.png,a black and white drawing of a horse with a sword,,Hard to interpret,,3,0.49014937877655,0.58,68.0,abstract doodle/hard to interpret,,,2.0,0.0,1,0.0,5.12293559100283,9.00875,0.675908453089466,1,21,0.244171008815108,0.486913069692643,0.625322546838748,0.515081050281294,0.283927318626607,0.0,0.29229477,0.14400774,1.82926829268293,3.08108108108108,1,1,0.125,0.535074689388275,prompt3
0,AI,,R,False,Dalle44.png,../data/AI/prompt_3/stimuli_R/Dalle44.png,a drawing of a man with a hat and glasses on,,Abstract line drawing resembling a human face,,4,0.618761956691742,0.63,80.0,face(s),,,2.0,1.0,3,1.0,4.93719490300796,9.5125,0.221695097953198,1,18,0.114141397825395,0.355870046861764,0.347980281590239,0.731395328811867,0.237865238561891,0.08379167,0.32609767,0.16017741,21.4285714285714,3.6774193548387104,1,0,0.5,0.624380978345871,prompt3
0,AI,,R,False,Dalle45.png,../data/AI/prompt_3/stimuli_R/Dalle45.png,a drawing of a man with a hat on his head,,Abstract geometric figure resembling a person with angular features,,3,0.721415340900421,0.8,98.0,person(s),,,2.0,1.0,4,1.0,5.42446176589256,19.89625,0.434272244004522,1,78,0.16548216342926,0.390312446318569,0.398154318332672,0.702405826418534,0.277046291009124,0.074898794,0.342022,0.1619547,9.375,3.6774193548387104,1,0,0.625,0.7607076704502105,prompt3
0,AI,,R,False,Dalle46.png,../data/AI/prompt_3/stimuli_R/Dalle46.png,a drawing of a man with a knife and a knife holder,,"Abstract figure with sharp lines, holding sticks in each hand",,4,0.535707771778107,0.57,67.0,person(s),,,2.0,2.0,4,1.0,4.11336471241734,6.856875,0.473705066515709,1,24,0.157274763909004,0.365760982036591,0.414910323760834,0.758798268854409,0.280742285851342,0.10737383,0.38958046,0.14162102,9.375,3.6774193548387104,1,0,0.75,0.5528538858890535,prompt3
0,AI,,R,False,Dalle47.png,../data/AI/prompt_3/stimuli_R/Dalle47.png,a drawing of a chair with a geometric design on it,,"Abstract geometric shapes and lines, including triangles and rectangles",,3,0.585520684719086,0.6,74.0,abstract doodle/hard to interpret,,,2.0,0.0,1,0.0,4.29650625968482,17.046875,0.659397331236558,1,67,0.126537971106887,0.285609104800495,0.32012979268254,0.501380499604659,0.213149286542737,0.061751615,0.35156366,0.10480945,1.82926829268293,3.45454545454545,1,1,0.125,0.592760342359543,prompt3
0,AI,,R,False,Dalle48.png,../data/AI/prompt_3/stimuli_R/Dalle48.png,a drawing of a picture of a person sitting on a chair,,Hard to interpret,,2,0.611005425453186,0.54,57.0,person(s),,,1.0,1.0,2,1.0,4.49042081963699,7.061875,0.336592848240821,31,19,0.244171008815108,0.486913069692643,0.625322546838748,0.592583028097859,0.243061045781864,0.0,0.3042689,0.15931055,9.375,3.08108108108108,1,0,0.375,0.575502712726593,prompt3
0,AI,,R,False,Dalle49.png,../data/AI/prompt_3/stimuli_R/Dalle49.png,coloring pages robot with a box and a wrench,,Hard to interpret,,3,0.709097862243652,0.7,91.0,creature(s),,,2.0,2.0,1,1.0,4.61346576640386,10.649375,0.64983278848683,1,27,0.244171008815108,0.486913069692643,0.625322546838748,0.608401875790003,0.26643748055356,0.0,0.3293814,0.14334853,25.0,3.08108108108108,1,0,0.375,0.704548931121826,prompt3
0,AI,,R,False,Dalle50.png,../data/AI/prompt_3/stimuli_R/Dalle50.png,a drawing of a man with a sword and a shield,,Abstract face with angular features and a swirl above,,4,0.603051662445068,0.52,51.0,creature(s),,,1.0,1.0,1,1.0,4.8584130636419,9.373125,0.483965770593828,2,24,0.174936820570418,0.37691593170166,0.458047596099829,0.562937726419079,0.246297854704117,0.10066123,0.30539292,0.12486334,25.0,3.6774193548387104,1,0,0.25,0.561525831222534,prompt3
