pid,creator,age,stimuli,inverted,filename,filepath,blip_caption,blip_caption_correct,gpt_caption,gpt_caption_correct,gpt_caption_confidence,originality_audra,originality_ocs,percentile_ocs,category1,category2,category3,confidence,creativity,creativity2,used_mask,line_thickness,ink_density,ink_fraction_inside_mask,number_of_components,number_of_lines,dist_from_base_caption_gtelarge,dist_from_base_caption_gte,dist_from_base_caption_stella,dist_from_base_shape_dino,dist_from_base_shape_clip,text_10NN_gtelarge,image_10NN_dino,image_10NN_clip,inverse_category_frequency,inverse_cluster_frequency_gtelarge
1001,children,5.0,G,TRUE,1001.png,../data/children/stimuli_G/1001.png,drawing of a person with a crown on their head,,"Child's drawing of person wearing a crown, with a heart shape nearby",,5,0.6645839214324950,0.72,93.0,princess,heart,writing,2.0,3.0,3,0.5,10.556159173136300,42.17,0.542837559972584,5,148,0.166164611761707,0.3296152153496510,0.4059060457888860,0.8371714696561830,0.5282315946098690,0.15164076,0.26069576,0.33617306,49.333333333333300,9.818181818181820
1002,children,5.0,G,FALSE,1002.png,../data/children/stimuli_G/1002.png,drawing of a mushroom with a man and a woman on it,,Crying mushroom with a sad face and teardrops,,5,0.614554762840271,0.58,68.0,creature/monster,circles,frown,2.0,2.0,2,1,5.384619255302360,6.4575,0.8983789015243160,9,5,0.1900828367422310,0.2678951402871350,0.4599766731262210,0.7394956028129900,0.3416195465297420,0.12107836,0.13501963,0.13988134,7.4,6.352941176470590
1003,children,5.0,G,TRUE,1003.png,../data/children/stimuli_G/1003.png,drawing of a boat with a tower on top of it,,"A ship with a face and chimney, alongside a person with antennae",,4,0.6715897917747500,0.74,95.0,princess,house,flowers,2.0,4.0,4,1,5.163225935249140,13.264375,0.3781518624641830,14,24,0.2075846318951020,0.4017072737725750,0.4617111682891850,0.7593243719256190,0.371121390117231,0.15759096,0.22743157,0.17685068,49.333333333333300,10.8
1004,children,4.0,G,TRUE,1004.png,../data/children/stimuli_G/1004.png,drawing of a man with a face drawn on it,,Cartoonish face with large eyes and a smiling mouth,,4,0.4283843636512760,0.52,51.0,(smiley) face,,,2.0,1.0,1,1,3.868897990196700,2.7550000000000000,0.8434782608695650,4,6,0.2061498165130620,0.3037822842597960,0.5046663284301760,0.5494524958243250,0.2811838804933800,0.08096619,0.24104539,0.17937297,16.444444444444400,4.153846153846150
1005,children,4.0,G,TRUE,1005.png,../data/children/stimuli_G/1005.png,drawing of a bird on a vase with a bird on top,,Abstract face with a rectangular head and curvy body shape,,3,0.5331709384918210,0.55,60.0,(smiley) face,,,2.0,1.0,1,1,4.314182640119880,4.128125,0.8455913978494620,3,5,0.1900622248649600,0.3437361130478460,0.4922037124633790,0.5906343542624030,0.3142999554202460,0.1050989,0.21995282,0.17112996,16.444444444444400,4.153846153846150
1006,children,5.0,G,FALSE,1006.png,../data/children/stimuli_G/1006.png,there is a drawing of a bunch of flowers on a white paper,,Hard to interpret,,2,0.7669975757598880,0.53,55.0,abstract doodle/hard to interpret,,,2.0,0.0,2,0.5,4.541386066664130,27.289375,0.5892677948805170,3,163,0.2484450936317440,0.4582867895535690,0.6282051801681520,0.8364819427806710,0.3119136639390190,0.0,0.37502366,0.14027278,3.217391304347830,2.6341463414634100
1007,children,5.0,G,TRUE,1007.png,../data/children/stimuli_G/1007.png,drawing of a bird flying over a house with a kite,,House-like shape with windows and a cloud or tree nearby,,4,0.6638455986976620,0.62,78.0,house,flower,door,1.0,2.0,4,1,4.469588350761330,9.184375,0.7382475660639780,3,22,0.1651362678327390,0.3465726387416670,0.3868507146835330,0.7422200807422810,0.3289364549055290,0.12219809,0.24738844,0.15271589,37.0,15.428571428571400
1008,children,7.0,G,TRUE,1008.png,../data/children/stimuli_G/1008.png,a drawing of a man with a sad face and a tie,,"Smiling face with large eyes and curly hair, simple line drawing",,4,0.5598562955856320,0.54,58.0,(smiley) face,ears,hair,2.0,3.0,4,1,4.780934636936260,10.65625,0.3571066846725190,8,18,0.1501728206769920,0.2602301395076580,0.3916176557540890,0.7653216676474110,0.2889173007774090,0.105744496,0.2208477,0.13128024,16.444444444444400,4.153846153846150
1009,children,6.0,G,TRUE,1009.png,../data/children/stimuli_G/1009.png,drawing of a boat with a flag and a flag pole,,A person on a boat with an anchor in the sea,,5,0.7029218673706060,0.75,95.0,person(s),boat,music,2.0,3.0,3,1,4.921214980757250,14.695625,0.4874632934267000,11,57,0.2222472296805830,0.46157108132753,0.5625525116920470,0.7770092732453860,0.3517913029142160,0.18627426,0.32570276,0.2025909,8.705882352941180,10.8
1010,children,4.0,G,TRUE,1010.png,../data/children/stimuli_G/1010.png,a drawing of a girl in a dress with a bow,,"Smiling person with long hair, wearing a dress with heart and patterns",,5,0.6369449496269230,0.65,83.0,person,heart,hair,2.0,3.0,4,1,7.921494780682860,13.548750000000000,0.6920446586742470,3,15,0.2225509153276120,0.4782578789668640,0.5928653059263620,0.7335634965894320,0.381406949401908,0.1512973,0.22182484,0.18431719,8.705882352941180,10.8
1011,children,5.0,G,TRUE,1011.png,../data/children/stimuli_G/1011.png,a drawing of a bird with a face and a beak,,"A figure with a round body, rectangle arms, and a face with spikes",,4,0.6874053478240970,0.67,87.0,creature/monster,,,2.0,2.0,3,1,6.89491620779888,11.216875,0.7886446721126510,5,27,0.1888814455937460,0.3344837228799970,0.47725460068854,0.7078501145161710,0.3364545948727260,0.10824418,0.23482342,0.13684328,7.4,4.153846153846150
1012,children,6.0,G,TRUE,1012.png,../data/children/stimuli_G/1012.png,drawing of a hand with a finger on it,,Hard to interpret,,2,0.499893456697464,0.54,56.0,person(s),,,1.0,2.0,2,1,4.0816539301574400,4.010625,0.4435523715415020,3,11,0.2484450936317440,0.4582867895535690,0.6282051801681520,0.6707558141868230,0.2751145246480380,0.0,0.25277707,0.14490472,8.705882352941180,2.6341463414634100
1013,children,5.0,G,FALSE,1013.png,../data/children/stimuli_G/1013.png,drawing of a man and a woman in a window with a cat,,A house with two figures and a cat in a window,,5,0.6133517622947690,0.66,86.0,house,person(s),,2.0,3.0,4,1,4.675609040322900,10.878125,0.6494065529923100,2,29,0.222400426864624,0.457182212387985,0.5148134086970510,0.7631154187285340,0.3276770925305980,0.17313483,0.2791803,0.16979225,37.0,15.428571428571400
1014,children,5.0,G,FALSE,1014.png,../data/children/stimuli_G/1014.png,drawing of a man with a cell phone in his hand,,"Humanoid figure with a round body, smiling face, and extended arms",,4,0.4978702068328860,0.48,40.0,person,hands,(smiley) face,2.0,2.0,2,1,3.984886195182550,3.323125,0.4983926964124980,1,3,0.1952650547027590,0.3555230902291260,0.5112479627132420,0.556190138249538,0.2718749187322200,0.085638046,0.24873105,0.13741484,8.705882352941180,4.153846153846150
1015,children,6.0,G,TRUE,1015.png,../data/children/stimuli_G/1015.png,drawing of a bird with a flower in its beak,,Abstract sketch resembling a crab-like creature with geometric patterns,,3,0.7711664438247680,0.78,97.0,creature/monster,frown,,2.0,3.0,4,1,5.017693966383140,18.70375,0.5128226501069710,1,49,0.1218766497447090,0.3750784210884100,0.3875360488891600,0.753295654157947,0.3080470376805580,0.11290139,0.37127513,0.14864069,7.4,5.684210526315790
1016,children,5.0,G,FALSE,1016.png,../data/children/stimuli_G/1016.png,drawing of a mushroom with a stick sticking out of it,,Drawing of a mushroom with a textured cap and straight stem,,5,0.5784122943878170,0.48,41.0,mushroom,circles,,2.0,2.0,2,1,4.942622605295080,8.396875,0.9574236433442210,2,15,0.1327478885650630,0.2205382949274270,0.3050895747488980,0.7647862644125280,0.2892660606972210,0.05264809,0.16712299,0.0886453,7.047619047619050,5.684210526315790
1017,children,5.0,G,FALSE,1017.png,../data/children/stimuli_G/1017.png,drawing of a person with a hat and a dress on,,A simple stick figure with a smiley face and outstretched arms,,4,0.4905520677566530,0.48,40.0,person,hands,,2.0,2.0,3,1,3.878157079441560,3.14625,0.5850889192886460,3,7,0.1649467846782920,0.2800875258523970,0.4145150184631350,0.6510865183097530,0.2671915501739180,0.100160405,0.23561004,0.12406695,8.705882352941180,4.153846153846150
1018,children,6.0,G,FALSE,1018.png,../data/children/stimuli_G/1018.png,drawing of a tie on a white paper with a pencil,,Hard to interpret,,2,0.4844086170196530,0.48,40.0,abstract doodle/hard to interpret,,,2.0,0.0,1,1,3.684551531154970,6.11875,0.4481732632161640,3,14,0.2484450936317440,0.4582867895535690,0.6282051801681520,0.6374647783315180,0.2240851735505220,0.0,0.31732598,0.122609496,3.217391304347830,2.6341463414634100
1019,children,6.0,G,FALSE,1019.png,../data/children/stimuli_G/1019.png,drawing of a black and white picture of a clock with a number 11,,Hard to interpret,,1,0.3753101229667660,0.37,14.0,completing,,,2.0,0.0,2,1,4.038893998136180,1.7175,0.9098626716604240,4,5,0.2484450936317440,0.4582867895535690,0.6282051801681520,0.2081010905735580,0.1315473177878110,0.0,0.21378092,0.09573607,12.333333333333300,2.6341463414634100
1020,children,6.0,G,FALSE,1020.png,../data/children/stimuli_G/1020.png,a drawing of a mushroom with a face drawn on it,,A simple mushroom drawing with three spots on its cap,,5,0.3265511393547060,0.34,9.0,abstract doodle/hard to interpret,circles,,1.0,1.0,2,1,3.926380368651640,2.99,0.8316348500071770,5,4,0.1163991550923340,0.2209136849914100,0.2928843287493090,0.5864851166835570,0.2868682898243450,0.04976833,0.16307151,0.12342181,3.217391304347830,5.684210526315790
1022,children,5.0,G,FALSE,1022.png,../data/children/stimuli_G/1022.png,drawing of a cartoon cat with a clock on its head,,Hard to interpret,,1,0.5493367910385130,0.66,85.0,creature/monster,,,1.0,2.0,2,1,2.886891543098900,3.51875,0.7542672772689430,5,10,0.2484450936317440,0.4582867895535690,0.6282051801681520,0.6537831686794590,0.3026345672959190,0.0,0.21669802,0.13807657,7.4,2.6341463414634100
1023,children,6.0,G,FALSE,1023.png,../data/children/stimuli_G/1023.png,drawing of a drawing of a person holding an umbrella,,Umbrella over abstract face with squiggly lines above,,3,0.5253176093101500,0.48,41.0,umbrella,rain,,1.0,2.0,3,1,3.060424682428920,5.1825,0.4455687118765700,6,36,0.1178484559059140,0.2580233591205880,0.3058304190635680,0.7367123987800510,0.2419166137785000,0.13229223,0.3647545,0.13582781,148.0,10.8
1024,children,5.0,G,FALSE,1024.png,../data/children/stimuli_G/1024.png,drawing of a person holding an umbrella with a string attached to it,,Hard to interpret,,3,0.569675624370575,0.58,67.0,abstract doodle/hard to interpret,,,2.0,0.0,1,1,5.548356276375310,12.69875,0.8721863686447350,3,42,0.2484450936317440,0.4582867895535690,0.6282051801681520,0.7855635453892270,0.2710934667136240,0.0,0.38891238,0.13405679,3.217391304347830,2.6341463414634100
1025,children,6.0,G,TRUE,1025.png,../data/children/stimuli_G/1025.png,drawing of a basket of fruit with two forks and a spoon,,Balls in a net with two parallel vertical lines above,,4,0.5624940395355230,0.54,58.0,abstract doodle/hard to interpret,circles,lines,1.0,1.0,3,1,4.622254681694100,10.180625,0.8975784588521800,1,53,0.1865755319595340,0.4308507103234940,0.4460327625274660,0.6717236646085230,0.3683318305790060,0.19605358,0.33388212,0.23931238,3.217391304347830,6.352941176470590
1026,children,6.0,G,FALSE,1026.png,../data/children/stimuli_G/1026.png,drawing of a scarecrow with a number on it,,Abstract shape with spiral text beneath; possibly a robot or figure,,2,0.6201397776603700,0.75,95.0,creature/monster,writing,,1.0,2.0,3,1,4.16711365164224,8.60375,0.5695749208491200,7,33,0.1534362526796000,0.3642536212281470,0.4382237028546240,0.7791942372875730,0.3541978177456260,0.11869605,0.4048973,0.21018958,7.4,9.818181818181820
1027,children,6.0,G,TRUE,1027.png,../data/children/stimuli_G/1027.png,drawing of a clock with a clock face and a clock face on it,,Hard to interpret,,2,0.5627028942108150,0.64,81.0,submarine,,,2.0,3.0,1,1,3.9213417759238500,4.33,0.385205587251623,12,8,0.2484450936317440,0.4582867895535690,0.6282051801681520,0.59570741428058,0.2442850877463670,0.0,0.35286897,0.14235958,148.0,2.6341463414634100
1028,children,6.0,G,TRUE,1028.png,../data/children/stimuli_G/1028.png,drawing of a smiling face with a striped face and a square nose,,"Face with big eyes and a wide, striped, semi-circular shape",,4,0.5674240589141850,0.53,55.0,(smiley) face,lines ,,1.0,1.0,2,1,4.672842432148480,6.174375,0.8732674783674100,2,13,0.2032410260151540,0.3813895810478660,0.5019598007202150,0.6599157303527990,0.2874847593328740,0.11438916,0.270233,0.17502326,16.444444444444400,4.153846153846150
1029,children,5.0,G,FALSE,1029.png,../data/children/stimuli_G/1029.png,drawing of a t - shirt with a tie on it,,Hard to interpret,,1,0.2598397135734560,0.24,0.0,completing,,,2.0,0.0,0,1,3.4076274541149100,1.466875,0.8644524236983840,2,3,0.2484450936317440,0.4582867895535690,0.6282051801681520,0.3861908674489990,0.1900221453105580,0.0,0.1904684,0.100722,12.333333333333300,2.6341463414634100
2001,children,4.0,G,FALSE,2001.png,../data/children/stimuli_G/2001.png,drawing of a door in a hole with a arrow pointing to it,,Hard to interpret,,3,0.4846611618995670,0.54,57.0,abstract doodle/hard to interpret,encircled,,2.0,0.0,1,0.5,3.358778839350350,4.875,0.4945679012345680,14,9,0.2484450936317440,0.4582867895535690,0.6282051801681520,0.6352389377656450,0.1966376652234330,0.0,0.41052967,0.11913904,3.217391304347830,2.6341463414634100
2002,children,4.0,G,FALSE,2002.png,../data/children/stimuli_G/2002.png,drawing of a cartoon elephant with a big nose and a big nose,,Simple drawing resembling a mushroom with a stem and spots,,4,0.3167909979820250,0.45,34.0,creature/monster,cricles,,1.0,1.0,2,1,3.47127195384722,2.51625,0.8078988941548180,6,4,0.0988272310701269,0.190988993376165,0.2399713397026060,0.5914004442845920,0.3078779701546050,0.04572022,0.2162935,0.1313978,7.4,5.684210526315790
2003,children,5.0,G,FALSE,2003.png,../data/children/stimuli_G/2003.png,drawing of a man with a tie and a heart in his chest,,Abstract drawing with heart shape in mushroom-like outline,,3,0.528679609298706,0.6,73.0,abstract doodle/hard to interpret,,,1.0,0.0,2,1,5.780848986216900,4.926875,0.9783595787846580,7,7,0.1083833905572710,0.2481090798410500,0.3046985268592830,0.605739889840515,0.2701721776153190,0.08778003,0.21048804,0.1262811,3.217391304347830,5.684210526315790
2004,children,4.0,G,FALSE,2004.png,../data/children/stimuli_G/2004.png,arafed drawing of a clock with a number four on it,,Hard to interpret,,2,0.3148932754993440,0.27,1.0,abstract doodle/hard to interpret,,,1.0,0.0,0,0,3.717144274286460,1.416875,0.914577530176416,7,3,0.2484450936317440,0.4582867895535690,0.6282051801681520,0.1450282947497180,0.0922121688899326,0.0,0.22950459,0.09831412,3.217391304347830,2.6341463414634100
2009,children,5.0,G,FALSE,2009.png,../data/children/stimuli_G/2009.png,drawing of a mushroom with a long stem on a white background,,Simple line drawing of a mushroom,,5,0.3345800042152410,0.37,14.0,mushroom,,,1.0,2.0,2,1,4.079553123987290,4.201875,0.9447072427204880,16,10,0.0792132568828294,0.1845774407558870,0.2109362012705910,0.7671903238472620,0.2969763919190550,0.047991443,0.16072154,0.08397515,7.047619047619050,5.684210526315790
2010,children,5.0,G,FALSE,2010.png,../data/children/stimuli_G/2010.png,drawing of a umbrella with a line drawing of a person holding a umbrella,,Simple mushroom shape with lines on the cap,,5,0.3842938840389250,0.42,26.0,abstract doodle/hard to interpret,lines,,1.0,1.0,2,1,5.239260733700840,5.320000000000000,0.989421456656057,2,13,0.1144908666610720,0.2531677857985430,0.2987042665481570,0.7126239102895510,0.2312978883308990,0.05708438,0.2518164,0.11959344,3.217391304347830,6.352941176470590
2011,children,6.0,G,FALSE,2011.png,../data/children/stimuli_G/2011.png,drawing of a bird sitting on top of a dress on a white background,,Hard to interpret,,2,0.3853660225868230,0.45,34.0,bird,wings,,1.0,2.0,3,1,3.6617635299204100,2.874375,0.6629662522202490,1,4,0.2484450936317440,0.4582867895535690,0.6282051801681520,0.5707321623412590,0.2395205210663690,0.0,0.20489821,0.13427918,148.0,2.6341463414634100
2012,children,5.0,G,FALSE,2012.png,../data/children/stimuli_G/2012.png,a drawing of a mushroom with a face drawn on it,,Hard to interpret,,2,0.3465390801429750,0.42,27.0,abstract doodle/hard to interpret,lines,,2.0,0.0,1,0.5,3.870886293929020,3.45875,0.9568327268164140,2,11,0.2484450936317440,0.4582867895535690,0.6282051801681520,0.5799485239922010,0.1994505009345660,0.0,0.29519966,0.11406287,3.217391304347830,2.6341463414634100
2013,children,5.0,G,TRUE,2013.png,../data/children/stimuli_G/2013.png,drawing of a cartoon character with a baseball bat and a baseball cap,,"Smiling figure with a round body, arms, and legs",,4,0.6204261779785160,0.7,91.0,pregancy,creature/monster,,1.0,2.0,4,1,4.588093039520790,9.995625,0.5613236187006680,6,17,0.1865806579589840,0.3220471537723290,0.5031655878772010,0.7619025373912930,0.3592334490697220,0.08924884,0.2985971,0.20367575,148.0,4.153846153846150
2014,children,6.0,G,FALSE,2014.png,../data/children/stimuli_G/2014.png,there is a drawing of a fan with a bunch of fruit on it,,Mushroom with spots and a rectangular base,,4,0.5848958492279050,0.52,52.0,mushroom,circles,,1.0,1.0,2,1,9.6586429387532,11.375625,0.9558021999801800,1,8,0.1603295015895900,0.3634241439952920,0.4302446076346810,0.7184479273126930,0.2813202201574020,0.06933603,0.31239593,0.1322792,7.047619047619050,6.352941176470590
2015,children,4.0,G,FALSE,2015.png,../data/children/stimuli_G/2015.png,drawing of a cartoon character with a knife and fork in his hand,,Hard to interpret,,2,0.66976398229599,0.56,63.0,abstract doodle/hard to interpret,lines,,2.0,0.0,2,1,5.251963775616660,10.759375,0.6872153325817360,1,19,0.2484450936317440,0.4582867895535690,0.6282051801681520,0.6850335779467810,0.2943492994182290,0.0,0.2573045,0.15958408,3.217391304347830,2.6341463414634100
2016,children,4.0,G,FALSE,2016.png,../data/children/stimuli_G/2016.png,drawing of a person ' s foot with a shoe on it,,Hard to interpret,,2,0.4567429721355440,0.48,41.0,abstract doodle/hard to interpret,,,2.0,0.0,1,0,3.3719348202998300,4.381875,0.5357484228636970,2,11,0.2484450936317440,0.4582867895535690,0.6282051801681520,0.714510842055746,0.2136761940487180,0.0,0.4028245,0.12285966,3.217391304347830,2.6341463414634100
2017,children,4.0,G,TRUE,2017.png,../data/children/stimuli_G/2017.png,drawing of a sink with a toothbrush and a toothbrush holder,,"Boat with chimneys, rainbow, and smiley face above water",,4,0.5409660339355470,0.62,77.0,boat,(smiley) face,rainbow,1.0,2.0,3,1,3.812603660897450,5.32875,0.3840073670478090,2,14,0.175065447386177,0.3435647487640380,0.422850489616394,0.6707353356896750,0.3043355401900120,0.16346148,0.36294907,0.17607675,74.0,10.8
2018,children,5.0,G,FALSE,2018.png,../data/children/stimuli_G/2018.png,drawing of a man with a hat and a tie on,,Abstract shape with a semicircular top and straight lines below,,4,0.3527321815490720,0.42,28.0,completing,,,2.0,0.0,1,1,4.268509025618150,2.704375,0.6510882402564540,3,3,0.132212434178961,0.3538598629152680,0.3758910708394960,0.5279575863530080,0.1920213471434910,0.09764911,0.20543142,0.10007737,12.333333333333300,6.352941176470590
3001,children,4.0,G,FALSE,3001.png,../data/children/stimuli_G/3001.png,drawing of a clock with a pencil and a pencil on a paper,,Hard to interpret,,1,0.3357106447219850,0.33,5.0,blank,,,1.0,10.0,0,0,3.0752324232970600,1.82,0.4271012006861060,39,3,0.2484450936317440,0.4582867895535690,0.6282051801681520,0.4649513304207790,0.1380500995614200,0.0,0.34945312,0.112793945,49.333333333333300,2.6341463414634100
3002,children,6.0,G,FALSE,3002.png,../data/children/stimuli_G/3002.png,drawing of a t - shirt with a line drawing of a water drop,,Hard to interpret,,2,0.4584241509437560,0.56,63.0,abstract doodle/hard to interpret,,,2.0,0.0,1,1,4.251453284071500,3.8675,0.8048667439165700,8,4,0.2484450936317440,0.4582867895535690,0.6282051801681520,0.5366354078410650,0.2532360280392150,0.0,0.26279432,0.14767241,3.217391304347830,2.6341463414634100
3005,children,6.0,G,FALSE,3005.png,../data/children/stimuli_G/3005.png,drawing of a man with a tie and a umbrella,,Stick figure holding an umbrella and appearing to be surprised,,4,0.4561161994934080,0.63,80.0,person(s),parachute,,1.0,3.0,3,1,4.214877213208370,3.5062500000000000,0.6586198179979780,4,5,0.1673403282558710,0.2779646035976040,0.3715310096740720,0.5621088206632770,0.2096808670946220,0.13386197,0.22202449,0.11129756,8.705882352941180,10.8
3007,children,4.0,G,FALSE,3007.png,../data/children/stimuli_G/3007.png,drawing of a man standing in the water with a umbrella,,Mushroom-like shape with sketchy background and foreground elements,,3,0.6372407078742980,0.7,91.0,abstract doodle/hard to interpret,,,2.0,0.0,1,1,7.427077002307640,31.734375,0.5223187916631510,8,127,0.1285864114761350,0.2285754586972680,0.3063738346099850,0.8305785254506050,0.2825243784540970,0.085846215,0.32684213,0.14738736,3.217391304347830,5.684210526315790
3008,children,6.0,G,FALSE,3008.png,../data/children/stimuli_G/3008.png,a drawing of a man with a bird on his head,,"Humanoid figure with round body, long neck, and smiling face",,4,0.5198837518692020,0.59,72.0,person(s),hands,,2.0,3.0,3,1,4.402166798705080,5.0125,0.3948732185822690,6,7,0.2074501986831290,0.4130784098231320,0.525217741727829,0.699454537029655,0.3600822061212870,0.09525209,0.2528024,0.16383679,8.705882352941180,4.153846153846150
3009,children,6.0,G,TRUE,3009.png,../data/children/stimuli_G/3009.png,there is a drawing of a smiling face with a book in the background,,"A rectangle and a large, curved, sharp-toothed smile",,3,0.5905200839042660,0.47,39.0,creature/monster,teeth,,1.0,2.0,2,1,5.580146363710380,5.381875,0.8570418801908470,3,6,0.2103885412216190,0.3502385229014460,0.5099086165428160,0.6271936074465200,0.3076227917482250,0.13268673,0.29019985,0.19435182,7.4,4.153846153846150
3010,children,4.0,G,TRUE,3010.png,../data/children/stimuli_G/3010.png,drawing of a man with a hat and a cell phone,,"Three faces in a boat shape with ""LOL"" written below",,4,0.5576517581939700,0.53,55.0,faces,,,1.0,1.0,2,1,4.301478855067610,4.452500000000000,0.8127633955448530,6,3,0.1811392795360500,0.3630605746227670,0.5033268928527830,0.5352857276139320,0.4244264172148040,0.15421073,0.23508242,0.28980595,148.0,4.153846153846150
3011,children,5.0,G,TRUE,3011.png,../data/children/stimuli_G/3011.png,drawing of a couple in a boat with a city in the background,,Three people on a boat under the moon,,4,0.6225136518478390,0.65,83.0,person(s),boat,,2.0,2.0,3,1,4.507168213702420,6.710625,0.7405455879410390,2,11,0.2415469740899210,0.5979234932615450,0.557051420211792,0.6005997618515820,0.366140065671275,0.21569932,0.2262676,0.2361432,8.705882352941180,10.8
3013,children,5.0,G,FALSE,3013.png,../data/children/stimuli_G/3013.png,drawing of a man with a hat and tie on his head,,"Cartoonish figure with large hat, smiling face, and outstretched arms",,3,0.5491937398910520,0.62,77.0,person(s),encircled,hair ,2.0,2.0,3,1,5.229129935120430,9.2,0.5940806705081190,7,14,0.1804835092733180,0.3052294825222600,0.4656626304589120,0.7797504246318900,0.308994914164295,0.0877067,0.2693316,0.1259226,8.705882352941180,4.153846153846150
3016,children,4.0,G,FALSE,3016.png,../data/children/stimuli_G/3016.png,drawing of a toilet with a seat and a toilet paper roll,,Circle with a square inside it,,5,0.3732366859912870,0.36,14.0,completing,,,2.0,0.0,1,1,3.309075001507210,2.298125,0.7111663412036220,2,4,0.204985499382019,0.3350143234436010,0.4637044668197630,0.4800807108141850,0.2092276755777380,0.1580981,0.27957192,0.14387432,12.333333333333300,6.352941176470590
3017,children,4.0,G,FALSE,3017.png,../data/children/stimuli_G/3017.png,a close up of a drawing of a mushroom on a white background,,Outline of an abstract shape resembling a mushroom with geometric features,,3,0.2454821765422820,0.27,1.0,completing,,,2.0,0.0,0,1,3.385421250798820,1.713125,0.9187408491947290,1,3,0.1052377820014950,0.2853464867277880,0.3056429624557500,0.3703397653632210,0.1646110666382260,0.06549367,0.21699688,0.13148686,12.333333333333300,5.684210526315790
3018,children,5.0,G,FALSE,3018.png,../data/children/stimuli_G/3018.png,drawing of a mushroom with dots on it ' s head,,A simple drawing of a mushroom,,5,0.4477156102657320,0.43,31.0,mushroom,circles,,1.0,1.0,2,1,4.16491268461534,3.57375,0.9684290604792700,18,3,0.0996131837598556,0.196593749218617,0.2474228739738460,0.6445298872492310,0.3002276501641910,0.036162633,0.2093081,0.1125587,7.047619047619050,5.684210526315790
3020,children,7.0,G,FALSE,3020.png,../data/children/stimuli_G/3020.png,drawing of a person holding an umbrella with a pencil in it,,Hard to interpret,,2,0.3129629790782930,0.32,4.0,abstract doodle/hard to interpret,,,2.0,0.0,1,1,3.696833186190930,2.1881250000000000,0.7872508387606080,2,6,0.2484450936317440,0.4582867895535690,0.6282051801681520,0.5880733882013030,0.2671840869636610,0.0,0.24661532,0.13431393,3.217391304347830,2.6341463414634100
3022,children,4.0,G,FALSE,3022.png,../data/children/stimuli_G/3022.png,drawing of a person holding an umbrella with a heart on it,,"An umbrella, parachute, and heart shape are depicted",,3,0.5806887149810790,0.69,89.0,abstract doodle/hard to interpret,heart,,2.0,0.0,1,1,4.284574489527550,7.02,0.6273099260823650,2,16,0.1340305209159850,0.2937083629878870,0.3253484964370730,0.7476898671121440,0.233099449689272,0.15226217,0.37656045,0.120380476,3.217391304347830,10.8
3023,children,4.0,G,FALSE,3023.png,../data/children/stimuli_G/3023.png,drawing of a person holding an umbrella in the rain,,Hard to interpret,,1,0.2834430336952210,0.25,0.0,tracing,,,2.0,20.0,0,0,3.672561401913130,1.428125,0.9336478914774400,5,3,0.2484450936317440,0.4582867895535690,0.6282051801681520,0.4786914672758640,0.1061852403769460,0.0,0.25850353,0.09458759,148.0,2.6341463414634100
3024,children,4.0,G,FALSE,3024.png,../data/children/stimuli_G/3024.png,drawing of a person holding an umbrella with a white background,,Semi-circle with two vertical rectangular shapes below it,,4,0.3108017146587370,0.26,0.0,completing,,,1.0,0.0,2,0.5,3.8509928016347,1.495625,0.9613832853025940,3,4,0.1686680115857050,0.3571110772225580,0.4254811748575450,0.329620538472981,0.1199237445455490,0.13517995,0.2502523,0.10916581,12.333333333333300,6.352941176470590
3025,children,4.0,G,FALSE,3025.png,../data/children/stimuli_G/3025.png,a drawing of a person standing in front of a light bulb,,Hard to interpret,,1,0.5596182346343990,0.77,97.0,abstract doodle/hard to interpret,eye,lines,2.0,10.0,2,0,4.350207882325470,7.494375000000000,0.1540923076923080,18,13,0.2484450936317440,0.4582867895535690,0.6282051801681520,0.5661597471885650,0.2534994655330920,0.0,0.3632092,0.14777172,3.217391304347830,2.6341463414634100
3026,children,5.0,G,FALSE,3026.png,../data/children/stimuli_G/3026.png,there is a drawing of a bird with a nest on it,,Hard to interpret,,2,0.4400226473808290,0.5,47.0,abstract doodle/hard to interpret,,,2.0,0.0,2,0.5,22.149062768223800,19.1,0.9280336029869320,2,12,0.2484450936317440,0.4582867895535690,0.6282051801681520,0.701598840198262,0.2793060733719580,0.0,0.30388322,0.16278261,3.217391304347830,2.6341463414634100
3028,children,4.0,G,FALSE,3028.png,../data/children/stimuli_G/3028.png,a drawing of a mushroom on a white background with a black outline,,Abstract shape resembling a mushroom or umbrella,,3,0.2107308506965640,0.23,0.0,completing,,,2.0,0.0,0,1,4.020246721051960,2.04625,0.7743142144638400,1,5,0.0872713327407836,0.1998761653863240,0.271522045135498,0.4395619689003920,0.1784957108615000,0.07760481,0.1846458,0.09490261,12.333333333333300,5.684210526315790
4001,children,6.0,G,FALSE,4001.png,../data/children/stimuli_G/4001.png,a drawing of a mushroom with a letter n on it,,Mushroom with spots and a heart inside a rectangle below,,4,0.3711601495742800,0.43,29.0,mushroom,circles,heart,1.0,1.0,2,1,4.0075001825091400,4.305625,0.8996412198525020,6,7,0.1603951454162600,0.2720438025010760,0.395308357337366,0.7496006106390020,0.324722863186392,0.08565189,0.10368755,0.12175834,7.047619047619050,6.352941176470590
4002,children,6.0,G,FALSE,4002.png,../data/children/stimuli_G/4002.png,a drawing of a mushroom on a white background with a black outline,,A simple drawing of a mushroom with a pointed top,,5,0.2760089635849000,0.22,0.0,completing,,,2.0,0.0,0,1,3.778602612778150,1.7475,0.8861273142277450,1,4,0.1167491674423220,0.1892359965584260,0.2665280103683470,0.4590482156876030,0.2250210026878930,0.04733967,0.19008593,0.097644195,12.333333333333300,5.684210526315790
4003,children,6.0,G,FALSE,4003.png,../data/children/stimuli_G/4003.png,a drawing of a mushroom head with a long tail,,A simple line drawing of a mushroom,,5,0.2065150737762450,0.21,0.0,completing,,,2.0,0.0,0,1,3.7317210324717000,1.631875,0.913008989952406,1,2,0.0797910094261169,0.1757406697118670,0.2139127850532530,0.4746962964461780,0.1960967662663940,0.04380388,0.18631113,0.099777766,12.333333333333300,5.684210526315790
4004,children,5.0,G,TRUE,4004.png,../data/children/stimuli_G/4004.png,drawing of a smiling face with a computer mouse in it,,"Simple face with two eyes, mouth, and a rectangular top",,4,0.4316492974758150,0.37,15.0,(smiley) face,,,2.0,2.0,2,0.5,4.073747451864740,3.68,0.7234369459874720,3,6,0.1790947211328300,0.3079768419265750,0.4292116591099400,0.5523625424217780,0.2391891310489260,0.103743434,0.25957516,0.13991319,16.444444444444400,4.153846153846150
4005,children,7.0,G,FALSE,4005.png,../data/children/stimuli_G/4005.png,drawing of a mushroom with a long tail and a long tail,,Mushroom shape with additional abstract lines and scribbles,,3,0.5427526831626890,0.5,47.0,abstract doodle/hard to interpret,,,2.0,0.0,1,1,4.563181475697810,10.62375,0.6082538550672970,1,36,0.0922592768359982,0.2185715204051590,0.2859636715628890,0.8139852095017850,0.2557124842620490,0.06436641,0.28524166,0.12127864,3.217391304347830,5.684210526315790
4006,children,6.0,G,FALSE,4006.png,../data/children/stimuli_G/4006.png,drawing of a clock with a face on it on a white background,,Hard to interpret,,2,0.5663066506385800,0.56,62.0,abstract doodle/hard to interpret,tic/tac/toe,,2.0,1.0,3,1,5.24251602319922,7.990625,0.957929596467558,3,15,0.2484450936317440,0.4582867895535690,0.6282051801681520,0.6060373617965340,0.2479591512057410,0.0,0.21793456,0.14597368,3.217391304347830,2.6341463414634100
4007,children,9.0,G,TRUE,4007.png,../data/children/stimuli_G/4007.png,drawing of a woman with a crown on her head,,"Cartoon face with glasses, smile, and hair; simple black and white drawing",,5,0.6199280619621280,0.58,67.0,(smiley) face,glasses,,2.0,4.0,4,1,8.201274713958250,20.16875,0.2616642366173710,16,22,0.1640293598175050,0.3241190708911140,0.4071356411495410,0.8274051415755670,0.2768449834360590,0.09476013,0.2561792,0.14748147,16.444444444444400,4.153846153846150
4008,children,7.0,G,FALSE,4008.png,../data/children/stimuli_G/4008.png,drawing of a mushroom and an elephant under a tree,,Mushroom with door and animal-like shape beside it,,4,0.4621027708053590,0.54,58.0,mushroom,door,copying,2.0,2.0,2,1,4.583027237168510,5.106250000000000,0.8159631752648950,16,6,0.1761590592908580,0.2989414721411900,0.38164883852005,0.676704430017103,0.280445293194225,0.101618886,0.18651552,0.14347628,7.047619047619050,6.352941176470590
4009,children,5.0,G,FALSE,4009.png,../data/children/stimuli_G/4009.png,drawing of a person holding a umbrella in the rain,,Hard to interpret,,2,0.5310266613960270,0.45,34.0,abstract doodle/hard to interpret,,,1.0,10.0,1,1,5.495948233280850,11.89375,0.9287089769328470,4,47,0.2484450936317440,0.4582867895535690,0.6282051801681520,0.7117149465084570,0.1896245978023080,0.0,0.2722863,0.11894719,3.217391304347830,2.6341463414634100
4010,children,4.0,G,TRUE,4010.png,../data/children/stimuli_G/4010.png,drawing of a candle with a candle on it and a handwritten date,,Hard to interpret,,2,0.6005796194076540,0.69,90.0,(smiley) face,numbers,ears,1.0,1.0,3,0.5,4.853860165769930,7.276875000000000,0.6869346733668340,6,11,0.2484450936317440,0.4582867895535690,0.6282051801681520,0.6940657052775690,0.2975994193147750,0.0,0.3056433,0.17255676,16.444444444444400,2.6341463414634100
4011,children,4.0,G,FALSE,4011.png,../data/children/stimuli_G/4011.png,drawing of a person holding a knife and a knife in their hand,,Hard to interpret,,1,0.4767255187034610,0.57,65.0,creature/monster,,,1.0,1.0,2,1,3.41066472196291,2.541875,0.8117096018735360,5,7,0.2484450936317440,0.4582867895535690,0.6282051801681520,0.4712301004357910,0.2536029518456210,0.0,0.21184078,0.13096592,7.4,2.6341463414634100
4012,children,6.0,G,FALSE,4012.png,../data/children/stimuli_G/4012.png,drawing of a person with an umbrella in the rain,,Hard to interpret,,1,0.3646090626716610,0.47,39.0,abstract doodle/hard to interpret,,,2.0,0.0,1,1,3.7139066854690500,2.341875,0.7730902777777780,2,5,0.2484450936317440,0.4582867895535690,0.6282051801681520,0.4789002490394720,0.1928310982792090,0.0,0.2433052,0.117796026,3.217391304347830,2.6341463414634100
4013,children,7.0,G,FALSE,4013.png,../data/children/stimuli_G/4013.png,drawing of a person holding a umbrella over a house,,Mushroom house with a square base and a pathway,,4,0.5185352563858030,0.62,78.0,mushroom,,,1.0,2.0,3,1,4.440198037581210,9.135625,0.7140200433929130,1,15,0.1626771092414860,0.3661137848598140,0.4519216850972680,0.8027249154103390,0.2929139404334470,0.10940043,0.2621568,0.11822667,7.047619047619050,15.428571428571400
4014,children,8.0,G,FALSE,4014.png,../data/children/stimuli_G/4014.png,drawing of a person holding an umbrella with a bird flying by,,Hard to interpret,,1,0.5509700179100040,0.47,38.0,abstract doodle/hard to interpret,,,1.0,1.0,3,1,5.323383669111970,9.11875,0.5461364126915610,2,23,0.2484450936317440,0.4582867895535690,0.6282051801681520,0.7404176104837290,0.2888736615465500,0.0,0.27129397,0.13402578,3.217391304347830,2.6341463414634100
4015,children,8.0,G,FALSE,4015.png,../data/children/stimuli_G/4015.png,drawing of a person with a hat and a tie on,,Semi-circle object with textured rim and rectangular base,,4,0.4841116666793820,0.5,46.0,abstract doodle/hard to interpret,,,1.0,0.0,2,1,4.061874436676610,3.4762500000000000,0.8868834389639020,4,10,0.1680034399032590,0.3956171925917710,0.482853889465332,0.5764501634042670,0.221016899707336,0.13454832,0.29553127,0.12212195,3.217391304347830,6.352941176470590
4016,children,9.0,G,FALSE,4016.png,../data/children/stimuli_G/4016.png,a drawing of a mushroom with a lot of dots on it,,Mushroom with a spotted cap and textured stem drawn in black lines,,5,0.4071940779685970,0.37,15.0,mushroom,circles,,2.0,2.0,2,1,3.8690787412441600,5.56875,0.9836091535355140,3,12,0.1328696529346900,0.3038874242205080,0.320163369178772,0.7720440322464020,0.2913068946426610,0.060556225,0.1133979,0.10336294,7.047619047619050,5.684210526315790
4017,children,7.0,G,TRUE,4017.png,../data/children/stimuli_G/4017.png,drawing of a face with a smile on it,,Simple stick figure with a round head and facial features,,5,0.6110274791717530,0.6,73.0,creature/monster,hands,,2.0,3.0,4,1,12.070787620244300,16.308125,0.2938285637871090,6,7,0.1619107530223370,0.3059009313583370,0.3940012816189950,0.720056461045419,0.2621193841557530,0.09848125,0.26760718,0.12672155,7.4,4.153846153846150
4018,children,5.0,G,FALSE,4018.png,../data/children/stimuli_G/4018.png,drawing of a person with a umbrella on a white background,,Abstract geometric design with symmetrical curved and angular lines,,3,0.5603811144828800,0.61,75.0,abstract doodle/hard to interpret,lines,,2.0,0.0,1,1,4.248710786414920,9.893125,0.4384469696969700,1,30,0.1553873327143570,0.4372725319049510,0.4227181673049930,0.7241920412979760,0.2425455388397380,0.13553385,0.30440268,0.1487177,3.217391304347830,6.352941176470590
4019,children,5.0,G,FALSE,4019.png,../data/children/stimuli_G/4019.png,a drawing of a mushroom with a house in the middle,,A simple drawing of a mushroom with spots,,5,0.2653967440128330,0.34,7.0,mushroom,circles,,2.0,2.0,2,1,3.589335697323200,3.69125,0.8762330809818770,7,8,0.1112924814224240,0.202244734830997,0.2627085447311400,0.5941100880887360,0.252950670316703,0.04548181,0.23037057,0.098235086,7.047619047619050,5.684210526315790
4020,children,6.0,G,FALSE,4020.png,../data/children/stimuli_G/4020.png,a drawing of a circle with a small triangle on it,,Abstract drawing with overlapping lines and a triangular shape at the top,,3,0.5357091426849370,0.49,43.0,abstract doodle/hard to interpret,lines,,2.0,0.0,2,0.5,4.607915911931330,10.73875,0.8283433133732540,3,30,0.1262605115019950,0.3716297405406380,0.3360244631767270,0.7104640418755480,0.2948609580666060,0.11865704,0.36735195,0.18357897,3.217391304347830,6.352941176470590
4021,children,5.0,G,FALSE,4021.png,../data/children/stimuli_G/4021.png,drawing of a horse head with a long mane and a short tail,,Simple smiling figure with a horn and wide arms,,3,0.358178436756134,0.43,30.0,(smiley) face,,,2.0,1.0,3,1,3.895314976597180,2.36625,0.8393335886633470,4,4,0.1833654642105100,0.3216170658126800,0.4461399646914020,0.4822059889413840,0.3010497215947990,0.10963104,0.21195373,0.20687862,16.444444444444400,4.153846153846150
4022,children,8.0,G,FALSE,4022.png,../data/children/stimuli_G/4022.png,drawing of a man with a dog in a house,,"Robot with antennae arms under a wavy line, possibly symbolizing water",,4,0.6040692925453190,0.77,97.0,person(s),boat,hands,2.0,3.0,4,1,5.432410088651200,10.09625,0.6945236456592270,7,24,0.1653020283399790,0.4001293003597640,0.4164973845185400,0.6845999473108060,0.2848273991385840,0.15316422,0.2778384,0.15502894,8.705882352941180,9.818181818181820
4023,children,9.0,G,TRUE,4023.png,../data/children/stimuli_G/4023.png,a drawing of a boat with a sail on it ' s side,,Simple outline of a bottle with a stopper at the top,,4,0.4070574045181270,0.44,31.0,completing,abstract doodle/hard to interpret,,2.0,0.0,1,1,4.794483405275630,2.6925,0.8283422459893050,2,5,0.1684329261908800,0.3153927702179830,0.3708005956053910,0.5373245643100120,0.2050183376161660,0.17148435,0.31820294,0.14110096,12.333333333333300,6.352941176470590
4024,children,9.0,G,TRUE,4024.png,../data/children/stimuli_G/4024.png,drawing of a cup with a heart on it and a spoon in it,,"Dress with heart design on top, two straps",,5,0.5052435398101810,0.6,73.0,abstract doodle/hard to interpret,heart,,2.0,1.0,2,1,4.936283298225190,3.6525,0.7678361810356070,2,2,0.2428535078255220,0.5391924106593370,0.5589065183512520,0.4976086941215360,0.3032059688001640,0.19786064,0.2229763,0.1952145,3.217391304347830,10.8
4025,children,6.0,G,FALSE,4025.png,../data/children/stimuli_G/4025.png,drawing of a bird with a crown on its head,,"A figure with a crown, wings, and stick-like arms and legs",,4,0.5912390947341920,0.68,88.0,princess,hands,,2.0,3.0,4,1,6.107033389691890,8.499375,0.944797030295773,3,15,0.1801630014229710,0.3632192638414410,0.4701992273330690,0.6572275409485270,0.3121924283576200,0.128253,0.21460564,0.13908124,49.333333333333300,4.153846153846150
4026,children,7.0,G,FALSE,4026.png,../data/children/stimuli_G/4026.png,drawing of a cartoon character with two horns and a nose,,"Character with large oval head, two antennas, and a smiling face",,4,0.582506537437439,0.59,70.0,creature/monster,feelers,hands,2.0,3.0,4,1,4.257918688438040,6.036875,0.6826799607221090,5,12,0.2078466887565430,0.3942002889037290,0.4938491281181050,0.7020974405248130,0.3377327700080540,0.11049254,0.17781834,0.16524948,7.4,4.153846153846150
5001,children,9.0,G,FALSE,5001.png,../data/children/stimuli_G/5001.png,drawing of a tie with a knot on it,,Hard to interpret,,2,0.5307815074920650,0.54,58.0,abstract doodle/hard to interpret,lines,,2.0,0.0,1,1,4.444393720357720,4.741875,0.9820267686424470,1,16,0.2484450936317440,0.4582867895535690,0.6282051801681520,0.5910473035456730,0.2399223999576160,0.0,0.24109486,0.1368695,3.217391304347830,2.6341463414634100
5002,children,6.0,G,FALSE,5002.png,../data/children/stimuli_G/5002.png,drawing of a child ' s drawing of a tree with a bird on it,,Hard to interpret,,2,0.6816097497940060,0.62,78.0,abstract doodle/hard to interpret,lines,,2.0,1.0,2,1,4.590041371861240,19.7775,0.4044481435242980,2,92,0.2484450936317440,0.4582867895535690,0.6282051801681520,0.8115452428726320,0.3194465553315340,0.0,0.26994422,0.16098806,3.217391304347830,2.6341463414634100
5003,children,8.0,G,FALSE,5003.png,../data/children/stimuli_G/5003.png,drawing of a cartoon character with a key in his mouth,,"Mushroom-shaped house with circular windows, scribbles in front",,5,0.5356008410453800,0.48,40.0,abstract doodle/hard to interpret,circles,,1.0,2.0,2,1,6.110986156055210,5.7925,0.7580672554347830,9,4,0.145061194896698,0.3554598496991350,0.3826312790732800,0.666886560723573,0.2325449245026480,0.108450316,0.28844464,0.10762061,3.217391304347830,15.428571428571400
5004,children,8.0,G,TRUE,5004.png,../data/children/stimuli_G/5004.png,drawing of a person with a large head and a small body,,Hard to interpret,,1,0.4294981360435490,0.43,30.0,person,,,1.0,1.0,1,1,4.499449836286020,2.870625,0.6393895112842990,1,4,0.2484450936317440,0.4582867895535690,0.6282051801681520,0.5756425314751580,0.2448191635914950,0.0,0.2875129,0.15546577,8.705882352941180,2.6341463414634100
5009,children,7.0,G,FALSE,5009.png,../data/children/stimuli_G/5009.png,drawing of a man with a hat and a tie on,,Hard to interpret,,2,0.4947057366371160,0.51,49.0,person(s),boat,,1.0,1.0,1,0.5,3.947380084345050,2.3925,0.7647169811320750,5,3,0.2484450936317440,0.4582867895535690,0.6282051801681520,0.4795494018093650,0.1978505462954440,0.0,0.21078019,0.10303295,8.705882352941180,2.6341463414634100
5010,children,7.0,G,FALSE,5010.png,../data/children/stimuli_G/5010.png,there is a drawing of a clock on a white wall,,Hard to interpret,,1,0.2951466739177700,0.17,0.0,blank,,,2.0,10.0,0,0,3.86164287484681,0.8418750000000000,0.9279862009486850,9,2,0.2484450936317440,0.4582867895535690,0.6282051801681520,0.0875161494993449,0.0594726414641905,0.0,0.25831145,0.10180211,49.333333333333300,2.6341463414634100
5011,children,8.0,G,FALSE,5011.png,../data/children/stimuli_G/5011.png,drawing of a person holding an umbrella with a face drawn on it,,Mushroom with a grid-patterned cap and textured stem,,4,0.5817652940750120,0.5,47.0,abstract doodle/hard to interpret,lines,,2.0,1.0,2,1,3.9136461585626100,5.196875,0.9840466592332100,1,12,0.1716673867900720,0.3328805963063420,0.4616965651512150,0.6972296824822650,0.2880061922034610,0.069786854,0.21134469,0.15209298,3.217391304347830,6.352941176470590
5012,children,6.0,G,FALSE,5012.png,../data/children/stimuli_G/5012.png,drawing of a mushroom with a face drawn on it,,Simple drawing of a three-eyed creature with a vertical body,,3,0.4730937778949740,0.44,33.0,abstract doodle/hard to interpret,circles,,2.0,0.0,1,1,3.300494546517940,2.109375,0.8004526593738210,6,4,0.1518348960974860,0.3049649181941090,0.3565647218563980,0.6220341074163940,0.2117249154542950,0.12743475,0.23439817,0.09915034,3.217391304347830,9.818181818181820
5018,children,9.0,G,FALSE,5018.png,../data/children/stimuli_G/5018.png,drawing of a helmet with a pair of scissors on it,,Hard to interpret,,3,0.5081378817558290,0.56,63.0,creature/monster,,,1.0,2.0,1,1,3.67212918130487,3.730625,0.7031087484109560,1,7,0.2484450936317440,0.4582867895535690,0.6282051801681520,0.6688801622891560,0.2338093476133450,0.0,0.26746303,0.12636946,7.4,2.6341463414634100
5019,children,6.0,G,TRUE,5019.png,../data/children/stimuli_G/5019.png,drawing of a cartoon character with a face and arms,,Cartoonish face with a rectangular head and simplistic features,,5,0.4441954493522640,0.48,41.0,person,,,2.0,3.0,4,1,3.849568509006740,4.186875000000000,0.4106844741235390,7,10,0.1768404245376590,0.2885895715462600,0.4473763108253480,0.6398427035628830,0.2937235834620830,0.09427448,0.2993937,0.15982461,8.705882352941180,4.153846153846150
5020,children,9.0,G,TRUE,5020.png,../data/children/stimuli_G/5020.png,drawing of a smiley face with a speech bubble above it,,"A smiling face saying ""BOO"" in a speech bubble",,5,0.4127219319343570,0.47,40.0,(smiley) face,writing,,2.0,2.0,4,1,5.923296091334130,7.709375,0.230031152647975,11,9,0.221327198822926,0.3439977774618040,0.4752370119094850,0.6293223664548190,0.2291442495245580,0.15116742,0.2559846,0.12866375,16.444444444444400,4.153846153846150
5021,children,6.0,G,TRUE,5021.png,../data/children/stimuli_G/5021.png,drawing of a boat with a flag on top of it,,Stick figure standing on a ship holding a square object,,5,0.5213342905044560,0.63,80.0,boat,,,1.0,2.0,3,1,5.084467870587790,5.734375,0.7650333136543810,1,14,0.1926842927932740,0.3743321113089350,0.4515051245689390,0.6599283228040860,0.2705854245254880,0.14474256,0.28456873,0.17590936,74.0,10.8
5027,children,7.0,G,FALSE,5027.png,../data/children/stimuli_G/5027.png,there is a drawing of a vase with flowers in it,,"Abstract shape inside arch-like structure, possibly tree or plant",,2,0.5860821008682250,0.61,75.0,abstract doodle/hard to interpret,arc,,1.0,1.0,1,1,10.492613193641900,12.544375,0.9205298013245030,2,12,0.1510050892829900,0.321361322484094,0.3964559852020730,0.7074766797195540,0.2382975200739000,0.11211555,0.3075326,0.11284325,3.217391304347830,6.352941176470590
5028,children,8.0,G,FALSE,5028.png,../data/children/stimuli_G/5028.png,a drawing of a mushroom with a door in the middle of it,,Mushroom with circular spots and a square stem,,4,0.3593282103538510,0.37,15.0,mushroom,door,,2.0,2.0,2,1,4.301147457383790,3.5025,0.936847962164418,7,4,0.1836140642396160,0.3920851583531580,0.4633266925811770,0.6309398563470070,0.2704878387427200,0.07511317,0.15987794,0.07920398,7.047619047619050,6.352941176470590
5029,children,8.0,G,FALSE,5029.png,../data/children/stimuli_G/5029.png,drawing of a mushroom on a white background with a black outline,,Simple drawing of a mushroom with a rounded cap,,5,0.3807011842727660,0.34,7.0,mushroom,,,2.0,2.0,1,1,3.495273489576910,3.5775,1.0,3,10,0.1204335689544680,0.2047461034281880,0.2681709091765220,0.7205406629896290,0.2369908371572590,0.043295003,0.2543109,0.09172414,7.047619047619050,5.684210526315790
6001,children,7.0,G,FALSE,6001.png,../data/children/stimuli_G/6001.png,a drawing of a mushroom house with a man standing under it,,Simple mushroom-shaped house with windows and a door,,5,0.5024352669715880,0.48,42.0,mushroom,house,cricles,2.0,2.0,2,1,4.980840655753530,4.535,0.9587115342041180,3,7,0.1626925967518910,0.3340549866573510,0.3810592293739320,0.5729824994657590,0.3073285440525070,0.10729264,0.2097846,0.1086293,7.047619047619050,15.428571428571400
6002,children,9.0,G,FALSE,6002.png,../data/children/stimuli_G/6002.png,drawing of a cartoon alien with a big eye and a small nose,,"Human-like figure with a large head and straight body, minimal detail",,4,0.5079634785652160,0.6,73.0,creature/monster,,,2.0,2.0,3,1,4.523052765342350,4.645,0.9145676981597620,11,4,0.1796827102085640,0.3731980697394560,0.4805386089636520,0.7154456458330780,0.272737467016438,0.11663494,0.1937085,0.14618726,7.4,4.153846153846150
6003,children,8.0,G,FALSE,6003.png,../data/children/stimuli_G/6003.png,drawing of a man with a face and a smile on his face,,"Cartoonish figure with large head, big eyes, and sharp teeth, smiling",,4,0.6050676107406620,0.66,85.0,person,teeth,hands,2.0,3.0,3,1,4.878061435364640,7.69375,0.6921314926019940,7,7,0.2167780866159130,0.3891220506764070,0.4993906021118160,0.7950629187501500,0.3304756518842070,0.086221986,0.19103737,0.14262755,8.705882352941180,4.153846153846150
6004,children,7.0,G,FALSE,6004.png,../data/children/stimuli_G/6004.png,a drawing of a mushroom with a large white dot on it,,A mushroom with a spotted cap,,5,0.532625675201416,0.46,37.0,mushroom,circles,,2.0,2.0,2,1,4.370594525664460,4.750625,0.9978432108027010,8,3,0.1925260309859480,0.3373879395358510,0.4895089560454450,0.7709332005224400,0.2960101755033760,0.07598316,0.12230197,0.08186811,7.047619047619050,6.352941176470590
6005,children,7.0,G,FALSE,6005.png,../data/children/stimuli_G/6005.png,drawing of a bird on a swing with a white background,,Hard to interpret,,3,0.5275472402572630,0.49,44.0,abstract doodle/hard to interpret,,,2.0,1.0,1,1,6.143485526032750,5.887500000000000,0.9872398732551170,1,6,0.2484450936317440,0.4582867895535690,0.6282051801681520,0.5533719170055240,0.2169837852059390,0.0,0.23928781,0.11875179,3.217391304347830,2.6341463414634100
6006,children,8.0,G,FALSE,6006.png,../data/children/stimuli_G/6006.png,drawing of a large ice cream cone with a mushroom on top,,Ice cream cone with detailed patterns on top and the cone,,5,0.4054949879646300,0.43,31.0,abstract doodle/hard to interpret,circles,lines,2.0,1.0,2,1,4.752309313567470,8.48625,0.9071849370451660,1,35,0.1630791425704960,0.3028926433856860,0.4562121033668520,0.7360108137935600,0.3342921153041720,0.16969998,0.2972942,0.19997784,3.217391304347830,6.352941176470590
6007,children,6.0,G,FALSE,6007.png,../data/children/stimuli_G/6007.png,drawing of a house with a tower and a door,,Four people sitting in a domed structure with separated booths,,4,0.535148024559021,0.57,66.0,house,person(s),,1.0,2.0,3,1,4.506465410126600,4.87375,0.820721324021812,3,5,0.2294631004333500,0.5322788674997600,0.5908890664577480,0.7059877292578240,0.3012438609724210,0.21082518,0.3488555,0.17076442,37.0,6.352941176470590
6008,children,8.0,G,FALSE,6008.png,../data/children/stimuli_G/6008.png,a close up of a drawing of a bird with a long tail,,"Abstract shapes, including arcs and lines, with a small dome-like structure in center",,3,0.5525140762329100,0.63,79.0,abstract doodle/hard to interpret,lines,,1.0,1.0,3,1,4.446513535523830,3.84875,1.0,1,4,0.1235640048980710,0.3190420269966130,0.3526849360874250,0.5526397712767530,0.2034262005383270,0.10812949,0.3071376,0.17315805,3.217391304347830,6.352941176470590
6009,children,7.0,G,FALSE,6009.png,../data/children/stimuli_G/6009.png,a drawing of a mushroom with hearts on it,,A mushroom with a spotted cap and a thick stem,,5,0.4719810783863070,0.33,6.0,mushroom,circles,,2.0,2.0,2,1,4.410342109140220,5.171875,0.9719220549158550,5,8,0.2083025102795650,0.3700891545441490,0.4935531314345070,0.7622628153962790,0.2977851415474590,0.079635054,0.12332781,0.07237294,7.047619047619050,6.352941176470590
6010,children,8.0,G,FALSE,6010.png,../data/children/stimuli_G/6010.png,drawing of a cartoon dog with a flower on its head,,Abstract shape resembling a mushroom with petals and a circle,,3,0.602900505065918,0.59,69.0,eye,,,1.0,1.0,3,1,4.358921540281990,6.2425,0.8283896737924400,4,8,0.1190748668819760,0.2563152091597080,0.3365088105201720,0.5917094659376410,0.398683478473912,0.07670235,0.20568728,0.19653878,74.0,5.684210526315790
6011,children,6.0,G,FALSE,6011.png,../data/children/stimuli_G/6011.png,there is a drawing of a lamp that is on a table,,Simple drawing of a tree with a round canopy,,4,0.5993783473968510,0.54,57.0,mushroom,circles,,2.0,2.0,2,1,6.666523125017670,10.40875,1.0,1,22,0.1246759891510010,0.2774294184106230,0.3258925676345830,0.7474755719398460,0.2747533253731650,0.12608345,0.25744098,0.12613809,7.047619047619050,6.352941176470590
6012,children,8.0,G,TRUE,6012.png,../data/children/stimuli_G/6012.png,drawing of a man holding a knife and a knife in his hand,,Hard to interpret,,1,0.6034886837005620,0.6,73.0,person,flower,,2.0,3.0,4,1,5.147340026869550,5.5375,0.6719993155958590,2,8,0.2484450936317440,0.4582867895535690,0.6282051801681520,0.6935257755029450,0.2713962732535110,0.0,0.26549324,0.1548842,8.705882352941180,2.6341463414634100
6013,children,8.0,G,FALSE,6013.png,../data/children/stimuli_G/6013.png,there is a drawing of a clock on a white wall,,Hard to interpret,,1,0.3280732631683350,0.13,0.0,blank,,,2.0,10.0,0,0,3.5658795199147300,0.8412500000000000,1.0,4,2,0.2484450936317440,0.4582867895535690,0.6282051801681520,0.0464830667696096,0.0184964777113288,0.0,0.27628535,0.13114853,49.333333333333300,2.6341463414634100
6014,children,7.0,G,FALSE,6014.png,../data/children/stimuli_G/6014.png,drawing of a mushroom with a leaf on it,,Mushroom with spots and a thick stem,,5,0.4862541854381560,0.37,15.0,mushroom,circles,,2.0,2.0,2,1,4.720468398766890,4.24375,0.9994410909903870,7,3,0.1996564269065860,0.4157550930976870,0.4902972871242330,0.7356766821541740,0.2913152949895310,0.07899421,0.13017651,0.070268646,7.047619047619050,6.352941176470590
6015,children,8.0,G,FALSE,6015.png,../data/children/stimuli_G/6015.png,drawing of a person holding an umbrella in the rain,,Hard to interpret,,1,0.4204207062721250,0.43,29.0,abstract doodle/hard to interpret,,,2.0,1.0,1,1,4.373268886584030,2.808125,0.9627464082860010,3,6,0.2484450936317440,0.4582867895535690,0.6282051801681520,0.5873645473220820,0.2255506092678340,0.0,0.20573726,0.120826624,3.217391304347830,2.6341463414634100
6016,children,8.0,G,FALSE,6016.png,../data/children/stimuli_G/6016.png,drawing of a house with a roof and a tree on top,,"House with arched roof, clouds, and person wearing a hat",,4,0.796644926071167,0.78,97.0,mushroom,house,dwarf,2.0,3.0,4,1,4.656311388028490,14.725,0.5504835220766000,12,36,0.1874395608901980,0.3479098885005640,0.4635696411132810,0.8052677305907850,0.3761200601623030,0.14417975,0.27961144,0.17408106,7.047619047619050,15.428571428571400
6017,children,6.0,G,FALSE,6017.png,../data/children/stimuli_G/6017.png,drawing of a bird sitting on a swing with an umbrella,,Simple mushroom with a striped cap and rectangular stem,,4,0.4689372181892400,0.46,37.0,abstract doodle/hard to interpret,lines,,2.0,1.0,2,1,6.478239308614660,5.163125,0.9619094977623070,2,5,0.1497537493705750,0.3517954156337800,0.4223708854692640,0.6530716268467840,0.261079742246278,0.068277515,0.21860027,0.12111063,3.217391304347830,6.352941176470590
6018,children,9.0,G,FALSE,6018.png,../data/children/stimuli_G/6018.png,there is a drawing of a mushroom with a face on it,,Mushroom with spots growing in grass,,5,0.6100881099700930,0.51,50.0,mushroom,(smiley) face,circles,2.0,2.0,2,1,4.071387453261760,7.654375000000000,0.9805415055043140,3,15,0.2205123901367190,0.4546034065125330,0.491398811340332,0.8156660579475770,0.3192628189989790,0.11338365,0.20628779,0.101944685,7.047619047619050,6.352941176470590
6019,children,7.0,G,FALSE,6019.png,../data/children/stimuli_G/6019.png,drawing of a man with a hat and a umbrella on a white background,,Hard to interpret,,2,0.6266536116600040,0.66,85.0,abstract doodle/hard to interpret,writing,,2.0,0.0,2,0.5,3.139957340778860,7.385625,0.7183841074302200,2,25,0.2484450936317440,0.4582867895535690,0.6282051801681520,0.6973866954554660,0.2976057569341320,0.0,0.36811182,0.17467591,3.217391304347830,2.6341463414634100
6020,children,8.0,G,FALSE,6020.png,../data/children/stimuli_G/6020.png,drawing of a plane with a large propeller on a white background,,Drawing of a helmet with a pointed top and side guards,,4,0.5780528783798220,0.68,89.0,plane,,,2.0,3.0,4,1,4.471460879348900,6.796875000000000,0.5897331432063560,17,18,0.1840031147003170,0.4097695770791040,0.4218803644180300,0.7935988745836920,0.3237687476289130,0.15779777,0.40006098,0.18841551,148.0,9.818181818181820
7001,children,9.0,G,TRUE,7001.png,../data/children/stimuli_G/7001.png,drawing of a dog with words written on it,,"Abstract creature with large eye, speech bubble, and Dutch text",,3,0.6758999824523930,0.67,87.0,creature/monster,writing,,2.0,3.0,3,1,3.950998274478480,9.665625,0.4240261153427640,17,18,0.1819636821746830,0.3280765414237980,0.4308829733992510,0.7644722497795900,0.4572935800090980,0.13352463,0.23772494,0.29949182,7.4,9.818181818181820
7002,children,8.0,G,FALSE,7002.png,../data/children/stimuli_G/7002.png,drawing of a house with a flag on the roof,,"Simple house with rounded roof, circular windows, and door in the center",,4,0.6202012300491330,0.62,79.0,house,door,,2.0,2.0,3,1,4.441775311484400,5.9725,0.986758515116724,3,14,0.1940417770122410,0.4988760798834580,0.4445453882217410,0.6039455890699180,0.3078918999599060,0.13549533,0.25846016,0.14615695,37.0,15.428571428571400
7003,children,9.0,G,FALSE,7003.png,../data/children/stimuli_G/7003.png,drawing of a girl standing on a mushroom in a field,,A person standing on mushroom stems with sun and field,,4,0.6069977879524230,0.76,96.0,person,sun,mushroom,2.0,4.0,4,1,4.600525448455000,8.85375,0.5047978606260820,18,15,0.173244465992183,0.398842197622126,0.4888654947280880,0.7554407038139460,0.3704463860230270,0.14125217,0.24974212,0.18428394,8.705882352941180,6.352941176470590
7004,children,7.0,G,FALSE,7004.png,../data/children/stimuli_G/7004.png,drawing of a cartoon character with a face and a cross on it,,Circle with geometric shapes and a number 14 in the center,,4,0.643684983253479,0.75,95.0,abstract doodle/hard to interpret,circles,numbers,2.0,1.0,2,1,3.974945698790940,5.171250000000000,0.8308031549486900,13,7,0.1740532517433170,0.4096000018596650,0.4712181372176480,0.6688773186086810,0.2939775376645210,0.14922045,0.25875753,0.1629422,3.217391304347830,6.352941176470590
7005,children,6.0,G,FALSE,7005.png,../data/children/stimuli_G/7005.png,drawing of a man with a head in a headdress,,Abstract figure with a face and a keyhole shape on the body,,3,0.4623669981956480,0.58,69.0,person,tongue,,2.0,2.0,4,1,3.6318353770645000,3.02875,0.6175872093023260,4,7,0.1812753081321720,0.4004258394748930,0.4673207839524980,0.5734865263383090,0.2664499864079880,0.112513736,0.3328081,0.15353037,8.705882352941180,4.153846153846150
7006,children,9.0,G,FALSE,7006.png,../data/children/stimuli_G/7006.png,drawing of a cartoon eye with a toothbrush in it,,An eye with lashes on robotic-like legs,,5,0.5478304624557500,0.55,60.0,eye,lines,,2.0,2.0,3,0.5,3.3190355912990300,4.58375,0.916725352112676,1,10,0.2134058475494380,0.4361483714668960,0.5483695268630980,0.5937132998222410,0.266828021700131,0.15456472,0.37031147,0.17158839,74.0,9.818181818181820
7007,children,9.0,G,FALSE,7007.png,../data/children/stimuli_G/7007.png,there is a drawing of a face with two eyes,,Two eyes with a rectangular scribble beneath them,,4,0.5951017141342160,0.53,56.0,creature/monster,teeth,,2.0,3.0,3,1,4.96911791736772,4.093125000000000,0.9984569732937690,4,5,0.1789065354736600,0.341471711309449,0.4357071946772090,0.5379567893329430,0.2635860925995380,0.137288,0.34894803,0.15997192,7.4,9.818181818181820
7009,children,8.0,G,FALSE,7009.png,../data/children/stimuli_G/7009.png,drawing of a man with a hat and a suitcase on his head,,"Character with large hat, bird-like beak mask, and robe",,4,0.5506018400192260,0.64,81.0,creature/monster,hat,,1.0,2.0,3,1,6.010834790108670,6.888750000000000,0.5860996600853400,9,8,0.1983129739258580,0.4475154712055760,0.5639659464359280,0.6941609699150660,0.3017467185917160,0.13275485,0.18444467,0.17793758,7.4,4.153846153846150
7010,children,7.0,G,FALSE,7010.png,../data/children/stimuli_G/7010.png,drawing of a person holding an umbrella with hearts on it,,A smiling mushroom figure with heart shapes on its cap,,5,0.579886794090271,0.64,82.0,creature/monster,heart(s),,2.0,2.0,3,1,4.4638205106392,4.4675,0.7236222942591240,10,8,0.1663674613018340,0.2683948656438250,0.4149687886238100,0.595467800716002,0.3028184579097810,0.09869503,0.19035967,0.15692958,7.4,6.352941176470590
7011,children,9.0,G,FALSE,7011.png,../data/children/stimuli_G/7011.png,drawing of a mushroom on a tree with a cloud coming out of it,,Tree with a rectangular trunk and scribbled foliage on grass,,4,0.5722900629043580,0.61,75.0,tree,,,2.0,2.0,2,1,5.852402268879160,16.91,0.8326201397654160,1,85,0.1890336162427880,0.3489424392265810,0.454912006855011,0.820801608192371,0.2969665056961300,0.16169152,0.2694807,0.13484758,148.0,6.352941176470590
7012,children,9.0,G,FALSE,7012.png,../data/children/stimuli_G/7012.png,a drawing of a mushroom with a heart on it,,A simple drawing of a spotted mushroom with a straight stem,,5,0.4023480415344240,0.41,26.0,mushroom,circles,,2.0,2.0,2,1,4.04117145824355,3.15625,1.0,4,7,0.1290845015372180,0.1934813020670800,0.2771622107721680,0.7587716585359450,0.2657033925671800,0.053173352,0.13506402,0.072580546,7.047619047619050,5.684210526315790
7013,children,7.0,G,FALSE,7013.png,../data/children/stimuli_G/7013.png,there is a drawing of a mushroom on a white background,,Mushroom with a patterned dome and a rectangular stem,,5,0.5217701196670530,0.36,14.0,mushroom,cricles,,2.0,2.0,2,1,4.029127536780220,6.938750000000000,0.9962327877370750,1,28,0.1594254279479110,0.3534700081786510,0.4180853366851810,0.7288500283963290,0.2456145467984160,0.072454244,0.16655478,0.10149293,7.047619047619050,6.352941176470590
7014,children,7.0,G,FALSE,7014.png,../data/children/stimuli_G/7014.png,a drawing of a plane with a propeller and a window,,Hard to interpret,,3,0.7321211099624630,0.75,95.0,abstract doodle/hard to interpret,,,1.0,0.0,1,1,4.230249252737620,14.503750000000000,0.3975381523582240,2,47,0.2484450936317440,0.4582867895535690,0.6282051801681520,0.7648606773076700,0.247890492239508,0.0,0.3820086,0.13558117,3.217391304347830,2.6341463414634100
7015,children,8.0,G,FALSE,7015.png,../data/children/stimuli_G/7015.png,there is a drawing of a baseball field with a ball in it,,Hard to interpret,,1,0.4982129335403440,0.35,10.0,completing,,,1.0,0.0,0,0.5,4.08239790430272,1.519375,1.0,3,5,0.2484450936317440,0.4582867895535690,0.6282051801681520,0.2749717575800990,0.1280932345563540,0.0,0.24717622,0.11653106,12.333333333333300,2.6341463414634100
7016,children,6.0,G,FALSE,7016.png,../data/children/stimuli_G/7016.png,drawing of a bug with a book in its hands,,Childlike drawing of a smiling insect with antennae and wings,,4,0.5821565389633180,0.57,64.0,bug,wings,feelers,2.0,2.0,3,1,3.937755570393760,5.775625,0.7242244525547450,22,9,0.1470633657536870,0.2938053607940670,0.3802951574325560,0.7029113749450820,0.3633799417522450,0.13669407,0.23101258,0.16420463,148.0,9.818181818181820
7017,children,6.0,G,FALSE,7017.png,../data/children/stimuli_G/7017.png,drawing of a cartoon character holding a knife and fork,,Abstract figure resembling a robot with shield and sword,,4,0.5416622161865230,0.56,64.0,creature/monster,knife,,2.0,2.0,3,1,4.429317155465020,4.52,0.7437593984962410,10,8,0.1860855817794800,0.4571716623655450,0.4787024544896150,0.6128313068514170,0.3301076316344740,0.13199233,0.24401903,0.22122976,7.4,9.818181818181820
7018,children,8.0,G,FALSE,7018.png,../data/children/stimuli_G/7018.png,drawing of a clock with a man on it and a bird on top,,Hard to interpret,,3,0.6694738864898680,0.68,88.0,abstract doodle/hard to interpret,,,2.0,1.0,2,1,3.8523225911146100,7.07,0.6787364726528220,15,8,0.2484450936317440,0.4582867895535690,0.6282051801681520,0.6768362022899980,0.3281007875525410,0.0,0.24834791,0.16788559,3.217391304347830,2.6341463414634100
7019,children,8.0,G,FALSE,7019.png,../data/children/stimuli_G/7019.png,drawing of a cartoon character with a cat on his head,,"Cartoon creature with a mushroom-like head, horn, ears, and a square body",,3,0.6463626027107240,0.61,76.0,creature/monster,ears,,2.0,2.0,3,1,5.421813208480550,6.6675,0.9332992402104030,8,6,0.1846672053535940,0.3433560533331650,0.4221783028734730,0.6540613872378190,0.3649404333828600,0.13345435,0.191789,0.17631972,7.4,6.352941176470590
7020,children,6.0,G,FALSE,7020.png,../data/children/stimuli_G/7020.png,drawing of a umbrella with a skull on it,,Cute cartoon character with big eyes and a party hat,,4,0.4988051652908330,0.55,59.0,creature/monster,,,2.0,2.0,4,1,6.255868749883590,5.159375,0.8755900865460270,3,5,0.2148287892341610,0.3635776855693860,0.4923387765884400,0.6285719588411190,0.3688565210060680,0.121526435,0.19348674,0.19552353,7.4,4.153846153846150
7021,children,9.0,G,FALSE,7021.png,../data/children/stimuli_G/7021.png,drawing of a house with a door and a window in the middle,,"Square with abstract shapes inside, partial curve above",,3,0.5053972005844120,0.43,30.0,completing,,,2.0,0.0,2,0.5,4.018525339779180,1.7950000000000000,0.9080568720379150,4,5,0.1505801677703860,0.3298991718858230,0.4042303207057890,0.4013968159221950,0.194431138968717,0.11524314,0.23760471,0.12525362,12.333333333333300,6.352941176470590
7023,children,7.0,G,FALSE,7023.png,../data/children/stimuli_G/7023.png,drawing of a tree with a bunch of leaves on it,,Tree with spiral shapes in the canopy,,4,0.6287577152252200,0.54,58.0,abstract doodle/hard to interpret,cricles,,1.0,1.0,2,1,3.664107871237500,6.255000000000000,0.9030819140308190,2,5,0.1749430894851680,0.4527721135156080,0.5002747476100920,0.606418683341903,0.2623543703803270,0.1390182,0.25873005,0.1445527,3.217391304347830,6.352941176470590
7024,children,7.0,G,FALSE,7024.png,../data/children/stimuli_G/7024.png,drawing of a umbrella with a fish on it,,A simple helicopter drawing with rotors and a tail rudder,,5,0.5158307552337650,0.52,52.0,abstract doodle/hard to interpret,,,1.0,0.0,4,1,4.588823306240740,3.850625,1.0,1,8,0.1622087262744460,0.3573285341262820,0.3661704659461980,0.5974238282426860,0.2679780118509830,0.1739358,0.2529618,0.16905883,3.217391304347830,9.818181818181820
7025,children,9.0,G,FALSE,7025.png,../data/children/stimuli_G/7025.png,drawing of a man with an umbrella on his head,,"Mushroom with a large, textured umbrella on top",,3,0.4710224270820620,0.57,66.0,abstract doodle/hard to interpret,,,2.0,1.0,3,1,4.048793213683120,5.7875000000000000,0.4725079266878050,1,7,0.1374921798706050,0.2483924775357520,0.3392587900161740,0.6263701773125320,0.2500620044700810,0.09715284,0.23883705,0.11595178,3.217391304347830,6.352941176470590
7026,children,7.0,G,FALSE,7026.png,../data/children/stimuli_G/7026.png,drawing of a mushroom with dots on it,,A simple drawing of a mushroom with a textured cap,,5,0.4407986998558040,0.38,17.0,mushroom,circles,,2.0,2.0,2,1,4.5316074849774100,4.14,1.0,2,6,0.1165122389793400,0.1964236375472190,0.2696319818496700,0.7248357320532390,0.3154202553654010,0.04183058,0.13393499,0.07969566,7.047619047619050,5.684210526315790
7027,children,8.0,G,FALSE,7027.png,../data/children/stimuli_G/7027.png,drawing of a person holding a fan in their hand,,Hard to interpret,,1,0.5747441053390500,0.52,51.0,abstract doodle/hard to interpret,lines,,1.0,1.0,2,1,6.392647806446020,7.885625,0.934253415632152,5,21,0.2484450936317440,0.4582867895535690,0.6282051801681520,0.7465580601388700,0.2745628286273290,0.0,0.30454615,0.14869688,3.217391304347830,2.6341463414634100
7028,children,8.0,G,FALSE,7028.png,../data/children/stimuli_G/7028.png,drawing of a cartoon character with a big smile on his face,,"Cartoon character with big eyes, wide smile, and simple body outline",,4,0.5196521878242490,0.47,39.0,creature/monster,teeth,,2.0,2.0,3,1,5.81551001904002,5.281875000000000,0.9994044073853480,1,6,0.187889814376831,0.3564051006081750,0.4266453385353090,0.5866026844402060,0.3147595489580230,0.091002785,0.21778846,0.14011042,7.4,4.153846153846150
1001,children,5.0,I,FALSE,1001.png,../data/children/stimuli_I/1001.png,a drawing of a person with a hat and a face mask,,Two masked figures and large grid-patterned object or structure,,4,0.6986197233200070,0.79,97.0,ninja(s),house,door,2.0,3.0,4,1,5.081422739662160,36.78,0.2234564486307850,1,217,0.1793828499685010,0.3154853582382200,0.4663026650963620,0.7985279288598690,0.3661313895743470,0.15261345,0.3495779,0.17018458,148.0,7.125
1002,children,5.0,I,TRUE,1002.png,../data/children/stimuli_I/1002.png,drawing of a cartoon character with a toothbrush and a tooth,,Abstract figure with multiple arms and a simple face,,4,0.6475207209587100,0.68,88.0,creature/monster,hands,,2.0,3.0,4,1,4.049457173417050,8.07875,0.1755980075537800,5,14,0.1779331564903260,0.3887149509404580,0.4449968403581530,0.7262622829495750,0.4063251619708760,0.10473722,0.26331457,0.21314046,8.222222222222220,7.125
1003,children,5.0,I,FALSE,1003.png,../data/children/stimuli_I/1003.png,drawing of a cow with a head in a cage,,"Pig with large eyes and snout under an arch, surrounded by flowers",,4,0.7348229885101320,0.79,97.0,creature/monster,flowers,arc,2.0,3.0,4,1,5.42198767161689,24.701875,0.2458015572769670,10,92,0.2023609280586240,0.3918637866892680,0.4879321455955510,0.795017491741862,0.3806333375609280,0.17747013,0.36274925,0.15616891,8.222222222222220,8.142857142857140
1004,children,4.0,I,FALSE,1004.png,../data/children/stimuli_I/1004.png,drawing of a face with a hole in the middle of it,,Hard to interpret,,2,0.4651494026184080,0.41,25.0,abstract doodle/hard to interpret,completing,,2.0,0.0,1,1,6.699037352329610,5.578750000000000,0.8097821173492450,6,8,0.2403619289398190,0.4900698357862130,0.602184587586844,0.5689675573539220,0.207128500845709,0.0,0.2506341,0.101637915,5.285714285714290,3.257142857142860
1005,children,4.0,I,FALSE,1005.png,../data/children/stimuli_I/1005.png,drawing of a child ' s drawing of a man with a cell phone,,Hard to interpret,,1,0.6609769463539120,0.6,74.0,creature/monster,lines,,2.0,2.0,2,1,3.6000051442560100,8.109375,0.4177475808112000,3,24,0.2403619289398190,0.4900698357862130,0.602184587586844,0.694319998429903,0.4165809399447690,0.0,0.23990843,0.14880235,8.222222222222220,3.257142857142860
1006,children,5.0,I,TRUE,1006.png,../data/children/stimuli_I/1006.png,a drawing of a house with a door and a window,,Hard to interpret,,1,0.6809060573577880,0.62,78.0,house,door,,2.0,2.0,2,1,3.6821206895093200,24.75875,0.2926579376931890,7,158,0.2403619289398190,0.4900698357862130,0.602184587586844,0.8013175571838610,0.3726958763539530,0.0,0.3019047,0.1356194,6.434782608695650,3.257142857142860
1007,children,5.0,I,FALSE,1007.png,../data/children/stimuli_I/1007.png,there is a drawing of a bird cage with a bird inside,,A bee skep with multiple bee-like elements inside and around it,,4,0.6267699003219600,0.64,81.0,door,lines,,1.0,1.0,2,1,5.206073832289440,9.243125,0.86393811091945,2,16,0.2035797834396360,0.3371077183283290,0.4656541069952180,0.6803784862581080,0.3278990154489070,0.18931194,0.25035647,0.15616532,49.333333333333300,8.142857142857140
1008,children,7.0,I,FALSE,1008.png,../data/children/stimuli_I/1008.png,drawing of a bird cage with a bird inside of it,,Hard to interpret,,1,0.4714012145996090,0.5,48.0,abstract doodle/hard to interpret,lines,,1.0,0.0,1,1,5.022209546501770,7.290000000000000,0.8544235755391130,1,15,0.2403619289398190,0.4900698357862130,0.602184587586844,0.5991912301179890,0.2607529439170750,0.0,0.27204528,0.14670041,5.285714285714290,3.257142857142860
1009,children,6.0,I,FALSE,1009.png,../data/children/stimuli_I/1009.png,drawing of a man with a spider on his back and a dog on his back,,Hard to interpret,,3,0.6103113889694210,0.66,85.0,person,house,music,2.0,2.0,3,1,6.418087245938510,8.885,0.7358734457712670,3,15,0.2403619289398190,0.4900698357862130,0.602184587586844,0.6749495645873970,0.2642889889859140,0.0,0.30267185,0.11627178,11.384615384615400,3.257142857142860
1010,children,4.0,I,TRUE,1010.png,../data/children/stimuli_I/1010.png,drawing of a bird with a hat on its head,,"Face with a crown, big eyes, and wavy lines",,3,0.6273287534713750,0.62,77.0,(smiley) face,crown,hair,2.0,2.0,4,1,5.832194896501090,15.476875,0.5109882964889470,1,35,0.1991207599639890,0.3808179909234640,0.473745584487915,0.8072894188049240,0.3736387367525760,0.14062865,0.27231938,0.15134805,21.142857142857100,2.923076923076920
1011,children,5.0,I,FALSE,1011.png,../data/children/stimuli_I/1011.png,drawing of a person with a hat and a scarf on,,Hard to interpret,,2,0.4977555274963380,0.41,25.0,abstract doodle/hard to interpret,,,2.0,0.0,1,1,7.715471381323960,10.009375,0.8515518862995090,6,15,0.2403619289398190,0.4900698357862130,0.602184587586844,0.6974645750866500,0.2500054766799280,0.0,0.3074922,0.14631194,5.285714285714290,3.257142857142860
1012,children,6.0,I,FALSE,1012.png,../data/children/stimuli_I/1012.png,drawing of a door with a window and a window sill,,Simple architectural drawing with a dome and a rectangular base,,4,0.3444103598594670,0.32,5.0,completing,,,2.0,0.0,1,1,3.956694564853400,2.181875,0.5625,5,7,0.1300028562545780,0.3558097885790400,0.2857250571250920,0.4527154663582080,0.188558182615514,0.10540853,0.21249218,0.12149276,13.454545454545500,7.125
1013,children,5.0,I,FALSE,1013.png,../data/children/stimuli_I/1013.png,drawing of a ghost with a black dot on it,,Hard to interpret,,1,0.3730392456054690,0.39,21.0,completing,,,2.0,0.0,1,1,3.914058584630180,2.105625,0.575164744645799,3,4,0.2403619289398190,0.4900698357862130,0.602184587586844,0.4114184019916610,0.2227530343750070,0.0,0.1876722,0.11832068,13.454545454545500,3.257142857142860
1014,children,5.0,I,FALSE,1014.png,../data/children/stimuli_I/1014.png,drawing of a person with a kite and a star in the sky,,"Character with butterfly on shirt, sun in sky",,4,0.6429997682571410,0.72,93.0,person,sun,butterfly,2.0,3.0,3,1,4.240570603715330,10.704375,0.3552801231127560,4,28,0.2343049049377440,0.4712797684240190,0.52274694903213,0.7007385453468710,0.4133720382052870,0.16200802,0.2318264,0.14729437,11.384615384615400,2.923076923076920
1015,children,6.0,I,FALSE,1015.png,../data/children/stimuli_I/1015.png,drawing of a man with a geometric face and a triangle,,Geometric shapes and abstract lines arranged in a symmetrical pattern,,3,0.6491904258728030,0.62,79.0,abstract doodle/hard to interpret,,,2.0,0.0,1,1,4.629199727730350,8.748125,0.5989206691851050,2,21,0.1439411640167240,0.3305788040161130,0.4270385845280530,0.7269888561523080,0.2699489484725250,0.12095531,0.31946483,0.13483003,5.285714285714290,7.125
1016,children,5.0,I,FALSE,1016.png,../data/children/stimuli_I/1016.png,there is a drawing of a clock tower with a cross on it,,Building with rounded windows and a zigzag antenna on top,,4,0.6165454387664800,0.58,67.0,house,circles,,1.0,2.0,2,1,4.646264081191560,6.478125,0.7760147340086420,4,7,0.1985373497009280,0.4587886172172010,0.4953362050452100,0.5874220400951650,0.2339052851330500,0.12819974,0.30777928,0.13237356,6.434782608695650,7.125
1017,children,5.0,I,FALSE,1017.png,../data/children/stimuli_I/1017.png,drawing of a leaf with a long stem and a long blade,,Rectangle with an arched top and protruding line from the bottom,,3,0.4423245191574100,0.4,24.0,popsicle,lines,,2.0,2.0,2,1,4.225607300675500,3.311875,0.571753986332574,23,5,0.1480880975723270,0.3008976162014960,0.3437775559690480,0.7156622493190400,0.2597164457521120,0.13438754,0.3817917,0.12766024,24.666666666666700,7.125
1018,children,6.0,I,FALSE,1018.png,../data/children/stimuli_I/1018.png,a drawing of a ghost with a face drawn on it,,Cartoonish blob with eyes and jagged mouth in the center,,5,0.4852134585380550,0.46,37.0,creature/monster,teeth,,2.0,2.0,2,1,4.478246092571560,3.651875,0.7190967741935480,3,7,0.2087562680244450,0.3399342101792750,0.4659897089004520,0.515465522622641,0.3540664718185430,0.13442624,0.18375397,0.15543768,8.222222222222220,2.923076923076920
1019,children,6.0,I,FALSE,1019.png,../data/children/stimuli_I/1019.png,drawing of a person holding a umbrella with a drawing of a person on it,,Popsicle on a stick with wavy lines on top,,4,0.4656491279602050,0.47,39.0,popsicle,lines,,2.0,2.0,2,1,3.4872143024713000,4.164375,0.7488884593079450,11,10,0.1950172069658500,0.3969796120220300,0.4931309525292540,0.6977125475368910,0.2829032748435650,0.1340613,0.34471494,0.1479775,24.666666666666700,14.25
1020,children,6.0,I,FALSE,1020.png,../data/children/stimuli_I/1020.png,drawing of a bag with a hole in it on a white surface,,An arch-shaped structure with a star-like pattern inside,,4,0.4951098561286930,0.5,47.0,abstract doodle/hard to interpret,star,,2.0,1.0,1,1,4.3706645094411600,4.418125,0.7730232558139540,1,12,0.1622644662857060,0.3717546463012700,0.4058085438127180,0.6537579777905400,0.2306104122890180,0.13451476,0.3110289,0.13974714,5.285714285714290,8.142857142857140
1022,children,5.0,I,FALSE,1022.png,../data/children/stimuli_I/1022.png,drawing of a person holding a cell phone in their hand,,Hard to interpret,,2,0.4510596990585330,0.52,52.0,abstract doodle/hard to interpret,,,2.0,0.0,0,0,2.7229061606491100,3.524375,0.4774313634248490,19,8,0.2403619289398190,0.4900698357862130,0.602184587586844,0.6590678466636630,0.2152489200191440,0.0,0.29695743,0.13273752,5.285714285714290,3.257142857142860
1023,children,6.0,I,FALSE,1023.png,../data/children/stimuli_I/1023.png,drawing of a man with a beard and a tie on,,Hard to interpret,,2,0.4556130170822140,0.52,52.0,abstract doodle/hard to interpret,,,1.0,1.0,1,1,4.208816208055650,4.329375,0.4275111834078890,3,6,0.2403619289398190,0.4900698357862130,0.602184587586844,0.57655247490078,0.2921810422573600,0.0,0.21327272,0.09937126,5.285714285714290,3.257142857142860
1024,children,5.0,I,FALSE,1024.png,../data/children/stimuli_I/1024.png,drawing of a tombstone with a cross on it,,Sketch of a building with windows and a rounded top shape,,4,0.6337469220161440,0.56,62.0,house,door,,2.0,2.0,1,1,5.283387657566190,6.83875,0.4921156864210450,7,10,0.1423960328102110,0.3588277506478950,0.3608323716621170,0.6874274746089550,0.2484796388244060,0.09637126,0.31708834,0.119253635,6.434782608695650,7.125
1025,children,6.0,I,FALSE,1025.png,../data/children/stimuli_I/1025.png,drawing of a woman and a house with a woman standing in front of it,,"A stick figure woman standing beside a large, simple house",,5,0.5450491309165960,0.54,56.0,house,person,door,2.0,3.0,3,1,4.463161374701830,4.52625,0.4344637946837760,4,7,0.2006115317344670,0.4379557203637280,0.4282784461975100,0.5305231828586960,0.3690552196748520,0.15427081,0.19233818,0.12235431,6.434782608695650,7.125
1026,children,6.0,I,FALSE,1026.png,../data/children/stimuli_I/1026.png,there is a drawing of a man holding a book in his hand,,Stick figure holding a flag inside an arched frame,,4,0.5163339972496030,0.57,66.0,creature/monster,,,1.0,1.0,2,0,3.827812327363180,3.09875,0.7102344517759370,5,10,0.176746666431427,0.371037483215332,0.4096758717491690,0.4541168142647950,0.1916693966627090,0.14132765,0.25352988,0.14357366,8.222222222222220,7.125
1027,children,6.0,I,FALSE,1027.png,../data/children/stimuli_I/1027.png,drawing of a cartoon figure with a face and a name on it,,Smiling popsicle with eyes and musical notes around it,,5,0.5341724753379820,0.57,64.0,(smiley) face,music,,2.0,2.0,4,1,4.437726945045950,4.634375,0.3710647683978340,9,8,0.2272366651069120,0.4257911443710330,0.5126367203809780,0.5527337002263450,0.3387316945139900,0.1329982,0.21478876,0.18778367,21.142857142857100,14.25
1028,children,6.0,I,FALSE,1028.png,../data/children/stimuli_I/1028.png,a drawing of a ghost with arms outstretched and eyes closed,,Simple humanoid figure with arms raised and a smiling face,,5,0.4441664218902590,0.52,53.0,robot,(smiley) face,,1.0,2.0,3,1,3.560144533092390,3.6025,0.3590483056957460,1,9,0.217090700019509,0.3859070173446540,0.4552635603828920,0.5718092867911260,0.3886147047265610,0.09051375,0.23969665,0.1758245,74.0,2.923076923076920
1029,children,5.0,I,FALSE,1029.png,../data/children/stimuli_I/1029.png,drawing of a tombstone with a long neck and a long neck,,Simple outline of a symmetrical object with rounded top,,3,0.2130967825651170,0.24,0.0,completing,,,2.0,0.0,0,1,3.922024846332930,1.6825,0.4541176470588240,1,3,0.1538860201835630,0.2831603075015630,0.3453004750430290,0.3094930028121380,0.1687162262187130,0.12814808,0.17132038,0.09086364,13.454545454545500,7.125
2001,children,4.0,I,FALSE,2001.png,../data/children/stimuli_I/2001.png,drawing of a person with a hat and a hood on,,Hard to interpret,,1,0.5914582014083860,0.68,89.0,abstract doodle/hard to interpret,encircled,,2.0,0.0,1,0,4.324875367438290,8.5925,0.3688290069187950,5,6,0.2403619289398190,0.4900698357862130,0.602184587586844,0.6852720545643530,0.2932788369069130,0.0,0.26155803,0.13499987,5.285714285714290,3.257142857142860
2002,children,4.0,I,FALSE,2002.png,../data/children/stimuli_I/2002.png,drawing of a person with a sign in their hand,,Cartoon character with rectangle body and round head holding a spoon,,4,0.4348909258842470,0.49,42.0,creature/monster,,,1.0,1.0,2,1,3.7045625621809500,2.7618750000000000,0.4591992665036680,2,6,0.2459944486618040,0.4121063351631160,0.509859977977275,0.5723213239677270,0.3739494929351340,0.14159746,0.17301437,0.17348881,8.222222222222220,8.142857142857140
2003,children,5.0,I,FALSE,2003.png,../data/children/stimuli_I/2003.png,there is a drawing of a bug on a white sheet,,Hard to interpret,,2,0.5364139080047610,0.59,70.0,abstract doodle/hard to interpret,,,2.0,0.0,1,0,5.584679480125920,4.965,0.7985549132947980,3,15,0.2403619289398190,0.4900698357862130,0.602184587586844,0.7535805481371270,0.2052866976137580,0.0,0.54069537,0.12766488,5.285714285714290,3.257142857142860
2004,children,4.0,I,FALSE,2004.png,../data/children/stimuli_I/2004.png,drawing of a paper bag with a paper horse on it,,Simple geometric shape with two triangular protrusions and intersecting lines,,4,0.4179131090641020,0.48,41.0,abstract doodle/hard to interpret,lines,,2.0,0.0,1,1,3.3238463883616700,3.711875,0.5790072388831440,1,9,0.1438432760425420,0.3273021773876050,0.3651332637588210,0.5841863396980770,0.2926832125260470,0.12952395,0.29003018,0.16315225,5.285714285714290,7.125
2009,children,5.0,I,FALSE,2009.png,../data/children/stimuli_I/2009.png,there is a drawing of a door with a window on it,,"Simple arched outline, possibly representing a door or window",,4,0.1850578188896180,0.13,0.0,blank,,,2.0,10.0,0,0,3.9883318450683100,1.113125,0.5214384508990320,4,3,0.0704095363616943,0.194123816139924,0.1884679681975850,0.0638602742175851,0.0694415223096681,0.102779314,0.24809298,0.13448101,37.0,7.125
2010,children,5.0,I,FALSE,2010.png,../data/children/stimuli_I/2010.png,a drawing of a face with a nose and a nose ring,,Hard to interpret,,2,0.4935880005359650,0.51,49.0,(smiley) face,,,1.0,2.0,2,1,4.338300103834530,3.275625,0.6956521739130440,4,4,0.2403619289398190,0.4900698357862130,0.602184587586844,0.4197899433187090,0.3672424434011640,0.0,0.20770231,0.18294223,21.142857142857100,3.257142857142860
2011,children,6.0,I,FALSE,2011.png,../data/children/stimuli_I/2011.png,drawing of a cartoon character with a face and arms,,"Cartoon character with a smiling face, triangle head, and simple limbs",,5,0.4412959218025210,0.5,47.0,person(s),,,2.0,2.0,2,1,4.020791825079730,3.26,0.2733123194116100,4,8,0.2147825232277780,0.3743525557027030,0.4761479809196000,0.5686756304681140,0.4464082568439540,0.10187491,0.16458449,0.20775911,11.384615384615400,2.923076923076920
2012,children,5.0,I,FALSE,2012.png,../data/children/stimuli_I/2012.png,drawing of a man with a hat and a cane in his hand,,Child-like drawing of a happy figure with a pointed hat and outstretched arms,,5,0.5085380673408510,0.54,57.0,person(s),,,2.0,2.0,2,1,4.1693211518306800,5.299375,0.4678837618289930,2,9,0.1996750235557560,0.3588798878907920,0.4091756696000290,0.680143010597686,0.3316110409924570,0.10199585,0.19830689,0.1271331,11.384615384615400,2.923076923076920
2013,children,5.0,I,TRUE,2013.png,../data/children/stimuli_I/2013.png,a drawing of a paper doll with a face and arms,,"Smiling figure with arms, legs, and a bird with egg inside",,3,0.5923536419868470,0.61,75.0,pregnancy,baby,,2.0,3.0,4,1,4.471530430188850,5.93375,0.5016644731748860,5,13,0.2217366695404050,0.3769579568765700,0.4918699264526370,0.6506180140905760,0.367031090009478,0.10944764,0.24091227,0.14036782,148.0,2.923076923076920
2014,children,6.0,I,FALSE,2014.png,../data/children/stimuli_I/2014.png,drawing of a cartoon character with a surprised expression,,Cartoonish figure with large eyes and outstretched arms and legs,,4,0.5771312117576600,0.58,67.0,creature/monster,hands,,2.0,2.0,3,1,4.414586057600360,5.865,0.5442594897324210,4,4,0.2111853722091130,0.4133423217143000,0.4815305780452140,0.6899239211650340,0.3912847038233420,0.10959172,0.19440296,0.13261627,8.222222222222220,2.923076923076920
2015,children,4.0,I,FALSE,2015.png,../data/children/stimuli_I/2015.png,there is a drawing of a butterfly on a white sheet,,Abstract shapes resembling a turtle with a geometric pattern,,4,0.592391848564148,0.51,49.0,abstract doodle/hard to interpret,lines,,2.0,0.0,1,1,4.796454450560900,8.77625,0.5750516228093400,1,17,0.161245584487915,0.3403618139136380,0.442583236540362,0.6707841684551420,0.2766785834677320,0.118088484,0.3117072,0.13466759,5.285714285714290,7.125
2016,children,4.0,I,FALSE,2016.png,../data/children/stimuli_I/2016.png,drawing of a person holding a cell phone in their hand,,Hard to interpret,,2,0.5440458059310910,0.55,59.0,abstract doodle/hard to interpret,,,1.0,0.0,1,0,4.668424222774540,5.5675,0.6947173308619090,3,6,0.2403619289398190,0.4900698357862130,0.602184587586844,0.5980893425106670,0.303202820844375,0.0,0.28206834,0.122655034,5.285714285714290,3.257142857142860
2017,children,4.0,I,FALSE,2017.png,../data/children/stimuli_I/2017.png,drawing of a man with a tie and a bird on a stick,,Building with flag and stick figure with long neck,,4,0.4166852533817290,0.55,60.0,person,,,1.0,1.0,1,1,3.665286981289850,3.79875,0.1909453176887310,2,9,0.1917255888312300,0.4129332304000850,0.4877124138049820,0.5723380194995510,0.2966390790037520,0.13904026,0.23011506,0.13265121,11.384615384615400,7.125
2018,children,5.0,I,FALSE,2018.png,../data/children/stimuli_I/2018.png,there is a drawing of a door with a window on it,,Hard to interpret,,1,0.1914134472608570,0.13,0.0,blank,,,2.0,10.0,0,0,4.022197107502950,1.11875,0.5881637616538310,4,4,0.2403619289398190,0.4900698357862130,0.602184587586844,0.0903200473213197,0.0277204111731452,0.0,0.2614499,0.12914313,37.0,3.257142857142860
3001,children,4.0,I,FALSE,3001.png,../data/children/stimuli_I/3001.png,drawing of a man with a beard and a top hat,,Hard to interpret,,2,0.3370647132396700,0.33,5.0,blank,,,1.0,10.0,0,0,3.1424181706132500,2.545625,0.2428465530022240,22,6,0.2403619289398190,0.4900698357862130,0.602184587586844,0.4675616139436700,0.1501707367834460,0.0,0.31691402,0.12332611,37.0,3.257142857142860
3002,children,6.0,I,FALSE,3002.png,../data/children/stimuli_I/3002.png,drawing of a man with a beard and a shirt on,,Simple stick figure with a smiling face and dark clothing,,4,0.5698723793029790,0.5,48.0,baby,diaper,(smiley) face,2.0,2.0,3,1,12.808222123718100,15.12375,0.4987518163866020,6,23,0.1925046443939210,0.3581284093299030,0.4143418073654180,0.6837550166664990,0.4045256759184040,0.085427314,0.21109752,0.16185501,148.0,2.923076923076920
3005,children,6.0,I,FALSE,3005.png,../data/children/stimuli_I/3005.png,drawing of a house with a flag and a window,,"Drawing of a house with windows, door, and chimney",,5,0.5861498713493350,0.59,71.0,house,door,,2.0,2.0,2,1,5.194646781560680,6.8725,0.5461136023916290,6,13,0.1205004453659060,0.244550444023324,0.2920958821716370,0.6769200328992060,0.3250128525939660,0.084592625,0.2567318,0.08663322,6.434782608695650,7.6
3007,children,4.0,I,FALSE,3007.png,../data/children/stimuli_I/3007.png,drawing of a drawing of a person with a cat on a chair,,"House, sun, tree, and possibly a cloud or path",,4,0.5675628185272220,0.61,75.0,house,sun,person(s),2.0,2.0,2,1,3.527233631885180,5.91125,0.329118873826903,10,8,0.160875951077817,0.3216192722320560,0.4052736759185790,0.6810048295081380,0.3252148262769550,0.13046005,0.26645797,0.09117142,6.434782608695650,7.6
3008,children,6.0,I,FALSE,3008.png,../data/children/stimuli_I/3008.png,drawing of a house with a chimney and a door,,"Simple house with pointed roof, two windows, and a door",,4,0.5480184555053710,0.43,29.0,house,door,,2.0,2.0,2,1,4.516622276768590,4.198125,0.6607396094687470,2,7,0.1548032760620120,0.3752037100554620,0.357623615406535,0.5198486366212610,0.3015840143275270,0.07249431,0.2011338,0.09159528,6.434782608695650,7.6
3009,children,6.0,I,FALSE,3009.png,../data/children/stimuli_I/3009.png,a drawing of a padlock with a face drawn on it,,Lock with a keyhole on a rectangular base,,5,0.5435789227485660,0.51,49.0,lock,,,2.0,2.0,3,1,6.6574987655832100,6.14875,0.7634750585872110,2,8,0.1495306402724580,0.2996566086905180,0.3735396043336620,0.602137740274332,0.2286706780904450,0.16722107,0.29856133,0.1592184,74.0,22.8
3010,children,4.0,I,FALSE,3010.png,../data/children/stimuli_I/3010.png,a drawing of a house with a window and a door,,Simple house with a rounded roof and three windows,,5,0.4701135456562040,0.43,30.0,house,door,,2.0,2.0,2,1,4.473152754044860,4.02,0.7138188608776840,4,7,0.1734388963318510,0.4133284163470620,0.4229755745544680,0.5901871072510960,0.2615400171978430,0.07022008,0.19493684,0.07575521,6.434782608695650,7.6
3011,children,5.0,I,FALSE,3011.png,../data/children/stimuli_I/3011.png,drawing of a man with a beard and a tie holding a piece of paper,,"Stick figure with large hair, holding square object, standing",,4,0.5979753732681270,0.58,68.0,person(s),chair,,2.0,4.0,4,1,4.355057303995600,5.765625,0.6190514340650540,3,15,0.2294910550117490,0.412789351891517,0.4848459073993010,0.6041558123252200,0.3265037929933350,0.11583465,0.17388421,0.11882927,11.384615384615400,2.923076923076920
3013,children,5.0,I,FALSE,3013.png,../data/children/stimuli_I/3013.png,drawing of a man with a beard and a mustache on a white background,,A person with a hat inside a rounded rectangular frame,,4,0.5869864225387570,0.64,81.0,person(s),encircled,,2.0,2.0,2,1,5.7143115581213600,4.86125,0.7828303018189090,1,5,0.1935234069824220,0.3686109593096660,0.4998611509882710,0.5490000880686650,0.3130978748806710,0.14579318,0.19009343,0.13034567,11.384615384615400,8.142857142857140
3016,children,4.0,I,FALSE,3016.png,../data/children/stimuli_I/3016.png,drawing of a small grave with a cross on it,,Simple outline of an arch or dome-like structure,,4,0.228465124964714,0.23,0.0,completing,,,2.0,0.0,0,1,3.9687208395933900,1.799375,0.3846944016435540,1,3,0.1207627058029170,0.2683790326118470,0.2718553815060350,0.3615486088732570,0.14957671138284,0.103260756,0.2395742,0.11009264,13.454545454545500,7.125
3017,children,4.0,I,FALSE,3017.png,../data/children/stimuli_I/3017.png,drawing of a tombstone with a cross on it,,Hard to interpret,,1,0.2129173874855040,0.24,0.0,completing,,,2.0,0.0,0,1,3.641057063051060,1.5443750000000000,0.5064822817631810,1,3,0.2403619289398190,0.4900698357862130,0.602184587586844,0.3506842524681700,0.1763329806582280,0.0,0.19373919,0.09141343,13.454545454545500,3.257142857142860
3018,children,5.0,I,FALSE,3018.png,../data/children/stimuli_I/3018.png,there is a drawing of a ghost face on a white sheet,,"Simple cartoonish creature, oval head, rectangular body with one spot",,4,0.4169084429740910,0.46,35.0,(smiley) face ,door,tongue,1.0,2.0,1,1,4.16164554206557,2.315,0.5168841135840370,5,4,0.1828580498695370,0.3704945853499940,0.4177733659744260,0.5398484031935620,0.3424440242542190,0.121575795,0.21303491,0.15377806,148.0,2.923076923076920
3020,children,7.0,I,FALSE,3020.png,../data/children/stimuli_I/3020.png,drawing of a person with a hat and a dress on,,Abstract human figure with geometric shapes and minimal detail,,4,0.4555889368057250,0.54,57.0,abstract doodle/hard to interpret,,,2.0,0.0,1,1,3.921815795333790,2.796875,0.2903625658506350,3,11,0.1584055423736570,0.4216882414128850,0.4439382884539180,0.4900022890486560,0.2722137183929050,0.120338224,0.2851393,0.12611352,5.285714285714290,7.125
3022,children,4.0,I,FALSE,3022.png,../data/children/stimuli_I/3022.png,drawing of a fish with a long tail and a long tail,,Hard to interpret,,2,0.5772955417633060,0.64,82.0,abstract doodle/hard to interpret,lines,,2.0,0.0,1,1,4.248911364169420,10.11625,0.2864159292035400,1,29,0.2403619289398190,0.4900698357862130,0.602184587586844,0.7464075529959110,0.2920049620153810,0.0,0.3626666,0.1589161,5.285714285714290,3.257142857142860
3023,children,4.0,I,FALSE,3023.png,../data/children/stimuli_I/3023.png,drawing of a door with a window and a window sill,,Hard to interpret,,2,0.2098691761493680,0.29,1.0,tracing,,,2.0,20.0,0,0,3.607124581777210,1.60375,0.5510526315789470,4,3,0.2403619289398190,0.4900698357862130,0.602184587586844,0.3924708938892920,0.1171686107197520,0.0,0.20052359,0.12599687,148.0,3.257142857142860
3024,children,4.0,I,FALSE,3024.png,../data/children/stimuli_I/3024.png,drawing of a house with a window and a door in the middle,,"Domed shape with horizontal lines, resembling a folded or textured object",,4,0.5424844622612,0.44,33.0,abstract doodle/hard to interpret,lines,,2.0,0.0,0,1,3.796623150553190,6.401875,0.7996903568268950,3,24,0.1586102748745500,0.3266795672976840,0.3783604873203930,0.6548168651859290,0.2486918221925780,0.124565385,0.2809514,0.14879248,5.285714285714290,8.142857142857140
3025,children,4.0,I,FALSE,3025.png,../data/children/stimuli_I/3025.png,drawing of a castle with a tower and a clock on it,,Geometric shapes and abstract patterns; possibly a ship and archway,,3,0.5774988532066350,0.6,73.0,abstract doodle/hard to interpret,boat,,2.0,10.0,1,0,4.307167260384880,6.903125,0.1822402785838650,16,10,0.1339609622955320,0.2829928184447530,0.3754563703861000,0.649894462609474,0.2179714441104040,0.122604534,0.31527716,0.14866406,5.285714285714290,7.125
3026,children,5.0,I,TRUE,3026.png,../data/children/stimuli_I/3026.png,there is a drawing of a cat with a kite in the background,,Cartoonish dog face with spots inside a five-pointed star shape,,4,0.6156390905380250,0.64,82.0,(smiley) face,circles,tongue,2.0,2.0,2,1,4.256705397877970,4.613125,0.8365665980275280,3,3,0.2010057448741340,0.3542811293257270,0.4803065657615660,0.5873305148768490,0.3732194433512740,0.14756776,0.37601805,0.22953038,21.142857142857100,2.923076923076920
3028,children,4.0,I,FALSE,3028.png,../data/children/stimuli_I/3028.png,drawing of a person with a hand out and a finger in the air,,"Ice cream cone with a face, extending a hand",,5,0.3905704319477080,0.5,47.0,creature/monster,,,2.0,2.0,2,1,3.605200945842340,2.638125,0.4445861904002550,5,5,0.2478337140182410,0.3343356450996180,0.5423970222473150,0.4891874640109200,0.3310728719810000,0.14299886,0.23461828,0.13854186,8.222222222222220,14.25
4001,children,6.0,I,FALSE,4001.png,../data/children/stimuli_I/4001.png,drawing of a house with a heart drawn on it,,A box with a heart and a textured dome on top,,4,0.4570527076721190,0.45,35.0,abstract doodle/hard to interpret,heart,,1.0,1.0,1,1,6.019996101890650,9.693125,0.823475146516171,1,46,0.18535977602005,0.3770785146081000,0.4625881314277650,0.6433451345100120,0.2873620671269390,0.14700326,0.24248847,0.1498037,5.285714285714290,8.142857142857140
4002,children,6.0,I,FALSE,4002.png,../data/children/stimuli_I/4002.png,drawing of a house with a heart in the middle of it,,House with a round roof and a central oval shape beneath,,3,0.4337261617183690,0.46,37.0,completing,,,1.0,1.0,1,1,3.971988785537570,2.711875,0.6622582244999170,3,7,0.1958656790336550,0.481375484548537,0.5026090441579190,0.4957021120252620,0.3163716754974250,0.120652355,0.22410206,0.13236482,13.454545454545500,7.6
4003,children,6.0,I,FALSE,4003.png,../data/children/stimuli_I/4003.png,drawing of a man with a hat and a tie holding a cell phone,,"Abstract figure with raised arms, straight legs, and oval head",,4,0.5236398577690130,0.56,64.0,abstract doodle/hard to interpret,,,1.0,1.0,2,1,5.239574040769040,7.08625,0.5872270661003060,2,11,0.1913485527038570,0.441575391339522,0.4625704288482670,0.6613460433718610,0.2949442662300250,0.108412124,0.19492085,0.1295847,5.285714285714290,7.125
4004,children,5.0,I,FALSE,4004.png,../data/children/stimuli_I/4004.png,drawing of a bird in a cage with a bird inside,,Hard to interpret,,3,0.5090548992156980,0.51,49.0,house,door,,2.0,2.0,1,1,9.443348754357640,20.340625000000000,0.904694286668894,1,68,0.2403619289398190,0.4900698357862130,0.602184587586844,0.6967504584485750,0.2673007172521880,0.0,0.33932346,0.1470894,6.434782608695650,3.257142857142860
4005,children,7.0,I,FALSE,4005.png,../data/children/stimuli_I/4005.png,drawing of a house with a window and a door on a white background,,House with a rounded roof and three windows,,4,0.5562485456466680,0.42,28.0,house,door,,2.0,2.0,2,1,4.317701368297660,3.45125,0.8081287938770120,5,7,0.1919216399239500,0.4513089493307160,0.4757756307258820,0.5259771555440720,0.2454070364533220,0.08479148,0.16923995,0.12228592,6.434782608695650,7.6
4006,children,6.0,I,FALSE,4006.png,../data/children/stimuli_I/4006.png,there is a drawing of a clock with a bunch of wires on it,,Hard to interpret,,3,0.6422264575958250,0.54,59.0,abstract doodle/hard to interpret,,,2.0,1.0,1,1,4.810825475838050,11.359375,0.8243481917577800,3,55,0.2403619289398190,0.4900698357862130,0.602184587586844,0.6892185050315030,0.2669525911723610,0.0,0.37644368,0.14886111,5.285714285714290,3.257142857142860
4007,children,9.0,I,TRUE,4007.png,../data/children/stimuli_I/4007.png,a drawing of a person with a angel on a white background,,"Smiling figure with wings, resembling a child’s drawing of an angel",,4,0.7078346014022830,0.71,92.0,angel,wings,,2.0,3.0,4,1,4.826056225478210,18.3275,0.3594693673022660,10,97,0.1976052404877390,0.3587323427200320,0.4186390139294800,0.7761706143560730,0.3522221164270910,0.111225426,0.26898962,0.20720157,148.0,2.923076923076920
4008,children,7.0,I,FALSE,4008.png,../data/children/stimuli_I/4008.png,a drawing of a house and a house with a cat on the roof,,One simple house with windows drawn beside another outline,,5,0.4599554538726810,0.5,47.0,house,door,copying,2.0,2.0,2,1,5.113548688563900,5.92875,0.6166787996440990,9,11,0.1078333194355160,0.3080372810363770,0.2974531054496770,0.6297223717323770,0.2967408824354430,0.08416921,0.19301373,0.088943794,6.434782608695650,7.6
4009,children,5.0,I,FALSE,4009.png,../data/children/stimuli_I/4009.png,drawing of a tall tower with a clock on top of it,,Hard to interpret,,1,0.6533238887786870,0.38,19.0,abstract doodle/hard to interpret,,,1.0,10.0,1,0,5.552872952101990,15.77625,0.8307886394513810,1,89,0.2403619289398190,0.4900698357862130,0.602184587586844,0.7215224398399190,0.2638136871346370,0.0,0.38924655,0.15094411,5.285714285714290,3.257142857142860
4010,children,4.0,I,FALSE,4010.png,../data/children/stimuli_I/4010.png,drawing of a cat with a paw and a paw print on it,,"Spotted oval shape with lines extending outward, possible abstract representation",,3,0.6956861019134520,0.66,86.0,abstract doodle/hard to interpret,circles,lines,1.0,1.0,2,1,5.264701558352490,14.54625,0.5443818718155000,8,26,0.1369893550872800,0.3135848623739030,0.3904244070992220,0.74195972323163,0.3638753160940140,0.119029365,0.38145036,0.20178676,5.285714285714290,7.125
4011,children,4.0,I,FALSE,4011.png,../data/children/stimuli_I/4011.png,drawing of a cartoon character with a glass of water,,"Abstract face with multiple eyes and a smile, on a rectangular base",,4,0.595203697681427,0.62,78.0,creature/monster,circles,,1.0,1.0,2,1,4.401975813591370,8.17375,0.2661731774073150,6,37,0.184237003326416,0.3614562369260920,0.4926453828811650,0.6830725948697060,0.3190165155883490,0.11423783,0.2208951,0.16344842,8.222222222222220,2.923076923076920
4012,children,6.0,I,FALSE,4012.png,../data/children/stimuli_I/4012.png,drawing of a man with a beard and a hat on,,"Simple face with a round head, smiling, with eyes and a topknot",,4,0.472541868686676,0.52,52.0,(smiley) face,,,2.0,1.0,2,1,4.520478795410140,3.66,0.6091544818817550,2,6,0.1940322402696450,0.3774589154075240,0.4584069574828760,0.6453569790574340,0.2827196030653530,0.09873072,0.26466924,0.11097331,21.142857142857100,2.923076923076920
4013,children,7.0,I,FALSE,4013.png,../data/children/stimuli_I/4013.png,drawing of a person holding a piece of paper with a hat on it,,Hard to interpret,,2,0.5454191565513610,0.64,82.0,abstract doodle/hard to interpret,,,1.0,1.0,1,1,4.436890675100350,5.009375,0.6607458383706870,2,17,0.2403619289398190,0.4900698357862130,0.602184587586844,0.5929218642695980,0.2283730679315100,0.0,0.2641706,0.11770569,5.285714285714290,3.257142857142860
4014,children,8.0,I,TRUE,4014.png,../data/children/stimuli_I/4014.png,drawing of a face with a smile drawn on it,,Simple face with rectangular eyes and a curved smile,,4,0.3788934051990510,0.33,6.0,(smiley) face,,,2.0,2.0,2,1,8.288024206153580,6.556875,0.8194001276324190,5,8,0.1788197755813600,0.3119232449508680,0.4393555260088720,0.611634264063136,0.3182791952757520,0.098977715,0.24145582,0.17827456,21.142857142857100,2.923076923076920
4015,children,8.0,I,FALSE,4015.png,../data/children/stimuli_I/4015.png,drawing of a person in a hat with a bag on his back,,Beanie hat on top of a rectangular shape,,4,0.4110463261604310,0.44,31.0,hat,,,1.0,2.0,1,1,4.568765988613060,2.986875,0.6068116675096950,2,7,0.2142263650894170,0.372427169003529,0.5090440511703490,0.5359270862907220,0.2522549510425710,0.1485897,0.22691926,0.18339321,148.0,8.142857142857140
4016,children,9.0,I,FALSE,4016.png,../data/children/stimuli_I/4016.png,a drawing of a bottle of milk with a cap on top,,"Milk bottle with a black cap, labeled ""milk""",,5,0.5117764472961430,0.54,58.0,milk karton,writing,,2.0,3.0,3,1,8.43758029026083,5.910625,0.5441216155437620,6,6,0.2362092733383180,0.4139423195702530,0.5548226204620220,0.6622896906767410,0.34682987757019,0.2098281,0.3833529,0.25228146,148.0,8.142857142857140
4017,children,7.0,I,FALSE,4017.png,../data/children/stimuli_I/4017.png,a drawing of a bird in a cage on a white background,,A cage with a small bird inside,,4,0.642368733882904,0.61,76.0,door,lines,,2.0,2.0,2,1,11.136481162095800,20.1725,0.6625727031452930,18,30,0.223090648651123,0.4293986474750770,0.5332885066694900,0.7978096915011530,0.3075824323837050,0.18592796,0.40975648,0.18521123,49.333333333333300,8.142857142857140
4018,children,5.0,I,FALSE,4018.png,../data/children/stimuli_I/4018.png,drawing of a cat with a spider on its head,,Hard to interpret,,2,0.6688607931137090,0.65,83.0,bug,lines,,1.0,3.0,3,0.5,3.701279282863750,11.600625,0.5287680379864230,1,51,0.2403619289398190,0.4900698357862130,0.602184587586844,0.7394696508247440,0.3844408200102620,0.0,0.29539353,0.17044428,148.0,3.257142857142860
4019,children,5.0,I,FALSE,4019.png,../data/children/stimuli_I/4019.png,drawing of a bird with a long beak and a long tail,,A simple drawing of a bird with outstretched wings,,5,0.4610931277275090,0.58,69.0,bird,wings,,2.0,2.0,2,1,4.1064318027698700,4.1575,0.3056503198294240,4,10,0.1779326690475530,0.3192243969209310,0.3599388980901890,0.6314399927612860,0.3787531809495550,0.1420756,0.22258143,0.14381611,74.0,2.923076923076920
4020,children,6.0,I,FALSE,4020.png,../data/children/stimuli_I/4020.png,a drawing of a ghost with a big nose and a big tail,,"Simple ghost-like figure with arms outstretched, two eyes, and a mouth",,5,0.5039545297622680,0.51,49.0,bird,wings,,2.0,2.0,2,1,4.539052571353150,3.97625,0.4061231589933900,2,8,0.1769282817840580,0.3060804398679860,0.3653107067757410,0.620384091315175,0.4092547432188260,0.11205063,0.2029223,0.16786201,74.0,2.923076923076920
4021,children,5.0,I,FALSE,4021.png,../data/children/stimuli_I/4021.png,drawing of a small white bird with a long tail and a long nose,,"Cartoonish animal with ears and wings, standing inside a box",,5,0.5622951984405520,0.58,67.0,creature/monster,wings,teeth,2.0,2.0,3,1,4.513375954592180,5.3,0.4891466736971610,4,9,0.2369683384895320,0.3901857137680050,0.4922705595332040,0.6292131719653790,0.365721061615639,0.14131397,0.23449072,0.14523458,8.222222222222220,2.923076923076920
4022,children,8.0,I,FALSE,4022.png,../data/children/stimuli_I/4022.png,drawing of a backpack with a handle and a handlebar,,Hard to interpret,,2,0.6691864132881170,0.71,92.0,octopus,writing,,2.0,2.0,4,1,7.098609383347820,10.5025,0.5499396572531980,8,17,0.2403619289398190,0.4900698357862130,0.602184587586844,0.6997371509872900,0.3381758561089870,0.0,0.28050494,0.17273743,8.222222222222220,3.257142857142860
4023,children,9.0,I,TRUE,4023.png,../data/children/stimuli_I/4023.png,drawing of a face with eyes in a pocket,,Abstract shape with two small oval forms near the center,,3,0.4052614271640780,0.42,28.0,completing,eye(s),,1.0,0.0,1,1,4.605008322831330,2.54,0.7433501078360890,4,5,0.1667109727859500,0.3967954932688320,0.4542070085755540,0.4573107920709190,0.2484552033456160,0.12066901,0.21390076,0.13312674,13.454545454545500,7.125
4024,children,9.0,I,TRUE,4024.png,../data/children/stimuli_I/4024.png,drawing of a toilet with a seat and a tank on it,,"A toilet bowl with a tank, viewed from the front",,5,0.5749441385269170,0.7,92.0,toilet,,,2.0,4.0,4,1,5.116230427038700,6.330000000000000,0.558641975308642,1,17,0.2443998005628450,0.4457177950655750,0.4999407529830930,0.6741084585023710,0.2929278582304220,0.21633415,0.40127915,0.19564427,148.0,8.142857142857140
4025,children,6.0,I,FALSE,4025.png,../data/children/stimuli_I/4025.png,a drawing of a padlock with a number on it,,A hand holding a large padlock with a keyhole,,5,0.5455268621444700,0.56,63.0,lock,,,2.0,2.0,3,1,4.724161825183070,4.174375,0.6746040660451530,1,6,0.1532844809720210,0.3107476234436040,0.399660027047393,0.5620427647446300,0.2254944974895420,0.16588303,0.2871214,0.16718233,74.0,22.8
4026,children,7.0,I,FALSE,4026.png,../data/children/stimuli_I/4026.png,drawing of a person with a hoodie on standing in front of a white background,,"Abstract creature with circular pattern, round head, and three legs",,5,0.6988300085067750,0.64,81.0,creature/monster,circles,,1.0,2.0,2,1,4.367399003557800,7.481875,0.6465373961218840,3,11,0.1943130377344450,0.4106328311751130,0.4650301378929410,0.6532035087180760,0.3125683277304090,0.12335332,0.1980944,0.16848831,8.222222222222220,2.923076923076920
5001,children,9.0,I,FALSE,5001.png,../data/children/stimuli_I/5001.png,drawing of a robot with a letter a on it,,A simple robot with square torso and triangular chest symbol,,5,0.6256539821624760,0.64,82.0,robot,hands,,2.0,2.0,4,1,4.296636253725440,5.2375,0.6365116079842370,4,10,0.1978346109390260,0.421641034532816,0.4274158819069920,0.6695524145682960,0.4180771002846500,0.1513782,0.17195323,0.1890152,74.0,2.923076923076920
5002,children,6.0,I,TRUE,5002.png,../data/children/stimuli_I/5002.png,a drawing of a person with a toothbrush in their mouth,,"A stick figure with a round head, smiling face, and a striped body",,4,0.6305572986602780,0.53,55.0,person,,,2.0,2.0,4,1,5.252321908291160,13.2375,0.6180394751350760,3,26,0.2067881699330690,0.3856354585668710,0.4794450402259830,0.7726513440226120,0.4339010573642820,0.08851946,0.21625392,0.16363885,11.384615384615400,2.923076923076920
5003,children,8.0,I,FALSE,5003.png,../data/children/stimuli_I/5003.png,there is a drawing of a man holding a sign with a picture of a man,,"Building with Euro sign and circular top labeled ""Das 064""",,4,0.5951944589614870,0.67,86.0,bank,writing,door,2.0,3.0,3,1,9.889239968539570,8.360625000000000,0.9740644917019000,12,8,0.2137870065100770,0.4703561979319920,0.4997715950284450,0.578671372537199,0.3772612382183670,0.14579006,0.21710107,0.25592393,74.0,7.125
5004,children,8.0,I,TRUE,5004.png,../data/children/stimuli_I/5004.png,drawing of a man with a smile on his face and arms,,Simple drawing of a stick figure with a smiling face,,5,0.4757183194160460,0.48,42.0,person,,,2.0,2.0,2,1,4.307520130275090,2.713125,0.5892764185320150,3,4,0.1751212373303610,0.3153682335050290,0.3744420186017730,0.5674725864546250,0.3789475865663770,0.0848387,0.20048246,0.1782817,11.384615384615400,2.923076923076920
5009,children,7.0,I,FALSE,5009.png,../data/children/stimuli_I/5009.png,drawing of a person in a coat and hat with a knife,,"Penguin-like figure with a beak, flippers, and a tail",,4,0.4277848601341250,0.48,41.0,abstract doodle/hard to interpret,,,2.0,1.0,1,0.5,4.896585578670210,4.794375,0.4556999120836180,2,7,0.2273499965667720,0.4315242428496020,0.4960762562706310,0.6088602757883770,0.3430839775543290,0.14199173,0.23536742,0.16654813,5.285714285714290,2.923076923076920
5010,children,7.0,I,FALSE,5010.png,../data/children/stimuli_I/5010.png,drawing of a bottle with a cat on it sitting on a table,,Salt shaker with some text orientation issue,,4,0.5374148488044740,0.59,72.0,salt shaker,writing,,2.0,2.0,3,1,4.734058324705400,3.001875,0.9342373869932920,16,6,0.2322836379835810,0.4452950789122300,0.505511999130249,0.5487076623533190,0.3204302957455310,0.20988539,0.22832529,0.1839561,148.0,8.142857142857140
5011,children,8.0,I,TRUE,5011.png,../data/children/stimuli_I/5011.png,drawing of a toilet with a sign on the tank,,Hard to interpret,,1,0.4518758654594420,0.41,25.0,abstract doodle/hard to interpret,,,2.0,1.0,0,1,3.5216642971686200,2.76875,0.910283839680502,3,8,0.2403619289398190,0.4900698357862130,0.602184587586844,0.6323019835510730,0.2395267261175190,0.0,0.27436846,0.12590668,5.285714285714290,3.257142857142860
5012,children,6.0,I,FALSE,5012.png,../data/children/stimuli_I/5012.png,drawing of a popsicle with a long handle on a white background,,Outline of a popsicle stick with missing ice cream shape above,,4,0.2890536785125730,0.33,6.0,completing,,,2.0,0.0,1,1,3.688912781380940,1.413125,0.7746682054241200,3,4,0.2033151150737730,0.3709167242050170,0.4276032447814940,0.4296398763323950,0.1704544084167250,0.13406721,0.2416174,0.09466406,13.454545454545500,14.25
5018,children,9.0,I,FALSE,5018.png,../data/children/stimuli_I/5018.png,drawing of a bug in a bag with a handle,,Hard to interpret,,1,0.4898366928100590,0.45,35.0,abstract doodle/hard to interpret,,,2.0,1.0,1,1,6.188845898213880,4.173125,0.918735632183908,1,5,0.2403619289398190,0.4900698357862130,0.602184587586844,0.5614265739632710,0.2502188554472450,0.0,0.27631873,0.11559987,5.285714285714290,3.257142857142860
5019,children,6.0,I,TRUE,5019.png,../data/children/stimuli_I/5019.png,drawing of a dog with a collar and a tie on,,Simple stick figure with a large round head and smiling face,,4,0.4840699434280400,0.57,65.0,person,hair,,2.0,2.0,3,1,5.194289260236100,5.694375,0.5034185869840470,6,6,0.2056443691253660,0.3744592480200300,0.443620476506919,0.6707934298903930,0.3256043057893440,0.07442061,0.18843576,0.1263363,11.384615384615400,2.923076923076920
5020,children,9.0,I,FALSE,5020.png,../data/children/stimuli_I/5020.png,there is a drawing of a person standing in a doorway,,Hard to interpret,,2,0.4825837612152100,0.55,59.0,abstract doodle/hard to interpret,,,1.0,1.0,1,1,6.38678887159167,3.999375,0.7962200145384060,1,4,0.2403619289398190,0.4900698357862130,0.602184587586844,0.5180815821517770,0.2642150979367870,0.0,0.2838276,0.1395618,5.285714285714290,3.257142857142860
5021,children,6.0,I,TRUE,5021.png,../data/children/stimuli_I/5021.png,drawing of a man with a face drawn on it,,Stick figure with a large head and exaggerated eyes,,4,0.5198975205421450,0.52,52.0,person(s),,,2.0,2.0,2,1,4.491102724990300,2.9675,0.6633466135458170,7,4,0.2138013116239710,0.4382902216401760,0.5056757029488260,0.6337105223768660,0.3346123432757410,0.10431,0.21315868,0.1266085,11.384615384615400,2.923076923076920
5027,children,7.0,I,TRUE,5027.png,../data/children/stimuli_I/5027.png,drawing of a man with a beard and a face with a toothbrush,,"Simple face with spiky hair, uneven eyes, and a smile",,4,0.5631558895111080,0.58,69.0,(smiley) face,arc,hair,2.0,2.0,2,1,4.282193576820230,6.595625000000000,0.6601246519029310,6,12,0.2047032591877410,0.3896651268005370,0.491988391161656,0.7279729392488620,0.3570295747263230,0.1112807,0.23644356,0.16224015,21.142857142857100,2.923076923076920
5028,children,8.0,I,FALSE,5028.png,../data/children/stimuli_I/5028.png,there is a drawing of a bag with a handle on it,,Semi-circle atop a rectangle with a horizontal line and dot below,,4,0.3601983487606050,0.36,12.0,completing,,,2.0,0.0,0,1,4.798576107504510,2.1575,0.9315339038841340,2,7,0.173909306526184,0.3092510494366600,0.3634200475561580,0.4700759106715140,0.188913831345716,0.14844802,0.23679313,0.12032139,13.454545454545500,7.125
5029,children,8.0,I,FALSE,5029.png,../data/children/stimuli_I/5029.png,drawing of a person with a face and a head in a suit,,Building with a Euro symbol on top,,5,0.5672327280044560,0.56,62.0,bank,,,2.0,2.0,2,1,4.711152032379110,4.351875000000000,0.9604526648819660,8,6,0.2197086215019230,0.4886128902435300,0.5048762855007470,0.6156215559444870,0.2959154679540080,0.14039892,0.18984208,0.15933974,74.0,7.125
6001,children,7.0,I,FALSE,6001.png,../data/children/stimuli_I/6001.png,a drawing of a padlock with the word prami written on it,,Drawing of a padlock with illegible text on it,,4,0.5279204845428470,0.52,51.0,shopping bag,writing,,1.0,1.0,2,1,4.577317240758500,2.9575,0.9129573170731710,4,6,0.0951497554779052,0.1862835641587840,0.2784577442134760,0.4925277995386110,0.3255397544117060,0.14790764,0.2919992,0.24695277,148.0,22.8
6002,children,9.0,I,FALSE,6002.png,../data/children/stimuli_I/6002.png,drawing of a building with a bird on top of it,,"Small building with decorative roof and ""Winkel"" written on it",,4,0.6039912700653080,0.64,81.0,store,writing,,2.0,2.0,2,1,5.8399859352371200,7.400000000000000,0.8126364538537880,6,9,0.1707163351347230,0.4777911434582880,0.4694439488980790,0.6734466337664690,0.3723042565936720,0.13137944,0.24552265,0.18442316,148.0,7.125
6003,children,8.0,I,FALSE,6003.png,../data/children/stimuli_I/6003.png,drawing of a house with a clock on the top of it,,A simple drawing of a building with windows and a dome,,4,0.5955972075462340,0.54,58.0,house,door,,2.0,2.0,2,1,4.895684076162320,4.53375,0.9629629629629630,7,8,0.1267716137442990,0.2872280862101340,0.2807735633389000,0.5870994689491190,0.2592401345760020,0.081560686,0.17246799,0.091225296,6.434782608695650,7.125
6004,children,7.0,I,FALSE,6004.png,../data/children/stimuli_I/6004.png,drawing of a padlock with a key and a small piece of paper,,A lock and a key drawn simply,,4,0.3829799890518190,0.51,50.0,door,key,,2.0,2.0,1,1,5.159044803163600,4.326875,0.7149699264869680,3,3,0.0911770408644039,0.1701496592208640,0.2507807462942140,0.6002160640681850,0.2380681866608160,0.12862976,0.23629895,0.1291395,49.333333333333300,22.8
6005,children,7.0,I,FALSE,6005.png,../data/children/stimuli_I/6005.png,drawing of a house with a chimney and a chimney top,,House with chimney emitting swirling smoke,,4,0.6073368787765500,0.67,86.0,house,smoke,door,2.0,2.0,2,1,8.23423267053418,10.33,0.5840571516677800,1,13,0.2348005543589750,0.5273623325634700,0.5495820045471190,0.6680289871885830,0.3027711529101220,0.16036995,0.28912824,0.13236378,6.434782608695650,7.6
6006,children,8.0,I,FALSE,6006.png,../data/children/stimuli_I/6006.png,drawing of a jet plane with a jet engine and a jet engine,,"Flying house with wings and a central door, abstract interpretation",,4,0.6457160711288450,0.73,94.0,house,plane,,2.0,3.0,4,1,4.968240891016530,9.826875,0.4209504392990630,1,28,0.1555695533752440,0.4105265981272810,0.3968043923377990,0.7299398744523940,0.2978226547337670,0.12222829,0.4445088,0.15583447,6.434782608695650,7.6
6007,children,6.0,I,FALSE,6007.png,../data/children/stimuli_I/6007.png,drawing of a person with a hat and a shirt on,,Hard to interpret,,2,0.6026977300643920,0.69,90.0,rocket,sun,stars,2.0,2.0,4,1,5.035791544837450,7.623125,0.4003498687992000,8,12,0.2403619289398190,0.4900698357862130,0.602184587586844,0.648315348326733,0.3823926667297120,0.0,0.19132535,0.1539903,74.0,3.257142857142860
6008,children,8.0,I,FALSE,6008.png,../data/children/stimuli_I/6008.png,drawing of a man sitting in a chair with a box in his hand,,A person standing on a roof with windows and door visible,,5,0.5591802597045900,0.48,42.0,house,door,,2.0,2.0,2,1,4.539843820499650,3.591875,0.9615336424007020,2,6,0.2097537988571030,0.4746498152404900,0.4907402396202090,0.4825781042433870,0.3041682107981800,0.15270314,0.15615962,0.09081258,6.434782608695650,7.125
6009,children,7.0,I,FALSE,6009.png,../data/children/stimuli_I/6009.png,drawing of a man with a hat and a tie on,,Simple drawing of a house with a door and window,,4,0.4761553704738620,0.38,17.0,house,door,,2.0,2.0,2,1,4.905299593897840,2.91375,0.997253634894992,4,3,0.0871801376342773,0.1951952932833220,0.2299824953079220,0.4833565850534010,0.2586577449941240,0.071533725,0.20249543,0.096456714,6.434782608695650,7.6
6010,children,8.0,I,FALSE,6010.png,../data/children/stimuli_I/6010.png,there is a drawing of a bird on a window sill,,Hard to interpret,,3,0.5741752982139590,0.54,58.0,swimming pool,,,2.0,3.0,0,1,4.494306847810760,4.44625,0.9959436162660990,4,4,0.2403619289398190,0.4900698357862130,0.602184587586844,0.5515538610372010,0.2175860388503540,0.0,0.2122081,0.11243387,148.0,3.257142857142860
6011,children,6.0,I,FALSE,6011.png,../data/children/stimuli_I/6011.png,a drawing of a house with a face drawn on it,,Simple drawing of a house with windows and a door,,5,0.5596930980682370,0.5,47.0,house,door,,2.0,2.0,2,1,4.932531767192300,3.770625,0.8878389986501410,3,7,0.0901805108678019,0.1988128184918410,0.2392791963053210,0.5020317835109740,0.2779138037118920,0.069430605,0.15552083,0.065908045,6.434782608695650,7.6
6012,children,8.0,I,TRUE,6012.png,../data/children/stimuli_I/6012.png,drawing of a bird perched on a piece of paper with stars,,Hard to interpret,,4,0.590351939201355,0.65,83.0,rocket,star(s),writing,2.0,3.0,2,1,9.025165900996480,7.77125,0.2469915564124730,18,7,0.2403619289398190,0.4900698357862130,0.602184587586844,0.6405031150582640,0.3346767280882860,0.0,0.29791695,0.17575282,74.0,3.257142857142860
6013,children,8.0,I,FALSE,6013.png,../data/children/stimuli_I/6013.png,there is a drawing of a door with a window on it,,Simple outline of a lock shape on a plain background,,5,0.2098638415336610,0.17,0.0,blank,,,2.0,10.0,0,0,3.9691933681541400,0.9175,1.0,5,3,0.0969200076508501,0.2162857780626870,0.248646006068824,0.0644432375366389,0.0471714276267309,0.12735459,0.27623916,0.1072286,37.0,22.8
6014,children,7.0,I,FALSE,6014.png,../data/children/stimuli_I/6014.png,drawing of a house with a chimney and a chimney top,,A simple house with a chimney and window,,5,0.5453987717628480,0.52,51.0,house,smoke,door,2.0,2.0,2,1,5.037549309604670,4.2006250000000000,0.8305338242061670,5,7,0.1664665838201880,0.3312502900138580,0.3794278502464290,0.5103656640413150,0.2867073261533720,0.08382197,0.16943586,0.08877615,6.434782608695650,7.6
6015,children,8.0,I,FALSE,6015.png,../data/children/stimuli_I/6015.png,drawing of a person in a snow suit with arms outstretched,,"A smiling figure wearing a coat, with buttons and extended arms",,4,0.6321332454681400,0.61,75.0,person,hands,buttons,2.0,3.0,4,1,4.535154690608860,5.38625,0.3097606203641270,6,7,0.2207812666893010,0.4276695676943530,0.5225897431373600,0.6474466828527420,0.3948995668704070,0.12033866,0.2007926,0.16630487,11.384615384615400,2.923076923076920
6016,children,8.0,I,FALSE,6016.png,../data/children/stimuli_I/6016.png,drawing of a man with a tie and a shirt on,,"Smiling figure with spiky hair, wearing a shirt with shapes",,4,0.6849765777587890,0.65,83.0,person,hands,,2.0,3.0,4,1,4.093677433718440,6.3625,0.7165453342157510,5,15,0.2205561995506290,0.4391950201748320,0.5313277523918290,0.6672858875650900,0.393464610216192,0.108122304,0.17884353,0.18851174,11.384615384615400,2.923076923076920
6017,children,6.0,I,FALSE,6017.png,../data/children/stimuli_I/6017.png,there is a drawing of a door with a face on it,,Hard to interpret,,2,0.4399429261684420,0.38,19.0,completing,circles,,2.0,0.0,1,1,6.251061727474040,3.0762500000000000,0.999502652519894,3,5,0.2403619289398190,0.4900698357862130,0.602184587586844,0.4620114063585130,0.1853671329317510,0.0,0.23852535,0.09327653,13.454545454545500,3.257142857142860
6018,children,9.0,I,FALSE,6018.png,../data/children/stimuli_I/6018.png,drawing of a small church with a heart on the top,,"Building with hearts, crosses, and fish-like symbols, small door at bottom",,4,0.6077688932418820,0.59,72.0,house,hearts,,2.0,2.0,2,1,5.414328840512930,4.7775,0.9024720976322100,6,6,0.1420120512239890,0.3198179995959400,0.3352014222621060,0.5777597954579340,0.2568411509053920,0.14211676,0.2078722,0.13153663,6.434782608695650,7.125
6019,children,7.0,I,FALSE,6019.png,../data/children/stimuli_I/6019.png,drawing of a bird with a beak and a piece of paper in its beak,,Hard to interpret,,1,0.4684290885925290,0.55,61.0,abstract doodle/hard to interpret,,,2.0,0.0,1,1,3.662547807195710,3.93125,0.8268180357716610,1,6,0.2403619289398190,0.4900698357862130,0.602184587586844,0.6128822398206480,0.2762601145947150,0.0,0.2856756,0.13839978,5.285714285714290,3.257142857142860
6020,children,8.0,I,FALSE,6020.png,../data/children/stimuli_I/6020.png,drawing of a man with a kite in his hands,,Cross-section of a cylindrical object with lines and a central dot,,4,0.532859206199646,0.56,63.0,helicopter,,,2.0,2.0,1,1,5.088981473229590,5.2725,0.5792660550458720,1,14,0.1959649803659320,0.4052369062814310,0.3946534991264340,0.6235142108659520,0.2485734292383780,0.16693659,0.2530726,0.15158945,148.0,7.125
7001,children,9.0,I,FALSE,7001.png,../data/children/stimuli_I/7001.png,drawing of a person holding a knife and a paper bag,,"A character with a long arm, words ""super stekker"" and ""extra benef.",,4,0.6192536354064940,0.74,95.0,creature/monster,writing,,2.0,3.0,2,1,4.252173942953810,7.536875,0.3271490054670230,20,16,0.2130735389546420,0.464211642742157,0.584519262044473,0.6673274550272520,0.3857619849629190,0.15877143,0.25092408,0.21763071,8.222222222222220,2.923076923076920
7002,children,8.0,I,FALSE,7002.png,../data/children/stimuli_I/7002.png,drawing of a person with a backpack on a white background,,Hard to interpret,,2,0.5309446454048160,0.46,37.0,ice cream cone,lines,,2.0,1.0,1,1,4.889566408358650,7.225625000000000,0.8397793683104600,5,21,0.2403619289398190,0.4900698357862130,0.602184587586844,0.6550069776549140,0.2879039583498220,0.0,0.290577,0.13963844,148.0,3.257142857142860
7003,children,9.0,I,FALSE,7003.png,../data/children/stimuli_I/7003.png,drawing of a cartoon character holding a sign with a knife,,"Ice cream figure holding cone, wearing ""Random ijs winkel"" shirt, with sparkles around",,5,0.6721051931381230,0.67,87.0,alien,star(s),planets,2.0,3.0,4,1,4.316689733004150,6.28375,0.5917358008934270,16,8,0.2414557193842090,0.4586374598335460,0.5606858432292940,0.7080260266298410,0.5651602713776640,0.14607869,0.2319072,0.35020837,37.0,14.25
7004,children,7.0,I,FALSE,7004.png,../data/children/stimuli_I/7004.png,drawing of a cartoon character with a headphone on a white background,,A building with facial features and hair-like lines on top,,5,0.5921840071678160,0.61,75.0,house,(smiley) face,,2.0,2.0,3,1,6.139500687004530,5.72,0.9234833142555250,6,3,0.1650660037994380,0.403974753736697,0.4492828249931340,0.5987666180920500,0.3698497677097,0.1388559,0.19749448,0.15637383,6.434782608695650,2.923076923076920
7005,children,6.0,I,FALSE,7005.png,../data/children/stimuli_I/7005.png,drawing of a man standing in front of a door with a cloud coming out of it,,Abstract figure with teardrops and clouds; another figure visible in a window,,4,0.6956444978713990,0.77,96.0,person,cloud(s),water,2.0,4.0,4,1,3.924134593399880,7.526250000000000,0.2929340471847970,14,19,0.1762289299828440,0.4350138643375710,0.4288962823810400,0.6458465810291330,0.3522696146442920,0.13959537,0.28074807,0.18509673,148.0,7.125
7006,children,9.0,I,FALSE,7006.png,../data/children/stimuli_I/7006.png,drawing of a ice cream cone with the words ice cream on it,,Ice cream cone with waves on top,,4,0.541557788848877,0.49,46.0,popsicle,,,2.0,2.0,1,1,3.8632498853059600,3.99375,0.8640139921294270,1,6,0.2500984668731690,0.4062483310699460,0.5707786083221440,0.5139418140762580,0.2934334516782940,0.15073651,0.21095996,0.15895228,24.666666666666700,14.25
7007,children,9.0,I,FALSE,7007.png,../data/children/stimuli_I/7007.png,drawing of a house with a clock tower and a sun on top,,A building with a dome on top and six windows,,5,0.5462467670440670,0.54,58.0,house,,,2.0,2.0,2,1,4.3069057401154600,4.1475,0.924075704225352,8,8,0.1990604878031900,0.4362259935207960,0.4570216264115790,0.6177621200229620,0.2627243085736290,0.12532458,0.23555605,0.10331378,6.434782608695650,7.125
7009,children,8.0,I,TRUE,7009.png,../data/children/stimuli_I/7009.png,drawing of a computer mouse with a black handle,,"Abstract shape with a rectangle, dark rectangle, and teardrop shape. Hard to interpret",,2,0.4489629566669460,0.46,36.0,popsicle,,,2.0,2.0,1,1,8.55669549857002,4.58,0.6522292993630570,5,3,0.153201937675476,0.3249898947772350,0.4351555109024050,0.616605291936728,0.2648047633081010,0.12600347,0.25374708,0.1359447,24.666666666666700,7.125
7010,children,7.0,I,FALSE,7010.png,../data/children/stimuli_I/7010.png,drawing of a bird with wings and a house on its back,,"House with roof, wings, and smiling face on legs",,4,0.6895644664764400,0.76,96.0,house ,wings,(smiley) face,2.0,3.0,2,1,5.645704929276960,12.89,0.6282940360610260,10,28,0.2041311622897130,0.3808867746855850,0.4612933718387250,0.7565620036730480,0.3705824252426440,0.1241229,0.33523792,0.14920036,148.0,7.6
7011,children,9.0,I,FALSE,7011.png,../data/children/stimuli_I/7011.png,drawing of a robot with a head and arms,,"A humanoid figure with antennae, facial features, and textured body",,5,0.7201675772666930,0.71,92.0,alien,feelers,hands,2.0,3.0,4,1,4.639750432907710,8.841875,0.3819287038944980,23,14,0.2260095342391990,0.4613325435320300,0.5240305917208250,0.7582356109726310,0.433905220844065,0.13060021,0.24217525,0.19549619,37.0,2.923076923076920
7012,children,9.0,I,FALSE,7012.png,../data/children/stimuli_I/7012.png,drawing of a small house with a steeple on top,,Simple house with a pointed roof and three circular windows,,4,0.5618472695350650,0.55,60.0,house,door,,2.0,2.0,2,1,4.623550903190380,4.0875,0.918548030101815,5,5,0.1714370846748350,0.4273928062553880,0.4116275661213650,0.5695505980034840,0.2904813287170390,0.07965651,0.22632189,0.07355404,6.434782608695650,7.6
7013,children,7.0,I,FALSE,7013.png,../data/children/stimuli_I/7013.png,drawing of a robot with a head and arms,,"Robot-like figure with a square body, antennae, stick arms, and legs",,5,0.5804004669189450,0.61,74.0,alien,feelers,,2.0,2.0,3,1,4.406677227932300,4.9375,0.642654202181285,1,14,0.2211298942565920,0.4435632923451010,0.4994400144290870,0.593681546052182,0.3650995447278240,0.11998169,0.22252874,0.15615161,37.0,2.923076923076920
7014,children,7.0,I,TRUE,7014.png,../data/children/stimuli_I/7014.png,drawing of a castle with a cat and a dog on it,,Hard to interpret,,1,0.7246876955032350,0.74,95.0,abstract doodle/hard to interpret,,,2.0,1.0,4,1,4.436960152042020,13.05375,0.2741191275167790,5,31,0.2403619289398190,0.4900698357862130,0.602184587586844,0.7497459598753580,0.3354933220154050,0.0,0.25268435,0.14455095,5.285714285714290,3.257142857142860
7015,children,8.0,I,TRUE,7015.png,../data/children/stimuli_I/7015.png,there is a drawing of a cake on a plate on a table,,Hard to interpret,,3,0.6075385212898250,0.62,78.0,alien,feelers,,1.0,2.0,1,1,5.301950304677690,4.236875,0.9263986639627820,3,6,0.2403619289398190,0.4900698357862130,0.602184587586844,0.5526106703861940,0.2756476913953720,0.0,0.2312291,0.14835756,37.0,3.257142857142860
7016,children,6.0,I,FALSE,7016.png,../data/children/stimuli_I/7016.png,a drawing of a sheep with a bunch of hair on its head,,"Cartoon insect with antennae, heart, and butterfly. Abstract scribbles on body",,5,0.635382354259491,0.6,73.0,feelers,heart(s),wings,1.0,0.0,2,0.5,8.140870388310430,25.72125,0.5244505666520570,8,102,0.1936159133911130,0.3725902847227540,0.4769774391068550,0.7620879709367080,0.4298182269845220,0.1415073,0.26986971,0.19913304,148.0,2.923076923076920
7017,children,6.0,I,FALSE,7017.png,../data/children/stimuli_I/7017.png,there is a drawing of a box with a bird on top,,Simple house with a window and black roof,,4,0.4734207093715670,0.41,24.0,house,,,1.0,1.0,1,1,11.586222365739500,6.5625,0.9410417859187180,2,6,0.1675159235289130,0.3962945162145650,0.3987542749193730,0.585011288229094,0.2822535997676410,0.0874278,0.22094259,0.0990739,6.434782608695650,7.6
7018,children,8.0,I,FALSE,7018.png,../data/children/stimuli_I/7018.png,drawing of a man holding a sign with his arms out,,"A smiling figure with a square body, wings, and a long antenna",,5,0.57733154296875,0.56,64.0,creature/monster,,,2.0,2.0,2,1,4.637421459735870,3.94,0.6262612851832180,3,4,0.2341156601905820,0.4285525764720930,0.494708240032196,0.590711055709379,0.3520028650622420,0.10840932,0.19929889,0.117077805,8.222222222222220,2.923076923076920
7019,children,8.0,I,FALSE,7019.png,../data/children/stimuli_I/7019.png,drawing of a cat with a box in its mouth,,Cartoon cat with a hat and an apron or bib,,4,0.6196264624595640,0.68,88.0,creature/monster,ears,,2.0,2.0,3,1,4.519031829443080,4.75375,0.8368662694148680,5,4,0.2573067545890810,0.4201108890870990,0.5565926696900910,0.6017129443240530,0.3798895078516240,0.1673632,0.24437353,0.18444327,8.222222222222220,8.142857142857140
7020,children,6.0,I,FALSE,7020.png,../data/children/stimuli_I/7020.png,drawing of a robot with a heart and a speech bubble,,"Cute robot with big eyes says ""Hola"" in speech bubble",,5,0.6677027940750120,0.72,93.0,creature/monster,writing,,2.0,2.0,3,1,6.648266726970000,9.420625,0.627808168251102,5,10,0.2562241401538750,0.4582456188871150,0.6105676293373110,0.6474598925115990,0.4596818003369750,0.17216714,0.21544543,0.19690087,8.222222222222220,2.923076923076920
7021,children,9.0,I,FALSE,7021.png,../data/children/stimuli_I/7021.png,drawing of a man with a tree on his head,,A face with a party hat and branches on its head,,5,0.5608481168746950,0.6,72.0,(smiley) face,hat,,2.0,2.0,3,1,5.1159482667589900,6.001250000000000,0.4727416798732170,4,10,0.2247905865186790,0.3677198698437170,0.5393780469894410,0.6049874307893540,0.3650013102459200,0.14053757,0.26133266,0.16798362,74.0,8.142857142857140
7023,children,7.0,I,FALSE,7023.png,../data/children/stimuli_I/7023.png,there is a drawing of a ghost with a hat on,,Simple smiling face with a hat on top,,4,0.5315837264060970,0.48,41.0,(smiley) face,hat,,2.0,2.0,2,1,5.561917210930430,3.98,0.8983451536643030,6,4,0.2115863561630250,0.3730833343590300,0.4800247859940050,0.6234472433857890,0.3441621507928090,0.0919302,0.20415044,0.15108107,74.0,2.923076923076920
7024,children,7.0,I,FALSE,7024.png,../data/children/stimuli_I/7024.png,drawing of a bird cage with a bird on top of it,,Simple architectural outline resembling a building with a dome structure,,4,0.4722845256328580,0.43,30.0,completing,,,2.0,0.0,0,1,4.130986025631770,1.7743750000000000,0.7998560115190790,8,3,0.1271766424179080,0.3358163635676010,0.3026996254920960,0.4175471625060700,0.2442138547365470,0.0925121,0.23741646,0.17606086,13.454545454545500,7.125
7025,children,9.0,I,FALSE,7025.png,../data/children/stimuli_I/7025.png,a drawing of a cartoon character with a crown on his head,,"Smiling creature with wings, box-shaped body, winking eye, and spiky hair",,5,0.5437039136886600,0.62,77.0,creature/monster,wings,,2.0,2.0,3,1,4.430204154579340,5.46375,0.3132107023411370,4,12,0.2401884794235230,0.4569150643621400,0.5126387767411000,0.6918572224686950,0.3712986733973010,0.12275305,0.39328396,0.17675571,8.222222222222220,2.923076923076920
7026,children,7.0,I,FALSE,7026.png,../data/children/stimuli_I/7026.png,drawing of a ice cream cone with a strawberry on top,,A popsicle with heart-shaped decorations on the ice cream,,5,0.5409680008888250,0.53,54.0,popsicle,(smiley) face,heart(s),2.0,2.0,2,1,3.832697255671100,3.255625,0.8131159969674000,5,6,0.2419084762389360,0.4237273759760670,0.5458557605743410,0.6099188022975930,0.3312650183010390,0.13609204,0.30240783,0.18320428,24.666666666666700,14.25
7027,children,8.0,I,FALSE,7027.png,../data/children/stimuli_I/7027.png,drawing of a ice cream cone with a face on it,,Popsicle with wavy patterns and writing on top,,4,0.6518528461456300,0.55,59.0,popsicle,writing,,2.0,2.0,2,1,8.39496457941732,9.365625,0.5510491877256320,5,6,0.1996254443899050,0.4089138927732080,0.4967612328075620,0.6952138675395690,0.3450598326883470,0.13271025,0.2786936,0.17593203,24.666666666666700,14.25
7028,children,8.0,I,FALSE,7028.png,../data/children/stimuli_I/7028.png,there is a drawing of a bird with a hat on,,A ghost-like figure with eyes and a pointed top,,4,0.5137042999267580,0.44,31.0,creature/monster,,,2.0,1.0,2,1,4.266791058624870,2.79625,0.7754746835443040,3,6,0.2075091476732990,0.3988526522087420,0.4597709774971010,0.5625530670739960,0.327993974368206,0.13688752,0.2320369,0.15785995,8.222222222222220,2.923076923076920
1001,children,5.0,R,FALSE,1001.png,../data/children/stimuli_R/1001.png,a drawing of three people with a house in the background,,Two ninja-like figures near a house with a window and door,,4,0.6533442735672000,0.82,98.0,ninja(s),house,door,2.0,3.0,4,1,9.308997616664010,24.725,0.1433214807704890,9,51,0.2069775338782340,0.4493561119224950,0.4603365659713750,0.8334814774490530,0.404291043885254,0.1344475,0.30993184,0.20199041,74.0,3.0256410256410300
1002,children,5.0,R,FALSE,1002.png,../data/children/stimuli_R/1002.png,drawing of a man standing in front of a house with a face drawn on it,,A house with a person wearing a mask nearby,,4,0.5830899477005010,0.58,67.0,ninja(s),house,hands,2.0,3.0,4,1,5.646287510472460,10.49375,0.41895924647953,6,19,0.2176166176795960,0.4893593788146970,0.4625072158877370,0.7903798311209750,0.3817019849928250,0.14406586,0.20887545,0.19242093,74.0,8.428571428571430
1003,children,5.0,R,FALSE,1003.png,../data/children/stimuli_R/1003.png,drawing of a basket with a plant in it on a white surface,,Hard to interpret,,3,0.5847432613372800,0.62,78.0,abstract doodle/hard to interpret,,,2.0,0.0,1,0,9.479685426064630,45.4025,0.4164623763691480,2,136,0.2441710088151080,0.4869130696926430,0.6253224685980350,0.834205005495557,0.2619209710942910,0.0,0.36792064,0.15159678,3.8947368421052600,3.933333333333330
1004,children,4.0,R,FALSE,1004.png,../data/children/stimuli_R/1004.png,drawing of a house with a chimney and a door,,Simple house with door and chimney in a line drawing,,5,0.4097447693347930,0.42,27.0,house,door,,2.0,1.0,1,1,3.983541953063340,2.414375,0.5288270377733600,5,7,0.0952671709497453,0.2504066079612590,0.2187868850338620,0.564070136310062,0.2496533667715210,0.076344475,0.21442361,0.08906416,4.484848484848480,3.0256410256410300
1005,children,4.0,R,FALSE,1005.png,../data/children/stimuli_R/1005.png,drawing of a man and a woman standing in front of a house,,Person sitting near a house with a series of circles above,,3,0.5814286470413210,0.64,82.0,house,person,smoke,1.0,2.0,2,1,3.962630089971000,6.604375,0.1928655142103720,12,11,0.1728834899802760,0.4086049795150760,0.4225096186259030,0.6884466221402680,0.2546994578464040,0.15129769,0.25140864,0.13139169,4.484848484848480,8.428571428571430
1006,children,5.0,R,FALSE,1006.png,../data/children/stimuli_R/1006.png,drawing of a bottle with a knot on it and a string,,Abstract sketch featuring overlapping lines within a roughly pyramid-shaped outline,,3,0.6047697067260740,0.47,38.0,abstract doodle/hard to interpret,,,1.0,0.0,1,1,4.891198805695720,8.309375,0.6997935543066870,1,27,0.1135880879409240,0.3490560054779050,0.338875135116286,0.8336837327320940,0.2991814508471820,0.111018226,0.42121,0.15677658,3.8947368421052600,5.9
1007,children,5.0,R,TRUE,1007.png,../data/children/stimuli_R/1007.png,drawing of a baseball glove with a man in it,,Person in a box or structure with vertical lines above,,3,0.5115928649902340,0.56,62.0,baby,lines,,1.0,1.0,1,1,5.103416467856380,5.509375,0.9316087880935510,2,10,0.1883265747634620,0.4111660122871400,0.4333172102759600,0.6276639412694720,0.2574931653581320,0.155665,0.21452585,0.15893582,74.0,8.428571428571430
1008,children,7.0,R,FALSE,1008.png,../data/children/stimuli_R/1008.png,drawing of a house with a chimney and a chimney top,,House on fire with visible windows and flames on roof,,4,0.6014571785926820,0.53,56.0,house,fire,,2.0,2.0,2,1,4.062156973967160,5.583125,0.543249136834454,5,13,0.2208298313123080,0.4990406333828340,0.518286943435669,0.7132310446182350,0.2969081932868410,0.14677434,0.23359224,0.098328725,4.484848484848480,3.0256410256410300
1009,children,6.0,R,FALSE,1009.png,../data/children/stimuli_R/1009.png,drawing of a house with a bird inside and a bird inside,,Simple house shape with a tree inside and short lines outside,,4,0.569441556930542,0.56,62.0,abstract doodle/hard to interpret,,,1.0,1.0,1,1,5.167126469527300,5.654375,0.7251461988304090,3,7,0.1093394029927900,0.3591502904891970,0.2416185880672080,0.736448559311571,0.3356162957757060,0.1030419,0.28061634,0.15231565,3.8947368421052600,3.0256410256410300
1010,children,4.0,R,FALSE,1010.png,../data/children/stimuli_R/1010.png,drawing of a man in a medieval costume standing in front of a house,,House with a window and person or object inside,,3,0.5308167338371280,0.46,37.0,house,,,2.0,1.0,1,1,5.264989908209680,5.3175,0.7634248487668680,3,20,0.1953255897372200,0.400017499923706,0.4325969219207760,0.7124292119101360,0.3467589528146130,0.092557535,0.17961514,0.11134194,4.484848484848480,3.0256410256410300
1011,children,5.0,R,FALSE,1011.png,../data/children/stimuli_R/1011.png,drawing of a coat and a hat on a white background,,Hard to interpret,,2,0.5745756030082700,0.6,73.0,abstract doodle/hard to interpret,lines,,2.0,0.0,2,1,4.366562641282110,9.90125,0.2369039391845200,2,26,0.2441710088151080,0.4869130696926430,0.6253224685980350,0.7473483214423420,0.2962171735719010,0.0,0.28064668,0.1724891,3.8947368421052600,3.933333333333330
1012,children,6.0,R,FALSE,1012.png,../data/children/stimuli_R/1012.png,drawing of a house with a window and a door,,Simple drawing of a house with two windows and a door,,5,0.4603857398033140,0.39,21.0,house,door,,2.0,2.0,2,1,4.2094040676397800,3.29375,0.7009921828021650,5,10,0.1316285650951510,0.2664681077003480,0.2686724662780760,0.6486696487107640,0.2838056064275750,0.051095616,0.11399156,0.05386024,4.484848484848480,3.0256410256410300
1013,children,5.0,R,TRUE,1013.png,../data/children/stimuli_R/1013.png,drawing of a black cat sitting on a white surface with a flag,,Hard to interpret,,1,0.368631899356842,0.48,40.0,completing,,,2.0,0.0,1,1,7.092702308911340,5.314375,0.2350703689615820,2,14,0.2441710088151080,0.4869130696926430,0.6253224685980350,0.5262231582840390,0.2219581554511020,0.0,0.34504336,0.13055594,11.384615384615400,3.933333333333330
1014,children,5.0,R,TRUE,1014.png,../data/children/stimuli_R/1014.png,drawing of a cup with a lot of bubbles on it,,Hard to interpret,,2,0.5675826072692870,0.58,68.0,abstract doodle/hard to interpret,,,1.0,0.0,1,1,4.174316807074460,5.344375000000000,0.8461379595208590,7,9,0.2441710088151080,0.4869130696926430,0.6253224685980350,0.5807697718447880,0.3821550640585750,0.0,0.23282428,0.29151267,3.8947368421052600,3.933333333333330
1015,children,6.0,R,FALSE,1015.png,../data/children/stimuli_R/1015.png,drawing of a person with a large bird on their arm,,Figure resembling a bird with large wings and a human face,,4,0.5747593641281130,0.66,85.0,creature/monster,(smiley) face,,2.0,2.0,2,1,4.661520530734530,6.2162500000000000,0.3538006895419470,1,16,0.214504884808963,0.4248739309571360,0.4696744048207250,0.69997532735992,0.2816318433296190,0.145667,0.28960067,0.17076401,9.25,8.428571428571430
1016,children,5.0,R,FALSE,1016.png,../data/children/stimuli_R/1016.png,there is a drawing of a vase with a pattern on it,,Shape filled with overlapping leaf-like patterns inside,,4,0.6042445302009580,0.56,61.0,abstract doodle/hard to interpret,,,2.0,0.0,1,1,4.817060890787020,8.821875,0.8483809523809520,3,15,0.1788718593792990,0.3565792653905900,0.408624852217724,0.6641546403569590,0.2996869908874210,0.12602563,0.3319464,0.17811728,3.8947368421052600,5.9
1017,children,5.0,R,FALSE,1017.png,../data/children/stimuli_R/1017.png,drawing of a house with a door and a window in the middle,,House-like structure with a pointed roof and an entrance,,4,0.4024625122547150,0.39,21.0,house,door,,2.0,1.0,1,1,3.9206119718837800,2.0968750000000000,0.7003857693956280,2,6,0.1727518336324780,0.4039919376373290,0.3978677629153580,0.4549651866796360,0.2472298992057180,0.09725919,0.19662319,0.09031392,4.484848484848480,3.0256410256410300
1018,children,6.0,R,TRUE,1018.png,../data/children/stimuli_R/1018.png,there is a drawing of a tall vase with a bird on it,,Abstract shape with vertical scribbles inside geometric outline,,4,0.4890654981136320,0.34,7.0,completing,,,2.0,0.0,0,1,9.911729063272620,9.168125,0.8016901060942510,1,28,0.1328852693506900,0.31868978254138,0.3473154318912690,0.7033392201983230,0.2180153988589710,0.09446679,0.41901165,0.12907581,11.384615384615400,5.9
1019,children,6.0,R,FALSE,1019.png,../data/children/stimuli_R/1019.png,drawing of a house with a chimney and a window,,Simple house outline with abstract shapes inside,,4,0.5042623281478880,0.43,30.0,house,,,2.0,1.0,2,1,4.21473648601377,3.558125,0.7136594053980000,2,7,0.1004191637039180,0.3089108467102050,0.2199722063524830,0.6233780167954460,0.2567451457941990,0.07630316,0.119325064,0.08840856,4.484848484848480,3.0256410256410300
1020,children,6.0,R,TRUE,1020.png,../data/children/stimuli_R/1020.png,drawing of a piece of paper with a drawing of a ice cream cone,,Abstract shape with grid pattern and triangular bottom,,3,0.48419189453125,0.45,34.0,ice cream cone,lines,,1.0,2.0,1,1,4.706811101802390,6.748125000000000,0.8027276484364240,2,14,0.165817379951477,0.3878840025628800,0.3796179151079510,0.5957978274031150,0.2976108361925690,0.09835311,0.2639448,0.16831097,29.6,5.9
1022,children,5.0,R,TRUE,1022.png,../data/children/stimuli_R/1022.png,drawing of a piece of ice with a heart on it,,A shield shape with lines and abstract patterns inside,,3,0.5277760624885560,0.43,30.0,abstract doodle/hard to interpret,,,2.0,0.0,1,1,3.373184785319710,4.544375,0.834125773750785,7,10,0.1202745222554320,0.2138980627059940,0.2837080955505370,0.5707288501130640,0.2149143367019920,0.08504039,0.2036988,0.110819496,3.8947368421052600,16.857142857142900
1023,children,6.0,R,FALSE,1023.png,../data/children/stimuli_R/1023.png,drawing of a house with a sun in the background,,A simple house with a triangular roof and sun above,,5,0.6346756219863890,0.55,59.0,house,sun,,2.0,2.0,2,1,4.174888531285610,7.678750000000000,0.5827664399092970,4,23,0.158739309461193,0.3522514700889590,0.3451667438596530,0.6914923883002050,0.2897478170481980,0.054629363,0.21785991,0.07801408,4.484848484848480,3.0256410256410300
1024,children,5.0,R,FALSE,1024.png,../data/children/stimuli_R/1024.png,drawing of a house with a flag on top of it,,"A house with a slanted roof and windows, and a wavy line",,4,0.6222386956214910,0.59,71.0,house,door,,2.0,2.0,3,1,5.534144935663810,7.86,0.5078654732845130,6,17,0.1549697929656690,0.3689414670747950,0.3232261731163360,0.8155537240756070,0.3173091510944870,0.098111354,0.25290805,0.116657555,4.484848484848480,3.0256410256410300
1025,children,6.0,R,FALSE,1025.png,../data/children/stimuli_R/1025.png,drawing of a rocket and a planet with a star in the sky,,"Rocket, planet, and stars in space scene",,5,0.5354210734367370,0.58,68.0,rocket,star(s),planet,2.0,3.0,4,1,4.032998239644230,6.378125,0.343892971024539,6,11,0.2133760793952790,0.4873424768447880,0.5338142395449480,0.7420767189747110,0.3742141615684090,0.15806472,0.29251018,0.1529735,29.6,13.11111111111110
1026,children,6.0,R,FALSE,1026.png,../data/children/stimuli_R/1026.png,drawing of a house and a man standing in front of a building,,Stick figures near a house with a triangle roof,,4,0.5191730260849000,0.6,74.0,creature/monster,,,1.0,1.0,2,1,4.258058270281870,5.09625,0.4503769945642640,3,16,0.1365166902542110,0.4035411477088930,0.3356768688962970,0.5827333561717830,0.243116429309648,0.09632416,0.25862947,0.13044238,9.25,3.0256410256410300
1027,children,6.0,R,FALSE,1027.png,../data/children/stimuli_R/1027.png,drawing of a rocket with stars and a moon in the sky,,Rocket with stars and a planet in space,,5,0.6308935880661010,0.64,81.0,rocket,star(s),planet,2.0,3.0,4,1,4.020981771732770,6.94375,0.3029451043789980,7,13,0.2335684617080080,0.4167908529292480,0.5187655996540540,0.6896354156352360,0.3474636802237050,0.16117795,0.3039227,0.16158397,29.6,13.11111111111110
1028,children,6.0,R,TRUE,1028.png,../data/children/stimuli_R/1028.png,drawing of a traffic light with a building in the background,,Simple rocket with three windows and a flame on top,,4,0.4415546059608460,0.45,35.0,rocket,,,1.0,2.0,2,1,3.8082039249033000,3.174375,0.487891156462585,4,9,0.1959040527458070,0.411969244480133,0.4534604493928450,0.5673185298563260,0.2671537820519830,0.13575935,0.3364164,0.13847338,29.6,13.11111111111110
1029,children,5.0,R,TRUE,1029.png,../data/children/stimuli_R/1029.png,drawing of a shield with a long neck and a long tail,,Simple geometric shape resembling a pointed shield,,3,0.2271756082773210,0.25,0.0,completing,,,2.0,0.0,0,1,3.673712016568250,1.75125,0.3365817091454270,1,5,0.1142870051518610,0.2360056638717650,0.2813951326663880,0.3971334939812330,0.1897489046452250,0.08451645,0.22130284,0.12491624,11.384615384615400,16.857142857142900
2001,children,4.0,R,TRUE,2001.png,../data/children/stimuli_R/2001.png,drawing of a man in a suit with a tie and a tie,,Hard to interpret,,2,0.4881945252418520,0.44,32.0,abstract doodle/hard to interpret,encircled,,2.0,0.0,0,0,4.069290604817910,4.8275,0.2680273332134510,10,9,0.2441710088151080,0.4869130696926430,0.6253224685980350,0.5649277455023190,0.1646194700612770,0.0,0.31830016,0.119777754,3.8947368421052600,3.933333333333330
2002,children,4.0,R,TRUE,2002.png,../data/children/stimuli_R/2002.png,drawing of a wine glass with a wine corker on it,,"Abstract shape with two circles and protruding lines, possibly a face",,2,0.452135294675827,0.5,47.0,creature/monster,,,1.0,1.0,1,1,3.3583351413645700,2.43875,0.540006038647343,3,6,0.1434546027508600,0.3467319401066330,0.3831358551979070,0.6306854920725160,0.2671522407466350,0.09046899,0.23166487,0.14057812,9.25,5.9
2003,children,5.0,R,TRUE,2003.png,../data/children/stimuli_R/2003.png,drawing of a pencil with a flower in it and a hand holding a pencil,,Lion's head inside a shield-like shape with geometric patterns,,4,0.5079540014266970,0.56,62.0,abstract doodle/hard to interpret,,,2.0,0.0,1,1,3.587190155353200,4.4662500000000000,0.7828754838100630,2,8,0.1513553171542080,0.2261507511138920,0.3715161902616130,0.617245729223575,0.3581970190792360,0.112004876,0.24425463,0.22211227,3.8947368421052600,16.857142857142900
2004,children,4.0,R,TRUE,2004.png,../data/children/stimuli_R/2004.png,drawing of a toilet with a broken seat and a broken arm,,Abstract geometric shapes resembling a stylized face or mask,,3,0.4977419674396520,0.5,47.0,abstract doodle/hard to interpret,lines,,2.0,0.0,1,1,3.268059728207520,3.850625,0.703559510567297,1,14,0.1617481612117180,0.3391593694686890,0.3829393615090460,0.6717840326183490,0.2011704379535520,0.09669609,0.351296,0.112752676,3.8947368421052600,5.9
2009,children,5.0,R,TRUE,2009.png,../data/children/stimuli_R/2009.png,there is a drawing of a white arrow on a white paper,,Hard to interpret,,3,0.246404618024826,0.11,0.0,blank,,,2.0,10.0,0,0,4.057000798047340,1.103125,0.7142276422764230,4,4,0.2441710088151080,0.4869130696926430,0.6253224685980350,0.0996463023334799,0.0233029165890196,0.0,0.29359147,0.1448457,49.333333333333300,3.933333333333330
2010,children,5.0,R,FALSE,2010.png,../data/children/stimuli_R/2010.png,drawing of a house with a window and a door,,Simple drawing of a house with a slanted roof and one window,,4,0.4840019047260280,0.35,10.0,house,door,,2.0,2.0,2,1,4.531179170531950,3.42625,0.7270249221183800,3,9,0.1350688773311460,0.3121075630187990,0.2766215040313290,0.6370867619627790,0.3208008232029970,0.0670024,0.10877629,0.054478608,4.484848484848480,3.0256410256410300
2011,children,6.0,R,TRUE,2011.png,../data/children/stimuli_R/2011.png,drawing of a wine glass with a long stem and a long stem,,Simple geometric shape with a short line extending downward,,3,0.3541190028190610,0.35,11.0,abstract doodle/hard to interpret,completing,,2.0,0.0,1,1,4.229300339315330,2.09625,0.6039940514127900,2,4,0.1242319867472640,0.3213198184967040,0.2869118623084930,0.5415444646698600,0.1990224082861610,0.11162217,0.28380167,0.12938184,3.8947368421052600,5.9
2012,children,5.0,R,TRUE,2012.png,../data/children/stimuli_R/2012.png,drawing of a umbrella with a long handle on a white background,,Hard to interpret,,1,0.4863646626472470,0.52,52.0,abstract doodle/hard to interpret,,,2.0,0.0,1,1,3.893524699528390,4.633125,0.7110971109711100,1,12,0.2441710088151080,0.4869130696926430,0.6253224685980350,0.5835998343047540,0.2171817253391390,0.0,0.34759858,0.1228024,3.8947368421052600,3.933333333333330
2013,children,5.0,R,FALSE,2013.png,../data/children/stimuli_R/2013.png,drawing of a man in a tie and tie with a tie on,,"Smiling triangle-headed figure with arms and legs, plus a smaller figure inside",,4,0.5901148915290830,0.59,71.0,preganacy,baby,,2.0,3.0,4,1,4.665678341059550,6.545000000000000,0.545028818443804,5,12,0.214577960099102,0.3536361455917360,0.4552031539683210,0.6885378212945720,0.3548907704568840,0.11164041,0.23299399,0.17378199,148.0,4.916666666666670
2014,children,6.0,R,TRUE,2014.png,../data/children/stimuli_R/2014.png,drawing of a cartoon man with a crown on his head,,"A stick figure with spiky hair and large eyes, smiling",,5,0.6481690406799320,0.63,80.0,person(s),hands,ears,2.0,2.0,4,1,5.458003288457460,10.16625,0.3105925461646020,5,17,0.227351830759534,0.3941869735717770,0.486561983022807,0.7987695705068590,0.2703319347682080,0.11256667,0.22358093,0.14983383,24.666666666666700,4.916666666666670
2015,children,4.0,R,TRUE,2015.png,../data/children/stimuli_R/2015.png,drawing of a man with a kite in his hand,,Hard to interpret,,2,0.4841996431350710,0.56,63.0,abstract doodle/hard to interpret,lines,,2.0,0.0,1,1,5.0466621555248000,6.23625,0.8742241830554100,1,11,0.2441710088151080,0.4869130696926430,0.6253224685980350,0.6615647519352820,0.1908844781618900,0.0,0.27959195,0.11084471,3.8947368421052600,3.933333333333330
2016,children,4.0,R,TRUE,2016.png,../data/children/stimuli_R/2016.png,drawing of a black and white picture of a bug on a white sheet,,Abstract geometric shape with circular patterns and a dark area at the bottom,,3,0.4965269565582280,0.59,69.0,abstract doodle/hard to interpret,,,2.0,0.0,1,1,4.79743265884456,4.6781250000000000,0.8077922077922080,12,9,0.1722890138626100,0.3976954638271170,0.3879745833858590,0.6313550742883780,0.2630033934194300,0.09111157,0.21421345,0.14493436,3.8947368421052600,5.9
2017,children,4.0,R,FALSE,2017.png,../data/children/stimuli_R/2017.png,drawing of a man sitting on a toilet with a toilet paper roll in his hand,,Hard to interpret,,2,0.5171387791633610,0.56,62.0,(smiley) face,,,1.0,1.0,1,0.5,3.3248156412356000,3.80125,0.6106040406112190,4,6,0.2441710088151080,0.4869130696926430,0.6253224685980350,0.7071047891771850,0.2888801099786330,0.0,0.2714245,0.13175848,16.444444444444400,3.933333333333330
2018,children,5.0,R,TRUE,2018.png,../data/children/stimuli_R/2018.png,there is a drawing of a shield with a long arrow on it,,Simple outline shape resembling a shield with a pointed bottom,,4,0.235350877046585,0.22,0.0,completing,,,2.0,0.0,0,1,4.22515109525061,1.90625,0.5976956313010080,1,6,0.1238402650451490,0.2100188496714480,0.2673083862433840,0.3138620938700020,0.2172889468997700,0.09079347,0.22050016,0.12063913,11.384615384615400,16.857142857142900
3001,children,4.0,R,TRUE,3001.png,../data/children/stimuli_R/3001.png,a drawing of a drawing of a square with a line of writing,,Hard to interpret,,1,0.5718615055084230,0.32,5.0,blank,,,1.0,10.0,0,0,3.4826817231791500,11.40125,0.5188556120346200,39,51,0.2441710088151080,0.4869130696926430,0.6253224685980350,0.7915481536251330,0.2554854123596420,0.0,0.45825034,0.18349414,49.333333333333300,3.933333333333330
3002,children,6.0,R,TRUE,3002.png,../data/children/stimuli_R/3002.png,drawing of a drawing of a man with a tie on,,Hard to interpret,,2,0.4788473844528200,0.48,42.0,abstract doodle/hard to interpret,,,2.0,0.0,0,1,4.490435133948610,3.2475,0.5194676483080840,6,7,0.2441710088151080,0.4869130696926430,0.6253224685980350,0.6229545571411030,0.206352366590764,0.0,0.29078412,0.10634346,3.8947368421052600,3.933333333333330
3005,children,6.0,R,TRUE,3005.png,../data/children/stimuli_R/3005.png,drawing of a bird on a piece of paper with a drawing of a person,,"Smiling figure with a spotted body, small limbs, and a hat",,4,0.6297261714935300,0.6,73.0,creature/monster,circles,hands,2.0,2.0,3,1,6.604313549999270,11.658125,0.6732164449818620,5,10,0.237496123463145,0.4222192764282230,0.5120471119880680,0.75452003776136,0.3010403919505960,0.113819525,0.35567948,0.16529381,9.25,4.916666666666670
3007,children,4.0,R,TRUE,3007.png,../data/children/stimuli_R/3007.png,there is a drawing of a black and white flag hanging on a clothes line,,Hard to interpret,,2,0.4373477399349210,0.4,24.0,abstract doodle/hard to interpret,,,1.0,0.0,0,1,23.54345057876680,20.58875,0.8906876790830950,4,28,0.2441710088151080,0.4869130696926430,0.6253224685980350,0.6968530121935600,0.2366266827530950,0.0,0.31631547,0.12508763,3.8947368421052600,3.933333333333330
3008,children,6.0,R,TRUE,3008.png,../data/children/stimuli_R/3008.png,drawing of a toothbrush on a toothbrush holder with a toothbrush,,Abstract geometric shape with a face and two antenna-like lines,,4,0.4182443618774410,0.46,36.0,creature/monster,feelers,,2.0,2.0,2,1,4.295203496438270,3.234375,0.228481555619102,2,11,0.1490533174212730,0.3509679614343640,0.3531264487655650,0.5266699659810520,0.2614539612718800,0.10516324,0.24576609,0.17296946,9.25,5.9
3009,children,6.0,R,FALSE,3009.png,../data/children/stimuli_R/3009.png,drawing of a house with a window and a door,,Simple triangular-roof house with a door and window,,5,0.4422854781150820,0.37,15.0,house,door,,2.0,2.0,2,1,4.2561634690600000,3.33375,0.6084213413797830,3,9,0.1600513362853910,0.3883636593818660,0.3445707168919260,0.6453454602249400,0.2797742960675470,0.036220454,0.11922576,0.039663583,4.484848484848480,3.0256410256410300
3010,children,4.0,R,FALSE,3010.png,../data/children/stimuli_R/3010.png,drawing of a house with a window and a door with a window,,Simple house with a window and a door,,5,0.4721539616584780,0.43,30.0,house,door,,2.0,2.0,2,1,4.421807230434810,3.409375,0.6929907170725150,7,8,0.1736815960786770,0.3609668016433720,0.3551684233646630,0.5628429171064100,0.2718649359000980,0.050186254,0.17458701,0.08206765,4.484848484848480,3.0256410256410300
3011,children,5.0,R,FALSE,3011.png,../data/children/stimuli_R/3011.png,drawing of a house with a window and a door,,"Simple house with windows and a door, figure in one window",,4,0.4691923856735230,0.54,56.0,house,door,,2.0,2.0,2,1,4.576385932400830,4.234375,0.7024432809773120,7,10,0.1661704778671260,0.3199596798407930,0.3073583245277410,0.6579053397089440,0.3305159065620990,0.06656982,0.1309939,0.06273921,4.484848484848480,3.0256410256410300
3013,children,5.0,R,TRUE,3013.png,../data/children/stimuli_R/3013.png,arafed drawing of a man swinging a golf club on a white background,,"A figure inside a shield shape, wearing a hat",,4,0.5398950576782230,0.5,48.0,person,encircled,,2.0,2.0,2,1,6.597751901805550,5.819375,0.8654192773152520,2,10,0.1889385468400380,0.3246524132684590,0.3943192597817920,0.5841980777599070,0.2932120350341420,0.11867614,0.19552617,0.15906136,24.666666666666700,16.857142857142900
3016,children,4.0,R,FALSE,3016.png,../data/children/stimuli_R/3016.png,drawing of a house with a face drawn on it,,House with smiling face and triangular roof,,5,0.5018755197525020,0.45,33.0,(smiley) face,lines,hat,2.0,2.0,2,1,3.868703181256610,4.455625,0.7559397657557170,5,13,0.1839672107735560,0.3897578120231630,0.4183853518000440,0.6830638667902230,0.3158021125003310,0.07828004,0.19959557,0.12728938,16.444444444444400,3.0256410256410300
3017,children,4.0,R,TRUE,3017.png,../data/children/stimuli_R/3017.png,drawing of a piece of paper with a line drawing of a map,,Geometric shape inside an irregular oval-like outline,,4,0.3191967010498050,0.31,3.0,completing,encircled,,2.0,0.0,0,0,3.112042099177120,2.78125,0.2970195272353550,3,7,0.1540304238759910,0.323484341890552,0.3745791316032410,0.4731115488092090,0.2109569131184510,0.10807415,0.26740703,0.12611678,11.384615384615400,5.9
3018,children,5.0,R,TRUE,3018.png,../data/children/stimuli_R/3018.png,there is a drawing of a cat on a piece of paper,,A smiling character with a triangular body and grid pattern,,4,0.4034858345985410,0.44,33.0,(smiley) face,ice cream cone,tongue,1.0,2.0,3,1,4.371610074078040,4.855625,0.796551325078116,5,14,0.1751285582627530,0.3323282400467460,0.438832964827594,0.6182747612074410,0.356672722716952,0.10858315,0.22309771,0.19650337,16.444444444444400,4.916666666666670
3020,children,7.0,R,TRUE,3020.png,../data/children/stimuli_R/3020.png,drawing of a pencil drawing of a bottle of water,,Hard to interpret,,1,0.3810180425643920,0.44,32.0,abstract doodle/hard to interpret,,,2.0,0.0,3,1,4.050555554740310,2.684375,0.3320177602368030,2,9,0.2441710088151080,0.4869130696926430,0.6253224685980350,0.5986147891074710,0.2032086515479530,0.0,0.26428264,0.10296817,3.8947368421052600,3.933333333333330
3022,children,4.0,R,TRUE,3022.png,../data/children/stimuli_R/3022.png,drawing of a vase with a face and a nose,,Hard to interpret,,2,0.5066846013069150,0.59,71.0,abstract doodle/hard to interpret,lines,,2.0,0.0,3,1,4.59017215511639,7.2475,0.2324362334590550,1,20,0.2441710088151080,0.4869130696926430,0.6253224685980350,0.6633459515680200,0.2521688004670270,0.0,0.3439714,0.14057952,3.8947368421052600,3.933333333333330
3023,children,4.0,R,TRUE,3023.png,../data/children/stimuli_R/3023.png,drawing of a square with a corner and a line of the corner,,Hard to interpret,,2,0.2362580299377440,0.23,0.0,tracing,,,1.0,20.0,0,0,4.0533674211908100,1.2825,0.6764106050305920,7,3,0.2441710088151080,0.4869130696926430,0.6253224685980350,0.3839002673858800,0.081923261123647,0.0,0.3153886,0.12737477,148.0,3.933333333333330
3024,children,4.0,R,FALSE,3024.png,../data/children/stimuli_R/3024.png,drawing of a house with a door and a window,,"Simple house with a triangular roof, two windows, and a door",,5,0.4863380193710330,0.43,29.0,house,door,,2.0,2.0,2,1,4.565422134493160,4.148125000000000,0.6693800178412130,3,7,0.1638091108912740,0.413473283441466,0.3387273155884320,0.6049545834615170,0.2683796670839140,0.032900013,0.12770006,0.04912178,4.484848484848480,3.0256410256410300
3025,children,4.0,R,FALSE,3025.png,../data/children/stimuli_R/3025.png,a drawing of a spider on a wall next to a window,,Hard to interpret,,2,0.6177694797515870,0.74,95.0,abstract doodle/hard to interpret,lines,,2.0,1.0,1,0,5.090401957430940,10.841875,0.4695258601748910,17,26,0.2441710088151080,0.4869130696926430,0.6253224685980350,0.7124238887400090,0.2871337442238590,0.0,0.3158911,0.1793715,3.8947368421052600,3.933333333333330
3026,children,5.0,R,TRUE,3026.png,../data/children/stimuli_R/3026.png,drawing of a cartoon face with a broken tooth and a broken toothbrush,,"Letter ""M"" with a face, arms, and bat-like wings",,5,0.6062423586845400,0.63,80.0,(smiley) face,tongue,wings,2.0,2.0,2,1,5.810294782272120,8.583125000000000,0.5317978686833960,4,12,0.1987669945498100,0.3759993314743040,0.4510479242234180,0.7074554909816320,0.2778611675066900,0.16474614,0.24078599,0.1894517,16.444444444444400,8.428571428571430
3028,children,4.0,R,FALSE,3028.png,../data/children/stimuli_R/3028.png,a drawing of a face with a nose and eyes,,Simplistic drawing of a house with two circular windows,,4,0.4609244465827940,0.44,32.0,creature/monster,,,1.0,1.0,1,1,3.7539623885955100,2.1525,0.6718626677190210,2,5,0.1329763969211040,0.3171984553337100,0.2679823796738600,0.5291458898996880,0.2287368680384290,0.069602385,0.18945296,0.134988,9.25,3.0256410256410300
4001,children,6.0,R,FALSE,4001.png,../data/children/stimuli_R/4001.png,drawing of a house with a roof and a window,,A simple house with two windows and a door,,4,0.5223865509033200,0.46,37.0,house,door,,2.0,2.0,2,1,4.054171509828860,3.53125,0.7609366958311890,1,11,0.180348206737743,0.3368920683860780,0.3823380102120630,0.6390795866710240,0.2952815618419330,0.048773594,0.16118352,0.11872997,4.484848484848480,3.0256410256410300
4002,children,6.0,R,FALSE,4002.png,../data/children/stimuli_R/4002.png,drawing of a house with a roof and a chimney,,House with a triangular roof and a door,,4,0.4230879545211790,0.37,15.0,completing,,,1.0,1.0,0,1,4.290096020787330,2.6775,0.7902888966237380,2,5,0.1868651397904660,0.4356647729873660,0.3899426460266110,0.553988502460989,0.2532294484859690,0.053141546,0.1927742,0.100901745,11.384615384615400,3.0256410256410300
4003,children,6.0,R,FALSE,4003.png,../data/children/stimuli_R/4003.png,a drawing of a cartoon rocket with a face and a nose,,Geometric figure with a triangular top and two circular shapes,,4,0.6000812649726870,0.56,62.0,abstract doodle/hard to interpret,lines,,1.0,1.0,1,1,5.486089947660000,8.429375,0.7415037858777950,4,23,0.1788284672004880,0.4036667106350230,0.4435391094409880,0.7365017130683490,0.305775763158427,0.10983555,0.21972878,0.13239494,3.8947368421052600,4.916666666666670
4004,children,5.0,R,TRUE,4004.png,../data/children/stimuli_R/4004.png,there is a drawing of a vase with a leaf on it,,Hard to interpret,,2,0.544466495513916,0.53,54.0,abstract doodle/hard to interpret,,,1.0,1.0,1,1,4.384966022076320,6.376875,0.8405077654067090,5,11,0.2441710088151080,0.4869130696926430,0.6253224685980350,0.6769056305886650,0.2287911298469420,0.0,0.25600535,0.13561323,3.8947368421052600,3.933333333333330
4005,children,7.0,R,TRUE,4005.png,../data/children/stimuli_R/4005.png,drawing of a tall glass with a handle on a white background,,Abstract geometric shape resembling a glass or funnel,,3,0.3275696337223050,0.34,9.0,completing,,,2.0,0.0,0,1,5.438222253882710,3.183125,0.354363664548132,1,11,0.1640356583552710,0.3824647068977360,0.3960881469302250,0.6346850427146280,0.1781381526876910,0.10339208,0.3109271,0.10044007,11.384615384615400,5.9
4006,children,6.0,R,TRUE,4006.png,../data/children/stimuli_R/4006.png,drawing of a bird with a piece of wire on its back,,Hard to interpret,,3,0.6555137038230900,0.52,52.0,abstract doodle/hard to interpret,lines,,2.0,1.0,1,1,6.279202629890780,17.985625,0.6246987781022310,6,49,0.2441710088151080,0.4869130696926430,0.6253224685980350,0.7188140486414560,0.331981729434968,0.0,0.25020796,0.20693052,3.8947368421052600,3.933333333333330
4007,children,9.0,R,FALSE,4007.png,../data/children/stimuli_R/4007.png,drawing of a house with a clock on the front of it,,House with stick figures standing on either side,,5,0.6012376546859740,0.67,86.0,house,person(s),door,2.0,3.0,2,1,6.929939947366410,15.105,0.7612125509661410,6,43,0.171179642010947,0.402261954613386,0.3592526339816400,0.7115630814952990,0.3209817265043590,0.13130984,0.21870542,0.08515085,4.484848484848480,3.0256410256410300
4008,children,7.0,R,TRUE,4008.png,../data/children/stimuli_R/4008.png,drawing of a person with a face and arms in a pocket,,"Partially drawn person with legs, diaper, and belly button visible",,3,0.4919049143791200,0.56,62.0,baby,diaper,,2.0,4.0,4,1,4.935574159518980,5.36375,0.262976390485454,2,7,0.1899042612371270,0.3977942883311000,0.4643475966867880,0.763015233818289,0.2383278483166630,0.1538574,0.28920096,0.11972427,74.0,8.428571428571430
4009,children,5.0,R,TRUE,4009.png,../data/children/stimuli_R/4009.png,drawing of a plant with a square frame on the top,,Abstract scribbles within a partially outlined rectangle shape,,4,0.4682585000991820,0.47,38.0,abstract doodle/hard to interpret,,,1.0,10.0,0,0.5,6.389872513111520,14.565,0.8591219019445150,2,60,0.1351074495847540,0.3067081364008230,0.3395685958347980,0.7332596453779230,0.2137516661120800,0.11129932,0.43100733,0.14651711,3.8947368421052600,5.9
4010,children,4.0,R,TRUE,4010.png,../data/children/stimuli_R/4010.png,drawing of a man in a top hat and topcoat with a umbrella,,Hard to interpret,,1,0.4071425199508670,0.43,29.0,abstract doodle/hard to interpret,,,1.0,0.0,1,1,11.54333014969760,12.51875,0.6571510818979990,1,19,0.2441710088151080,0.4869130696926430,0.6253224685980350,0.7316498757663440,0.1635097094722930,0.0,0.4407646,0.12077103,3.8947368421052600,3.933333333333330
4011,children,4.0,R,FALSE,4011.png,../data/children/stimuli_R/4011.png,drawing of a house with a hole in the roof,,A triangular object with spots and abstract lines suggesting wings,,3,0.5177285671234130,0.62,77.0,creature/monster,circles,,1.0,1.0,1,1,3.2931754072895500,4.05875,0.5622062350119900,14,6,0.1420162916183470,0.323802451008631,0.3416556527204050,0.7313037828134780,0.2918903029745270,0.12646098,0.31033167,0.15942085,9.25,8.428571428571430
4012,children,6.0,R,TRUE,4012.png,../data/children/stimuli_R/4012.png,drawing of a toothbrush with a broken tooth on it,,Hard to interpret,,2,0.5378589034080510,0.55,59.0,abstract doodle/hard to interpret,,,2.0,0.0,1,0.5,4.142979895401340,5.30125,0.5700671252175350,1,11,0.2441710088151080,0.4869130696926430,0.6253224685980350,0.6019479655681690,0.3094845942761880,0.0,0.26530752,0.21480843,3.8947368421052600,3.933333333333330
4013,children,7.0,R,TRUE,4013.png,../data/children/stimuli_R/4013.png,drawing of a bunch of grapes in a glass vase,,Plant in a pot with rounded top and detailed leaves,,4,0.5338529348373410,0.53,53.0,popcorn,,,1.0,2.0,1,1,4.891827815828370,9.786875,0.548029197080292,2,31,0.2289025647102240,0.4210990667343140,0.5653302410441770,0.7162331675432010,0.2574028020591010,0.18402648,0.34079403,0.1508448,148.0,8.428571428571430
4014,children,8.0,R,TRUE,4014.png,../data/children/stimuli_R/4014.png,drawing of a penciled ice cream cone with a leaf on top,,Ice cream cone with a textured pattern and dark topping,,5,0.4153676629066470,0.44,33.0,ice cream cone,,,2.0,1.0,2,1,6.370736988409820,15.719375,0.4342017791003200,1,63,0.2221593591976870,0.4017716467908510,0.5464733839035030,0.722730999861164,0.3016545638678250,0.14061555,0.3304587,0.1474237,29.6,23.6
4015,children,8.0,R,TRUE,4015.png,../data/children/stimuli_R/4015.png,drawing of a man with a head in a mask,,Animal head with human-like hair and eyes,,4,0.5304210782051090,0.52,51.0,creature/monster,,,2.0,2.0,3,1,4.006961700997840,5.6937500000000000,0.3857734586585950,5,9,0.2227852807769000,0.4468540815624040,0.5559017128827200,0.7385011805781620,0.2721628244466240,0.1318189,0.35752892,0.18803126,9.25,4.916666666666670
4016,children,9.0,R,FALSE,4016.png,../data/children/stimuli_R/4016.png,a drawing of a shopping bag with a sign that says work,,"Shopping bag labeled ""DIRK"" filled with various items",,5,0.5542352795600890,0.73,94.0,shopping bag,writing,,2.0,3.0,3,1,5.445182312914180,7.228750000000000,0.8303107935009780,6,10,0.2556111064189000,0.4254240482540030,0.569643309978541,0.6328132557538510,0.4799317117823550,0.22591457,0.22238295,0.39073128,148.0,8.428571428571430
4017,children,7.0,R,FALSE,4017.png,../data/children/stimuli_R/4017.png,drawing of a house with a bicycle and a bicycle in front of it,,"Boxy vehicle with two wheels, windows, and a door",,4,0.6984030604362490,0.68,89.0,house,person(s),,2.0,2.0,2,1,8.703962238495700,13.964375,0.7567453463826520,11,15,0.2361984708190860,0.455274224281311,0.495736509307414,0.7274232198654050,0.3208481143700550,0.14413132,0.22737412,0.10783009,4.484848484848480,3.0256410256410300
4018,children,5.0,R,TRUE,4018.png,../data/children/stimuli_R/4018.png,drawing of a kite with a long tail and a long tail,,Abstract geometric shapes and lines arranged symmetrically in a complex pattern,,4,0.4795292317867280,0.56,62.0,abstract doodle/hard to interpret,lines,,2.0,0.0,1,1,4.033561332355960,5.8275,0.6777811229866020,13,20,0.1369734839232520,0.3314002752304080,0.3778000328302380,0.5899717687700620,0.2368252551125420,0.10717728,0.27638894,0.112582326,3.8947368421052600,5.9
4019,children,5.0,R,TRUE,4019.png,../data/children/stimuli_R/4019.png,drawing of a heart in a square with a line drawing of a face,,Abstract face with heart-shaped eyes inside rectangle,,3,0.5730124115943910,0.54,58.0,abstract doodle/hard to interpret,heart,,2.0,1.0,2,1,4.19254333936759,6.496875,0.6398773006134970,2,15,0.1821458718602750,0.3393014467178900,0.4235807313669150,0.634670588702074,0.2187730361604700,0.118144095,0.2704745,0.13131228,3.8947368421052600,5.9
4020,children,6.0,R,FALSE,4020.png,../data/children/stimuli_R/4020.png,drawing of a house with a tower and a window,,"Simple drawing of a house with a triangular roof, windows, and door",,5,0.5349869132041930,0.46,37.0,house,lines,door,2.0,2.0,2,1,5.019424387859720,6.458125000000000,0.7566987416728350,4,12,0.1170323947629390,0.3139810357684200,0.2332158088684080,0.6765706149961270,0.298042261853872,0.038263123,0.14896032,0.059843265,4.484848484848480,3.0256410256410300
4021,children,5.0,R,FALSE,4021.png,../data/children/stimuli_R/4021.png,drawing of a house with a tower on top of it,,"House with cat-like features, including ears, whiskers, and round windows",,4,0.6589524745941160,0.56,62.0,house,animal,teeth,2.0,3.0,2,1,4.495323860026420,8.585625,0.5784235029699790,4,21,0.2043960446839220,0.4177851676940920,0.419531454984119,0.7100531771763130,0.3335412823136810,0.124373004,0.22222212,0.09539105,4.484848484848480,3.0256410256410300
4022,children,8.0,R,TRUE,4022.png,../data/children/stimuli_R/4022.png,drawing of a man with a beard and a hat with a tie,,Simple depiction of a face with hair and eyes,,3,0.58205646276474,0.58,68.0,(smiley) face,,,2.0,2.0,3,1,8.950077061890170,15.348125,0.4665760964224750,6,19,0.1630023620723260,0.3041788339614870,0.4061886137296490,0.7476151003408090,0.275202393492842,0.1098031,0.26298752,0.1470208,16.444444444444400,4.916666666666670
4023,children,9.0,R,FALSE,4023.png,../data/children/stimuli_R/4023.png,drawing of a house with a window and a door,,A house with three windows and a door,,5,0.5482349395751950,0.4,22.0,house,door,,2.0,2.0,2,1,5.270549830200650,5.746875,0.7587952634288660,4,14,0.2069340101559090,0.3728114366531370,0.4329013317437150,0.6175828866286630,0.3105212036100320,0.08285327,0.12026779,0.050300706,4.484848484848480,3.0256410256410300
4024,children,9.0,R,FALSE,4024.png,../data/children/stimuli_R/4024.png,drawing of a house with a window and a door,,"Simple house with gable roof, one window, and door",,5,0.4462926983833310,0.34,8.0,house,door,,2.0,2.0,2,1,5.155929902973420,4.618125,0.7058763413387840,2,8,0.164647678774866,0.4274353043696460,0.3765904346040260,0.5864426296550690,0.3064610713687760,0.05494737,0.10905746,0.05920192,4.484848484848480,3.0256410256410300
4025,children,6.0,R,TRUE,4025.png,../data/children/stimuli_R/4025.png,drawing of a man holding a sign with a hand drawn face,,"Simplistic face drawing with square head, straightforward eyes, and a beard",,4,0.573639988899231,0.53,56.0,(smiley) face,,,2.0,2.0,3,1,6.8095436749268,8.483125,0.504870817450233,5,8,0.1586684991516410,0.3304840919808210,0.3738648518243330,0.6385804971551950,0.2370397635588130,0.12512352,0.19393733,0.12919077,16.444444444444400,4.916666666666670
4026,children,7.0,R,TRUE,4026.png,../data/children/stimuli_R/4026.png,there is a drawing of a face with a basket in the middle,,"Simple face drawing with eyes, nose, and lined chin",,4,0.4833683371543880,0.5,48.0,(smiley) face,lines,,1.0,2.0,2,1,4.970370234629320,4.37,0.7573951674070860,7,14,0.1443545732286810,0.2987062931060790,0.3592505669147100,0.5891331152803970,0.2298660697338060,0.120699026,0.2309469,0.13989393,16.444444444444400,4.916666666666670
5001,children,9.0,R,TRUE,5001.png,../data/children/stimuli_R/5001.png,drawing of a robot with a clock on its face,,Robot-like figure with a square head and geometric body shape,,4,0.6319533586502080,0.6,72.0,robot,hands,,2.0,2.0,3,1,4.843524689479920,5.100625,0.5156679494227600,5,10,0.2197144496611080,0.3853157758712770,0.4707636517741460,0.683036508359965,0.3031003267893200,0.14163339,0.27701938,0.20153943,148.0,4.916666666666670
5002,children,6.0,R,FALSE,5002.png,../data/children/stimuli_R/5002.png,drawing of a rocket ship with a small sail on a white surface,,Hard to interpret,,2,0.6590774059295650,0.55,59.0,abstract doodle/hard to interpret,lines,,2.0,1.0,1,0.5,5.601803607947300,10.11625,0.5427580893682590,2,18,0.2441710088151080,0.4869130696926430,0.6253224685980350,0.798289864542457,0.2984857623175260,0.0,0.28295383,0.17951453,3.8947368421052600,3.933333333333330
5003,children,8.0,R,FALSE,5003.png,../data/children/stimuli_R/5003.png,drawing of a house with a spider web on the roof,,Simple house with a triangular roof and two windows,,4,0.5191586017608640,0.53,55.0,house,door,,2.0,2.0,2,1,8.127894131994860,9.1925,0.8959727603616300,3,15,0.1640334432065160,0.4270099401474000,0.3624696351569660,0.7147424356498920,0.2805545642315010,0.037080776,0.1598098,0.088765986,4.484848484848480,3.0256410256410300
5004,children,8.0,R,FALSE,5004.png,../data/children/stimuli_R/5004.png,drawing of a house with a chimney and a chimney top,,A simple house with two windows and a chimney,,5,0.4716958999633790,0.5,47.0,house,smoke,door,2.0,2.0,2,1,4.908140905778540,4.8256250000000000,0.8001996007984030,4,12,0.1716642873487290,0.3702569603919980,0.394026004912018,0.717497505733808,0.2807835048021510,0.064516455,0.19376382,0.079791024,4.484848484848480,3.0256410256410300
5009,children,7.0,R,TRUE,5009.png,../data/children/stimuli_R/5009.png,drawing of a boat with a flag on it ' s side,,"Simple boat or submarine shape with ""TV"" box on top",,3,0.4507026970386510,0.45,34.0,abstract doodle/hard to interpret,,,2.0,1.0,3,1,4.178032001769690,2.380625,0.6073076213323490,2,5,0.1882374174453350,0.3303589820861820,0.4082648401418220,0.4304896218775880,0.2328823484134850,0.16641854,0.22130576,0.102565505,3.8947368421052600,13.11111111111110
5010,children,7.0,R,TRUE,5010.png,../data/children/stimuli_R/5010.png,there is a drawing of a man standing in the snow,,Simple geometric design resembling an incomplete pentagon or shield shape,,4,0.2712169289588930,0.12,0.0,blank,,,2.0,10.0,0,0,3.962082201674320,0.9125,0.8039128501556250,7,3,0.1188149310570980,0.2062320709228520,0.2866262964383530,0.0905072115818054,0.0399280610969148,0.09609391,0.36360484,0.13542682,49.333333333333300,16.857142857142900
5011,children,8.0,R,FALSE,5011.png,../data/children/stimuli_R/5011.png,drawing of a house with a chimney and a window,,Simple drawing of a house with a triangular roof,,5,0.4244729280471800,0.33,6.0,house,door,,2.0,2.0,2,1,4.385294673324330,2.77875,0.971517253971152,3,7,0.1160045197007330,0.3214264703647170,0.2461406735265640,0.6118015886095370,0.2860693692641340,0.046150893,0.11123526,0.042594064,4.484848484848480,3.0256410256410300
5012,children,6.0,R,TRUE,5012.png,../data/children/stimuli_R/5012.png,drawing of a pencil with a design of waves on it,,Upside-down trapezoidal shape with wavy lines inside,,5,0.4676826298236850,0.5,48.0,abstract doodle/hard to interpret,,,2.0,0.0,1,0.5,3.705187231281600,3.66375,0.9294447560291640,1,6,0.1653919717435840,0.3787174820899960,0.3834259142533480,0.5362134178007540,0.2375844760383550,0.13019371,0.21015146,0.12467023,3.8947368421052600,5.9
5018,children,9.0,R,TRUE,5018.png,../data/children/stimuli_R/5018.png,drawing of a boat with a sail on the water,,Abstract geometric shapes possibly resembling a building or structure,,3,0.4889815151691440,0.49,43.0,abstract doodle/hard to interpret,,,2.0,1.0,1,1,4.66850013386535,4.329375,0.7151866018815260,9,12,0.1348901987075810,0.3411950861695350,0.3461161049535200,0.5946442469294570,0.2450446029190080,0.08908498,0.19681013,0.118697986,3.8947368421052600,5.9
5019,children,6.0,R,FALSE,5019.png,../data/children/stimuli_R/5019.png,drawing of a line of houses with a single tree in the middle,,Three pointed structures on a line resembling houses or mountains,,4,0.4041606187820430,0.55,59.0,completing,copying,,2.0,1.0,2,1,6.172282163264240,5.660625,0.4333275230956950,3,14,0.1282048745033200,0.2568739652633670,0.3150057180230930,0.7545610232393490,0.2656229231479720,0.1314486,0.3819073,0.12042956,11.384615384615400,3.0256410256410300
5020,children,9.0,R,TRUE,5020.png,../data/children/stimuli_R/5020.png,drawing of a clock with a face and a candle on it,,"Angry face with triangle hat and speech bubble saying ""HOED""",,4,0.5235373973846440,0.62,77.0,(smiley) face,writing,frown,2.0,2.0,3,0.5,5.335831955152150,6.090625,0.3758182821989120,7,9,0.2302219867706300,0.3543249368667600,0.5109435630969450,0.6343178144743100,0.2675460683476680,0.16463724,0.2446368,0.17239463,16.444444444444400,4.916666666666670
5021,children,6.0,R,FALSE,5021.png,../data/children/stimuli_R/5021.png,drawing of a house with a chimney and a door,,Simple outline sketch of a house with a triangular roof,,5,0.2694125771522520,0.24,0.0,completing,,,2.0,0.0,0,0.5,4.4283511969154500,1.5225,0.9739373254731620,2,4,0.1119652323743550,0.3536671803494440,0.251653723566564,0.4153581975533810,0.1467189532974760,0.05411508,0.28088564,0.118978284,11.384615384615400,3.0256410256410300
5027,children,7.0,R,FALSE,5027.png,../data/children/stimuli_R/5027.png,drawing of a house with a window and a roof with a chimney,,A house with windows and a door under a semicircular shape,,5,0.5965155363082890,0.54,58.0,house,arc,,2.0,2.0,2,1,4.458453125059140,7.581875,0.7634086414574220,3,20,0.1863208787058680,0.3851463244986200,0.3788420187736750,0.786644611996558,0.3100910194308520,0.087770894,0.23314223,0.08066241,4.484848484848480,3.0256410256410300
5028,children,8.0,R,FALSE,5028.png,../data/children/stimuli_R/5028.png,drawing of a kite with a triangular shape on it,,"Simple rocket with rectangular body and cone top, string at the bottom",,5,0.4280630946159360,0.42,28.0,fire work,lines,,1.0,2.0,1,1,4.674128126083730,3.4450000000000000,0.854580309461865,1,8,0.1868497506559130,0.4732061624526980,0.4322960038361540,0.668908392621034,0.2565192519473700,0.16003278,0.36041087,0.14383356,148.0,13.11111111111110
5029,children,8.0,R,TRUE,5029.png,../data/children/stimuli_R/5029.png,drawing of a shield with a flag and a bird on top,,Heart-shaped object with a chimney and small plant on top,,4,0.392901748418808,0.44,33.0,abstract doodle/hard to interpret,,,1.0,1.0,0,1,3.4257120825080200,3.970625,0.778138089447372,8,10,0.1815047047728590,0.3934263821498370,0.4447272685007600,0.74837694191086,0.3481899458924870,0.1550506,0.2806558,0.24776487,3.8947368421052600,8.428571428571430
6001,children,7.0,R,TRUE,6001.png,../data/children/stimuli_R/6001.png,there is a drawing of a ice cream cone with a face on it,,Ice cream cone with a smiley face and a cherry on top,,5,0.4438076019287110,0.48,42.0,ice cream cone,(smiley) face,tongue,2.0,2.0,3,1,6.435089763032980,7.41,0.8374181868820500,3,9,0.2400918912777980,0.3342056075211990,0.5510729879780400,0.6468333952630220,0.4175908271198830,0.13636856,0.21633704,0.22636399,29.6,23.6
6002,children,9.0,R,TRUE,6002.png,../data/children/stimuli_R/6002.png,drawing of a drawing of a ladder and a chair,,Drawing shows a lift flanked by two sets of stairs,,4,0.638797402381897,0.74,95.0,elevator,writing,,2.0,3.0,4,1,6.268234431345970,13.059375,0.2709327381868560,1,24,0.1881080865859990,0.4299835562705990,0.4337041636529060,0.694626841437274,0.2835875049860470,0.17341527,0.30479398,0.18733987,148.0,8.428571428571430
6003,children,8.0,R,TRUE,6003.png,../data/children/stimuli_R/6003.png,drawing of a pencil with a heart and a piece of fruit on it,,Ice cream cone with three scoops and a grid pattern on the cone,,5,0.421610951423645,0.45,33.0,ice cream cone,lines,,2.0,3.0,3,1,5.999118976574170,9.3225,0.7058949970444410,2,19,0.216667162378598,0.3946673038800170,0.4937328990538650,0.7331787344498340,0.345020126047719,0.13898489,0.26066557,0.20641175,29.6,23.6
6004,children,7.0,R,TRUE,6004.png,../data/children/stimuli_R/6004.png,drawing of a person with a hat and a tie on,,"Cartoonish character with long hair, stick arms and legs, and a cheerful face",,4,0.5990661978721620,0.6,73.0,person,tongue,hands,2.0,2.0,3,1,6.688920742288320,10.174375,0.6602383424813330,1,17,0.2301478844792900,0.4148977747620470,0.515481353728851,0.7717559855806020,0.3360970312864790,0.11892104,0.22521906,0.15711269,24.666666666666700,4.916666666666670
6005,children,7.0,R,TRUE,6005.png,../data/children/stimuli_R/6005.png,drawing of a person sitting in a lotus position with a book,,Hard to interpret,,2,0.669062614440918,0.74,95.0,person(s),,,2.0,3.0,3,1,7.778903438553530,14.533125,0.2048061743553760,9,17,0.2441710088151080,0.4869130696926430,0.6253224685980350,0.7352984206174780,0.2749946152496520,0.0,0.28395557,0.20561019,24.666666666666700,3.933333333333330
6006,children,8.0,R,TRUE,6006.png,../data/children/stimuli_R/6006.png,drawing of a cartoon character with a hand up in the air,,Smiling pizza slice character with raised arms and legs,,5,0.5690996646881100,0.64,81.0,creature/monster,hands,,2.0,3.0,3,1,6.236763614835760,9.57875,0.4806990490876380,2,13,0.2359952189925170,0.3647704124450680,0.5495362281799320,0.762459843333995,0.3810624652511540,0.13824713,0.23845807,0.21783371,9.25,4.916666666666670
6007,children,6.0,R,TRUE,6007.png,../data/children/stimuli_R/6007.png,drawing of a man with arms outstretched in a pose,,"Simple stick figure with raised arms, smiling",,4,0.5486317873001100,0.46,37.0,person,hands,,2.0,2.0,3,1,5.241721688052830,4.90875,0.3138886262645360,2,7,0.1855560319952870,0.3375397525751430,0.4129852127717600,0.642275900238406,0.2647440713745620,0.12043898,0.27636617,0.17991742,24.666666666666700,4.916666666666670
6008,children,8.0,R,TRUE,6008.png,../data/children/stimuli_R/6008.png,drawing of a drawing of a man with a face on a piece of paper,,Hard to interpret,,2,0.5728667974472050,0.55,61.0,flowers,,,2.0,2.0,2,1,4.5749099700289300,4.28875,0.9663039202832040,5,7,0.2441710088151080,0.4869130696926430,0.6253224685980350,0.5336915623227270,0.2693238226107040,0.0,0.18335527,0.14632991,148.0,3.933333333333330
6009,children,7.0,R,TRUE,6009.png,../data/children/stimuli_R/6009.png,there is a kite that is flying in the sky with a string,,Hard to interpret,,1,0.4228735864162450,0.36,12.0,completing,,,2.0,0.0,0,1,4.472109240630220,2.34625,0.5634656757285350,1,7,0.2441710088151080,0.4869130696926430,0.6253224685980350,0.6562393087335540,0.1922630559689340,0.0,0.31070274,0.107711054,11.384615384615400,3.933333333333330
6010,children,8.0,R,TRUE,6010.png,../data/children/stimuli_R/6010.png,drawing of a house with a window and a door on a white background,,Simple house shape with windows and a door drawn on a pointed base,,4,0.44447922706604,0.4,22.0,house,door,,2.0,2.0,2,1,5.33884622606033,3.986875,0.93860510805501,4,5,0.1250347420552510,0.3234217955721480,0.2249777451144290,0.553477053000258,0.2634565534009930,0.06202774,0.18393198,0.11674714,4.484848484848480,3.0256410256410300
6011,children,6.0,R,TRUE,6011.png,../data/children/stimuli_R/6011.png,drawing of a bird with two eyes on a white background,,Three smiley faces within an ice cream cone shape,,4,0.4008325338363650,0.48,41.0,faces,completing,,2.0,1.0,1,1,4.486878936620900,3.31125,0.9388538524814920,1,6,0.2125152096134120,0.3634507656097410,0.4880944919726930,0.51489076932024,0.303744852701173,0.12862673,0.19866641,0.17301653,148.0,23.6
6012,children,8.0,R,TRUE,6012.png,../data/children/stimuli_R/6012.png,drawing of a house with a fire coming out of it,,Hard to interpret,,2,0.6490169763565060,0.57,67.0,house,smoke,rain,2.0,3.0,2,1,4.9068884133428,11.305,0.3493561545229150,31,26,0.2441710088151080,0.4869130696926430,0.6253224685980350,0.7958388443131820,0.3351279459542210,0.0,0.37131292,0.14262787,4.484848484848480,3.933333333333330
6013,children,8.0,R,TRUE,6013.png,../data/children/stimuli_R/6013.png,drawing of a man with a tie on his head and a face drawn on it,,Abstract shapes resembling a face or house with a window and door,,3,0.4059653282165530,0.36,12.0,house,door,,2.0,2.0,2,1,4.217945029875030,3.471875,0.8838196286472150,1,9,0.1424197469699520,0.2982332706451420,0.2903519234375860,0.5700850835058390,0.2541165413083290,0.08283641,0.2510304,0.14399669,4.484848484848480,5.9
6014,children,7.0,R,TRUE,6014.png,../data/children/stimuli_R/6014.png,drawing of a dog with a sign in its mouth,,"Creature with box-like body, smiling face, limbs, and clawed feet",,4,0.6814078092575070,0.69,89.0,creature/monster,hands,,2.0,3.0,2,1,4.383894490101760,9.13625,0.2006723180356620,5,13,0.2425774046686350,0.4894207119941710,0.510417313004571,0.8386746468675580,0.2996635222544930,0.115934275,0.34322226,0.15786016,9.25,4.916666666666670
6015,children,8.0,R,TRUE,6015.png,../data/children/stimuli_R/6015.png,drawing of a drawing of a person in a pocket with a plant in it,,"Rocket with flames, drawing path, universe symbols, heading to labeled planet",,4,0.6118816137313840,0.69,90.0,rocket,star(s),planet,2.0,3.0,2,1,5.2319762208358700,8.473750000000000,0.3336734693877550,18,8,0.1734809279441830,0.3905349788229160,0.4264608279741290,0.6744679088695980,0.2810870865779680,0.15311086,0.2952439,0.14912495,29.6,13.11111111111110
6016,children,8.0,R,TRUE,6016.png,../data/children/stimuli_R/6016.png,drawing of a drawing of a bunch of flowers in a vase,,"Two labeled flower bouquets with prices, one for 2.99, one for 1.99",,5,0.7431765794754030,0.64,82.0,flower shop,writing,numbers,2.0,4.0,4,1,4.281487478361160,8.989375000000000,0.6092239284421690,4,19,0.2368002988815120,0.4996500015258790,0.5618027187468230,0.7095473753106880,0.3613102167179930,0.22389007,0.24423666,0.24717303,148.0,8.428571428571430
6017,children,6.0,R,TRUE,6017.png,../data/children/stimuli_R/6017.png,drawing of a circle with a line drawing of a shield,,Hard to interpret,,2,0.4326357543468480,0.37,16.0,completing,encircled,,2.0,0.0,0,1,5.333447111323240,5.325625,0.4042417039948810,2,7,0.2441710088151080,0.4869130696926430,0.6253224685980350,0.5308918768598120,0.1990462007093760,0.0,0.25122672,0.1247236,11.384615384615400,3.933333333333330
6018,children,9.0,R,TRUE,6018.png,../data/children/stimuli_R/6018.png,drawing of a cartoon of a man with a sun on his head,,A house with windows under a shining sun with a face,,5,0.6391735076904300,0.68,88.0,house,up-side down,sun,2.0,3.0,2,1,6.527632050389530,8.254375,0.6094381197208960,14,6,0.1992042541978190,0.3927015662193300,0.4304224509252570,0.6521203585217910,0.2838707641966010,0.10020025,0.2333829,0.14725897,4.484848484848480,3.0256410256410300
6019,children,7.0,R,TRUE,6019.png,../data/children/stimuli_R/6019.png,drawing of a person sitting in a chair with a hand on the back of it,,Hard to interpret,,2,0.6502114534378050,0.62,78.0,abstract doodle/hard to interpret,,,2.0,0.0,1,1,8.400586740628970,14.45375,0.3975607942291960,3,50,0.2441710088151080,0.4869130696926430,0.6253224685980350,0.7382211840992440,0.2360927740585420,0.0,0.36746413,0.15209997,3.8947368421052600,3.933333333333330
6020,children,8.0,R,FALSE,6020.png,../data/children/stimuli_R/6020.png,drawing of a cartoon rocket with a man sitting on a chair,,A simple sketch of a rocket ship with landing legs,,4,0.606141209602356,0.64,82.0,rocket,,,2.0,3.0,4,1,4.843045465829290,6.56125,0.4597008577302050,4,15,0.1786767733885770,0.3868171803246240,0.3712220413221130,0.7803995895534760,0.3153416003104620,0.15588264,0.37271962,0.1372923,29.6,13.11111111111110
7001,children,9.0,R,FALSE,7001.png,../data/children/stimuli_R/7001.png,drawing of a plane flying over a house with a plane flying over it,,"Plane, house, lightning bolt, handprint, and the words ""Oertijd"" and ""Vliegtuig""",,4,0.674353837966919,0.8,98.0,house,plane,writing,2.0,3.0,4,1,4.169190207062900,8.514375000000000,0.3172076249356000,25,24,0.1699343222418820,0.4032642841339110,0.3674167017589020,0.7595369596027610,0.3836488125889980,0.17179748,0.2587277,0.19314782,4.484848484848480,3.0256410256410300
7002,children,8.0,R,TRUE,7002.png,../data/children/stimuli_R/7002.png,drawing of a basketball net with a basketball in it,,Hard to interpret,,2,0.3882654905319210,0.34,8.0,ice cream cone,lines,,2.0,1.0,2,1,5.812049473284580,11.74,0.8975387109158380,1,22,0.2441710088151080,0.4869130696926430,0.6253224685980350,0.6677020983162320,0.3100524168421180,0.0,0.28897816,0.17110007,29.6,3.933333333333330
7003,children,9.0,R,TRUE,7003.png,../data/children/stimuli_R/7003.png,drawing of a space station with a sign and a drawing of a man,,Cartoon alien surrounded by planets and stars in space,,4,0.7669381499290470,0.9,99.0,mascot,ice cream cone,writing,2.0,4.0,4,1,4.610017614638220,12.728125000000000,0.2521062632201630,16,21,0.2395077204997690,0.4082504401505480,0.5066973272977660,0.7464658839064520,0.4906512904241570,0.17232183,0.25908595,0.320769,148.0,13.11111111111110
7004,children,7.0,R,TRUE,7004.png,../data/children/stimuli_R/7004.png,there is a drawing of a umbrella with a bunch of umbrellas,,"Abstract shape with top circles and dark central portion, possible cone or object",,3,0.4116620719432830,0.43,29.0,food,,,1.0,2.0,1,1,16.3688529551675,15.58875,0.9319715281382070,4,17,0.1607397603106730,0.3869818679679540,0.419318427958297,0.6688753944056020,0.2491091475508540,0.09553849,0.26717806,0.13925546,148.0,5.9
7005,children,6.0,R,TRUE,7005.png,../data/children/stimuli_R/7005.png,drawing of a man holding a glass with a butterfly and a flower in it,,"Person holding a container with insects, observing a larger insect with a crown",,5,0.6292540431022640,0.7,91.0,person,bees,,2.0,4.0,4,1,5.063895203332360,8.470000000000000,0.3141395809272400,6,14,0.2499584406639060,0.525394229567394,0.5811894882434290,0.7061517097384340,0.3282700211561190,0.17768684,0.27547532,0.19659135,24.666666666666700,8.428571428571430
7006,children,9.0,R,TRUE,7006.png,../data/children/stimuli_R/7006.png,there is a drawing of a cat with a collar and a nose,,Stylized drawing of a cat with geometric shapes and a curly tail,,4,0.5658751726150510,0.69,89.0,animal,(smiley) face,ears,2.0,3.0,4,1,5.2884427857971100,4.3256250000000000,0.8895217624932830,2,4,0.1627433106013110,0.3307788372039800,0.3711622578598400,0.6412354411799810,0.3097487753226700,0.1506658,0.21408072,0.21709795,148.0,4.916666666666670
7007,children,9.0,R,FALSE,7007.png,../data/children/stimuli_R/7007.png,drawing of a house with a roof and a bird flying over it,,An umbrella and flower on a rectangle with birds above,,4,0.5666896104812620,0.74,95.0,swimming pool,umbrella ,flower ,1.0,2.0,4,1,3.6139568625085000,3.534375,0.8465523195579600,28,6,0.2126164905657460,0.3414414321517080,0.4026453138974490,0.6791074667503830,0.3170031091401140,0.17799452,0.22149238,0.18269937,148.0,8.428571428571430
7009,children,8.0,R,FALSE,7009.png,../data/children/stimuli_R/7009.png,drawing of a house with a window and a door with a window,,Simple house with a triangular roof and two windows,,4,0.600326418876648,0.45,33.0,house,door,,2.0,2.0,2,1,4.659794203398970,3.745,0.9436379163108460,4,7,0.1640334432065160,0.4270099401474000,0.3624696351569660,0.5676055120408200,0.3241450907526690,0.037080772,0.14428155,0.050314814,4.484848484848480,3.0256410256410300
7010,children,7.0,R,TRUE,7010.png,../data/children/stimuli_R/7010.png,drawing of a pencil with a face and a bunch of sticks sticking out of it,,"Smiling face with upside-down triangular body and striped, dotted hair",,4,0.6180599331855770,0.54,57.0,fries,(smiley) face,,2.0,3.0,3,1,6.110728742135780,15.91375,0.6402097329182370,7,66,0.2130328758915760,0.347827693690519,0.4845846584191710,0.7514159050551400,0.3058428001150480,0.11564106,0.2946971,0.17054601,148.0,4.916666666666670
7011,children,9.0,R,FALSE,7011.png,../data/children/stimuli_R/7011.png,drawing of a house with a butterfly and flowers in the yard,,"House with butterfly wings, trees on both sides, surrounded by grass",,5,0.697233259677887,0.67,87.0,house,wings,tree,2.0,4.0,4,1,5.404500627853470,15.130625,0.3778056063963010,5,43,0.1740237163262740,0.4543804959768200,0.3909807205200200,0.7203655785652490,0.3338146679750520,0.14645915,0.24588153,0.112510204,4.484848484848480,3.0256410256410300
7012,children,9.0,R,TRUE,7012.png,../data/children/stimuli_R/7012.png,drawing of a boat with a tower on top of it,,Simple castle with two towers and flags on top,,4,0.6321079730987550,0.64,82.0,castle,lines,flags,2.0,2.0,4,1,4.94754272887564,7.54875,0.8650859589697710,3,23,0.1580353285053160,0.4236006393194570,0.420777090261316,0.5412848967844280,0.2394133916116310,0.14771876,0.26306933,0.14980029,148.0,13.11111111111110
7013,children,7.0,R,FALSE,7013.png,../data/children/stimuli_R/7013.png,drawing of a kite with a geometric shape on a white background,,"Geometric figure with intersecting lines, resembling abstract or architectural sketch",,4,0.4157725572586060,0.43,30.0,abstract doodle/hard to interpret,lines,,2.0,0.0,1,0.5,4.762715123470020,3.7175,0.951054955839058,2,10,0.1207565593268520,0.3063879791729430,0.3056004022598600,0.5736635718420470,0.1831777564249600,0.099765785,0.28116933,0.115864776,3.8947368421052600,5.9
7014,children,7.0,R,FALSE,7014.png,../data/children/stimuli_R/7014.png,drawing of a bottle and a knife on a table,,"A creature with long arms, two eyes, and a scribbled mouth",,4,0.6136355400085450,0.66,85.0,creature/monster,,,1.0,0.0,3,1,6.299777281343690,12.655625,0.2897039897039900,3,35,0.2060580007960740,0.4437071416552570,0.4753396794402400,0.758774538807127,0.2734855595048350,0.13675329,0.28768235,0.15036912,9.25,4.916666666666670
7015,children,8.0,R,FALSE,7015.png,../data/children/stimuli_R/7015.png,drawing of a dog with a crown on his head and a t - shirt on his chest,,"Creature with box body, eyes on stalks, teeth, and tail",,4,0.6166876554489140,0.68,89.0,creature/monster,teeth,feelers,1.0,2.0,4,1,5.672115005056190,6.548125000000000,0.612102289622361,5,10,0.2185572255517690,0.548742949962616,0.5060731172561650,0.6311192541922070,0.357615789680357,0.14181507,0.28028837,0.20430903,9.25,4.916666666666670
7016,children,6.0,R,TRUE,7016.png,../data/children/stimuli_R/7016.png,there is a black and white drawing of a vase on a white surface,,Hard to interpret,,1,0.4578601121902470,0.34,7.0,abstract doodle/hard to interpret,,,1.0,0.0,0,1,25.437617001857800,17.501875,0.9819040397077070,5,20,0.2441710088151080,0.4869130696926430,0.6253224685980350,0.7036523952000820,0.2081452196382390,0.0,0.28259772,0.13662973,3.8947368421052600,3.933333333333330
7017,children,6.0,R,TRUE,7017.png,../data/children/stimuli_R/7017.png,drawing of a man with a bird on his head,,"Abstract figure with 4 limbs, triangle body, circle center, and line on top",,4,0.5504581928253170,0.58,67.0,abstract doodle/hard to interpret,,,1.0,2.0,1,1,5.700531773180850,6.6875,0.3191673894189070,4,16,0.1482914001767980,0.3576125715740060,0.3663643220880210,0.5573944918565820,0.2413546953719870,0.116466366,0.23490086,0.1496199,3.8947368421052600,4.916666666666670
7018,children,8.0,R,TRUE,7018.png,../data/children/stimuli_R/7018.png,drawing of a man standing on a ladder with a kite above his head,,Ice cream cone with a square brick pattern scoop on top,,4,0.5427519679069520,0.51,49.0,abstract doodle/hard to interpret,,,1.0,1.0,2,1,5.109788883582840,6.985625,0.749007469214723,2,10,0.2187890745652770,0.3823937589643520,0.4976138619435290,0.6353670324175240,0.2677264589919240,0.13972837,0.20186742,0.1391788,3.8947368421052600,23.6
7019,children,8.0,R,TRUE,7019.png,../data/children/stimuli_R/7019.png,drawing of a cartoon cow with a hat and a tie,,Smiling unicorn-faced cup with round spots and big eyes,,4,0.5896521210670470,0.61,75.0,creature/monster,ears,,2.0,2.0,3,1,4.719542350960660,5.090625,0.7419383894793730,5,5,0.2483219952391380,0.4299249053001400,0.5236301436203800,0.6862787229990760,0.3668727726932840,0.1541119,0.23056665,0.19392517,9.25,4.916666666666670
7020,children,6.0,R,TRUE,7020.png,../data/children/stimuli_R/7020.png,drawing of a cat with a sad face on a white sheet,,Cartoon cat-like creature with a unicorn horn and simple facial features,,4,0.5497108697891240,0.55,61.0,creature/monster,ears,,2.0,2.0,3,1,4.896290462187880,4.614375,0.7245841035120150,7,3,0.2195516693859280,0.4087496995925900,0.4393770956621810,0.6280998474082240,0.3858965300680020,0.15991811,0.21028085,0.2294404,9.25,4.916666666666670
7021,children,9.0,R,TRUE,7021.png,../data/children/stimuli_R/7021.png,there is a drawing of a wine glass with a bottle on it,,Hard to interpret,,1,0.3365046977996830,0.44,31.0,completing,,,2.0,0.0,0,1,5.086913408668920,2.490625,0.5314232902033270,1,5,0.2441710088151080,0.4869130696926430,0.6253224685980350,0.6641255299508330,0.2358757983809750,0.0,0.3170271,0.12120457,11.384615384615400,3.933333333333330
7023,children,7.0,R,TRUE,7023.png,../data/children/stimuli_R/7023.png,drawing of a shield with two arms and a handle,,Shield shape with two shaded squares connected by lines,,5,0.4534212946891780,0.44,31.0,abstract doodle/hard to interpret,completing,,2.0,0.0,1,1,9.43626140127235,4.870625,0.3852152547804720,2,6,0.1304946904489810,0.2762869431801460,0.3055673423747610,0.5750078403742080,0.2118987387350140,0.09923747,0.30350792,0.14449926,3.8947368421052600,16.857142857142900
7024,children,7.0,R,TRUE,7024.png,../data/children/stimuli_R/7024.png,drawing of a bird with a long beak and a long tail,,Abstract shape with a pointed top and jagged bottom edges,,3,0.5680719614028930,0.5,47.0,creature/monster,,,2.0,2.0,1,1,5.191030499021370,4.903125,0.6580979376405040,21,7,0.1586120630137870,0.3716233372688290,0.4169602046585190,0.695494815300757,0.286859900927859,0.09552936,0.2607358,0.1426305,9.25,5.9
7025,children,9.0,R,TRUE,7025.png,../data/children/stimuli_R/7025.png,drawing of a cartoon character with a square face and a tooth,,"Creature with spiky head, sharp teeth, and extended arms",,4,0.6283485293388370,0.64,81.0,creature/monster,teeth,,2.0,2.0,3,1,5.072342309939760,7.10625,0.4515677118078720,5,10,0.2418791507554550,0.5332033038139340,0.5414459891419980,0.7417328502915710,0.3790858238239760,0.14235774,0.27896637,0.19470124,9.25,4.916666666666670
7026,children,7.0,R,FALSE,7026.png,../data/children/stimuli_R/7026.png,drawing of a house with a window and a door,,Simple drawing of a house with symmetrical windows and a door,,4,0.4869361817836760,0.46,37.0,house,door,,2.0,2.0,2,1,3.96355107339376,3.30875,0.9641046170269550,6,6,0.1315524421271690,0.2934357698819490,0.2422128915786740,0.6405093480448060,0.2716336786037210,0.061921734,0.13505626,0.05801804,4.484848484848480,3.0256410256410300
7027,children,8.0,R,TRUE,7027.png,../data/children/stimuli_R/7027.png,there is a drawing of a carrot with a face on it,,"A smiling wedge with fries on top, resembling a face",,4,0.4945898354053500,0.54,56.0,(smiley) face,,,2.0,2.0,3,1,6.809555168635910,6.4731250000000000,0.5678332677939440,9,8,0.2545150366714560,0.3587978100060100,0.546472389680657,0.6920570832305670,0.3739470944169030,0.15858307,0.26072043,0.23032828,16.444444444444400,4.916666666666670
7028,children,8.0,R,TRUE,7028.png,../data/children/stimuli_R/7028.png,drawing of a shield with a long tail on a white background,,Abstract shape resembling a simplified shield or house outline,,3,0.2433567345142360,0.26,0.0,completing,,,2.0,0.0,0,1,4.377347443347240,1.86,0.7773170731707320,1,6,0.0830373069003389,0.2049936056137090,0.1953222984459700,0.3170263666118630,0.1898556456981750,0.07850973,0.19311595,0.110464886,11.384615384615400,3.0256410256410300